Player,Nation,Pos,Squad,Age,Born,Playing Time_MP,Playing Time_Starts,Playing Time_Min,Playing Time_90s,Performance_Gls,Performance_Ast,Performance_G+A,Performance_G-PK,Performance_PK,Performance_PKatt,Performance_CrdY,Performance_CrdR,Per 90 Minutes_Gls,Per 90 Minutes_Ast,Per 90 Minutes_G+A,Per 90 Minutes_G-PK,Per 90 Minutes_G+A-PK,Matches,Performance_GA,Performance_GA90,Performance_SoTA,Performance_Saves,Performance_Save%,Performance_W,Performance_D,Performance_L,Performance_CS,Performance_CS%,Penalty Kicks_PKatt,Penalty Kicks_PKA,Penalty Kicks_PKsv,Penalty Kicks_PKm,Penalty Kicks_Save%,90s,Standard_Gls,Standard_Sh,Standard_SoT,Standard_SoT%,Standard_Sh/90,Standard_SoT/90,Standard_G/Sh,Standard_G/SoT,Standard_PK,Standard_PKatt,Total_Cmp,Total_Att,Total_Cmp%,Total_TotDist,Total_PrgDist,Short_Cmp,Short_Att,Short_Cmp%,Medium_Cmp,Medium_Att,Medium_Cmp%,Long_Cmp,Long_Att,Long_Cmp%,Ast,A-xAG,KP,1/3,PPA,CrsPA,Att,Pass Types_Live,Pass Types_Dead,Pass Types_FK,Pass Types_TB,Pass Types_Sw,Pass Types_Crs,Pass Types_TI,Pass Types_CK,Corner Kicks_In,Corner Kicks_Out,Corner Kicks_Str,Outcomes_Cmp,Outcomes_Off,Outcomes_Blocks,SCA_SCA,SCA_SCA90,SCA Types_PassLive,SCA Types_PassDead,SCA Types_TO,SCA Types_Sh,SCA Types_Fld,SCA Types_Def,GCA_GCA,GCA_GCA90,GCA Types_PassLive,GCA Types_PassDead,GCA Types_TO,GCA Types_Sh,GCA Types_Fld,GCA Types_Def,Tackles_Tkl,Tackles_TklW,Tackles_Def 3rd,Tackles_Mid 3rd,Tackles_Att 3rd,Challenges_Tkl,Challenges_Att,Challenges_Tkl%,Challenges_Lost,Blocks_Blocks,Blocks_Sh,Blocks_Pass,Int,Tkl+Int,Clr,Err,Touches_Touches,Touches_Def Pen,Touches_Def 3rd,Touches_Mid 3rd,Touches_Att 3rd,Touches_Att Pen,Touches_Live,Take-Ons_Att,Take-Ons_Succ,Take-Ons_Succ%,Take-Ons_Tkld,Take-Ons_Tkld%,Carries_Carries,Carries_TotDist,Carries_PrgDist,Carries_1/3,Carries_CPA,Carries_Mis,Carries_Dis,Rec,Playing Time_Mn/MP,Playing Time_Min%,Starts_Starts,Starts_Mn/Start,Starts_Compl,Subs_Subs,Subs_Mn/Sub,Subs_unSub,Team Success_PPM,Team Success_onG,Team Success_onGA,Team Success_+/-,Team Success_+/-90,Team Success_On-Off,Performance_2CrdY,Performance_Fls,Performance_Fld,Performance_Off,Performance_Crs,Performance_Int,Performance_TklW,Performance_PKwon,Performance_PKcon,Performance_OG
Aaron Cresswell,eng ENG,DF,West Ham,34,1989,18,10,824.0,9.2,0,0,0,0,0,0,3,0,0.00,0.00,0.00,0.00,0.00,Matches,N/a,N/a,N/a,N/a,N/a,N/a,N/a,N/a,N/a,N/a,N/a,N/a,N/a,N/a,N/a,9.2,0,5,0,0.0,0.55,0.00,0.00,N/a,0,0,N/a,N/a,N/a,N/a,N/a,N/a,N/a,N/a,N/a,N/a,N/a,N/a,N/a,N/a,0,N/a,N/a,N/a,N/a,N/a,N/a,N/a,N/a,N/a,N/a,N/a,37,N/a,N/a,N/a,N/a,N/a,N/a,N/a,N/a,N/a,N/a,N/a,N/a,N/a,N/a,N/a,N/a,N/a,N/a,N/a,N/a,N/a,N/a,N/a,N/a,N/a,8,N/a,N/a,N/a,N/a,N/a,N/a,N/a,N/a,N/a,N/a,8,N/a,N/a,N/a,N/a,N/a,N/a,N/a,N/a,N/a,N/a,N/a,N/a,N/a,N/a,N/a,N/a,N/a,N/a,N/a,N/a,N/a,N/a,N/a,46,24.1,10,76,4,8,8,13,1.78,8,8,0,0.00,+0.55,0,4,2,0,37,8,8,N/a,N/a,0
Aaron Ramsdale,eng ENG,GK,Southampton,26,1998,30,30,2700.0,30.0,0,0,0,0,0,0,2,0,0.00,0.00,0.00,0.00,0.00,Matches,66,2.20,189,123,65.1,2,5,23,3,10.0,7,5,2,0,28.6,30.0,0,0,0,N/a,0.00,0.00,N/a,N/a,0,0,N/a,N/a,N/a,N/a,N/a,N/a,N/a,N/a,N/a,N/a,N/a,N/a,N/a,N/a,0,N/a,N/a,N/a,N/a,N/a,N/a,N/a,N/a,N/a,N/a,N/a,0,N/a,N/a,N/a,N/a,N/a,N/a,N/a,N/a,N/a,N/a,N/a,N/a,N/a,N/a,N/a,N/a,N/a,N/a,N/a,N/a,N/a,N/a,N/a,N/a,N/a,0,N/a,N/a,N/a,N/a,N/a,N/a,N/a,N/a,N/a,N/a,1,N/a,N/a,N/a,N/a,N/a,N/a,N/a,N/a,N/a,N/a,N/a,N/a,N/a,N/a,N/a,N/a,N/a,N/a,N/a,N/a,N/a,N/a,N/a,90,78.9,30,90,30,0,N/a,0,0.37,21,66,-45,-1.50,+0.38,0,1,4,0,0,1,0,N/a,N/a,0
Aaron Wan-Bissaka,cd COD,"DF,MF",West Ham,26,1997,36,35,3154.0,35.0,2,5,7,2,0,0,1,0,0.06,0.14,0.20,0.06,0.20,Matches,N/a,N/a,N/a,N/a,N/a,N/a,N/a,N/a,N/a,N/a,N/a,N/a,N/a,N/a,N/a,35.0,2,16,5,31.3,0.46,0.14,0.13,0.40,0,0,N/a,N/a,N/a,N/a,N/a,N/a,N/a,N/a,N/a,N/a,N/a,N/a,N/a,N/a,5,N/a,N/a,N/a,N/a,N/a,N/a,N/a,N/a,N/a,N/a,N/a,76,N/a,N/a,N/a,N/a,N/a,N/a,N/a,N/a,N/a,N/a,N/a,N/a,N/a,N/a,N/a,N/a,N/a,N/a,N/a,N/a,N/a,N/a,N/a,N/a,N/a,49,N/a,N/a,N/a,N/a,N/a,N/a,N/a,N/a,N/a,N/a,61,N/a,N/a,N/a,N/a,N/a,N/a,N/a,N/a,N/a,N/a,N/a,N/a,N/a,N/a,N/a,N/a,N/a,N/a,N/a,N/a,N/a,N/a,N/a,88,92.2,35,89,33,1,29,1,1.17,44,59,-15,-0.43,-0.09,0,25,28,5,76,61,49,N/a,N/a,1
Abdoulaye Doucouré,ml MLI,MF,Everton,31,1993,33,31,2564.0,28.5,3,2,5,3,0,0,5,1,0.11,0.07,0.18,0.11,0.18,Matches,N/a,N/a,N/a,N/a,N/a,N/a,N/a,N/a,N/a,N/a,N/a,N/a,N/a,N/a,N/a,28.5,3,31,10,32.3,1.09,0.35,0.10,0.30,0,0,N/a,N/a,N/a,N/a,N/a,N/a,N/a,N/a,N/a,N/a,N/a,N/a,N/a,N/a,2,N/a,N/a,N/a,N/a,N/a,N/a,N/a,N/a,N/a,N/a,N/a,23,N/a,N/a,N/a,N/a,N/a,N/a,N/a,N/a,N/a,N/a,N/a,N/a,N/a,N/a,N/a,N/a,N/a,N/a,N/a,N/a,N/a,N/a,N/a,N/a,N/a,28,N/a,N/a,N/a,N/a,N/a,N/a,N/a,N/a,N/a,N/a,11,N/a,N/a,N/a,N/a,N/a,N/a,N/a,N/a,N/a,N/a,N/a,N/a,N/a,N/a,N/a,N/a,N/a,N/a,N/a,N/a,N/a,N/a,N/a,78,75.0,31,82,16,2,12,1,1.30,27,33,-6,-0.21,-0.63,1,49,5,10,23,11,28,N/a,N/a,0
Abdukodir Khusanov,uz UZB,DF,Manchester City,20,2004,6,6,503.0,5.6,0,0,0,0,0,0,1,0,0.00,0.00,0.00,0.00,0.00,Matches,N/a,N/a,N/a,N/a,N/a,N/a,N/a,N/a,N/a,N/a,N/a,N/a,N/a,N/a,N/a,5.6,0,1,0,0.0,0.18,0.00,0.00,N/a,0,0,N/a,N/a,N/a,N/a,N/a,N/a,N/a,N/a,N/a,N/a,N/a,N/a,N/a,N/a,0,N/a,N/a,N/a,N/a,N/a,N/a,N/a,N/a,N/a,N/a,N/a,1,N/a,N/a,N/a,N/a,N/a,N/a,N/a,N/a,N/a,N/a,N/a,N/a,N/a,N/a,N/a,N/a,N/a,N/a,N/a,N/a,N/a,N/a,N/a,N/a,N/a,4,N/a,N/a,N/a,N/a,N/a,N/a,N/a,N/a,N/a,N/a,3,N/a,N/a,N/a,N/a,N/a,N/a,N/a,N/a,N/a,N/a,N/a,N/a,N/a,N/a,N/a,N/a,N/a,N/a,N/a,N/a,N/a,N/a,N/a,84,14.7,6,84,5,0,N/a,5,1.67,8,6,+2,+0.36,-0.44,0,3,3,0,1,3,4,N/a,N/a,1
Abdul Fatawu Issahaku,gh GHA,"MF,FW",Leicester City,20,2004,11,6,579.0,6.4,0,2,2,0,0,0,0,0,0.00,0.31,0.31,0.00,0.31,Matches,N/a,N/a,N/a,N/a,N/a,N/a,N/a,N/a,N/a,N/a,N/a,N/a,N/a,N/a,N/a,6.4,0,13,5,38.5,2.02,0.78,0.00,0.00,0,0,N/a,N/a,N/a,N/a,N/a,N/a,N/a,N/a,N/a,N/a,N/a,N/a,N/a,N/a,2,N/a,N/a,N/a,N/a,N/a,N/a,N/a,N/a,N/a,N/a,N/a,29,N/a,N/a,N/a,N/a,N/a,N/a,N/a,N/a,N/a,N/a,N/a,N/a,N/a,N/a,N/a,N/a,N/a,N/a,N/a,N/a,N/a,N/a,N/a,N/a,N/a,15,N/a,N/a,N/a,N/a,N/a,N/a,N/a,N/a,N/a,N/a,4,N/a,N/a,N/a,N/a,N/a,N/a,N/a,N/a,N/a,N/a,N/a,N/a,N/a,N/a,N/a,N/a,N/a,N/a,N/a,N/a,N/a,N/a,N/a,53,16.9,6,86,5,5,12,0,0.91,7,14,-7,-1.09,+0.18,0,11,20,2,29,4,15,N/a,N/a,0
Adam Lallana,eng ENG,MF,Southampton,36,1988,14,5,361.0,4.0,0,2,2,0,0,0,4,0,0.00,0.50,0.50,0.00,0.50,Matches,N/a,N/a,N/a,N/a,N/a,N/a,N/a,N/a,N/a,N/a,N/a,N/a,N/a,N/a,N/a,4.0,0,3,0,0.0,0.75,0.00,0.00,N/a,0,0,N/a,N/a,N/a,N/a,N/a,N/a,N/a,N/a,N/a,N/a,N/a,N/a,N/a,N/a,2,N/a,N/a,N/a,N/a,N/a,N/a,N/a,N/a,N/a,N/a,N/a,4,N/a,N/a,N/a,N/a,N/a,N/a,N/a,N/a,N/a,N/a,N/a,N/a,N/a,N/a,N/a,N/a,N/a,N/a,N/a,N/a,N/a,N/a,N/a,N/a,N/a,5,N/a,N/a,N/a,N/a,N/a,N/a,N/a,N/a,N/a,N/a,5,N/a,N/a,N/a,N/a,N/a,N/a,N/a,N/a,N/a,N/a,N/a,N/a,N/a,N/a,N/a,N/a,N/a,N/a,N/a,N/a,N/a,N/a,N/a,26,10.6,5,51,0,9,12,6,0.50,3,8,-5,-1.25,+0.37,0,8,8,0,4,5,5,N/a,N/a,0
Adam Smith,eng ENG,DF,Bournemouth,33,1991,25,19,1590.0,17.7,0,0,0,0,0,0,7,0,0.00,0.00,0.00,0.00,0.00,Matches,N/a,N/a,N/a,N/a,N/a,N/a,N/a,N/a,N/a,N/a,N/a,N/a,N/a,N/a,N/a,17.7,0,3,0,0.0,0.17,0.00,0.00,N/a,0,0,N/a,N/a,N/a,N/a,N/a,N/a,N/a,N/a,N/a,N/a,N/a,N/a,N/a,N/a,0,N/a,N/a,N/a,N/a,N/a,N/a,N/a,N/a,N/a,N/a,N/a,33,N/a,N/a,N/a,N/a,N/a,N/a,N/a,N/a,N/a,N/a,N/a,N/a,N/a,N/a,N/a,N/a,N/a,N/a,N/a,N/a,N/a,N/a,N/a,N/a,N/a,14,N/a,N/a,N/a,N/a,N/a,N/a,N/a,N/a,N/a,N/a,15,N/a,N/a,N/a,N/a,N/a,N/a,N/a,N/a,N/a,N/a,N/a,N/a,N/a,N/a,N/a,N/a,N/a,N/a,N/a,N/a,N/a,N/a,N/a,64,46.5,19,75,7,6,28,1,1.48,25,18,+7,+0.40,+0.15,0,19,12,0,33,15,14,N/a,N/a,0
Adam Webster,eng ENG,DF,Brighton,29,1995,14,11,887.0,9.9,0,0,0,0,0,0,1,0,0.00,0.00,0.00,0.00,0.00,Matches,N/a,N/a,N/a,N/a,N/a,N/a,N/a,N/a,N/a,N/a,N/a,N/a,N/a,N/a,N/a,9.9,0,5,1,20.0,0.51,0.10,0.00,0.00,0,0,N/a,N/a,N/a,N/a,N/a,N/a,N/a,N/a,N/a,N/a,N/a,N/a,N/a,N/a,0,N/a,N/a,N/a,N/a,N/a,N/a,N/a,N/a,N/a,N/a,N/a,2,N/a,N/a,N/a,N/a,N/a,N/a,N/a,N/a,N/a,N/a,N/a,N/a,N/a,N/a,N/a,N/a,N/a,N/a,N/a,N/a,N/a,N/a,N/a,N/a,N/a,7,N/a,N/a,N/a,N/a,N/a,N/a,N/a,N/a,N/a,N/a,20,N/a,N/a,N/a,N/a,N/a,N/a,N/a,N/a,N/a,N/a,N/a,N/a,N/a,N/a,N/a,N/a,N/a,N/a,N/a,N/a,N/a,N/a,N/a,63,25.9,11,77,8,3,14,7,2.29,26,11,+15,+1.52,+1.81,0,7,2,1,2,20,7,N/a,N/a,0
Adam Armstrong,eng ENG,"FW,MF",Southampton,27,1997,20,15,1248.0,13.9,2,2,4,2,0,1,4,0,0.14,0.14,0.29,0.14,0.29,Matches,N/a,N/a,N/a,N/a,N/a,N/a,N/a,N/a,N/a,N/a,N/a,N/a,N/a,N/a,N/a,13.9,2,26,9,34.6,1.87,0.65,0.08,0.22,0,1,N/a,N/a,N/a,N/a,N/a,N/a,N/a,N/a,N/a,N/a,N/a,N/a,N/a,N/a,2,N/a,N/a,N/a,N/a,N/a,N/a,N/a,N/a,N/a,N/a,N/a,14,N/a,N/a,N/a,N/a,N/a,N/a,N/a,N/a,N/a,N/a,N/a,N/a,N/a,N/a,N/a,N/a,N/a,N/a,N/a,N/a,N/a,N/a,N/a,N/a,N/a,3,N/a,N/a,N/a,N/a,N/a,N/a,N/a,N/a,N/a,N/a,4,N/a,N/a,N/a,N/a,N/a,N/a,N/a,N/a,N/a,N/a,N/a,N/a,N/a,N/a,N/a,N/a,N/a,N/a,N/a,N/a,N/a,N/a,N/a,62,36.5,15,75,4,5,25,4,0.30,7,35,-28,-2.02,-0.69,0,12,5,9,14,4,3,N/a,N/a,0
Adam Wharton,eng ENG,MF,Crystal Palace,20,2004,20,16,1318.0,14.6,0,2,2,0,0,0,2,0,0.00,0.14,0.14,0.00,0.14,Matches,N/a,N/a,N/a,N/a,N/a,N/a,N/a,N/a,N/a,N/a,N/a,N/a,N/a,N/a,N/a,14.6,0,13,5,38.5,0.89,0.34,0.00,0.00,0,0,N/a,N/a,N/a,N/a,N/a,N/a,N/a,N/a,N/a,N/a,N/a,N/a,N/a,N/a,2,N/a,N/a,N/a,N/a,N/a,N/a,N/a,N/a,N/a,N/a,N/a,39,N/a,N/a,N/a,N/a,N/a,N/a,N/a,N/a,N/a,N/a,N/a,N/a,N/a,N/a,N/a,N/a,N/a,N/a,N/a,N/a,N/a,N/a,N/a,N/a,N/a,16,N/a,N/a,N/a,N/a,N/a,N/a,N/a,N/a,N/a,N/a,19,N/a,N/a,N/a,N/a,N/a,N/a,N/a,N/a,N/a,N/a,N/a,N/a,N/a,N/a,N/a,N/a,N/a,N/a,N/a,N/a,N/a,N/a,N/a,66,38.5,16,77,3,4,23,1,1.25,18,21,-3,-0.20,-0.33,0,12,21,0,39,19,16,N/a,N/a,0
Adama Traoré,es ESP,MF,Fulham,28,1996,36,18,1772.0,19.7,2,7,9,2,0,0,3,0,0.10,0.36,0.46,0.10,0.46,Matches,N/a,N/a,N/a,N/a,N/a,N/a,N/a,N/a,N/a,N/a,N/a,N/a,N/a,N/a,N/a,19.7,2,39,12,30.8,1.98,0.61,0.05,0.17,0,0,N/a,N/a,N/a,N/a,N/a,N/a,N/a,N/a,N/a,N/a,N/a,N/a,N/a,N/a,7,N/a,N/a,N/a,N/a,N/a,N/a,N/a,N/a,N/a,N/a,N/a,100,N/a,N/a,N/a,N/a,N/a,N/a,N/a,N/a,N/a,N/a,N/a,N/a,N/a,N/a,N/a,N/a,N/a,N/a,N/a,N/a,N/a,N/a,N/a,N/a,N/a,13,N/a,N/a,N/a,N/a,N/a,N/a,N/a,N/a,N/a,N/a,1,N/a,N/a,N/a,N/a,N/a,N/a,N/a,N/a,N/a,N/a,N/a,N/a,N/a,N/a,N/a,N/a,N/a,N/a,N/a,N/a,N/a,N/a,N/a,49,51.8,18,76,4,18,23,1,1.47,32,28,+4,+0.20,+0.42,0,24,32,1,100,1,13,N/a,N/a,0
Albert Grønbaek,dk DEN,"MF,FW",Southampton,23,2001,4,2,143.0,1.6,0,0,0,0,0,0,0,0,0.00,0.00,0.00,0.00,0.00,Matches,N/a,N/a,N/a,N/a,N/a,N/a,N/a,N/a,N/a,N/a,N/a,N/a,N/a,N/a,N/a,1.6,0,2,0,0.0,1.26,0.00,0.00,N/a,0,0,N/a,N/a,N/a,N/a,N/a,N/a,N/a,N/a,N/a,N/a,N/a,N/a,N/a,N/a,0,N/a,N/a,N/a,N/a,N/a,N/a,N/a,N/a,N/a,N/a,N/a,1,N/a,N/a,N/a,N/a,N/a,N/a,N/a,N/a,N/a,N/a,N/a,N/a,N/a,N/a,N/a,N/a,N/a,N/a,N/a,N/a,N/a,N/a,N/a,N/a,N/a,1,N/a,N/a,N/a,N/a,N/a,N/a,N/a,N/a,N/a,N/a,0,N/a,N/a,N/a,N/a,N/a,N/a,N/a,N/a,N/a,N/a,N/a,N/a,N/a,N/a,N/a,N/a,N/a,N/a,N/a,N/a,N/a,N/a,N/a,36,4.2,2,66,0,2,6,2,0.75,2,3,-1,-0.63,+0.99,0,0,1,0,1,0,1,N/a,N/a,0
Alejandro Garnacho,ar ARG,MF,Manchester Utd,20,2004,36,23,2199.0,24.4,6,2,8,6,0,0,3,0,0.25,0.08,0.33,0.25,0.33,Matches,N/a,N/a,N/a,N/a,N/a,N/a,N/a,N/a,N/a,N/a,N/a,N/a,N/a,N/a,N/a,24.4,6,84,30,35.7,3.44,1.23,0.07,0.20,0,0,N/a,N/a,N/a,N/a,N/a,N/a,N/a,N/a,N/a,N/a,N/a,N/a,N/a,N/a,2,N/a,N/a,N/a,N/a,N/a,N/a,N/a,N/a,N/a,N/a,N/a,55,N/a,N/a,N/a,N/a,N/a,N/a,N/a,N/a,N/a,N/a,N/a,N/a,N/a,N/a,N/a,N/a,N/a,N/a,N/a,N/a,N/a,N/a,N/a,N/a,N/a,16,N/a,N/a,N/a,N/a,N/a,N/a,N/a,N/a,N/a,N/a,13,N/a,N/a,N/a,N/a,N/a,N/a,N/a,N/a,N/a,N/a,N/a,N/a,N/a,N/a,N/a,N/a,N/a,N/a,N/a,N/a,N/a,N/a,N/a,61,64.3,23,81,14,13,26,0,1.00,26,36,-10,-0.41,-0.41,0,12,44,10,55,13,16,N/a,N/a,0
Alex McCarthy,eng ENG,GK,Southampton,34,1989,5,5,450.0,5.0,0,0,0,0,0,0,0,0,0.00,0.00,0.00,0.00,0.00,Matches,13,2.60,37,24,64.9,0,0,5,0,0.0,2,2,0,0,0.0,5.0,0,0,0,N/a,0.00,0.00,N/a,N/a,0,0,N/a,N/a,N/a,N/a,N/a,N/a,N/a,N/a,N/a,N/a,N/a,N/a,N/a,N/a,0,N/a,N/a,N/a,N/a,N/a,N/a,N/a,N/a,N/a,N/a,N/a,0,N/a,N/a,N/a,N/a,N/a,N/a,N/a,N/a,N/a,N/a,N/a,N/a,N/a,N/a,N/a,N/a,N/a,N/a,N/a,N/a,N/a,N/a,N/a,N/a,N/a,0,N/a,N/a,N/a,N/a,N/a,N/a,N/a,N/a,N/a,N/a,0,N/a,N/a,N/a,N/a,N/a,N/a,N/a,N/a,N/a,N/a,N/a,N/a,N/a,N/a,N/a,N/a,N/a,N/a,N/a,N/a,N/a,N/a,N/a,90,13.2,5,90,5,0,N/a,33,0.00,3,13,-10,-2.00,-0.48,0,0,1,0,0,0,0,N/a,N/a,0
Alex Iwobi,ng NGA,MF,Fulham,28,1996,38,35,2981.0,33.1,9,6,15,9,0,0,1,0,0.27,0.18,0.45,0.27,0.45,Matches,N/a,N/a,N/a,N/a,N/a,N/a,N/a,N/a,N/a,N/a,N/a,N/a,N/a,N/a,N/a,33.1,9,68,29,42.6,2.05,0.88,0.13,0.31,0,0,N/a,N/a,N/a,N/a,N/a,N/a,N/a,N/a,N/a,N/a,N/a,N/a,N/a,N/a,6,N/a,N/a,N/a,N/a,N/a,N/a,N/a,N/a,N/a,N/a,N/a,127,N/a,N/a,N/a,N/a,N/a,N/a,N/a,N/a,N/a,N/a,N/a,N/a,N/a,N/a,N/a,N/a,N/a,N/a,N/a,N/a,N/a,N/a,N/a,N/a,N/a,26,N/a,N/a,N/a,N/a,N/a,N/a,N/a,N/a,N/a,N/a,13,N/a,N/a,N/a,N/a,N/a,N/a,N/a,N/a,N/a,N/a,N/a,N/a,N/a,N/a,N/a,N/a,N/a,N/a,N/a,N/a,N/a,N/a,N/a,78,87.2,35,83,14,3,26,0,1.42,40,45,-5,-0.15,-1.18,0,19,18,5,127,13,26,N/a,N/a,0
Alex Palmer,eng ENG,GK,Ipswich Town,27,1996,13,13,1170.0,13.0,0,0,0,0,0,0,2,0,0.00,0.00,0.00,0.00,0.00,Matches,30,2.31,75,45,60.0,1,3,9,0,0.0,1,1,0,0,0.0,13.0,0,0,0,N/a,0.00,0.00,N/a,N/a,0,0,N/a,N/a,N/a,N/a,N/a,N/a,N/a,N/a,N/a,N/a,N/a,N/a,N/a,N/a,0,N/a,N/a,N/a,N/a,N/a,N/a,N/a,N/a,N/a,N/a,N/a,0,N/a,N/a,N/a,N/a,N/a,N/a,N/a,N/a,N/a,N/a,N/a,N/a,N/a,N/a,N/a,N/a,N/a,N/a,N/a,N/a,N/a,N/a,N/a,N/a,N/a,0,N/a,N/a,N/a,N/a,N/a,N/a,N/a,N/a,N/a,N/a,0,N/a,N/a,N/a,N/a,N/a,N/a,N/a,N/a,N/a,N/a,N/a,N/a,N/a,N/a,N/a,N/a,N/a,N/a,N/a,N/a,N/a,N/a,N/a,90,34.2,13,90,13,0,N/a,0,0.46,13,30,-17,-1.31,-0.15,0,1,4,0,0,0,0,N/a,N/a,0
Alex Scott,eng ENG,MF,Bournemouth,20,2003,20,8,755.0,8.4,0,0,0,0,0,0,3,0,0.00,0.00,0.00,0.00,0.00,Matches,N/a,N/a,N/a,N/a,N/a,N/a,N/a,N/a,N/a,N/a,N/a,N/a,N/a,N/a,N/a,8.4,0,15,7,46.7,1.79,0.83,0.00,0.00,0,0,N/a,N/a,N/a,N/a,N/a,N/a,N/a,N/a,N/a,N/a,N/a,N/a,N/a,N/a,0,N/a,N/a,N/a,N/a,N/a,N/a,N/a,N/a,N/a,N/a,N/a,7,N/a,N/a,N/a,N/a,N/a,N/a,N/a,N/a,N/a,N/a,N/a,N/a,N/a,N/a,N/a,N/a,N/a,N/a,N/a,N/a,N/a,N/a,N/a,N/a,N/a,13,N/a,N/a,N/a,N/a,N/a,N/a,N/a,N/a,N/a,N/a,9,N/a,N/a,N/a,N/a,N/a,N/a,N/a,N/a,N/a,N/a,N/a,N/a,N/a,N/a,N/a,N/a,N/a,N/a,N/a,N/a,N/a,N/a,N/a,38,22.1,8,59,0,12,24,1,1.35,10,8,+2,+0.24,-0.10,0,17,26,0,7,9,13,N/a,N/a,0
Alexander Isak,se SWE,FW,Newcastle,24,1999,34,34,2756.0,30.6,23,6,29,19,4,4,1,0,0.75,0.20,0.95,0.62,0.82,Matches,N/a,N/a,N/a,N/a,N/a,N/a,N/a,N/a,N/a,N/a,N/a,N/a,N/a,N/a,N/a,30.6,23,99,46,46.5,3.23,1.50,0.23,0.50,4,4,N/a,N/a,N/a,N/a,N/a,N/a,N/a,N/a,N/a,N/a,N/a,N/a,N/a,N/a,6,N/a,N/a,N/a,N/a,N/a,N/a,N/a,N/a,N/a,N/a,N/a,16,N/a,N/a,N/a,N/a,N/a,N/a,N/a,N/a,N/a,N/a,N/a,N/a,N/a,N/a,N/a,N/a,N/a,N/a,N/a,N/a,N/a,N/a,N/a,N/a,N/a,5,N/a,N/a,N/a,N/a,N/a,N/a,N/a,N/a,N/a,N/a,3,N/a,N/a,N/a,N/a,N/a,N/a,N/a,N/a,N/a,N/a,N/a,N/a,N/a,N/a,N/a,N/a,N/a,N/a,N/a,N/a,N/a,N/a,N/a,81,80.6,34,81,15,0,N/a,0,1.88,61,41,+20,+0.65,+0.52,0,28,14,20,16,3,5,N/a,N/a,0
Alexis Mac Allister,ar ARG,MF,Liverpool,25,1998,35,30,2599.0,28.9,5,5,10,5,0,0,6,0,0.17,0.17,0.35,0.17,0.35,Matches,N/a,N/a,N/a,N/a,N/a,N/a,N/a,N/a,N/a,N/a,N/a,N/a,N/a,N/a,N/a,28.9,5,38,14,36.8,1.32,0.48,0.13,0.36,0,0,N/a,N/a,N/a,N/a,N/a,N/a,N/a,N/a,N/a,N/a,N/a,N/a,N/a,N/a,5,N/a,N/a,N/a,N/a,N/a,N/a,N/a,N/a,N/a,N/a,N/a,86,N/a,N/a,N/a,N/a,N/a,N/a,N/a,N/a,N/a,N/a,N/a,N/a,N/a,N/a,N/a,N/a,N/a,N/a,N/a,N/a,N/a,N/a,N/a,N/a,N/a,59,N/a,N/a,N/a,N/a,N/a,N/a,N/a,N/a,N/a,N/a,22,N/a,N/a,N/a,N/a,N/a,N/a,N/a,N/a,N/a,N/a,N/a,N/a,N/a,N/a,N/a,N/a,N/a,N/a,N/a,N/a,N/a,N/a,N/a,74,76.0,30,82,17,5,26,0,2.34,69,24,+45,+1.56,+1.56,0,62,40,2,86,22,59,N/a,N/a,0
Ali Al Hamadi,iq IRQ,FW,Ipswich Town,22,2002,11,0,134.0,1.5,0,0,0,0,0,0,3,0,0.00,0.00,0.00,0.00,0.00,Matches,N/a,N/a,N/a,N/a,N/a,N/a,N/a,N/a,N/a,N/a,N/a,N/a,N/a,N/a,N/a,1.5,0,4,0,0.0,2.69,0.00,0.00,N/a,0,0,N/a,N/a,N/a,N/a,N/a,N/a,N/a,N/a,N/a,N/a,N/a,N/a,N/a,N/a,0,N/a,N/a,N/a,N/a,N/a,N/a,N/a,N/a,N/a,N/a,N/a,0,N/a,N/a,N/a,N/a,N/a,N/a,N/a,N/a,N/a,N/a,N/a,N/a,N/a,N/a,N/a,N/a,N/a,N/a,N/a,N/a,N/a,N/a,N/a,N/a,N/a,0,N/a,N/a,N/a,N/a,N/a,N/a,N/a,N/a,N/a,N/a,0,N/a,N/a,N/a,N/a,N/a,N/a,N/a,N/a,N/a,N/a,N/a,N/a,N/a,N/a,N/a,N/a,N/a,N/a,N/a,N/a,N/a,N/a,N/a,12,3.9,0,N/a,0,11,12,2,0.82,1,5,-4,-2.69,-1.54,0,8,3,1,0,0,0,N/a,N/a,0
Alisson,br BRA,GK,Liverpool,31,1992,28,28,2508.0,27.9,0,0,0,0,0,0,0,0,0.00,0.00,0.00,0.00,0.00,Matches,29,1.04,106,74,72.6,18,7,3,10,35.7,1,1,0,0,0.0,27.9,0,0,0,N/a,0.00,0.00,N/a,N/a,0,0,N/a,N/a,N/a,N/a,N/a,N/a,N/a,N/a,N/a,N/a,N/a,N/a,N/a,N/a,0,N/a,N/a,N/a,N/a,N/a,N/a,N/a,N/a,N/a,N/a,N/a,0,N/a,N/a,N/a,N/a,N/a,N/a,N/a,N/a,N/a,N/a,N/a,N/a,N/a,N/a,N/a,N/a,N/a,N/a,N/a,N/a,N/a,N/a,N/a,N/a,N/a,0,N/a,N/a,N/a,N/a,N/a,N/a,N/a,N/a,N/a,N/a,0,N/a,N/a,N/a,N/a,N/a,N/a,N/a,N/a,N/a,N/a,N/a,N/a,N/a,N/a,N/a,N/a,N/a,N/a,N/a,N/a,N/a,N/a,N/a,90,73.3,28,90,27,0,N/a,0,2.18,64,29,+35,+1.26,+0.27,0,0,2,0,0,0,0,N/a,N/a,0
Alphonse Areola,fr FRA,GK,West Ham,31,1993,26,25,2260.0,25.1,0,0,0,0,0,0,0,0,0.00,0.00,0.00,0.00,0.00,Matches,41,1.63,121,80,66.1,5,7,13,5,20.0,0,0,0,0,N/a,25.1,0,0,0,N/a,0.00,0.00,N/a,N/a,0,0,N/a,N/a,N/a,N/a,N/a,N/a,N/a,N/a,N/a,N/a,N/a,N/a,N/a,N/a,0,N/a,N/a,N/a,N/a,N/a,N/a,N/a,N/a,N/a,N/a,N/a,0,N/a,N/a,N/a,N/a,N/a,N/a,N/a,N/a,N/a,N/a,N/a,N/a,N/a,N/a,N/a,N/a,N/a,N/a,N/a,N/a,N/a,N/a,N/a,N/a,N/a,2,N/a,N/a,N/a,N/a,N/a,N/a,N/a,N/a,N/a,N/a,0,N/a,N/a,N/a,N/a,N/a,N/a,N/a,N/a,N/a,N/a,N/a,N/a,N/a,N/a,N/a,N/a,N/a,N/a,N/a,N/a,N/a,N/a,N/a,87,66.1,25,88,24,1,55,8,0.96,29,41,-12,-0.48,-0.17,0,0,0,0,0,0,2,N/a,N/a,1
Altay Bayındır,tr TUR,GK,Manchester Utd,26,1998,4,4,360.0,4.0,0,0,0,0,0,0,0,0,0.00,0.00,0.00,0.00,0.00,Matches,10,2.50,18,8,44.4,1,0,3,1,25.0,0,0,0,0,N/a,4.0,0,0,0,N/a,0.00,0.00,N/a,N/a,0,0,N/a,N/a,N/a,N/a,N/a,N/a,N/a,N/a,N/a,N/a,N/a,N/a,N/a,N/a,0,N/a,N/a,N/a,N/a,N/a,N/a,N/a,N/a,N/a,N/a,N/a,0,N/a,N/a,N/a,N/a,N/a,N/a,N/a,N/a,N/a,N/a,N/a,N/a,N/a,N/a,N/a,N/a,N/a,N/a,N/a,N/a,N/a,N/a,N/a,N/a,N/a,0,N/a,N/a,N/a,N/a,N/a,N/a,N/a,N/a,N/a,N/a,0,N/a,N/a,N/a,N/a,N/a,N/a,N/a,N/a,N/a,N/a,N/a,N/a,N/a,N/a,N/a,N/a,N/a,N/a,N/a,N/a,N/a,N/a,N/a,90,10.5,4,90,4,0,N/a,27,0.75,6,10,-4,-1.00,-0.82,0,0,1,0,0,0,0,N/a,N/a,0
Amad Diallo,ci CIV,"MF,FW",Manchester Utd,22,2002,26,20,1901.0,21.1,8,6,14,8,0,0,5,0,0.38,0.28,0.66,0.38,0.66,Matches,N/a,N/a,N/a,N/a,N/a,N/a,N/a,N/a,N/a,N/a,N/a,N/a,N/a,N/a,N/a,21.1,8,47,17,36.2,2.23,0.80,0.17,0.47,0,0,N/a,N/a,N/a,N/a,N/a,N/a,N/a,N/a,N/a,N/a,N/a,N/a,N/a,N/a,6,N/a,N/a,N/a,N/a,N/a,N/a,N/a,N/a,N/a,N/a,N/a,43,N/a,N/a,N/a,N/a,N/a,N/a,N/a,N/a,N/a,N/a,N/a,N/a,N/a,N/a,N/a,N/a,N/a,N/a,N/a,N/a,N/a,N/a,N/a,N/a,N/a,31,N/a,N/a,N/a,N/a,N/a,N/a,N/a,N/a,N/a,N/a,10,N/a,N/a,N/a,N/a,N/a,N/a,N/a,N/a,N/a,N/a,N/a,N/a,N/a,N/a,N/a,N/a,N/a,N/a,N/a,N/a,N/a,N/a,N/a,73,55.6,20,87,14,6,28,2,1.08,28,30,-2,-0.09,+0.38,0,20,28,9,43,10,31,N/a,N/a,0
Amadou Onana,be BEL,MF,Aston Villa,22,2001,26,20,1617.0,18.0,3,0,3,3,0,0,4,0,0.17,0.00,0.17,0.17,0.17,Matches,N/a,N/a,N/a,N/a,N/a,N/a,N/a,N/a,N/a,N/a,N/a,N/a,N/a,N/a,N/a,18.0,3,17,6,35.3,0.95,0.33,0.18,0.50,0,0,N/a,N/a,N/a,N/a,N/a,N/a,N/a,N/a,N/a,N/a,N/a,N/a,N/a,N/a,0,N/a,N/a,N/a,N/a,N/a,N/a,N/a,N/a,N/a,N/a,N/a,2,N/a,N/a,N/a,N/a,N/a,N/a,N/a,N/a,N/a,N/a,N/a,N/a,N/a,N/a,N/a,N/a,N/a,N/a,N/a,N/a,N/a,N/a,N/a,N/a,N/a,29,N/a,N/a,N/a,N/a,N/a,N/a,N/a,N/a,N/a,N/a,26,N/a,N/a,N/a,N/a,N/a,N/a,N/a,N/a,N/a,N/a,N/a,N/a,N/a,N/a,N/a,N/a,N/a,N/a,N/a,N/a,N/a,N/a,N/a,62,47.3,20,74,7,6,24,2,1.77,25,23,+2,+0.11,-0.14,0,32,30,0,2,26,29,N/a,N/a,0
Andreas Pereira,br BRA,MF,Fulham,28,1996,33,25,2013.0,22.4,2,4,6,2,0,1,7,0,0.09,0.18,0.27,0.09,0.27,Matches,N/a,N/a,N/a,N/a,N/a,N/a,N/a,N/a,N/a,N/a,N/a,N/a,N/a,N/a,N/a,22.4,2,39,9,23.1,1.74,0.40,0.05,0.22,0,1,N/a,N/a,N/a,N/a,N/a,N/a,N/a,N/a,N/a,N/a,N/a,N/a,N/a,N/a,4,N/a,N/a,N/a,N/a,N/a,N/a,N/a,N/a,N/a,N/a,N/a,173,N/a,N/a,N/a,N/a,N/a,N/a,N/a,N/a,N/a,N/a,N/a,N/a,N/a,N/a,N/a,N/a,N/a,N/a,N/a,N/a,N/a,N/a,N/a,N/a,N/a,12,N/a,N/a,N/a,N/a,N/a,N/a,N/a,N/a,N/a,N/a,9,N/a,N/a,N/a,N/a,N/a,N/a,N/a,N/a,N/a,N/a,N/a,N/a,N/a,N/a,N/a,N/a,N/a,N/a,N/a,N/a,N/a,N/a,N/a,61,58.9,25,74,3,8,22,2,1.39,32,32,0,0.00,0.00,0,29,24,1,173,9,12,N/a,N/a,0
André Onana,cm CMR,GK,Manchester Utd,28,1996,34,34,3060.0,34.0,0,0,0,0,0,0,0,0,0.00,0.00,0.00,0.00,0.00,Matches,44,1.29,129,88,65.9,10,9,15,9,26.5,4,3,1,0,25.0,34.0,0,0,0,N/a,0.00,0.00,N/a,N/a,0,0,N/a,N/a,N/a,N/a,N/a,N/a,N/a,N/a,N/a,N/a,N/a,N/a,N/a,N/a,0,N/a,N/a,N/a,N/a,N/a,N/a,N/a,N/a,N/a,N/a,N/a,0,N/a,N/a,N/a,N/a,N/a,N/a,N/a,N/a,N/a,N/a,N/a,N/a,N/a,N/a,N/a,N/a,N/a,N/a,N/a,N/a,N/a,N/a,N/a,N/a,N/a,2,N/a,N/a,N/a,N/a,N/a,N/a,N/a,N/a,N/a,N/a,0,N/a,N/a,N/a,N/a,N/a,N/a,N/a,N/a,N/a,N/a,N/a,N/a,N/a,N/a,N/a,N/a,N/a,N/a,N/a,N/a,N/a,N/a,N/a,90,89.5,34,90,34,0,N/a,0,1.15,38,44,-6,-0.18,+0.82,0,0,2,0,0,0,2,N/a,N/a,0
André,br BRA,MF,Wolves,23,2001,33,31,2472.0,27.5,0,0,0,0,0,0,7,0,0.00,0.00,0.00,0.00,0.00,Matches,N/a,N/a,N/a,N/a,N/a,N/a,N/a,N/a,N/a,N/a,N/a,N/a,N/a,N/a,N/a,27.5,0,10,1,10.0,0.36,0.04,0.00,0.00,0,0,N/a,N/a,N/a,N/a,N/a,N/a,N/a,N/a,N/a,N/a,N/a,N/a,N/a,N/a,0,N/a,N/a,N/a,N/a,N/a,N/a,N/a,N/a,N/a,N/a,N/a,0,N/a,N/a,N/a,N/a,N/a,N/a,N/a,N/a,N/a,N/a,N/a,N/a,N/a,N/a,N/a,N/a,N/a,N/a,N/a,N/a,N/a,N/a,N/a,N/a,N/a,55,N/a,N/a,N/a,N/a,N/a,N/a,N/a,N/a,N/a,N/a,37,N/a,N/a,N/a,N/a,N/a,N/a,N/a,N/a,N/a,N/a,N/a,N/a,N/a,N/a,N/a,N/a,N/a,N/a,N/a,N/a,N/a,N/a,N/a,75,72.3,31,80,14,2,3,2,1.15,39,46,-7,-0.25,+0.50,0,36,34,0,0,37,55,N/a,N/a,0
Andrés García,es ESP,"DF,MF",Aston Villa,21,2003,7,5,318.0,3.5,0,0,0,0,0,0,0,0,0.00,0.00,0.00,0.00,0.00,Matches,N/a,N/a,N/a,N/a,N/a,N/a,N/a,N/a,N/a,N/a,N/a,N/a,N/a,N/a,N/a,3.5,0,2,0,0.0,0.57,0.00,0.00,N/a,0,0,N/a,N/a,N/a,N/a,N/a,N/a,N/a,N/a,N/a,N/a,N/a,N/a,N/a,N/a,0,N/a,N/a,N/a,N/a,N/a,N/a,N/a,N/a,N/a,N/a,N/a,18,N/a,N/a,N/a,N/a,N/a,N/a,N/a,N/a,N/a,N/a,N/a,N/a,N/a,N/a,N/a,N/a,N/a,N/a,N/a,N/a,N/a,N/a,N/a,N/a,N/a,5,N/a,N/a,N/a,N/a,N/a,N/a,N/a,N/a,N/a,N/a,2,N/a,N/a,N/a,N/a,N/a,N/a,N/a,N/a,N/a,N/a,N/a,N/a,N/a,N/a,N/a,N/a,N/a,N/a,N/a,N/a,N/a,N/a,N/a,45,9.3,5,58,1,2,14,9,1.57,7,5,+2,+0.57,+0.42,0,1,0,0,18,2,5,N/a,N/a,0
Andy Robertson,sct SCO,DF,Liverpool,30,1994,33,29,2482.0,27.6,0,1,1,0,0,0,3,1,0.00,0.04,0.04,0.00,0.04,Matches,N/a,N/a,N/a,N/a,N/a,N/a,N/a,N/a,N/a,N/a,N/a,N/a,N/a,N/a,N/a,27.6,0,15,3,20.0,0.54,0.11,0.00,0.00,0,0,N/a,N/a,N/a,N/a,N/a,N/a,N/a,N/a,N/a,N/a,N/a,N/a,N/a,N/a,1,N/a,N/a,N/a,N/a,N/a,N/a,N/a,N/a,N/a,N/a,N/a,145,N/a,N/a,N/a,N/a,N/a,N/a,N/a,N/a,N/a,N/a,N/a,N/a,N/a,N/a,N/a,N/a,N/a,N/a,N/a,N/a,N/a,N/a,N/a,N/a,N/a,21,N/a,N/a,N/a,N/a,N/a,N/a,N/a,N/a,N/a,N/a,21,N/a,N/a,N/a,N/a,N/a,N/a,N/a,N/a,N/a,N/a,N/a,N/a,N/a,N/a,N/a,N/a,N/a,N/a,N/a,N/a,N/a,N/a,N/a,75,72.6,29,82,16,4,29,5,2.27,70,31,+39,+1.41,+0.84,0,11,8,3,145,21,21,N/a,N/a,1
Andy Irving,sct SCO,MF,West Ham,24,2000,10,1,166.0,1.8,0,0,0,0,0,0,2,0,0.00,0.00,0.00,0.00,0.00,Matches,N/a,N/a,N/a,N/a,N/a,N/a,N/a,N/a,N/a,N/a,N/a,N/a,N/a,N/a,N/a,1.8,0,4,2,50.0,2.17,1.08,0.00,0.00,0,0,N/a,N/a,N/a,N/a,N/a,N/a,N/a,N/a,N/a,N/a,N/a,N/a,N/a,N/a,0,N/a,N/a,N/a,N/a,N/a,N/a,N/a,N/a,N/a,N/a,N/a,2,N/a,N/a,N/a,N/a,N/a,N/a,N/a,N/a,N/a,N/a,N/a,N/a,N/a,N/a,N/a,N/a,N/a,N/a,N/a,N/a,N/a,N/a,N/a,N/a,N/a,4,N/a,N/a,N/a,N/a,N/a,N/a,N/a,N/a,N/a,N/a,1,N/a,N/a,N/a,N/a,N/a,N/a,N/a,N/a,N/a,N/a,N/a,N/a,N/a,N/a,N/a,N/a,N/a,N/a,N/a,N/a,N/a,N/a,N/a,17,4.9,1,76,0,9,10,15,1.10,1,4,-3,-1.63,-1.27,0,6,1,0,2,1,4,N/a,N/a,0
Anthony Gordon,eng ENG,"FW,MF",Newcastle,23,2001,34,28,2434.0,27.0,6,5,11,5,1,2,2,0,0.22,0.18,0.41,0.18,0.37,Matches,N/a,N/a,N/a,N/a,N/a,N/a,N/a,N/a,N/a,N/a,N/a,N/a,N/a,N/a,N/a,27.0,6,59,19,32.2,2.18,0.70,0.10,0.32,1,2,N/a,N/a,N/a,N/a,N/a,N/a,N/a,N/a,N/a,N/a,N/a,N/a,N/a,N/a,5,N/a,N/a,N/a,N/a,N/a,N/a,N/a,N/a,N/a,N/a,N/a,130,N/a,N/a,N/a,N/a,N/a,N/a,N/a,N/a,N/a,N/a,N/a,N/a,N/a,N/a,N/a,N/a,N/a,N/a,N/a,N/a,N/a,N/a,N/a,N/a,N/a,17,N/a,N/a,N/a,N/a,N/a,N/a,N/a,N/a,N/a,N/a,6,N/a,N/a,N/a,N/a,N/a,N/a,N/a,N/a,N/a,N/a,N/a,N/a,N/a,N/a,N/a,N/a,N/a,N/a,N/a,N/a,N/a,N/a,N/a,72,71.2,28,81,9,6,26,0,1.68,43,33,+10,+0.37,-0.63,0,20,71,8,130,6,17,N/a,N/a,0
Anthony Elanga,se SWE,"MF,FW",Nottingham,22,2002,38,31,2501.0,27.8,6,11,17,6,0,0,1,0,0.22,0.40,0.61,0.22,0.61,Matches,N/a,N/a,N/a,N/a,N/a,N/a,N/a,N/a,N/a,N/a,N/a,N/a,N/a,N/a,N/a,27.8,6,44,24,54.5,1.58,0.86,0.14,0.25,0,0,N/a,N/a,N/a,N/a,N/a,N/a,N/a,N/a,N/a,N/a,N/a,N/a,N/a,N/a,11,N/a,N/a,N/a,N/a,N/a,N/a,N/a,N/a,N/a,N/a,N/a,184,N/a,N/a,N/a,N/a,N/a,N/a,N/a,N/a,N/a,N/a,N/a,N/a,N/a,N/a,N/a,N/a,N/a,N/a,N/a,N/a,N/a,N/a,N/a,N/a,N/a,15,N/a,N/a,N/a,N/a,N/a,N/a,N/a,N/a,N/a,N/a,6,N/a,N/a,N/a,N/a,N/a,N/a,N/a,N/a,N/a,N/a,N/a,N/a,N/a,N/a,N/a,N/a,N/a,N/a,N/a,N/a,N/a,N/a,N/a,66,73.1,31,76,12,7,22,0,1.71,45,35,+10,+0.36,+0.16,0,9,47,18,184,6,15,N/a,N/a,0
Antoine Semenyo,gh GHA,MF,Bournemouth,24,2000,37,36,3203.0,35.6,11,5,16,11,0,0,9,0,0.31,0.14,0.45,0.31,0.45,Matches,N/a,N/a,N/a,N/a,N/a,N/a,N/a,N/a,N/a,N/a,N/a,N/a,N/a,N/a,N/a,35.6,11,126,41,32.5,3.54,1.15,0.09,0.27,0,0,N/a,N/a,N/a,N/a,N/a,N/a,N/a,N/a,N/a,N/a,N/a,N/a,N/a,N/a,5,N/a,N/a,N/a,N/a,N/a,N/a,N/a,N/a,N/a,N/a,N/a,58,N/a,N/a,N/a,N/a,N/a,N/a,N/a,N/a,N/a,N/a,N/a,N/a,N/a,N/a,N/a,N/a,N/a,N/a,N/a,N/a,N/a,N/a,N/a,N/a,N/a,36,N/a,N/a,N/a,N/a,N/a,N/a,N/a,N/a,N/a,N/a,9,N/a,N/a,N/a,N/a,N/a,N/a,N/a,N/a,N/a,N/a,N/a,N/a,N/a,N/a,N/a,N/a,N/a,N/a,N/a,N/a,N/a,N/a,N/a,87,93.7,36,88,28,1,26,0,1.43,53,41,+12,+0.34,+0.34,0,72,37,14,58,9,36,N/a,N/a,0
Antonee Robinson,us USA,"DF,MF",Fulham,26,1997,36,35,3167.0,35.2,0,10,10,0,0,0,8,0,0.00,0.28,0.28,0.00,0.28,Matches,N/a,N/a,N/a,N/a,N/a,N/a,N/a,N/a,N/a,N/a,N/a,N/a,N/a,N/a,N/a,35.2,0,16,2,12.5,0.45,0.06,0.00,0.00,0,0,N/a,N/a,N/a,N/a,N/a,N/a,N/a,N/a,N/a,N/a,N/a,N/a,N/a,N/a,10,N/a,N/a,N/a,N/a,N/a,N/a,N/a,N/a,N/a,N/a,N/a,172,N/a,N/a,N/a,N/a,N/a,N/a,N/a,N/a,N/a,N/a,N/a,N/a,N/a,N/a,N/a,N/a,N/a,N/a,N/a,N/a,N/a,N/a,N/a,N/a,N/a,57,N/a,N/a,N/a,N/a,N/a,N/a,N/a,N/a,N/a,N/a,57,N/a,N/a,N/a,N/a,N/a,N/a,N/a,N/a,N/a,N/a,N/a,N/a,N/a,N/a,N/a,N/a,N/a,N/a,N/a,N/a,N/a,N/a,N/a,88,92.6,35,90,34,1,19,0,1.42,49,49,0,0.00,0.00,0,31,20,7,172,57,57,N/a,N/a,0
Antony,br BRA,"FW,MF",Manchester Utd,24,2000,8,0,141.0,1.6,0,0,0,0,0,0,0,0,0.00,0.00,0.00,0.00,0.00,Matches,N/a,N/a,N/a,N/a,N/a,N/a,N/a,N/a,N/a,N/a,N/a,N/a,N/a,N/a,N/a,1.6,0,6,3,50.0,3.83,1.91,0.00,0.00,0,0,N/a,N/a,N/a,N/a,N/a,N/a,N/a,N/a,N/a,N/a,N/a,N/a,N/a,N/a,0,N/a,N/a,N/a,N/a,N/a,N/a,N/a,N/a,N/a,N/a,N/a,5,N/a,N/a,N/a,N/a,N/a,N/a,N/a,N/a,N/a,N/a,N/a,N/a,N/a,N/a,N/a,N/a,N/a,N/a,N/a,N/a,N/a,N/a,N/a,N/a,N/a,3,N/a,N/a,N/a,N/a,N/a,N/a,N/a,N/a,N/a,N/a,2,N/a,N/a,N/a,N/a,N/a,N/a,N/a,N/a,N/a,N/a,N/a,N/a,N/a,N/a,N/a,N/a,N/a,N/a,N/a,N/a,N/a,N/a,N/a,18,4.1,0,N/a,0,8,18,11,0.88,5,2,+3,+1.91,+2.27,0,2,5,0,5,2,3,N/a,N/a,0
Antonín Kinský,cz CZE,GK,Tottenham,21,2003,6,6,540.0,6.0,0,0,0,0,0,0,0,0,0.00,0.00,0.00,0.00,0.00,Matches,11,1.83,35,24,68.6,1,0,5,1,16.7,0,0,0,0,N/a,6.0,0,0,0,N/a,0.00,0.00,N/a,N/a,0,0,N/a,N/a,N/a,N/a,N/a,N/a,N/a,N/a,N/a,N/a,N/a,N/a,N/a,N/a,0,N/a,N/a,N/a,N/a,N/a,N/a,N/a,N/a,N/a,N/a,N/a,0,N/a,N/a,N/a,N/a,N/a,N/a,N/a,N/a,N/a,N/a,N/a,N/a,N/a,N/a,N/a,N/a,N/a,N/a,N/a,N/a,N/a,N/a,N/a,N/a,N/a,1,N/a,N/a,N/a,N/a,N/a,N/a,N/a,N/a,N/a,N/a,0,N/a,N/a,N/a,N/a,N/a,N/a,N/a,N/a,N/a,N/a,N/a,N/a,N/a,N/a,N/a,N/a,N/a,N/a,N/a,N/a,N/a,N/a,N/a,90,15.8,6,90,6,0,N/a,12,0.50,6,11,-5,-0.83,-0.96,0,0,0,0,0,0,1,N/a,N/a,0
Archie Gray,eng ENG,"DF,MF",Tottenham,18,2006,28,19,1751.0,19.5,0,0,0,0,0,0,1,0,0.00,0.00,0.00,0.00,0.00,Matches,N/a,N/a,N/a,N/a,N/a,N/a,N/a,N/a,N/a,N/a,N/a,N/a,N/a,N/a,N/a,19.5,0,1,1,100.0,0.05,0.05,0.00,0.00,0,0,N/a,N/a,N/a,N/a,N/a,N/a,N/a,N/a,N/a,N/a,N/a,N/a,N/a,N/a,0,N/a,N/a,N/a,N/a,N/a,N/a,N/a,N/a,N/a,N/a,N/a,17,N/a,N/a,N/a,N/a,N/a,N/a,N/a,N/a,N/a,N/a,N/a,N/a,N/a,N/a,N/a,N/a,N/a,N/a,N/a,N/a,N/a,N/a,N/a,N/a,N/a,9,N/a,N/a,N/a,N/a,N/a,N/a,N/a,N/a,N/a,N/a,18,N/a,N/a,N/a,N/a,N/a,N/a,N/a,N/a,N/a,N/a,N/a,N/a,N/a,N/a,N/a,N/a,N/a,N/a,N/a,N/a,N/a,N/a,N/a,63,51.2,19,88,17,9,10,10,1.11,30,41,-11,-0.57,-1.10,0,17,11,0,17,18,9,N/a,N/a,1
Arijanet Muric,xk KVX,GK,Ipswich Town,25,1998,18,18,1620.0,18.0,0,0,0,0,0,0,1,0,0.00,0.00,0.00,0.00,0.00,Matches,33,1.83,103,70,68.0,2,6,10,1,5.6,3,3,0,0,0.0,18.0,0,0,0,N/a,0.00,0.00,N/a,N/a,0,0,N/a,N/a,N/a,N/a,N/a,N/a,N/a,N/a,N/a,N/a,N/a,N/a,N/a,N/a,0,N/a,N/a,N/a,N/a,N/a,N/a,N/a,N/a,N/a,N/a,N/a,0,N/a,N/a,N/a,N/a,N/a,N/a,N/a,N/a,N/a,N/a,N/a,N/a,N/a,N/a,N/a,N/a,N/a,N/a,N/a,N/a,N/a,N/a,N/a,N/a,N/a,0,N/a,N/a,N/a,N/a,N/a,N/a,N/a,N/a,N/a,N/a,0,N/a,N/a,N/a,N/a,N/a,N/a,N/a,N/a,N/a,N/a,N/a,N/a,N/a,N/a,N/a,N/a,N/a,N/a,N/a,N/a,N/a,N/a,N/a,90,47.4,18,90,18,0,N/a,8,0.67,17,33,-16,-0.89,+0.61,0,0,4,0,0,0,0,N/a,N/a,0
Armando Broja,al ALB,FW,Everton,22,2001,10,4,334.0,3.7,0,0,0,0,0,0,1,0,0.00,0.00,0.00,0.00,0.00,Matches,N/a,N/a,N/a,N/a,N/a,N/a,N/a,N/a,N/a,N/a,N/a,N/a,N/a,N/a,N/a,3.7,0,4,0,0.0,1.08,0.00,0.00,N/a,0,0,N/a,N/a,N/a,N/a,N/a,N/a,N/a,N/a,N/a,N/a,N/a,N/a,N/a,N/a,0,N/a,N/a,N/a,N/a,N/a,N/a,N/a,N/a,N/a,N/a,N/a,1,N/a,N/a,N/a,N/a,N/a,N/a,N/a,N/a,N/a,N/a,N/a,N/a,N/a,N/a,N/a,N/a,N/a,N/a,N/a,N/a,N/a,N/a,N/a,N/a,N/a,1,N/a,N/a,N/a,N/a,N/a,N/a,N/a,N/a,N/a,N/a,1,N/a,N/a,N/a,N/a,N/a,N/a,N/a,N/a,N/a,N/a,N/a,N/a,N/a,N/a,N/a,N/a,N/a,N/a,N/a,N/a,N/a,N/a,N/a,33,9.8,4,58,0,6,17,3,1.00,1,2,-1,-0.27,-0.24,0,6,4,3,1,1,1,N/a,N/a,0
Armel Bella Kotchap,de GER,DF,Southampton,22,2001,4,2,331.0,3.7,0,0,0,0,0,0,0,0,0.00,0.00,0.00,0.00,0.00,Matches,N/a,N/a,N/a,N/a,N/a,N/a,N/a,N/a,N/a,N/a,N/a,N/a,N/a,N/a,N/a,3.7,0,1,0,0.0,0.27,0.00,0.00,N/a,0,0,N/a,N/a,N/a,N/a,N/a,N/a,N/a,N/a,N/a,N/a,N/a,N/a,N/a,N/a,0,N/a,N/a,N/a,N/a,N/a,N/a,N/a,N/a,N/a,N/a,N/a,0,N/a,N/a,N/a,N/a,N/a,N/a,N/a,N/a,N/a,N/a,N/a,N/a,N/a,N/a,N/a,N/a,N/a,N/a,N/a,N/a,N/a,N/a,N/a,N/a,N/a,5,N/a,N/a,N/a,N/a,N/a,N/a,N/a,N/a,N/a,N/a,5,N/a,N/a,N/a,N/a,N/a,N/a,N/a,N/a,N/a,N/a,N/a,N/a,N/a,N/a,N/a,N/a,N/a,N/a,N/a,N/a,N/a,N/a,N/a,83,9.7,2,90,2,2,76,8,0.00,2,13,-11,-2.99,-1.56,0,3,2,0,0,5,5,N/a,N/a,0
Ashley Young,eng ENG,DF,Everton,39,1985,32,19,1875.0,20.8,1,3,4,1,0,0,7,1,0.05,0.14,0.19,0.05,0.19,Matches,N/a,N/a,N/a,N/a,N/a,N/a,N/a,N/a,N/a,N/a,N/a,N/a,N/a,N/a,N/a,20.8,1,6,3,50.0,0.29,0.14,0.17,0.33,0,0,N/a,N/a,N/a,N/a,N/a,N/a,N/a,N/a,N/a,N/a,N/a,N/a,N/a,N/a,3,N/a,N/a,N/a,N/a,N/a,N/a,N/a,N/a,N/a,N/a,N/a,75,N/a,N/a,N/a,N/a,N/a,N/a,N/a,N/a,N/a,N/a,N/a,N/a,N/a,N/a,N/a,N/a,N/a,N/a,N/a,N/a,N/a,N/a,N/a,N/a,N/a,36,N/a,N/a,N/a,N/a,N/a,N/a,N/a,N/a,N/a,N/a,26,N/a,N/a,N/a,N/a,N/a,N/a,N/a,N/a,N/a,N/a,N/a,N/a,N/a,N/a,N/a,N/a,N/a,N/a,N/a,N/a,N/a,N/a,N/a,59,54.8,19,85,14,13,20,4,1.34,21,22,-1,-0.05,+0.01,0,30,22,0,75,26,36,N/a,N/a,0
Axel Disasi,fr FRA,DF,Aston Villa,26,1998,7,5,490.0,5.4,0,0,0,0,0,0,2,0,0.00,0.00,0.00,0.00,0.00,Matches,N/a,N/a,N/a,N/a,N/a,N/a,N/a,N/a,N/a,N/a,N/a,N/a,N/a,N/a,N/a,5.4,0,2,0,0.0,0.37,0.00,0.00,N/a,0,0,N/a,N/a,N/a,N/a,N/a,N/a,N/a,N/a,N/a,N/a,N/a,N/a,N/a,N/a,0,N/a,N/a,N/a,N/a,N/a,N/a,N/a,N/a,N/a,N/a,N/a,1,N/a,N/a,N/a,N/a,N/a,N/a,N/a,N/a,N/a,N/a,N/a,N/a,N/a,N/a,N/a,N/a,N/a,N/a,N/a,N/a,N/a,N/a,N/a,N/a,N/a,5,N/a,N/a,N/a,N/a,N/a,N/a,N/a,N/a,N/a,N/a,4,N/a,N/a,N/a,N/a,N/a,N/a,N/a,N/a,N/a,N/a,N/a,N/a,N/a,N/a,N/a,N/a,N/a,N/a,N/a,N/a,N/a,N/a,N/a,70,14.3,5,90,5,2,20,4,1.57,8,9,-1,-0.18,-0.43,0,3,2,2,1,4,5,N/a,N/a,0
Axel Disasi,fr FRA,DF,Chelsea,26,1998,6,4,364.0,4.0,1,0,1,1,0,0,1,0,0.25,0.00,0.25,0.25,0.25,Matches,N/a,N/a,N/a,N/a,N/a,N/a,N/a,N/a,N/a,N/a,N/a,N/a,N/a,N/a,N/a,4.0,1,2,1,50.0,0.49,0.25,0.50,1.00,0,0,N/a,N/a,N/a,N/a,N/a,N/a,N/a,N/a,N/a,N/a,N/a,N/a,N/a,N/a,0,N/a,N/a,N/a,N/a,N/a,N/a,N/a,N/a,N/a,N/a,N/a,0,N/a,N/a,N/a,N/a,N/a,N/a,N/a,N/a,N/a,N/a,N/a,N/a,N/a,N/a,N/a,N/a,N/a,N/a,N/a,N/a,N/a,N/a,N/a,N/a,N/a,4,N/a,N/a,N/a,N/a,N/a,N/a,N/a,N/a,N/a,N/a,2,N/a,N/a,N/a,N/a,N/a,N/a,N/a,N/a,N/a,N/a,N/a,N/a,N/a,N/a,N/a,N/a,N/a,N/a,N/a,N/a,N/a,N/a,N/a,61,10.6,4,79,2,2,24,9,2.17,5,3,+2,+0.49,-0.07,0,2,0,0,0,2,4,N/a,N/a,0
Axel Tuanzebe,cd COD,DF,Ipswich Town,26,1997,22,20,1710.0,19.0,0,1,1,0,0,0,5,1,0.00,0.05,0.05,0.00,0.05,Matches,N/a,N/a,N/a,N/a,N/a,N/a,N/a,N/a,N/a,N/a,N/a,N/a,N/a,N/a,N/a,19.0,0,4,0,0.0,0.21,0.00,0.00,N/a,0,0,N/a,N/a,N/a,N/a,N/a,N/a,N/a,N/a,N/a,N/a,N/a,N/a,N/a,N/a,1,N/a,N/a,N/a,N/a,N/a,N/a,N/a,N/a,N/a,N/a,N/a,10,N/a,N/a,N/a,N/a,N/a,N/a,N/a,N/a,N/a,N/a,N/a,N/a,N/a,N/a,N/a,N/a,N/a,N/a,N/a,N/a,N/a,N/a,N/a,N/a,N/a,19,N/a,N/a,N/a,N/a,N/a,N/a,N/a,N/a,N/a,N/a,22,N/a,N/a,N/a,N/a,N/a,N/a,N/a,N/a,N/a,N/a,N/a,N/a,N/a,N/a,N/a,N/a,N/a,N/a,N/a,N/a,N/a,N/a,N/a,78,50.0,20,84,12,2,14,0,0.64,17,37,-20,-1.05,+0.32,1,17,12,0,10,22,19,N/a,N/a,1
Ayden Heaven,eng ENG,DF,Manchester Utd,17,2006,4,2,170.0,1.9,0,0,0,0,0,0,1,0,0.00,0.00,0.00,0.00,0.00,Matches,N/a,N/a,N/a,N/a,N/a,N/a,N/a,N/a,N/a,N/a,N/a,N/a,N/a,N/a,N/a,1.9,0,2,0,0.0,1.06,0.00,0.00,N/a,0,0,N/a,N/a,N/a,N/a,N/a,N/a,N/a,N/a,N/a,N/a,N/a,N/a,N/a,N/a,0,N/a,N/a,N/a,N/a,N/a,N/a,N/a,N/a,N/a,N/a,N/a,0,N/a,N/a,N/a,N/a,N/a,N/a,N/a,N/a,N/a,N/a,N/a,N/a,N/a,N/a,N/a,N/a,N/a,N/a,N/a,N/a,N/a,N/a,N/a,N/a,N/a,3,N/a,N/a,N/a,N/a,N/a,N/a,N/a,N/a,N/a,N/a,4,N/a,N/a,N/a,N/a,N/a,N/a,N/a,N/a,N/a,N/a,N/a,N/a,N/a,N/a,N/a,N/a,N/a,N/a,N/a,N/a,N/a,N/a,N/a,43,5.0,2,58,0,2,28,4,1.75,1,1,0,0.00,+0.28,0,4,4,0,0,4,3,N/a,N/a,0
Bart Verbruggen,nl NED,GK,Brighton,21,2002,36,36,3240.0,36.0,0,1,1,0,0,0,5,0,0.00,0.03,0.03,0.00,0.03,Matches,58,1.61,140,89,58.6,14,13,9,7,19.4,9,9,0,0,0.0,36.0,0,0,0,N/a,0.00,0.00,N/a,N/a,0,0,N/a,N/a,N/a,N/a,N/a,N/a,N/a,N/a,N/a,N/a,N/a,N/a,N/a,N/a,1,N/a,N/a,N/a,N/a,N/a,N/a,N/a,N/a,N/a,N/a,N/a,0,N/a,N/a,N/a,N/a,N/a,N/a,N/a,N/a,N/a,N/a,N/a,N/a,N/a,N/a,N/a,N/a,N/a,N/a,N/a,N/a,N/a,N/a,N/a,N/a,N/a,0,N/a,N/a,N/a,N/a,N/a,N/a,N/a,N/a,N/a,N/a,0,N/a,N/a,N/a,N/a,N/a,N/a,N/a,N/a,N/a,N/a,N/a,N/a,N/a,N/a,N/a,N/a,N/a,N/a,N/a,N/a,N/a,N/a,N/a,90,94.7,36,90,36,0,N/a,0,1.53,61,58,+3,+0.08,-1.92,0,0,2,0,0,0,0,N/a,N/a,0
Ben Mee,eng ENG,DF,Brentford,34,1989,7,2,183.0,2.0,0,0,0,0,0,0,2,0,0.00,0.00,0.00,0.00,0.00,Matches,N/a,N/a,N/a,N/a,N/a,N/a,N/a,N/a,N/a,N/a,N/a,N/a,N/a,N/a,N/a,2.0,0,0,0,N/a,0.00,0.00,N/a,N/a,0,0,N/a,N/a,N/a,N/a,N/a,N/a,N/a,N/a,N/a,N/a,N/a,N/a,N/a,N/a,0,N/a,N/a,N/a,N/a,N/a,N/a,N/a,N/a,N/a,N/a,N/a,0,N/a,N/a,N/a,N/a,N/a,N/a,N/a,N/a,N/a,N/a,N/a,N/a,N/a,N/a,N/a,N/a,N/a,N/a,N/a,N/a,N/a,N/a,N/a,N/a,N/a,2,N/a,N/a,N/a,N/a,N/a,N/a,N/a,N/a,N/a,N/a,4,N/a,N/a,N/a,N/a,N/a,N/a,N/a,N/a,N/a,N/a,N/a,N/a,N/a,N/a,N/a,N/a,N/a,N/a,N/a,N/a,N/a,N/a,N/a,26,5.4,2,84,1,5,3,28,1.86,1,4,-3,-1.48,-1.81,0,5,0,0,0,4,2,N/a,N/a,0
Ben Davies,wls WAL,DF,Tottenham,31,1993,17,14,1331.0,14.8,0,0,0,0,0,0,5,0,0.00,0.00,0.00,0.00,0.00,Matches,N/a,N/a,N/a,N/a,N/a,N/a,N/a,N/a,N/a,N/a,N/a,N/a,N/a,N/a,N/a,14.8,0,5,1,20.0,0.34,0.07,0.00,0.00,0,0,N/a,N/a,N/a,N/a,N/a,N/a,N/a,N/a,N/a,N/a,N/a,N/a,N/a,N/a,0,N/a,N/a,N/a,N/a,N/a,N/a,N/a,N/a,N/a,N/a,N/a,4,N/a,N/a,N/a,N/a,N/a,N/a,N/a,N/a,N/a,N/a,N/a,N/a,N/a,N/a,N/a,N/a,N/a,N/a,N/a,N/a,N/a,N/a,N/a,N/a,N/a,11,N/a,N/a,N/a,N/a,N/a,N/a,N/a,N/a,N/a,N/a,12,N/a,N/a,N/a,N/a,N/a,N/a,N/a,N/a,N/a,N/a,N/a,N/a,N/a,N/a,N/a,N/a,N/a,N/a,N/a,N/a,N/a,N/a,N/a,78,38.9,14,88,13,3,33,7,1.00,22,26,-4,-0.27,-0.40,0,17,7,0,4,12,11,N/a,N/a,0
Ben Chilwell,eng ENG,MF,Crystal Palace,27,1996,8,1,259.0,2.9,1,0,1,1,0,0,1,0,0.35,0.00,0.35,0.35,0.35,Matches,N/a,N/a,N/a,N/a,N/a,N/a,N/a,N/a,N/a,N/a,N/a,N/a,N/a,N/a,N/a,2.9,1,5,3,60.0,1.74,1.04,0.20,0.33,0,0,N/a,N/a,N/a,N/a,N/a,N/a,N/a,N/a,N/a,N/a,N/a,N/a,N/a,N/a,0,N/a,N/a,N/a,N/a,N/a,N/a,N/a,N/a,N/a,N/a,N/a,7,N/a,N/a,N/a,N/a,N/a,N/a,N/a,N/a,N/a,N/a,N/a,N/a,N/a,N/a,N/a,N/a,N/a,N/a,N/a,N/a,N/a,N/a,N/a,N/a,N/a,6,N/a,N/a,N/a,N/a,N/a,N/a,N/a,N/a,N/a,N/a,6,N/a,N/a,N/a,N/a,N/a,N/a,N/a,N/a,N/a,N/a,N/a,N/a,N/a,N/a,N/a,N/a,N/a,N/a,N/a,N/a,N/a,N/a,N/a,32,7.6,1,90,1,7,24,4,2.00,6,4,+2,+0.69,+0.75,0,2,3,2,7,6,6,N/a,N/a,0
Ben Godfrey,eng ENG,DF,Ipswich Town,26,1998,3,2,159.0,1.8,0,0,0,0,0,0,1,0,0.00,0.00,0.00,0.00,0.00,Matches,N/a,N/a,N/a,N/a,N/a,N/a,N/a,N/a,N/a,N/a,N/a,N/a,N/a,N/a,N/a,1.8,0,0,0,N/a,0.00,0.00,N/a,N/a,0,0,N/a,N/a,N/a,N/a,N/a,N/a,N/a,N/a,N/a,N/a,N/a,N/a,N/a,N/a,0,N/a,N/a,N/a,N/a,N/a,N/a,N/a,N/a,N/a,N/a,N/a,0,N/a,N/a,N/a,N/a,N/a,N/a,N/a,N/a,N/a,N/a,N/a,N/a,N/a,N/a,N/a,N/a,N/a,N/a,N/a,N/a,N/a,N/a,N/a,N/a,N/a,0,N/a,N/a,N/a,N/a,N/a,N/a,N/a,N/a,N/a,N/a,2,N/a,N/a,N/a,N/a,N/a,N/a,N/a,N/a,N/a,N/a,N/a,N/a,N/a,N/a,N/a,N/a,N/a,N/a,N/a,N/a,N/a,N/a,N/a,53,4.6,2,54,0,1,51,8,0.00,1,10,-9,-5.09,-4.07,0,1,0,0,0,2,0,N/a,N/a,0
Ben White,eng ENG,DF,Arsenal,26,1997,17,13,1198.0,13.3,0,2,2,0,0,0,2,0,0.00,0.15,0.15,0.00,0.15,Matches,N/a,N/a,N/a,N/a,N/a,N/a,N/a,N/a,N/a,N/a,N/a,N/a,N/a,N/a,N/a,13.3,0,9,2,22.2,0.68,0.15,0.00,0.00,0,0,N/a,N/a,N/a,N/a,N/a,N/a,N/a,N/a,N/a,N/a,N/a,N/a,N/a,N/a,2,N/a,N/a,N/a,N/a,N/a,N/a,N/a,N/a,N/a,N/a,N/a,17,N/a,N/a,N/a,N/a,N/a,N/a,N/a,N/a,N/a,N/a,N/a,N/a,N/a,N/a,N/a,N/a,N/a,N/a,N/a,N/a,N/a,N/a,N/a,N/a,N/a,15,N/a,N/a,N/a,N/a,N/a,N/a,N/a,N/a,N/a,N/a,16,N/a,N/a,N/a,N/a,N/a,N/a,N/a,N/a,N/a,N/a,N/a,N/a,N/a,N/a,N/a,N/a,N/a,N/a,N/a,N/a,N/a,N/a,N/a,70,35.0,13,86,10,4,19,3,1.47,20,13,+7,+0.53,-0.61,0,10,5,1,17,16,15,N/a,N/a,0
Ben Brereton Díaz,cl CHI,"FW,MF",Southampton,25,1999,10,4,449.0,5.0,0,0,0,0,0,0,1,0,0.00,0.00,0.00,0.00,0.00,Matches,N/a,N/a,N/a,N/a,N/a,N/a,N/a,N/a,N/a,N/a,N/a,N/a,N/a,N/a,N/a,5.0,0,11,1,9.1,2.20,0.20,0.00,0.00,0,0,N/a,N/a,N/a,N/a,N/a,N/a,N/a,N/a,N/a,N/a,N/a,N/a,N/a,N/a,0,N/a,N/a,N/a,N/a,N/a,N/a,N/a,N/a,N/a,N/a,N/a,5,N/a,N/a,N/a,N/a,N/a,N/a,N/a,N/a,N/a,N/a,N/a,N/a,N/a,N/a,N/a,N/a,N/a,N/a,N/a,N/a,N/a,N/a,N/a,N/a,N/a,2,N/a,N/a,N/a,N/a,N/a,N/a,N/a,N/a,N/a,N/a,0,N/a,N/a,N/a,N/a,N/a,N/a,N/a,N/a,N/a,N/a,N/a,N/a,N/a,N/a,N/a,N/a,N/a,N/a,N/a,N/a,N/a,N/a,N/a,45,13.1,4,78,2,6,23,4,0.20,2,10,-8,-1.60,-0.03,0,4,8,1,5,0,2,N/a,N/a,0
Ben Johnson,eng ENG,"MF,DF",Ipswich Town,24,2000,23,14,1354.0,15.0,1,2,3,1,0,0,5,1,0.07,0.13,0.20,0.07,0.20,Matches,N/a,N/a,N/a,N/a,N/a,N/a,N/a,N/a,N/a,N/a,N/a,N/a,N/a,N/a,N/a,15.0,1,7,3,42.9,0.47,0.20,0.14,0.33,0,0,N/a,N/a,N/a,N/a,N/a,N/a,N/a,N/a,N/a,N/a,N/a,N/a,N/a,N/a,2,N/a,N/a,N/a,N/a,N/a,N/a,N/a,N/a,N/a,N/a,N/a,37,N/a,N/a,N/a,N/a,N/a,N/a,N/a,N/a,N/a,N/a,N/a,N/a,N/a,N/a,N/a,N/a,N/a,N/a,N/a,N/a,N/a,N/a,N/a,N/a,N/a,20,N/a,N/a,N/a,N/a,N/a,N/a,N/a,N/a,N/a,N/a,13,N/a,N/a,N/a,N/a,N/a,N/a,N/a,N/a,N/a,N/a,N/a,N/a,N/a,N/a,N/a,N/a,N/a,N/a,N/a,N/a,N/a,N/a,N/a,59,39.6,14,85,10,9,19,9,0.74,17,36,-19,-1.26,-0.09,1,27,6,1,37,13,20,N/a,N/a,0
Benoît Badiashile,fr FRA,DF,Chelsea,23,2001,5,3,334.0,3.7,0,0,0,0,0,0,0,0,0.00,0.00,0.00,0.00,0.00,Matches,N/a,N/a,N/a,N/a,N/a,N/a,N/a,N/a,N/a,N/a,N/a,N/a,N/a,N/a,N/a,3.7,0,0,0,N/a,0.00,0.00,N/a,N/a,0,0,N/a,N/a,N/a,N/a,N/a,N/a,N/a,N/a,N/a,N/a,N/a,N/a,N/a,N/a,0,N/a,N/a,N/a,N/a,N/a,N/a,N/a,N/a,N/a,N/a,N/a,1,N/a,N/a,N/a,N/a,N/a,N/a,N/a,N/a,N/a,N/a,N/a,N/a,N/a,N/a,N/a,N/a,N/a,N/a,N/a,N/a,N/a,N/a,N/a,N/a,N/a,6,N/a,N/a,N/a,N/a,N/a,N/a,N/a,N/a,N/a,N/a,6,N/a,N/a,N/a,N/a,N/a,N/a,N/a,N/a,N/a,N/a,N/a,N/a,N/a,N/a,N/a,N/a,N/a,N/a,N/a,N/a,N/a,N/a,N/a,67,9.8,3,88,2,2,35,17,1.80,7,5,+2,+0.54,-0.02,0,6,2,0,1,6,6,N/a,N/a,0
Bernardo Silva,pt POR,MF,Manchester City,29,1994,33,29,2670.0,29.7,4,4,8,4,0,0,7,0,0.13,0.13,0.27,0.13,0.27,Matches,N/a,N/a,N/a,N/a,N/a,N/a,N/a,N/a,N/a,N/a,N/a,N/a,N/a,N/a,N/a,29.7,4,32,12,37.5,1.08,0.40,0.13,0.33,0,0,N/a,N/a,N/a,N/a,N/a,N/a,N/a,N/a,N/a,N/a,N/a,N/a,N/a,N/a,4,N/a,N/a,N/a,N/a,N/a,N/a,N/a,N/a,N/a,N/a,N/a,60,N/a,N/a,N/a,N/a,N/a,N/a,N/a,N/a,N/a,N/a,N/a,N/a,N/a,N/a,N/a,N/a,N/a,N/a,N/a,N/a,N/a,N/a,N/a,N/a,N/a,35,N/a,N/a,N/a,N/a,N/a,N/a,N/a,N/a,N/a,N/a,21,N/a,N/a,N/a,N/a,N/a,N/a,N/a,N/a,N/a,N/a,N/a,N/a,N/a,N/a,N/a,N/a,N/a,N/a,N/a,N/a,N/a,N/a,N/a,81,78.1,29,90,28,4,15,5,1.79,49,36,+13,+0.44,-1.36,0,27,31,3,60,21,35,N/a,N/a,0
Bernd Leno,de GER,GK,Fulham,32,1992,38,38,3420.0,38.0,0,1,1,0,0,0,5,0,0.00,0.03,0.03,0.00,0.03,Matches,54,1.42,158,107,65.8,15,9,14,5,13.2,4,3,1,0,25.0,38.0,0,0,0,N/a,0.00,0.00,N/a,N/a,0,0,N/a,N/a,N/a,N/a,N/a,N/a,N/a,N/a,N/a,N/a,N/a,N/a,N/a,N/a,1,N/a,N/a,N/a,N/a,N/a,N/a,N/a,N/a,N/a,N/a,N/a,0,N/a,N/a,N/a,N/a,N/a,N/a,N/a,N/a,N/a,N/a,N/a,N/a,N/a,N/a,N/a,N/a,N/a,N/a,N/a,N/a,N/a,N/a,N/a,N/a,N/a,2,N/a,N/a,N/a,N/a,N/a,N/a,N/a,N/a,N/a,N/a,0,N/a,N/a,N/a,N/a,N/a,N/a,N/a,N/a,N/a,N/a,N/a,N/a,N/a,N/a,N/a,N/a,N/a,N/a,N/a,N/a,N/a,N/a,N/a,90,100.0,38,90,38,0,N/a,0,1.42,54,54,0,0.00,N/a,0,0,4,0,0,0,2,N/a,N/a,0
Beto,gw GNB,FW,Everton,26,1998,30,15,1534.0,17.0,8,0,8,8,0,0,2,0,0.47,0.00,0.47,0.47,0.47,Matches,N/a,N/a,N/a,N/a,N/a,N/a,N/a,N/a,N/a,N/a,N/a,N/a,N/a,N/a,N/a,17.0,8,49,23,46.9,2.87,1.35,0.16,0.35,0,0,N/a,N/a,N/a,N/a,N/a,N/a,N/a,N/a,N/a,N/a,N/a,N/a,N/a,N/a,0,N/a,N/a,N/a,N/a,N/a,N/a,N/a,N/a,N/a,N/a,N/a,4,N/a,N/a,N/a,N/a,N/a,N/a,N/a,N/a,N/a,N/a,N/a,N/a,N/a,N/a,N/a,N/a,N/a,N/a,N/a,N/a,N/a,N/a,N/a,N/a,N/a,7,N/a,N/a,N/a,N/a,N/a,N/a,N/a,N/a,N/a,N/a,4,N/a,N/a,N/a,N/a,N/a,N/a,N/a,N/a,N/a,N/a,N/a,N/a,N/a,N/a,N/a,N/a,N/a,N/a,N/a,N/a,N/a,N/a,N/a,51,44.9,15,82,6,15,20,8,1.07,23,24,-1,-0.06,-0.01,0,33,23,16,4,4,7,N/a,N/a,0
Bilal El Khannouss,ma MAR,MF,Leicester City,20,2004,32,27,2182.0,24.2,2,3,5,2,0,0,4,0,0.08,0.12,0.21,0.08,0.21,Matches,N/a,N/a,N/a,N/a,N/a,N/a,N/a,N/a,N/a,N/a,N/a,N/a,N/a,N/a,N/a,24.2,2,30,7,23.3,1.24,0.29,0.07,0.29,0,0,N/a,N/a,N/a,N/a,N/a,N/a,N/a,N/a,N/a,N/a,N/a,N/a,N/a,N/a,3,N/a,N/a,N/a,N/a,N/a,N/a,N/a,N/a,N/a,N/a,N/a,89,N/a,N/a,N/a,N/a,N/a,N/a,N/a,N/a,N/a,N/a,N/a,N/a,N/a,N/a,N/a,N/a,N/a,N/a,N/a,N/a,N/a,N/a,N/a,N/a,N/a,30,N/a,N/a,N/a,N/a,N/a,N/a,N/a,N/a,N/a,N/a,5,N/a,N/a,N/a,N/a,N/a,N/a,N/a,N/a,N/a,N/a,N/a,N/a,N/a,N/a,N/a,N/a,N/a,N/a,N/a,N/a,N/a,N/a,N/a,68,63.8,27,78,8,5,16,3,0.63,17,54,-37,-1.53,-0.80,0,30,13,1,89,5,30,N/a,N/a,0
Billy Gilmour,sct SCO,MF,Brighton,23,2001,2,1,98.0,1.1,0,0,0,0,0,0,0,0,0.00,0.00,0.00,0.00,0.00,Matches,N/a,N/a,N/a,N/a,N/a,N/a,N/a,N/a,N/a,N/a,N/a,N/a,N/a,N/a,N/a,1.1,0,1,0,0.0,0.92,0.00,0.00,N/a,0,0,N/a,N/a,N/a,N/a,N/a,N/a,N/a,N/a,N/a,N/a,N/a,N/a,N/a,N/a,0,N/a,N/a,N/a,N/a,N/a,N/a,N/a,N/a,N/a,N/a,N/a,1,N/a,N/a,N/a,N/a,N/a,N/a,N/a,N/a,N/a,N/a,N/a,N/a,N/a,N/a,N/a,N/a,N/a,N/a,N/a,N/a,N/a,N/a,N/a,N/a,N/a,4,N/a,N/a,N/a,N/a,N/a,N/a,N/a,N/a,N/a,N/a,0,N/a,N/a,N/a,N/a,N/a,N/a,N/a,N/a,N/a,N/a,N/a,N/a,N/a,N/a,N/a,N/a,N/a,N/a,N/a,N/a,N/a,N/a,N/a,49,2.9,1,89,0,1,9,0,3.00,2,1,+1,+0.92,+0.76,0,2,3,0,1,0,4,N/a,N/a,0
Bobby De Cordova-Reid,jm JAM,"MF,FW",Leicester City,31,1993,23,9,744.0,8.3,1,2,3,1,0,0,2,0,0.12,0.24,0.36,0.12,0.36,Matches,N/a,N/a,N/a,N/a,N/a,N/a,N/a,N/a,N/a,N/a,N/a,N/a,N/a,N/a,N/a,8.3,1,7,3,42.9,0.85,0.36,0.14,0.33,0,0,N/a,N/a,N/a,N/a,N/a,N/a,N/a,N/a,N/a,N/a,N/a,N/a,N/a,N/a,2,N/a,N/a,N/a,N/a,N/a,N/a,N/a,N/a,N/a,N/a,N/a,15,N/a,N/a,N/a,N/a,N/a,N/a,N/a,N/a,N/a,N/a,N/a,N/a,N/a,N/a,N/a,N/a,N/a,N/a,N/a,N/a,N/a,N/a,N/a,N/a,N/a,3,N/a,N/a,N/a,N/a,N/a,N/a,N/a,N/a,N/a,N/a,1,N/a,N/a,N/a,N/a,N/a,N/a,N/a,N/a,N/a,N/a,N/a,N/a,N/a,N/a,N/a,N/a,N/a,N/a,N/a,N/a,N/a,N/a,N/a,32,21.8,9,67,0,14,10,9,0.65,9,17,-8,-0.97,+0.34,0,8,9,4,15,1,3,N/a,N/a,0
Boubacar Kamara,fr FRA,"MF,DF",Aston Villa,24,1999,26,20,1726.0,19.2,1,0,1,1,0,0,2,0,0.05,0.00,0.05,0.05,0.05,Matches,N/a,N/a,N/a,N/a,N/a,N/a,N/a,N/a,N/a,N/a,N/a,N/a,N/a,N/a,N/a,19.2,1,10,3,30.0,0.52,0.16,0.10,0.33,0,0,N/a,N/a,N/a,N/a,N/a,N/a,N/a,N/a,N/a,N/a,N/a,N/a,N/a,N/a,0,N/a,N/a,N/a,N/a,N/a,N/a,N/a,N/a,N/a,N/a,N/a,1,N/a,N/a,N/a,N/a,N/a,N/a,N/a,N/a,N/a,N/a,N/a,N/a,N/a,N/a,N/a,N/a,N/a,N/a,N/a,N/a,N/a,N/a,N/a,N/a,N/a,23,N/a,N/a,N/a,N/a,N/a,N/a,N/a,N/a,N/a,N/a,16,N/a,N/a,N/a,N/a,N/a,N/a,N/a,N/a,N/a,N/a,N/a,N/a,N/a,N/a,N/a,N/a,N/a,N/a,N/a,N/a,N/a,N/a,N/a,66,50.5,20,81,12,6,16,1,1.69,28,22,+6,+0.31,+0.26,0,29,35,0,1,16,23,N/a,N/a,0
Boubakary Soumaré,fr FRA,MF,Leicester City,25,1999,31,25,2171.0,24.1,0,0,0,0,0,0,8,0,0.00,0.00,0.00,0.00,0.00,Matches,N/a,N/a,N/a,N/a,N/a,N/a,N/a,N/a,N/a,N/a,N/a,N/a,N/a,N/a,N/a,24.1,0,7,0,0.0,0.29,0.00,0.00,N/a,0,0,N/a,N/a,N/a,N/a,N/a,N/a,N/a,N/a,N/a,N/a,N/a,N/a,N/a,N/a,0,N/a,N/a,N/a,N/a,N/a,N/a,N/a,N/a,N/a,N/a,N/a,10,N/a,N/a,N/a,N/a,N/a,N/a,N/a,N/a,N/a,N/a,N/a,N/a,N/a,N/a,N/a,N/a,N/a,N/a,N/a,N/a,N/a,N/a,N/a,N/a,N/a,19,N/a,N/a,N/a,N/a,N/a,N/a,N/a,N/a,N/a,N/a,27,N/a,N/a,N/a,N/a,N/a,N/a,N/a,N/a,N/a,N/a,N/a,N/a,N/a,N/a,N/a,N/a,N/a,N/a,N/a,N/a,N/a,N/a,N/a,70,63.5,25,83,19,6,15,4,0.65,17,52,-35,-1.45,-0.59,0,24,23,0,10,27,19,N/a,N/a,0
Brajan Gruda,de GER,"MF,FW",Brighton,20,2004,21,8,687.0,7.6,1,4,5,1,0,0,0,0,0.13,0.52,0.66,0.13,0.66,Matches,N/a,N/a,N/a,N/a,N/a,N/a,N/a,N/a,N/a,N/a,N/a,N/a,N/a,N/a,N/a,7.6,1,11,5,45.5,1.44,0.66,0.09,0.20,0,0,N/a,N/a,N/a,N/a,N/a,N/a,N/a,N/a,N/a,N/a,N/a,N/a,N/a,N/a,4,N/a,N/a,N/a,N/a,N/a,N/a,N/a,N/a,N/a,N/a,N/a,29,N/a,N/a,N/a,N/a,N/a,N/a,N/a,N/a,N/a,N/a,N/a,N/a,N/a,N/a,N/a,N/a,N/a,N/a,N/a,N/a,N/a,N/a,N/a,N/a,N/a,8,N/a,N/a,N/a,N/a,N/a,N/a,N/a,N/a,N/a,N/a,2,N/a,N/a,N/a,N/a,N/a,N/a,N/a,N/a,N/a,N/a,N/a,N/a,N/a,N/a,N/a,N/a,N/a,N/a,N/a,N/a,N/a,N/a,N/a,33,20.1,8,64,0,13,14,7,1.38,14,15,-1,-0.13,-0.39,0,7,12,1,29,2,8,N/a,N/a,0
Brennan Johnson,wls WAL,"FW,MF",Tottenham,23,2001,33,24,2177.0,24.2,11,3,14,11,0,0,5,0,0.45,0.12,0.58,0.45,0.58,Matches,N/a,N/a,N/a,N/a,N/a,N/a,N/a,N/a,N/a,N/a,N/a,N/a,N/a,N/a,N/a,24.2,11,54,20,37.0,2.23,0.83,0.20,0.55,0,0,N/a,N/a,N/a,N/a,N/a,N/a,N/a,N/a,N/a,N/a,N/a,N/a,N/a,N/a,3,N/a,N/a,N/a,N/a,N/a,N/a,N/a,N/a,N/a,N/a,N/a,52,N/a,N/a,N/a,N/a,N/a,N/a,N/a,N/a,N/a,N/a,N/a,N/a,N/a,N/a,N/a,N/a,N/a,N/a,N/a,N/a,N/a,N/a,N/a,N/a,N/a,23,N/a,N/a,N/a,N/a,N/a,N/a,N/a,N/a,N/a,N/a,4,N/a,N/a,N/a,N/a,N/a,N/a,N/a,N/a,N/a,N/a,N/a,N/a,N/a,N/a,N/a,N/a,N/a,N/a,N/a,N/a,N/a,N/a,N/a,66,63.7,24,79,14,9,31,2,1.03,40,38,+2,+0.08,+0.30,0,27,26,12,52,4,23,N/a,N/a,0
Bruno Fernandes,pt POR,MF,Manchester Utd,29,1994,36,35,3018.0,33.5,8,10,18,5,3,3,5,2,0.24,0.30,0.54,0.15,0.45,Matches,N/a,N/a,N/a,N/a,N/a,N/a,N/a,N/a,N/a,N/a,N/a,N/a,N/a,N/a,N/a,33.5,8,96,29,30.2,2.86,0.86,0.08,0.28,3,3,N/a,N/a,N/a,N/a,N/a,N/a,N/a,N/a,N/a,N/a,N/a,N/a,N/a,N/a,10,N/a,N/a,N/a,N/a,N/a,N/a,N/a,N/a,N/a,N/a,N/a,185,N/a,N/a,N/a,N/a,N/a,N/a,N/a,N/a,N/a,N/a,N/a,N/a,N/a,N/a,N/a,N/a,N/a,N/a,N/a,N/a,N/a,N/a,N/a,N/a,N/a,52,N/a,N/a,N/a,N/a,N/a,N/a,N/a,N/a,N/a,N/a,26,N/a,N/a,N/a,N/a,N/a,N/a,N/a,N/a,N/a,N/a,N/a,N/a,N/a,N/a,N/a,N/a,N/a,N/a,N/a,N/a,N/a,N/a,N/a,84,88.2,35,85,28,1,32,1,1.17,41,43,-2,-0.06,+1.73,1,32,40,2,185,26,52,N/a,N/a,0
Bruno Guimarães,br BRA,MF,Newcastle,26,1997,38,38,3271.0,36.3,5,6,11,5,0,0,7,0,0.14,0.17,0.30,0.14,0.30,Matches,N/a,N/a,N/a,N/a,N/a,N/a,N/a,N/a,N/a,N/a,N/a,N/a,N/a,N/a,N/a,36.3,5,45,15,33.3,1.24,0.41,0.11,0.33,0,0,N/a,N/a,N/a,N/a,N/a,N/a,N/a,N/a,N/a,N/a,N/a,N/a,N/a,N/a,6,N/a,N/a,N/a,N/a,N/a,N/a,N/a,N/a,N/a,N/a,N/a,29,N/a,N/a,N/a,N/a,N/a,N/a,N/a,N/a,N/a,N/a,N/a,N/a,N/a,N/a,N/a,N/a,N/a,N/a,N/a,N/a,N/a,N/a,N/a,N/a,N/a,47,N/a,N/a,N/a,N/a,N/a,N/a,N/a,N/a,N/a,N/a,28,N/a,N/a,N/a,N/a,N/a,N/a,N/a,N/a,N/a,N/a,N/a,N/a,N/a,N/a,N/a,N/a,N/a,N/a,N/a,N/a,N/a,N/a,N/a,86,95.6,38,86,21,0,N/a,0,1.74,67,44,+23,+0.63,+1.84,0,65,107,2,29,28,47,N/a,N/a,0
Bryan Mbeumo,cm CMR,"MF,FW",Brentford,24,1999,38,38,3414.0,37.9,20,7,27,15,5,6,3,0,0.53,0.18,0.71,0.40,0.58,Matches,N/a,N/a,N/a,N/a,N/a,N/a,N/a,N/a,N/a,N/a,N/a,N/a,N/a,N/a,N/a,37.9,20,85,41,48.2,2.24,1.08,0.24,0.49,5,6,N/a,N/a,N/a,N/a,N/a,N/a,N/a,N/a,N/a,N/a,N/a,N/a,N/a,N/a,7,N/a,N/a,N/a,N/a,N/a,N/a,N/a,N/a,N/a,N/a,N/a,200,N/a,N/a,N/a,N/a,N/a,N/a,N/a,N/a,N/a,N/a,N/a,N/a,N/a,N/a,N/a,N/a,N/a,N/a,N/a,N/a,N/a,N/a,N/a,N/a,N/a,30,N/a,N/a,N/a,N/a,N/a,N/a,N/a,N/a,N/a,N/a,11,N/a,N/a,N/a,N/a,N/a,N/a,N/a,N/a,N/a,N/a,N/a,N/a,N/a,N/a,N/a,N/a,N/a,N/a,N/a,N/a,N/a,N/a,N/a,90,99.8,38,90,35,0,N/a,0,1.47,66,55,+11,+0.29,+30.29,0,25,44,11,200,11,30,N/a,N/a,0
Bukayo Saka,eng ENG,"FW,MF",Arsenal,22,2001,25,20,1729.0,19.2,6,10,16,5,1,1,3,0,0.31,0.52,0.83,0.26,0.78,Matches,N/a,N/a,N/a,N/a,N/a,N/a,N/a,N/a,N/a,N/a,N/a,N/a,N/a,N/a,N/a,19.2,6,67,23,34.3,3.49,1.20,0.09,0.26,1,1,N/a,N/a,N/a,N/a,N/a,N/a,N/a,N/a,N/a,N/a,N/a,N/a,N/a,N/a,10,N/a,N/a,N/a,N/a,N/a,N/a,N/a,N/a,N/a,N/a,N/a,115,N/a,N/a,N/a,N/a,N/a,N/a,N/a,N/a,N/a,N/a,N/a,N/a,N/a,N/a,N/a,N/a,N/a,N/a,N/a,N/a,N/a,N/a,N/a,N/a,N/a,15,N/a,N/a,N/a,N/a,N/a,N/a,N/a,N/a,N/a,N/a,3,N/a,N/a,N/a,N/a,N/a,N/a,N/a,N/a,N/a,N/a,N/a,N/a,N/a,N/a,N/a,N/a,N/a,N/a,N/a,N/a,N/a,N/a,N/a,69,50.6,20,79,7,5,32,0,1.96,38,21,+17,+0.88,-0.07,0,15,39,7,115,3,15,N/a,N/a,0
Caleb Okoli,it ITA,DF,Leicester City,23,2001,19,12,1125.0,12.5,1,0,1,1,0,0,4,0,0.08,0.00,0.08,0.08,0.08,Matches,N/a,N/a,N/a,N/a,N/a,N/a,N/a,N/a,N/a,N/a,N/a,N/a,N/a,N/a,N/a,12.5,1,4,2,50.0,0.32,0.16,0.25,0.50,0,0,N/a,N/a,N/a,N/a,N/a,N/a,N/a,N/a,N/a,N/a,N/a,N/a,N/a,N/a,0,N/a,N/a,N/a,N/a,N/a,N/a,N/a,N/a,N/a,N/a,N/a,1,N/a,N/a,N/a,N/a,N/a,N/a,N/a,N/a,N/a,N/a,N/a,N/a,N/a,N/a,N/a,N/a,N/a,N/a,N/a,N/a,N/a,N/a,N/a,N/a,N/a,14,N/a,N/a,N/a,N/a,N/a,N/a,N/a,N/a,N/a,N/a,15,N/a,N/a,N/a,N/a,N/a,N/a,N/a,N/a,N/a,N/a,N/a,N/a,N/a,N/a,N/a,N/a,N/a,N/a,N/a,N/a,N/a,N/a,N/a,59,32.9,12,85,8,7,16,18,0.53,15,25,-10,-0.80,+0.65,0,16,9,0,1,15,14,N/a,N/a,0
Callum Wilson,eng ENG,FW,Newcastle,32,1992,18,2,370.0,4.1,0,0,0,0,0,0,1,0,0.00,0.00,0.00,0.00,0.00,Matches,N/a,N/a,N/a,N/a,N/a,N/a,N/a,N/a,N/a,N/a,N/a,N/a,N/a,N/a,N/a,4.1,0,6,1,16.7,1.46,0.24,0.00,0.00,0,0,N/a,N/a,N/a,N/a,N/a,N/a,N/a,N/a,N/a,N/a,N/a,N/a,N/a,N/a,0,N/a,N/a,N/a,N/a,N/a,N/a,N/a,N/a,N/a,N/a,N/a,2,N/a,N/a,N/a,N/a,N/a,N/a,N/a,N/a,N/a,N/a,N/a,N/a,N/a,N/a,N/a,N/a,N/a,N/a,N/a,N/a,N/a,N/a,N/a,N/a,N/a,2,N/a,N/a,N/a,N/a,N/a,N/a,N/a,N/a,N/a,N/a,1,N/a,N/a,N/a,N/a,N/a,N/a,N/a,N/a,N/a,N/a,N/a,N/a,N/a,N/a,N/a,N/a,N/a,N/a,N/a,N/a,N/a,N/a,N/a,21,10.8,2,66,0,16,15,0,1.50,4,7,-3,-0.73,-1.44,0,4,1,3,2,1,2,N/a,N/a,0
Callum Hudson-Odoi,eng ENG,MF,Nottingham,23,2000,31,25,2194.0,24.4,5,2,7,5,0,0,2,0,0.21,0.08,0.29,0.21,0.29,Matches,N/a,N/a,N/a,N/a,N/a,N/a,N/a,N/a,N/a,N/a,N/a,N/a,N/a,N/a,N/a,24.4,5,37,17,45.9,1.52,0.70,0.14,0.29,0,0,N/a,N/a,N/a,N/a,N/a,N/a,N/a,N/a,N/a,N/a,N/a,N/a,N/a,N/a,2,N/a,N/a,N/a,N/a,N/a,N/a,N/a,N/a,N/a,N/a,N/a,80,N/a,N/a,N/a,N/a,N/a,N/a,N/a,N/a,N/a,N/a,N/a,N/a,N/a,N/a,N/a,N/a,N/a,N/a,N/a,N/a,N/a,N/a,N/a,N/a,N/a,16,N/a,N/a,N/a,N/a,N/a,N/a,N/a,N/a,N/a,N/a,13,N/a,N/a,N/a,N/a,N/a,N/a,N/a,N/a,N/a,N/a,N/a,N/a,N/a,N/a,N/a,N/a,N/a,N/a,N/a,N/a,N/a,N/a,N/a,71,64.2,25,81,8,6,28,1,1.74,37,23,+14,+0.57,+0.72,0,12,25,8,80,13,16,N/a,N/a,0
Calvin Bassey,ng NGA,DF,Fulham,24,1999,35,34,3074.0,34.2,1,0,1,1,0,0,7,0,0.03,0.00,0.03,0.03,0.03,Matches,N/a,N/a,N/a,N/a,N/a,N/a,N/a,N/a,N/a,N/a,N/a,N/a,N/a,N/a,N/a,34.2,1,14,4,28.6,0.41,0.12,0.07,0.25,0,0,N/a,N/a,N/a,N/a,N/a,N/a,N/a,N/a,N/a,N/a,N/a,N/a,N/a,N/a,0,N/a,N/a,N/a,N/a,N/a,N/a,N/a,N/a,N/a,N/a,N/a,9,N/a,N/a,N/a,N/a,N/a,N/a,N/a,N/a,N/a,N/a,N/a,N/a,N/a,N/a,N/a,N/a,N/a,N/a,N/a,N/a,N/a,N/a,N/a,N/a,N/a,33,N/a,N/a,N/a,N/a,N/a,N/a,N/a,N/a,N/a,N/a,19,N/a,N/a,N/a,N/a,N/a,N/a,N/a,N/a,N/a,N/a,N/a,N/a,N/a,N/a,N/a,N/a,N/a,N/a,N/a,N/a,N/a,N/a,N/a,88,89.9,34,90,34,1,14,2,1.51,49,47,+2,+0.06,+0.58,0,26,31,2,9,19,33,N/a,N/a,0
Cameron Burgess,au AUS,DF,Ipswich Town,28,1995,18,16,1541.0,17.1,0,2,2,0,0,0,0,0,0.00,0.12,0.12,0.00,0.12,Matches,N/a,N/a,N/a,N/a,N/a,N/a,N/a,N/a,N/a,N/a,N/a,N/a,N/a,N/a,N/a,17.1,0,10,3,30.0,0.58,0.18,0.00,0.00,0,0,N/a,N/a,N/a,N/a,N/a,N/a,N/a,N/a,N/a,N/a,N/a,N/a,N/a,N/a,2,N/a,N/a,N/a,N/a,N/a,N/a,N/a,N/a,N/a,N/a,N/a,0,N/a,N/a,N/a,N/a,N/a,N/a,N/a,N/a,N/a,N/a,N/a,N/a,N/a,N/a,N/a,N/a,N/a,N/a,N/a,N/a,N/a,N/a,N/a,N/a,N/a,13,N/a,N/a,N/a,N/a,N/a,N/a,N/a,N/a,N/a,N/a,10,N/a,N/a,N/a,N/a,N/a,N/a,N/a,N/a,N/a,N/a,N/a,N/a,N/a,N/a,N/a,N/a,N/a,N/a,N/a,N/a,N/a,N/a,N/a,86,45.1,16,90,16,2,51,5,0.72,19,37,-18,-1.05,+0.29,0,6,4,1,0,10,13,N/a,N/a,0
Cameron Archer,eng ENG,FW,Southampton,23,2001,35,13,1441.0,16.0,2,0,2,2,0,1,0,0,0.12,0.00,0.12,0.12,0.12,Matches,N/a,N/a,N/a,N/a,N/a,N/a,N/a,N/a,N/a,N/a,N/a,N/a,N/a,N/a,N/a,16.0,2,29,11,37.9,1.81,0.69,0.07,0.18,0,1,N/a,N/a,N/a,N/a,N/a,N/a,N/a,N/a,N/a,N/a,N/a,N/a,N/a,N/a,0,N/a,N/a,N/a,N/a,N/a,N/a,N/a,N/a,N/a,N/a,N/a,4,N/a,N/a,N/a,N/a,N/a,N/a,N/a,N/a,N/a,N/a,N/a,N/a,N/a,N/a,N/a,N/a,N/a,N/a,N/a,N/a,N/a,N/a,N/a,N/a,N/a,9,N/a,N/a,N/a,N/a,N/a,N/a,N/a,N/a,N/a,N/a,1,N/a,N/a,N/a,N/a,N/a,N/a,N/a,N/a,N/a,N/a,N/a,N/a,N/a,N/a,N/a,N/a,N/a,N/a,N/a,N/a,N/a,N/a,N/a,41,42.1,13,71,0,22,24,2,0.26,10,34,-24,-1.50,+0.14,0,16,13,8,4,1,9,N/a,N/a,0
Caoimhín Kelleher,ie IRL,GK,Liverpool,25,1998,10,10,900.0,10.0,0,0,0,0,0,0,0,0,0.00,0.00,0.00,0.00,0.00,Matches,12,1.20,37,24,67.6,7,2,1,4,40.0,1,0,1,0,100.0,10.0,0,0,0,N/a,0.00,0.00,N/a,N/a,0,0,N/a,N/a,N/a,N/a,N/a,N/a,N/a,N/a,N/a,N/a,N/a,N/a,N/a,N/a,0,N/a,N/a,N/a,N/a,N/a,N/a,N/a,N/a,N/a,N/a,N/a,0,N/a,N/a,N/a,N/a,N/a,N/a,N/a,N/a,N/a,N/a,N/a,N/a,N/a,N/a,N/a,N/a,N/a,N/a,N/a,N/a,N/a,N/a,N/a,N/a,N/a,0,N/a,N/a,N/a,N/a,N/a,N/a,N/a,N/a,N/a,N/a,0,N/a,N/a,N/a,N/a,N/a,N/a,N/a,N/a,N/a,N/a,N/a,N/a,N/a,N/a,N/a,N/a,N/a,N/a,N/a,N/a,N/a,N/a,N/a,90,26.3,10,90,10,0,N/a,27,2.30,22,12,+10,+1.00,-0.25,0,0,3,0,0,0,0,N/a,N/a,0
Carlos Soler,es ESP,MF,West Ham,27,1997,31,14,1409.0,15.7,1,1,2,1,0,0,6,0,0.06,0.06,0.13,0.06,0.13,Matches,N/a,N/a,N/a,N/a,N/a,N/a,N/a,N/a,N/a,N/a,N/a,N/a,N/a,N/a,N/a,15.7,1,25,9,36.0,1.60,0.57,0.04,0.11,0,0,N/a,N/a,N/a,N/a,N/a,N/a,N/a,N/a,N/a,N/a,N/a,N/a,N/a,N/a,1,N/a,N/a,N/a,N/a,N/a,N/a,N/a,N/a,N/a,N/a,N/a,35,N/a,N/a,N/a,N/a,N/a,N/a,N/a,N/a,N/a,N/a,N/a,N/a,N/a,N/a,N/a,N/a,N/a,N/a,N/a,N/a,N/a,N/a,N/a,N/a,N/a,11,N/a,N/a,N/a,N/a,N/a,N/a,N/a,N/a,N/a,N/a,8,N/a,N/a,N/a,N/a,N/a,N/a,N/a,N/a,N/a,N/a,N/a,N/a,N/a,N/a,N/a,N/a,N/a,N/a,N/a,N/a,N/a,N/a,N/a,45,41.2,14,67,1,17,28,2,1.16,16,25,-9,-0.57,-0.26,0,26,19,0,35,8,11,N/a,N/a,0
Carlos Alcaraz,ar ARG,MF,Everton,21,2002,15,7,764.0,8.5,2,3,5,2,0,0,4,0,0.24,0.35,0.59,0.24,0.59,Matches,N/a,N/a,N/a,N/a,N/a,N/a,N/a,N/a,N/a,N/a,N/a,N/a,N/a,N/a,N/a,8.5,2,26,11,42.3,3.06,1.30,0.08,0.18,0,0,N/a,N/a,N/a,N/a,N/a,N/a,N/a,N/a,N/a,N/a,N/a,N/a,N/a,N/a,3,N/a,N/a,N/a,N/a,N/a,N/a,N/a,N/a,N/a,N/a,N/a,11,N/a,N/a,N/a,N/a,N/a,N/a,N/a,N/a,N/a,N/a,N/a,N/a,N/a,N/a,N/a,N/a,N/a,N/a,N/a,N/a,N/a,N/a,N/a,N/a,N/a,4,N/a,N/a,N/a,N/a,N/a,N/a,N/a,N/a,N/a,N/a,5,N/a,N/a,N/a,N/a,N/a,N/a,N/a,N/a,N/a,N/a,N/a,N/a,N/a,N/a,N/a,N/a,N/a,N/a,N/a,N/a,N/a,N/a,N/a,51,22.3,7,84,2,8,22,0,1.47,12,9,+3,+0.35,+0.52,0,13,12,1,11,5,4,N/a,N/a,0
Carlos Baleba,cm CMR,MF,Brighton,20,2004,34,31,2661.0,29.6,3,1,4,3,0,0,8,1,0.10,0.03,0.14,0.10,0.14,Matches,N/a,N/a,N/a,N/a,N/a,N/a,N/a,N/a,N/a,N/a,N/a,N/a,N/a,N/a,N/a,29.6,3,44,11,25.0,1.49,0.37,0.07,0.27,0,0,N/a,N/a,N/a,N/a,N/a,N/a,N/a,N/a,N/a,N/a,N/a,N/a,N/a,N/a,1,N/a,N/a,N/a,N/a,N/a,N/a,N/a,N/a,N/a,N/a,N/a,9,N/a,N/a,N/a,N/a,N/a,N/a,N/a,N/a,N/a,N/a,N/a,N/a,N/a,N/a,N/a,N/a,N/a,N/a,N/a,N/a,N/a,N/a,N/a,N/a,N/a,44,N/a,N/a,N/a,N/a,N/a,N/a,N/a,N/a,N/a,N/a,49,N/a,N/a,N/a,N/a,N/a,N/a,N/a,N/a,N/a,N/a,N/a,N/a,N/a,N/a,N/a,N/a,N/a,N/a,N/a,N/a,N/a,N/a,N/a,78,77.8,31,83,15,3,27,2,1.68,55,39,+16,+0.54,+1.61,1,39,47,0,9,49,44,N/a,N/a,0
Carlos Forbs,pt POR,MF,Wolves,20,2004,10,1,239.0,2.7,0,0,0,0,0,0,2,0,0.00,0.00,0.00,0.00,0.00,Matches,N/a,N/a,N/a,N/a,N/a,N/a,N/a,N/a,N/a,N/a,N/a,N/a,N/a,N/a,N/a,2.7,0,2,0,0.0,0.75,0.00,0.00,N/a,0,0,N/a,N/a,N/a,N/a,N/a,N/a,N/a,N/a,N/a,N/a,N/a,N/a,N/a,N/a,0,N/a,N/a,N/a,N/a,N/a,N/a,N/a,N/a,N/a,N/a,N/a,8,N/a,N/a,N/a,N/a,N/a,N/a,N/a,N/a,N/a,N/a,N/a,N/a,N/a,N/a,N/a,N/a,N/a,N/a,N/a,N/a,N/a,N/a,N/a,N/a,N/a,4,N/a,N/a,N/a,N/a,N/a,N/a,N/a,N/a,N/a,N/a,1,N/a,N/a,N/a,N/a,N/a,N/a,N/a,N/a,N/a,N/a,N/a,N/a,N/a,N/a,N/a,N/a,N/a,N/a,N/a,N/a,N/a,N/a,N/a,24,7.0,1,67,0,9,19,17,0.80,6,9,-3,-1.13,-0.79,0,2,1,0,8,1,4,N/a,N/a,0
Casemiro,br BRA,MF,Manchester Utd,32,1992,24,18,1494.0,16.6,1,0,1,1,0,0,5,0,0.06,0.00,0.06,0.06,0.06,Matches,N/a,N/a,N/a,N/a,N/a,N/a,N/a,N/a,N/a,N/a,N/a,N/a,N/a,N/a,N/a,16.6,1,32,10,31.3,1.93,0.60,0.03,0.10,0,0,N/a,N/a,N/a,N/a,N/a,N/a,N/a,N/a,N/a,N/a,N/a,N/a,N/a,N/a,0,N/a,N/a,N/a,N/a,N/a,N/a,N/a,N/a,N/a,N/a,N/a,20,N/a,N/a,N/a,N/a,N/a,N/a,N/a,N/a,N/a,N/a,N/a,N/a,N/a,N/a,N/a,N/a,N/a,N/a,N/a,N/a,N/a,N/a,N/a,N/a,N/a,52,N/a,N/a,N/a,N/a,N/a,N/a,N/a,N/a,N/a,N/a,15,N/a,N/a,N/a,N/a,N/a,N/a,N/a,N/a,N/a,N/a,N/a,N/a,N/a,N/a,N/a,N/a,N/a,N/a,N/a,N/a,N/a,N/a,N/a,62,43.7,18,76,7,6,22,14,1.29,18,20,-2,-0.12,+0.25,0,20,19,3,20,15,52,N/a,N/a,0
Charlie Taylor,eng ENG,DF,Southampton,30,1993,8,3,356.0,4.0,0,0,0,0,0,0,1,0,0.00,0.00,0.00,0.00,0.00,Matches,N/a,N/a,N/a,N/a,N/a,N/a,N/a,N/a,N/a,N/a,N/a,N/a,N/a,N/a,N/a,4.0,0,0,0,N/a,0.00,0.00,N/a,N/a,0,0,N/a,N/a,N/a,N/a,N/a,N/a,N/a,N/a,N/a,N/a,N/a,N/a,N/a,N/a,0,N/a,N/a,N/a,N/a,N/a,N/a,N/a,N/a,N/a,N/a,N/a,9,N/a,N/a,N/a,N/a,N/a,N/a,N/a,N/a,N/a,N/a,N/a,N/a,N/a,N/a,N/a,N/a,N/a,N/a,N/a,N/a,N/a,N/a,N/a,N/a,N/a,6,N/a,N/a,N/a,N/a,N/a,N/a,N/a,N/a,N/a,N/a,5,N/a,N/a,N/a,N/a,N/a,N/a,N/a,N/a,N/a,N/a,N/a,N/a,N/a,N/a,N/a,N/a,N/a,N/a,N/a,N/a,N/a,N/a,N/a,45,10.4,3,90,3,5,17,6,0.13,3,12,-9,-2.28,-0.78,0,2,3,0,9,5,6,N/a,N/a,0
Cheick Doucouré,ml MLI,MF,Crystal Palace,24,2000,13,4,452.0,5.0,0,0,0,0,0,0,1,0,0.00,0.00,0.00,0.00,0.00,Matches,N/a,N/a,N/a,N/a,N/a,N/a,N/a,N/a,N/a,N/a,N/a,N/a,N/a,N/a,N/a,5.0,0,7,0,0.0,1.39,0.00,0.00,N/a,0,0,N/a,N/a,N/a,N/a,N/a,N/a,N/a,N/a,N/a,N/a,N/a,N/a,N/a,N/a,0,N/a,N/a,N/a,N/a,N/a,N/a,N/a,N/a,N/a,N/a,N/a,1,N/a,N/a,N/a,N/a,N/a,N/a,N/a,N/a,N/a,N/a,N/a,N/a,N/a,N/a,N/a,N/a,N/a,N/a,N/a,N/a,N/a,N/a,N/a,N/a,N/a,9,N/a,N/a,N/a,N/a,N/a,N/a,N/a,N/a,N/a,N/a,11,N/a,N/a,N/a,N/a,N/a,N/a,N/a,N/a,N/a,N/a,N/a,N/a,N/a,N/a,N/a,N/a,N/a,N/a,N/a,N/a,N/a,N/a,N/a,35,13.2,4,55,0,9,26,4,1.38,5,7,-2,-0.40,-0.46,0,7,7,0,1,11,9,N/a,N/a,0
Chidozie Obi-Martin,dk DEN,FW,Manchester Utd,16,2007,7,1,165.0,1.8,0,0,0,0,0,0,1,0,0.00,0.00,0.00,0.00,0.00,Matches,N/a,N/a,N/a,N/a,N/a,N/a,N/a,N/a,N/a,N/a,N/a,N/a,N/a,N/a,N/a,1.8,0,5,1,20.0,2.73,0.55,0.00,0.00,0,0,N/a,N/a,N/a,N/a,N/a,N/a,N/a,N/a,N/a,N/a,N/a,N/a,N/a,N/a,0,N/a,N/a,N/a,N/a,N/a,N/a,N/a,N/a,N/a,N/a,N/a,0,N/a,N/a,N/a,N/a,N/a,N/a,N/a,N/a,N/a,N/a,N/a,N/a,N/a,N/a,N/a,N/a,N/a,N/a,N/a,N/a,N/a,N/a,N/a,N/a,N/a,1,N/a,N/a,N/a,N/a,N/a,N/a,N/a,N/a,N/a,N/a,0,N/a,N/a,N/a,N/a,N/a,N/a,N/a,N/a,N/a,N/a,N/a,N/a,N/a,N/a,N/a,N/a,N/a,N/a,N/a,N/a,N/a,N/a,N/a,24,4.8,1,90,1,6,13,4,1.14,8,5,+3,+1.64,+2.00,0,3,1,0,0,0,1,N/a,N/a,0
Chiedozie Ogbene,ie IRL,MF,Ipswich Town,27,1997,5,3,238.0,2.6,0,0,0,0,0,0,0,0,0.00,0.00,0.00,0.00,0.00,Matches,N/a,N/a,N/a,N/a,N/a,N/a,N/a,N/a,N/a,N/a,N/a,N/a,N/a,N/a,N/a,2.6,0,0,0,N/a,0.00,0.00,N/a,N/a,0,0,N/a,N/a,N/a,N/a,N/a,N/a,N/a,N/a,N/a,N/a,N/a,N/a,N/a,N/a,0,N/a,N/a,N/a,N/a,N/a,N/a,N/a,N/a,N/a,N/a,N/a,4,N/a,N/a,N/a,N/a,N/a,N/a,N/a,N/a,N/a,N/a,N/a,N/a,N/a,N/a,N/a,N/a,N/a,N/a,N/a,N/a,N/a,N/a,N/a,N/a,N/a,3,N/a,N/a,N/a,N/a,N/a,N/a,N/a,N/a,N/a,N/a,1,N/a,N/a,N/a,N/a,N/a,N/a,N/a,N/a,N/a,N/a,N/a,N/a,N/a,N/a,N/a,N/a,N/a,N/a,N/a,N/a,N/a,N/a,N/a,48,7.0,3,63,0,2,25,2,0.60,4,3,+1,+0.38,+1.71,0,2,7,1,4,1,3,N/a,N/a,0
Chris Wood,nz NZL,FW,Nottingham,32,1991,36,35,2959.0,32.9,20,3,23,17,3,3,1,0,0.61,0.09,0.70,0.52,0.61,Matches,N/a,N/a,N/a,N/a,N/a,N/a,N/a,N/a,N/a,N/a,N/a,N/a,N/a,N/a,N/a,32.9,20,68,35,51.5,2.07,1.06,0.29,0.57,3,3,N/a,N/a,N/a,N/a,N/a,N/a,N/a,N/a,N/a,N/a,N/a,N/a,N/a,N/a,3,N/a,N/a,N/a,N/a,N/a,N/a,N/a,N/a,N/a,N/a,N/a,1,N/a,N/a,N/a,N/a,N/a,N/a,N/a,N/a,N/a,N/a,N/a,N/a,N/a,N/a,N/a,N/a,N/a,N/a,N/a,N/a,N/a,N/a,N/a,N/a,N/a,5,N/a,N/a,N/a,N/a,N/a,N/a,N/a,N/a,N/a,N/a,6,N/a,N/a,N/a,N/a,N/a,N/a,N/a,N/a,N/a,N/a,N/a,N/a,N/a,N/a,N/a,N/a,N/a,N/a,N/a,N/a,N/a,N/a,N/a,82,86.5,35,84,14,1,28,0,1.72,52,37,+15,+0.46,+1.04,0,25,24,28,1,6,5,N/a,N/a,0
Chris Richards,us USA,DF,Crystal Palace,24,2000,24,22,1922.0,21.4,1,0,1,1,0,0,4,1,0.05,0.00,0.05,0.05,0.05,Matches,N/a,N/a,N/a,N/a,N/a,N/a,N/a,N/a,N/a,N/a,N/a,N/a,N/a,N/a,N/a,21.4,1,12,6,50.0,0.56,0.28,0.08,0.17,0,0,N/a,N/a,N/a,N/a,N/a,N/a,N/a,N/a,N/a,N/a,N/a,N/a,N/a,N/a,0,N/a,N/a,N/a,N/a,N/a,N/a,N/a,N/a,N/a,N/a,N/a,5,N/a,N/a,N/a,N/a,N/a,N/a,N/a,N/a,N/a,N/a,N/a,N/a,N/a,N/a,N/a,N/a,N/a,N/a,N/a,N/a,N/a,N/a,N/a,N/a,N/a,30,N/a,N/a,N/a,N/a,N/a,N/a,N/a,N/a,N/a,N/a,18,N/a,N/a,N/a,N/a,N/a,N/a,N/a,N/a,N/a,N/a,N/a,N/a,N/a,N/a,N/a,N/a,N/a,N/a,N/a,N/a,N/a,N/a,N/a,80,56.2,22,87,18,2,6,5,1.54,30,31,-1,-0.05,-0.11,1,11,5,1,5,18,30,N/a,N/a,0
Christian Eriksen,dk DEN,MF,Manchester Utd,32,1992,23,11,1061.0,11.8,1,2,3,0,1,1,4,0,0.08,0.17,0.25,0.00,0.17,Matches,N/a,N/a,N/a,N/a,N/a,N/a,N/a,N/a,N/a,N/a,N/a,N/a,N/a,N/a,N/a,11.8,1,15,2,13.3,1.27,0.17,0.07,0.50,1,1,N/a,N/a,N/a,N/a,N/a,N/a,N/a,N/a,N/a,N/a,N/a,N/a,N/a,N/a,2,N/a,N/a,N/a,N/a,N/a,N/a,N/a,N/a,N/a,N/a,N/a,84,N/a,N/a,N/a,N/a,N/a,N/a,N/a,N/a,N/a,N/a,N/a,N/a,N/a,N/a,N/a,N/a,N/a,N/a,N/a,N/a,N/a,N/a,N/a,N/a,N/a,8,N/a,N/a,N/a,N/a,N/a,N/a,N/a,N/a,N/a,N/a,7,N/a,N/a,N/a,N/a,N/a,N/a,N/a,N/a,N/a,N/a,N/a,N/a,N/a,N/a,N/a,N/a,N/a,N/a,N/a,N/a,N/a,N/a,N/a,46,31.0,11,80,5,12,15,12,1.13,17,16,+1,+0.08,+0.50,0,8,3,0,84,7,8,N/a,N/a,0
Christian Nørgaard,dk DEN,MF,Brentford,30,1994,34,34,2819.0,31.3,5,4,9,5,0,0,8,1,0.16,0.13,0.29,0.16,0.29,Matches,N/a,N/a,N/a,N/a,N/a,N/a,N/a,N/a,N/a,N/a,N/a,N/a,N/a,N/a,N/a,31.3,5,39,16,41.0,1.25,0.51,0.13,0.31,0,0,N/a,N/a,N/a,N/a,N/a,N/a,N/a,N/a,N/a,N/a,N/a,N/a,N/a,N/a,4,N/a,N/a,N/a,N/a,N/a,N/a,N/a,N/a,N/a,N/a,N/a,18,N/a,N/a,N/a,N/a,N/a,N/a,N/a,N/a,N/a,N/a,N/a,N/a,N/a,N/a,N/a,N/a,N/a,N/a,N/a,N/a,N/a,N/a,N/a,N/a,N/a,47,N/a,N/a,N/a,N/a,N/a,N/a,N/a,N/a,N/a,N/a,46,N/a,N/a,N/a,N/a,N/a,N/a,N/a,N/a,N/a,N/a,N/a,N/a,N/a,N/a,N/a,N/a,N/a,N/a,N/a,N/a,N/a,N/a,N/a,83,82.4,34,83,22,0,N/a,0,1.59,55,45,+10,+0.32,+0.47,0,44,28,1,18,46,47,N/a,N/a,0
Christian Walton,eng ENG,GK,Ipswich Town,28,1995,7,7,630.0,7.0,0,0,0,0,0,0,0,0,0.00,0.00,0.00,0.00,0.00,Matches,19,2.71,39,20,51.3,1,1,5,1,14.3,2,2,0,0,0.0,7.0,0,0,0,N/a,0.00,0.00,N/a,N/a,0,0,N/a,N/a,N/a,N/a,N/a,N/a,N/a,N/a,N/a,N/a,N/a,N/a,N/a,N/a,0,N/a,N/a,N/a,N/a,N/a,N/a,N/a,N/a,N/a,N/a,N/a,0,N/a,N/a,N/a,N/a,N/a,N/a,N/a,N/a,N/a,N/a,N/a,N/a,N/a,N/a,N/a,N/a,N/a,N/a,N/a,N/a,N/a,N/a,N/a,N/a,N/a,0,N/a,N/a,N/a,N/a,N/a,N/a,N/a,N/a,N/a,N/a,0,N/a,N/a,N/a,N/a,N/a,N/a,N/a,N/a,N/a,N/a,N/a,N/a,N/a,N/a,N/a,N/a,N/a,N/a,N/a,N/a,N/a,N/a,N/a,90,18.4,7,90,7,0,N/a,27,0.57,6,19,-13,-1.86,-0.79,0,0,1,0,0,0,0,N/a,N/a,0
Christopher Nkunku,fr FRA,"MF,FW",Chelsea,26,1997,27,9,921.0,10.2,3,2,5,3,0,0,2,0,0.29,0.20,0.49,0.29,0.49,Matches,N/a,N/a,N/a,N/a,N/a,N/a,N/a,N/a,N/a,N/a,N/a,N/a,N/a,N/a,N/a,10.2,3,25,12,48.0,2.44,1.17,0.12,0.25,0,0,N/a,N/a,N/a,N/a,N/a,N/a,N/a,N/a,N/a,N/a,N/a,N/a,N/a,N/a,2,N/a,N/a,N/a,N/a,N/a,N/a,N/a,N/a,N/a,N/a,N/a,6,N/a,N/a,N/a,N/a,N/a,N/a,N/a,N/a,N/a,N/a,N/a,N/a,N/a,N/a,N/a,N/a,N/a,N/a,N/a,N/a,N/a,N/a,N/a,N/a,N/a,8,N/a,N/a,N/a,N/a,N/a,N/a,N/a,N/a,N/a,N/a,7,N/a,N/a,N/a,N/a,N/a,N/a,N/a,N/a,N/a,N/a,N/a,N/a,N/a,N/a,N/a,N/a,N/a,N/a,N/a,N/a,N/a,N/a,N/a,34,26.9,9,74,2,18,14,6,1.67,16,16,0,0.00,-0.76,0,16,11,3,6,7,8,N/a,N/a,0
Cody Gakpo,nl NED,MF,Liverpool,25,1999,35,23,1935.0,21.5,10,4,14,10,0,0,5,0,0.47,0.19,0.65,0.47,0.65,Matches,N/a,N/a,N/a,N/a,N/a,N/a,N/a,N/a,N/a,N/a,N/a,N/a,N/a,N/a,N/a,21.5,10,57,23,40.4,2.65,1.07,0.18,0.43,0,0,N/a,N/a,N/a,N/a,N/a,N/a,N/a,N/a,N/a,N/a,N/a,N/a,N/a,N/a,4,N/a,N/a,N/a,N/a,N/a,N/a,N/a,N/a,N/a,N/a,N/a,73,N/a,N/a,N/a,N/a,N/a,N/a,N/a,N/a,N/a,N/a,N/a,N/a,N/a,N/a,N/a,N/a,N/a,N/a,N/a,N/a,N/a,N/a,N/a,N/a,N/a,17,N/a,N/a,N/a,N/a,N/a,N/a,N/a,N/a,N/a,N/a,12,N/a,N/a,N/a,N/a,N/a,N/a,N/a,N/a,N/a,N/a,N/a,N/a,N/a,N/a,N/a,N/a,N/a,N/a,N/a,N/a,N/a,N/a,N/a,55,56.6,23,73,6,12,21,0,2.20,45,25,+20,+0.93,-0.58,0,20,31,5,73,12,17,N/a,N/a,0
Cole Palmer,eng ENG,MF,Chelsea,22,2002,37,36,3191.0,35.5,15,8,23,11,4,5,7,0,0.42,0.23,0.65,0.31,0.54,Matches,N/a,N/a,N/a,N/a,N/a,N/a,N/a,N/a,N/a,N/a,N/a,N/a,N/a,N/a,N/a,35.5,15,126,51,40.5,3.55,1.44,0.12,0.29,4,5,N/a,N/a,N/a,N/a,N/a,N/a,N/a,N/a,N/a,N/a,N/a,N/a,N/a,N/a,8,N/a,N/a,N/a,N/a,N/a,N/a,N/a,N/a,N/a,N/a,N/a,145,N/a,N/a,N/a,N/a,N/a,N/a,N/a,N/a,N/a,N/a,N/a,N/a,N/a,N/a,N/a,N/a,N/a,N/a,N/a,N/a,N/a,N/a,N/a,N/a,N/a,18,N/a,N/a,N/a,N/a,N/a,N/a,N/a,N/a,N/a,N/a,10,N/a,N/a,N/a,N/a,N/a,N/a,N/a,N/a,N/a,N/a,N/a,N/a,N/a,N/a,N/a,N/a,N/a,N/a,N/a,N/a,N/a,N/a,N/a,86,93.3,36,88,26,1,32,0,1.86,63,41,+22,+0.62,+1.01,0,15,60,7,145,10,18,N/a,N/a,0
Conor Coady,eng ENG,DF,Leicester City,31,1993,22,19,1714.0,19.0,1,0,1,1,0,0,3,0,0.05,0.00,0.05,0.05,0.05,Matches,N/a,N/a,N/a,N/a,N/a,N/a,N/a,N/a,N/a,N/a,N/a,N/a,N/a,N/a,N/a,19.0,1,2,2,100.0,0.11,0.11,0.50,0.50,0,0,N/a,N/a,N/a,N/a,N/a,N/a,N/a,N/a,N/a,N/a,N/a,N/a,N/a,N/a,0,N/a,N/a,N/a,N/a,N/a,N/a,N/a,N/a,N/a,N/a,N/a,0,N/a,N/a,N/a,N/a,N/a,N/a,N/a,N/a,N/a,N/a,N/a,N/a,N/a,N/a,N/a,N/a,N/a,N/a,N/a,N/a,N/a,N/a,N/a,N/a,N/a,9,N/a,N/a,N/a,N/a,N/a,N/a,N/a,N/a,N/a,N/a,12,N/a,N/a,N/a,N/a,N/a,N/a,N/a,N/a,N/a,N/a,N/a,N/a,N/a,N/a,N/a,N/a,N/a,N/a,N/a,N/a,N/a,N/a,N/a,78,50.1,19,89,16,3,7,13,0.73,16,42,-26,-1.37,-0.26,0,8,3,1,0,12,9,N/a,N/a,0
Conor Townsend,eng ENG,DF,Ipswich Town,31,1993,6,3,335.0,3.7,0,1,1,0,0,0,1,0,0.00,0.27,0.27,0.00,0.27,Matches,N/a,N/a,N/a,N/a,N/a,N/a,N/a,N/a,N/a,N/a,N/a,N/a,N/a,N/a,N/a,3.7,0,1,0,0.0,0.27,0.00,0.00,N/a,0,0,N/a,N/a,N/a,N/a,N/a,N/a,N/a,N/a,N/a,N/a,N/a,N/a,N/a,N/a,1,N/a,N/a,N/a,N/a,N/a,N/a,N/a,N/a,N/a,N/a,N/a,12,N/a,N/a,N/a,N/a,N/a,N/a,N/a,N/a,N/a,N/a,N/a,N/a,N/a,N/a,N/a,N/a,N/a,N/a,N/a,N/a,N/a,N/a,N/a,N/a,N/a,7,N/a,N/a,N/a,N/a,N/a,N/a,N/a,N/a,N/a,N/a,5,N/a,N/a,N/a,N/a,N/a,N/a,N/a,N/a,N/a,N/a,N/a,N/a,N/a,N/a,N/a,N/a,N/a,N/a,N/a,N/a,N/a,N/a,N/a,56,9.8,3,87,2,3,25,26,0.83,5,6,-1,-0.27,+1.04,0,2,4,0,12,5,7,N/a,N/a,0
Conor Chaplin,eng ENG,"MF,FW",Ipswich Town,27,1997,22,10,857.0,9.5,1,1,2,1,0,0,2,0,0.11,0.11,0.21,0.11,0.21,Matches,N/a,N/a,N/a,N/a,N/a,N/a,N/a,N/a,N/a,N/a,N/a,N/a,N/a,N/a,N/a,9.5,1,16,4,25.0,1.68,0.42,0.06,0.25,0,0,N/a,N/a,N/a,N/a,N/a,N/a,N/a,N/a,N/a,N/a,N/a,N/a,N/a,N/a,1,N/a,N/a,N/a,N/a,N/a,N/a,N/a,N/a,N/a,N/a,N/a,9,N/a,N/a,N/a,N/a,N/a,N/a,N/a,N/a,N/a,N/a,N/a,N/a,N/a,N/a,N/a,N/a,N/a,N/a,N/a,N/a,N/a,N/a,N/a,N/a,N/a,5,N/a,N/a,N/a,N/a,N/a,N/a,N/a,N/a,N/a,N/a,3,N/a,N/a,N/a,N/a,N/a,N/a,N/a,N/a,N/a,N/a,N/a,N/a,N/a,N/a,N/a,N/a,N/a,N/a,N/a,N/a,N/a,N/a,N/a,39,25.1,10,71,1,12,13,6,0.41,8,20,-12,-1.26,-0.07,0,11,7,0,9,3,5,N/a,N/a,0
Conor Bradley,nir NIR,DF,Liverpool,21,2003,19,7,754.0,8.4,0,2,2,0,0,0,4,0,0.00,0.24,0.24,0.00,0.24,Matches,N/a,N/a,N/a,N/a,N/a,N/a,N/a,N/a,N/a,N/a,N/a,N/a,N/a,N/a,N/a,8.4,0,10,3,30.0,1.19,0.36,0.00,0.00,0,0,N/a,N/a,N/a,N/a,N/a,N/a,N/a,N/a,N/a,N/a,N/a,N/a,N/a,N/a,2,N/a,N/a,N/a,N/a,N/a,N/a,N/a,N/a,N/a,N/a,N/a,7,N/a,N/a,N/a,N/a,N/a,N/a,N/a,N/a,N/a,N/a,N/a,N/a,N/a,N/a,N/a,N/a,N/a,N/a,N/a,N/a,N/a,N/a,N/a,N/a,N/a,10,N/a,N/a,N/a,N/a,N/a,N/a,N/a,N/a,N/a,N/a,3,N/a,N/a,N/a,N/a,N/a,N/a,N/a,N/a,N/a,N/a,N/a,N/a,N/a,N/a,N/a,N/a,N/a,N/a,N/a,N/a,N/a,N/a,N/a,40,22.0,7,68,1,12,23,6,1.84,13,10,+3,+0.36,-1.06,0,12,14,1,7,3,10,N/a,N/a,0
Craig Dawson,eng ENG,DF,Wolves,34,1990,15,10,971.0,10.8,0,0,0,0,0,0,2,0,0.00,0.00,0.00,0.00,0.00,Matches,N/a,N/a,N/a,N/a,N/a,N/a,N/a,N/a,N/a,N/a,N/a,N/a,N/a,N/a,N/a,10.8,0,5,1,20.0,0.46,0.09,0.00,0.00,0,0,N/a,N/a,N/a,N/a,N/a,N/a,N/a,N/a,N/a,N/a,N/a,N/a,N/a,N/a,0,N/a,N/a,N/a,N/a,N/a,N/a,N/a,N/a,N/a,N/a,N/a,0,N/a,N/a,N/a,N/a,N/a,N/a,N/a,N/a,N/a,N/a,N/a,N/a,N/a,N/a,N/a,N/a,N/a,N/a,N/a,N/a,N/a,N/a,N/a,N/a,N/a,4,N/a,N/a,N/a,N/a,N/a,N/a,N/a,N/a,N/a,N/a,10,N/a,N/a,N/a,N/a,N/a,N/a,N/a,N/a,N/a,N/a,N/a,N/a,N/a,N/a,N/a,N/a,N/a,N/a,N/a,N/a,N/a,N/a,N/a,65,28.4,10,89,9,5,17,6,0.87,16,25,-9,-0.83,-0.61,0,6,5,2,0,10,4,N/a,N/a,2
Cristian Romero,ar ARG,DF,Tottenham,26,1998,18,18,1416.0,15.7,1,0,1,1,0,0,3,0,0.06,0.00,0.06,0.06,0.06,Matches,N/a,N/a,N/a,N/a,N/a,N/a,N/a,N/a,N/a,N/a,N/a,N/a,N/a,N/a,N/a,15.7,1,16,8,50.0,1.02,0.51,0.06,0.13,0,0,N/a,N/a,N/a,N/a,N/a,N/a,N/a,N/a,N/a,N/a,N/a,N/a,N/a,N/a,0,N/a,N/a,N/a,N/a,N/a,N/a,N/a,N/a,N/a,N/a,N/a,3,N/a,N/a,N/a,N/a,N/a,N/a,N/a,N/a,N/a,N/a,N/a,N/a,N/a,N/a,N/a,N/a,N/a,N/a,N/a,N/a,N/a,N/a,N/a,N/a,N/a,29,N/a,N/a,N/a,N/a,N/a,N/a,N/a,N/a,N/a,N/a,15,N/a,N/a,N/a,N/a,N/a,N/a,N/a,N/a,N/a,N/a,N/a,N/a,N/a,N/a,N/a,N/a,N/a,N/a,N/a,N/a,N/a,N/a,N/a,79,41.4,18,79,13,0,N/a,3,1.11,27,22,+5,+0.32,+0.59,0,14,12,2,3,15,29,N/a,N/a,0
Crysencio Summerville,nl NED,"MF,FW",West Ham,22,2001,19,7,786.0,8.7,1,1,2,1,0,0,2,0,0.11,0.11,0.23,0.11,0.23,Matches,N/a,N/a,N/a,N/a,N/a,N/a,N/a,N/a,N/a,N/a,N/a,N/a,N/a,N/a,N/a,8.7,1,14,5,35.7,1.60,0.57,0.07,0.20,0,0,N/a,N/a,N/a,N/a,N/a,N/a,N/a,N/a,N/a,N/a,N/a,N/a,N/a,N/a,1,N/a,N/a,N/a,N/a,N/a,N/a,N/a,N/a,N/a,N/a,N/a,21,N/a,N/a,N/a,N/a,N/a,N/a,N/a,N/a,N/a,N/a,N/a,N/a,N/a,N/a,N/a,N/a,N/a,N/a,N/a,N/a,N/a,N/a,N/a,N/a,N/a,7,N/a,N/a,N/a,N/a,N/a,N/a,N/a,N/a,N/a,N/a,0,N/a,N/a,N/a,N/a,N/a,N/a,N/a,N/a,N/a,N/a,N/a,N/a,N/a,N/a,N/a,N/a,N/a,N/a,N/a,N/a,N/a,N/a,N/a,41,23.0,7,67,1,12,26,1,1.05,13,20,-7,-0.80,-0.49,0,9,23,4,21,0,7,N/a,N/a,0
Curtis Jones,eng ENG,"MF,DF",Liverpool,23,2001,33,19,1712.0,19.0,3,3,6,3,0,0,3,1,0.16,0.16,0.32,0.16,0.32,Matches,N/a,N/a,N/a,N/a,N/a,N/a,N/a,N/a,N/a,N/a,N/a,N/a,N/a,N/a,N/a,19.0,3,34,13,38.2,1.79,0.68,0.09,0.23,0,0,N/a,N/a,N/a,N/a,N/a,N/a,N/a,N/a,N/a,N/a,N/a,N/a,N/a,N/a,3,N/a,N/a,N/a,N/a,N/a,N/a,N/a,N/a,N/a,N/a,N/a,8,N/a,N/a,N/a,N/a,N/a,N/a,N/a,N/a,N/a,N/a,N/a,N/a,N/a,N/a,N/a,N/a,N/a,N/a,N/a,N/a,N/a,N/a,N/a,N/a,N/a,22,N/a,N/a,N/a,N/a,N/a,N/a,N/a,N/a,N/a,N/a,7,N/a,N/a,N/a,N/a,N/a,N/a,N/a,N/a,N/a,N/a,N/a,N/a,N/a,N/a,N/a,N/a,N/a,N/a,N/a,N/a,N/a,N/a,N/a,52,50.1,19,76,6,14,19,1,2.09,38,26,+12,+0.63,-1.11,1,18,25,1,8,7,22,N/a,N/a,0
Daichi Kamada,jp JPN,MF,Crystal Palace,27,1996,34,15,1564.0,17.4,0,0,0,0,0,0,4,1,0.00,0.00,0.00,0.00,0.00,Matches,N/a,N/a,N/a,N/a,N/a,N/a,N/a,N/a,N/a,N/a,N/a,N/a,N/a,N/a,N/a,17.4,0,20,4,20.0,1.15,0.23,0.00,0.00,0,0,N/a,N/a,N/a,N/a,N/a,N/a,N/a,N/a,N/a,N/a,N/a,N/a,N/a,N/a,0,N/a,N/a,N/a,N/a,N/a,N/a,N/a,N/a,N/a,N/a,N/a,32,N/a,N/a,N/a,N/a,N/a,N/a,N/a,N/a,N/a,N/a,N/a,N/a,N/a,N/a,N/a,N/a,N/a,N/a,N/a,N/a,N/a,N/a,N/a,N/a,N/a,29,N/a,N/a,N/a,N/a,N/a,N/a,N/a,N/a,N/a,N/a,18,N/a,N/a,N/a,N/a,N/a,N/a,N/a,N/a,N/a,N/a,N/a,N/a,N/a,N/a,N/a,N/a,N/a,N/a,N/a,N/a,N/a,N/a,N/a,46,45.7,15,81,7,19,18,1,1.38,25,26,-1,-0.06,-0.11,0,28,21,2,32,18,29,N/a,N/a,0
Dan Burn,eng ENG,DF,Newcastle,32,1992,37,37,3330.0,37.0,1,1,2,1,0,0,11,0,0.03,0.03,0.05,0.03,0.05,Matches,N/a,N/a,N/a,N/a,N/a,N/a,N/a,N/a,N/a,N/a,N/a,N/a,N/a,N/a,N/a,37.0,1,22,6,27.3,0.59,0.16,0.05,0.17,0,0,N/a,N/a,N/a,N/a,N/a,N/a,N/a,N/a,N/a,N/a,N/a,N/a,N/a,N/a,1,N/a,N/a,N/a,N/a,N/a,N/a,N/a,N/a,N/a,N/a,N/a,3,N/a,N/a,N/a,N/a,N/a,N/a,N/a,N/a,N/a,N/a,N/a,N/a,N/a,N/a,N/a,N/a,N/a,N/a,N/a,N/a,N/a,N/a,N/a,N/a,N/a,25,N/a,N/a,N/a,N/a,N/a,N/a,N/a,N/a,N/a,N/a,27,N/a,N/a,N/a,N/a,N/a,N/a,N/a,N/a,N/a,N/a,N/a,N/a,N/a,N/a,N/a,N/a,N/a,N/a,N/a,N/a,N/a,N/a,N/a,90,97.4,37,90,37,0,N/a,0,1.78,68,45,+23,+0.62,+2.62,0,34,12,5,3,27,25,N/a,N/a,2
Dango Ouattara,bf BFA,"MF,FW",Bournemouth,22,2002,32,21,2005.0,22.3,7,4,11,7,0,0,3,0,0.31,0.18,0.49,0.31,0.49,Matches,N/a,N/a,N/a,N/a,N/a,N/a,N/a,N/a,N/a,N/a,N/a,N/a,N/a,N/a,N/a,22.3,7,62,20,32.3,2.78,0.90,0.11,0.35,0,0,N/a,N/a,N/a,N/a,N/a,N/a,N/a,N/a,N/a,N/a,N/a,N/a,N/a,N/a,4,N/a,N/a,N/a,N/a,N/a,N/a,N/a,N/a,N/a,N/a,N/a,88,N/a,N/a,N/a,N/a,N/a,N/a,N/a,N/a,N/a,N/a,N/a,N/a,N/a,N/a,N/a,N/a,N/a,N/a,N/a,N/a,N/a,N/a,N/a,N/a,N/a,26,N/a,N/a,N/a,N/a,N/a,N/a,N/a,N/a,N/a,N/a,11,N/a,N/a,N/a,N/a,N/a,N/a,N/a,N/a,N/a,N/a,N/a,N/a,N/a,N/a,N/a,N/a,N/a,N/a,N/a,N/a,N/a,N/a,N/a,63,58.6,21,81,7,11,27,0,1.56,33,22,+11,+0.49,+0.43,0,16,19,13,88,11,26,N/a,N/a,0
Daniel Bentley,eng ENG,GK,Wolves,31,1993,2,2,180.0,2.0,0,0,0,0,0,0,0,0,0.00,0.00,0.00,0.00,0.00,Matches,4,2.00,12,8,66.7,1,0,1,1,50.0,0,0,0,0,N/a,2.0,0,0,0,N/a,0.00,0.00,N/a,N/a,0,0,N/a,N/a,N/a,N/a,N/a,N/a,N/a,N/a,N/a,N/a,N/a,N/a,N/a,N/a,0,N/a,N/a,N/a,N/a,N/a,N/a,N/a,N/a,N/a,N/a,N/a,0,N/a,N/a,N/a,N/a,N/a,N/a,N/a,N/a,N/a,N/a,N/a,N/a,N/a,N/a,N/a,N/a,N/a,N/a,N/a,N/a,N/a,N/a,N/a,N/a,N/a,0,N/a,N/a,N/a,N/a,N/a,N/a,N/a,N/a,N/a,N/a,0,N/a,N/a,N/a,N/a,N/a,N/a,N/a,N/a,N/a,N/a,N/a,N/a,N/a,N/a,N/a,N/a,N/a,N/a,N/a,N/a,N/a,N/a,N/a,90,5.3,2,90,2,0,N/a,16,1.50,3,4,-1,-0.50,-0.11,0,0,0,0,0,0,0,N/a,N/a,0
Daniel Muñoz,co COL,MF,Crystal Palace,28,1996,37,37,3228.0,35.9,4,5,9,4,0,0,10,0,0.11,0.14,0.25,0.11,0.25,Matches,N/a,N/a,N/a,N/a,N/a,N/a,N/a,N/a,N/a,N/a,N/a,N/a,N/a,N/a,N/a,35.9,4,37,18,48.6,1.03,0.50,0.11,0.22,0,0,N/a,N/a,N/a,N/a,N/a,N/a,N/a,N/a,N/a,N/a,N/a,N/a,N/a,N/a,5,N/a,N/a,N/a,N/a,N/a,N/a,N/a,N/a,N/a,N/a,N/a,74,N/a,N/a,N/a,N/a,N/a,N/a,N/a,N/a,N/a,N/a,N/a,N/a,N/a,N/a,N/a,N/a,N/a,N/a,N/a,N/a,N/a,N/a,N/a,N/a,N/a,77,N/a,N/a,N/a,N/a,N/a,N/a,N/a,N/a,N/a,N/a,43,N/a,N/a,N/a,N/a,N/a,N/a,N/a,N/a,N/a,N/a,N/a,N/a,N/a,N/a,N/a,N/a,N/a,N/a,N/a,N/a,N/a,N/a,N/a,87,94.4,37,87,33,0,N/a,0,1.43,48,46,+2,+0.06,+0.99,0,56,19,15,74,43,77,N/a,N/a,0
Daniel Jebbison,ca CAN,FW,Bournemouth,20,2003,16,0,119.0,1.3,1,0,1,1,0,0,1,0,0.76,0.00,0.76,0.76,0.76,Matches,N/a,N/a,N/a,N/a,N/a,N/a,N/a,N/a,N/a,N/a,N/a,N/a,N/a,N/a,N/a,1.3,1,5,2,40.0,3.78,1.51,0.20,0.50,0,0,N/a,N/a,N/a,N/a,N/a,N/a,N/a,N/a,N/a,N/a,N/a,N/a,N/a,N/a,0,N/a,N/a,N/a,N/a,N/a,N/a,N/a,N/a,N/a,N/a,N/a,3,N/a,N/a,N/a,N/a,N/a,N/a,N/a,N/a,N/a,N/a,N/a,N/a,N/a,N/a,N/a,N/a,N/a,N/a,N/a,N/a,N/a,N/a,N/a,N/a,N/a,3,N/a,N/a,N/a,N/a,N/a,N/a,N/a,N/a,N/a,N/a,1,N/a,N/a,N/a,N/a,N/a,N/a,N/a,N/a,N/a,N/a,N/a,N/a,N/a,N/a,N/a,N/a,N/a,N/a,N/a,N/a,N/a,N/a,N/a,7,3.5,0,N/a,0,16,7,4,1.25,7,2,+5,+3.78,+3.59,0,2,4,0,3,1,3,N/a,N/a,0
Danilo Santos,br BRA,MF,Nottingham,23,2001,8,5,275.0,3.1,0,0,0,0,0,0,0,0,0.00,0.00,0.00,0.00,0.00,Matches,N/a,N/a,N/a,N/a,N/a,N/a,N/a,N/a,N/a,N/a,N/a,N/a,N/a,N/a,N/a,3.1,0,0,0,N/a,0.00,0.00,N/a,N/a,0,0,N/a,N/a,N/a,N/a,N/a,N/a,N/a,N/a,N/a,N/a,N/a,N/a,N/a,N/a,0,N/a,N/a,N/a,N/a,N/a,N/a,N/a,N/a,N/a,N/a,N/a,3,N/a,N/a,N/a,N/a,N/a,N/a,N/a,N/a,N/a,N/a,N/a,N/a,N/a,N/a,N/a,N/a,N/a,N/a,N/a,N/a,N/a,N/a,N/a,N/a,N/a,3,N/a,N/a,N/a,N/a,N/a,N/a,N/a,N/a,N/a,N/a,4,N/a,N/a,N/a,N/a,N/a,N/a,N/a,N/a,N/a,N/a,N/a,N/a,N/a,N/a,N/a,N/a,N/a,N/a,N/a,N/a,N/a,N/a,N/a,34,8.0,5,47,0,3,13,6,2.13,8,4,+4,+1.31,+1.08,0,2,0,0,3,4,3,N/a,N/a,0
Danny Welbeck,eng ENG,FW,Brighton,33,1990,30,24,2115.0,23.5,10,4,14,9,1,1,5,0,0.43,0.17,0.60,0.38,0.55,Matches,N/a,N/a,N/a,N/a,N/a,N/a,N/a,N/a,N/a,N/a,N/a,N/a,N/a,N/a,N/a,23.5,10,60,24,40.0,2.55,1.02,0.17,0.42,1,1,N/a,N/a,N/a,N/a,N/a,N/a,N/a,N/a,N/a,N/a,N/a,N/a,N/a,N/a,4,N/a,N/a,N/a,N/a,N/a,N/a,N/a,N/a,N/a,N/a,N/a,3,N/a,N/a,N/a,N/a,N/a,N/a,N/a,N/a,N/a,N/a,N/a,N/a,N/a,N/a,N/a,N/a,N/a,N/a,N/a,N/a,N/a,N/a,N/a,N/a,N/a,16,N/a,N/a,N/a,N/a,N/a,N/a,N/a,N/a,N/a,N/a,5,N/a,N/a,N/a,N/a,N/a,N/a,N/a,N/a,N/a,N/a,N/a,N/a,N/a,N/a,N/a,N/a,N/a,N/a,N/a,N/a,N/a,N/a,N/a,71,61.8,24,84,11,6,17,0,1.70,41,37,+4,+0.17,-0.04,0,11,23,4,3,5,16,N/a,N/a,0
Danny Ings,eng ENG,FW,West Ham,32,1992,15,1,284.0,3.2,1,2,3,1,0,0,0,0,0.32,0.63,0.95,0.32,0.95,Matches,N/a,N/a,N/a,N/a,N/a,N/a,N/a,N/a,N/a,N/a,N/a,N/a,N/a,N/a,N/a,3.2,1,14,5,35.7,4.44,1.58,0.07,0.20,0,0,N/a,N/a,N/a,N/a,N/a,N/a,N/a,N/a,N/a,N/a,N/a,N/a,N/a,N/a,2,N/a,N/a,N/a,N/a,N/a,N/a,N/a,N/a,N/a,N/a,N/a,3,N/a,N/a,N/a,N/a,N/a,N/a,N/a,N/a,N/a,N/a,N/a,N/a,N/a,N/a,N/a,N/a,N/a,N/a,N/a,N/a,N/a,N/a,N/a,N/a,N/a,2,N/a,N/a,N/a,N/a,N/a,N/a,N/a,N/a,N/a,N/a,1,N/a,N/a,N/a,N/a,N/a,N/a,N/a,N/a,N/a,N/a,N/a,N/a,N/a,N/a,N/a,N/a,N/a,N/a,N/a,N/a,N/a,N/a,N/a,19,8.3,1,45,0,14,17,15,1.07,4,4,0,0.00,+0.46,0,0,2,0,3,1,2,N/a,N/a,0
Danny Ward,wls WAL,GK,Leicester City,31,1993,2,1,135.0,1.5,0,0,0,0,0,0,0,0,0.00,0.00,0.00,0.00,0.00,Matches,6,4.00,10,4,40.0,0,0,1,0,0.0,0,0,0,0,N/a,1.5,0,0,0,N/a,0.00,0.00,N/a,N/a,0,0,N/a,N/a,N/a,N/a,N/a,N/a,N/a,N/a,N/a,N/a,N/a,N/a,N/a,N/a,0,N/a,N/a,N/a,N/a,N/a,N/a,N/a,N/a,N/a,N/a,N/a,0,N/a,N/a,N/a,N/a,N/a,N/a,N/a,N/a,N/a,N/a,N/a,N/a,N/a,N/a,N/a,N/a,N/a,N/a,N/a,N/a,N/a,N/a,N/a,N/a,N/a,0,N/a,N/a,N/a,N/a,N/a,N/a,N/a,N/a,N/a,N/a,0,N/a,N/a,N/a,N/a,N/a,N/a,N/a,N/a,N/a,N/a,N/a,N/a,N/a,N/a,N/a,N/a,N/a,N/a,N/a,N/a,N/a,N/a,N/a,68,3.9,1,90,1,1,45,14,0.00,0,6,-6,-4.00,-2.88,0,0,0,0,0,0,0,N/a,N/a,0
Dara O'Shea,ie IRL,DF,Ipswich Town,25,1999,35,35,3122.0,34.7,0,2,2,0,0,0,6,0,0.00,0.06,0.06,0.00,0.06,Matches,N/a,N/a,N/a,N/a,N/a,N/a,N/a,N/a,N/a,N/a,N/a,N/a,N/a,N/a,N/a,34.7,0,22,2,9.1,0.63,0.06,0.00,0.00,0,0,N/a,N/a,N/a,N/a,N/a,N/a,N/a,N/a,N/a,N/a,N/a,N/a,N/a,N/a,2,N/a,N/a,N/a,N/a,N/a,N/a,N/a,N/a,N/a,N/a,N/a,8,N/a,N/a,N/a,N/a,N/a,N/a,N/a,N/a,N/a,N/a,N/a,N/a,N/a,N/a,N/a,N/a,N/a,N/a,N/a,N/a,N/a,N/a,N/a,N/a,N/a,30,N/a,N/a,N/a,N/a,N/a,N/a,N/a,N/a,N/a,N/a,33,N/a,N/a,N/a,N/a,N/a,N/a,N/a,N/a,N/a,N/a,N/a,N/a,N/a,N/a,N/a,N/a,N/a,N/a,N/a,N/a,N/a,N/a,N/a,89,91.3,35,89,34,0,N/a,1,0.60,34,75,-41,-1.18,+0.33,0,21,25,3,8,33,30,N/a,N/a,0
Darwin Núñez,uy URU,FW,Liverpool,25,1999,30,8,1133.0,12.6,5,2,7,5,0,0,8,0,0.40,0.16,0.56,0.40,0.56,Matches,N/a,N/a,N/a,N/a,N/a,N/a,N/a,N/a,N/a,N/a,N/a,N/a,N/a,N/a,N/a,12.6,5,34,13,38.2,2.70,1.03,0.15,0.38,0,0,N/a,N/a,N/a,N/a,N/a,N/a,N/a,N/a,N/a,N/a,N/a,N/a,N/a,N/a,2,N/a,N/a,N/a,N/a,N/a,N/a,N/a,N/a,N/a,N/a,N/a,3,N/a,N/a,N/a,N/a,N/a,N/a,N/a,N/a,N/a,N/a,N/a,N/a,N/a,N/a,N/a,N/a,N/a,N/a,N/a,N/a,N/a,N/a,N/a,N/a,N/a,18,N/a,N/a,N/a,N/a,N/a,N/a,N/a,N/a,N/a,N/a,4,N/a,N/a,N/a,N/a,N/a,N/a,N/a,N/a,N/a,N/a,N/a,N/a,N/a,N/a,N/a,N/a,N/a,N/a,N/a,N/a,N/a,N/a,N/a,38,33.1,8,78,2,22,23,5,2.07,29,21,+8,+0.64,-0.82,0,27,14,12,3,4,18,N/a,N/a,0
David Raya,es ESP,GK,Arsenal,28,1995,38,38,3420.0,38.0,0,0,0,0,0,0,3,0,0.00,0.00,0.00,0.00,0.00,Matches,34,0.89,120,86,71.7,20,14,4,13,34.2,3,3,0,0,0.0,38.0,0,0,0,N/a,0.00,0.00,N/a,N/a,0,0,N/a,N/a,N/a,N/a,N/a,N/a,N/a,N/a,N/a,N/a,N/a,N/a,N/a,N/a,0,N/a,N/a,N/a,N/a,N/a,N/a,N/a,N/a,N/a,N/a,N/a,0,N/a,N/a,N/a,N/a,N/a,N/a,N/a,N/a,N/a,N/a,N/a,N/a,N/a,N/a,N/a,N/a,N/a,N/a,N/a,N/a,N/a,N/a,N/a,N/a,N/a,0,N/a,N/a,N/a,N/a,N/a,N/a,N/a,N/a,N/a,N/a,0,N/a,N/a,N/a,N/a,N/a,N/a,N/a,N/a,N/a,N/a,N/a,N/a,N/a,N/a,N/a,N/a,N/a,N/a,N/a,N/a,N/a,N/a,N/a,90,100.0,38,90,38,0,N/a,0,1.95,69,34,+35,+0.92,N/a,0,1,10,0,0,0,0,N/a,N/a,0
David Brooks,wls WAL,MF,Bournemouth,27,1997,29,9,960.0,10.7,2,0,2,2,0,0,3,0,0.19,0.00,0.19,0.19,0.19,Matches,N/a,N/a,N/a,N/a,N/a,N/a,N/a,N/a,N/a,N/a,N/a,N/a,N/a,N/a,N/a,10.7,2,25,12,48.0,2.34,1.13,0.08,0.17,0,0,N/a,N/a,N/a,N/a,N/a,N/a,N/a,N/a,N/a,N/a,N/a,N/a,N/a,N/a,0,N/a,N/a,N/a,N/a,N/a,N/a,N/a,N/a,N/a,N/a,N/a,51,N/a,N/a,N/a,N/a,N/a,N/a,N/a,N/a,N/a,N/a,N/a,N/a,N/a,N/a,N/a,N/a,N/a,N/a,N/a,N/a,N/a,N/a,N/a,N/a,N/a,6,N/a,N/a,N/a,N/a,N/a,N/a,N/a,N/a,N/a,N/a,5,N/a,N/a,N/a,N/a,N/a,N/a,N/a,N/a,N/a,N/a,N/a,N/a,N/a,N/a,N/a,N/a,N/a,N/a,N/a,N/a,N/a,N/a,N/a,33,28.1,9,67,0,20,18,7,1.41,23,12,+11,+1.03,+0.99,0,11,18,0,51,5,6,N/a,N/a,0
Dean Henderson,eng ENG,GK,Crystal Palace,27,1997,38,38,3420.0,38.0,0,0,0,0,0,0,3,0,0.00,0.00,0.00,0.00,0.00,Matches,51,1.34,152,102,66.4,13,14,11,11,28.9,2,1,1,0,50.0,38.0,0,1,0,0.0,0.03,0.00,0.00,N/a,0,0,N/a,N/a,N/a,N/a,N/a,N/a,N/a,N/a,N/a,N/a,N/a,N/a,N/a,N/a,0,N/a,N/a,N/a,N/a,N/a,N/a,N/a,N/a,N/a,N/a,N/a,0,N/a,N/a,N/a,N/a,N/a,N/a,N/a,N/a,N/a,N/a,N/a,N/a,N/a,N/a,N/a,N/a,N/a,N/a,N/a,N/a,N/a,N/a,N/a,N/a,N/a,1,N/a,N/a,N/a,N/a,N/a,N/a,N/a,N/a,N/a,N/a,1,N/a,N/a,N/a,N/a,N/a,N/a,N/a,N/a,N/a,N/a,N/a,N/a,N/a,N/a,N/a,N/a,N/a,N/a,N/a,N/a,N/a,N/a,N/a,90,100.0,38,90,38,0,N/a,0,1.39,51,51,0,0.00,N/a,0,0,2,0,0,1,1,N/a,N/a,0
Dean Huijsen,es ESP,DF,Bournemouth,19,2005,32,26,2427.0,27.0,3,2,5,3,0,0,10,0,0.11,0.07,0.19,0.11,0.19,Matches,N/a,N/a,N/a,N/a,N/a,N/a,N/a,N/a,N/a,N/a,N/a,N/a,N/a,N/a,N/a,27.0,3,18,4,22.2,0.67,0.15,0.17,0.75,0,0,N/a,N/a,N/a,N/a,N/a,N/a,N/a,N/a,N/a,N/a,N/a,N/a,N/a,N/a,2,N/a,N/a,N/a,N/a,N/a,N/a,N/a,N/a,N/a,N/a,N/a,13,N/a,N/a,N/a,N/a,N/a,N/a,N/a,N/a,N/a,N/a,N/a,N/a,N/a,N/a,N/a,N/a,N/a,N/a,N/a,N/a,N/a,N/a,N/a,N/a,N/a,27,N/a,N/a,N/a,N/a,N/a,N/a,N/a,N/a,N/a,N/a,48,N/a,N/a,N/a,N/a,N/a,N/a,N/a,N/a,N/a,N/a,N/a,N/a,N/a,N/a,N/a,N/a,N/a,N/a,N/a,N/a,N/a,N/a,N/a,76,71.0,26,90,26,6,15,6,1.50,42,31,+11,+0.41,+0.32,0,31,10,2,13,48,27,N/a,N/a,0
Declan Rice,eng ENG,MF,Arsenal,25,1999,35,33,2825.0,31.4,4,7,11,4,0,0,7,1,0.13,0.22,0.35,0.13,0.35,Matches,N/a,N/a,N/a,N/a,N/a,N/a,N/a,N/a,N/a,N/a,N/a,N/a,N/a,N/a,N/a,31.4,4,48,15,31.3,1.53,0.48,0.08,0.27,0,0,N/a,N/a,N/a,N/a,N/a,N/a,N/a,N/a,N/a,N/a,N/a,N/a,N/a,N/a,7,N/a,N/a,N/a,N/a,N/a,N/a,N/a,N/a,N/a,N/a,N/a,161,N/a,N/a,N/a,N/a,N/a,N/a,N/a,N/a,N/a,N/a,N/a,N/a,N/a,N/a,N/a,N/a,N/a,N/a,N/a,N/a,N/a,N/a,N/a,N/a,N/a,23,N/a,N/a,N/a,N/a,N/a,N/a,N/a,N/a,N/a,N/a,27,N/a,N/a,N/a,N/a,N/a,N/a,N/a,N/a,N/a,N/a,N/a,N/a,N/a,N/a,N/a,N/a,N/a,N/a,N/a,N/a,N/a,N/a,N/a,81,82.6,33,84,23,2,23,1,1.91,56,28,+28,+0.89,-0.17,1,21,16,2,161,27,23,N/a,N/a,0
Dejan Kulusevski,se SWE,"MF,FW",Tottenham,24,2000,32,27,2389.0,26.5,7,4,11,7,0,0,3,0,0.26,0.15,0.41,0.26,0.41,Matches,N/a,N/a,N/a,N/a,N/a,N/a,N/a,N/a,N/a,N/a,N/a,N/a,N/a,N/a,N/a,26.5,7,47,18,38.3,1.77,0.68,0.15,0.39,0,0,N/a,N/a,N/a,N/a,N/a,N/a,N/a,N/a,N/a,N/a,N/a,N/a,N/a,N/a,4,N/a,N/a,N/a,N/a,N/a,N/a,N/a,N/a,N/a,N/a,N/a,84,N/a,N/a,N/a,N/a,N/a,N/a,N/a,N/a,N/a,N/a,N/a,N/a,N/a,N/a,N/a,N/a,N/a,N/a,N/a,N/a,N/a,N/a,N/a,N/a,N/a,21,N/a,N/a,N/a,N/a,N/a,N/a,N/a,N/a,N/a,N/a,10,N/a,N/a,N/a,N/a,N/a,N/a,N/a,N/a,N/a,N/a,N/a,N/a,N/a,N/a,N/a,N/a,N/a,N/a,N/a,N/a,N/a,N/a,N/a,75,69.9,27,84,22,5,24,0,1.06,50,41,+9,+0.34,+1.21,0,48,38,5,84,10,21,N/a,N/a,0
Destiny Udogie,it ITA,DF,Tottenham,21,2002,25,24,1924.0,21.4,0,1,1,0,0,0,2,0,0.00,0.05,0.05,0.00,0.05,Matches,N/a,N/a,N/a,N/a,N/a,N/a,N/a,N/a,N/a,N/a,N/a,N/a,N/a,N/a,N/a,21.4,0,5,1,20.0,0.23,0.05,0.00,0.00,0,0,N/a,N/a,N/a,N/a,N/a,N/a,N/a,N/a,N/a,N/a,N/a,N/a,N/a,N/a,1,N/a,N/a,N/a,N/a,N/a,N/a,N/a,N/a,N/a,N/a,N/a,19,N/a,N/a,N/a,N/a,N/a,N/a,N/a,N/a,N/a,N/a,N/a,N/a,N/a,N/a,N/a,N/a,N/a,N/a,N/a,N/a,N/a,N/a,N/a,N/a,N/a,45,N/a,N/a,N/a,N/a,N/a,N/a,N/a,N/a,N/a,N/a,21,N/a,N/a,N/a,N/a,N/a,N/a,N/a,N/a,N/a,N/a,N/a,N/a,N/a,N/a,N/a,N/a,N/a,N/a,N/a,N/a,N/a,N/a,N/a,77,56.3,24,80,14,1,4,5,1.12,36,35,+1,+0.05,+0.17,0,28,38,3,19,21,45,N/a,N/a,1
Diego Carlos,br BRA,DF,Aston Villa,31,1993,10,8,830.0,9.2,0,0,0,0,0,0,1,0,0.00,0.00,0.00,0.00,0.00,Matches,N/a,N/a,N/a,N/a,N/a,N/a,N/a,N/a,N/a,N/a,N/a,N/a,N/a,N/a,N/a,9.2,0,4,1,25.0,0.43,0.11,0.00,0.00,0,0,N/a,N/a,N/a,N/a,N/a,N/a,N/a,N/a,N/a,N/a,N/a,N/a,N/a,N/a,0,N/a,N/a,N/a,N/a,N/a,N/a,N/a,N/a,N/a,N/a,N/a,0,N/a,N/a,N/a,N/a,N/a,N/a,N/a,N/a,N/a,N/a,N/a,N/a,N/a,N/a,N/a,N/a,N/a,N/a,N/a,N/a,N/a,N/a,N/a,N/a,N/a,2,N/a,N/a,N/a,N/a,N/a,N/a,N/a,N/a,N/a,N/a,5,N/a,N/a,N/a,N/a,N/a,N/a,N/a,N/a,N/a,N/a,N/a,N/a,N/a,N/a,N/a,N/a,N/a,N/a,N/a,N/a,N/a,N/a,N/a,83,24.3,8,90,8,2,55,7,1.30,14,15,-1,-0.11,-0.39,0,11,1,1,0,5,2,N/a,N/a,0
Diego Gómez,py PAR,MF,Brighton,21,2003,16,4,516.0,5.7,1,0,1,1,0,0,0,0,0.17,0.00,0.17,0.17,0.17,Matches,N/a,N/a,N/a,N/a,N/a,N/a,N/a,N/a,N/a,N/a,N/a,N/a,N/a,N/a,N/a,5.7,1,9,3,33.3,1.57,0.52,0.11,0.33,0,0,N/a,N/a,N/a,N/a,N/a,N/a,N/a,N/a,N/a,N/a,N/a,N/a,N/a,N/a,0,N/a,N/a,N/a,N/a,N/a,N/a,N/a,N/a,N/a,N/a,N/a,11,N/a,N/a,N/a,N/a,N/a,N/a,N/a,N/a,N/a,N/a,N/a,N/a,N/a,N/a,N/a,N/a,N/a,N/a,N/a,N/a,N/a,N/a,N/a,N/a,N/a,13,N/a,N/a,N/a,N/a,N/a,N/a,N/a,N/a,N/a,N/a,7,N/a,N/a,N/a,N/a,N/a,N/a,N/a,N/a,N/a,N/a,N/a,N/a,N/a,N/a,N/a,N/a,N/a,N/a,N/a,N/a,N/a,N/a,N/a,32,15.1,4,72,0,12,19,1,1.88,16,13,+3,+0.52,+0.40,0,8,3,1,11,7,13,N/a,N/a,0
Diogo Jota,pt POR,FW,Liverpool,27,1996,26,14,1196.0,13.3,6,3,9,6,0,0,2,0,0.45,0.23,0.68,0.45,0.68,Matches,N/a,N/a,N/a,N/a,N/a,N/a,N/a,N/a,N/a,N/a,N/a,N/a,N/a,N/a,N/a,13.3,6,51,13,25.5,3.84,0.98,0.12,0.46,0,0,N/a,N/a,N/a,N/a,N/a,N/a,N/a,N/a,N/a,N/a,N/a,N/a,N/a,N/a,3,N/a,N/a,N/a,N/a,N/a,N/a,N/a,N/a,N/a,N/a,N/a,8,N/a,N/a,N/a,N/a,N/a,N/a,N/a,N/a,N/a,N/a,N/a,N/a,N/a,N/a,N/a,N/a,N/a,N/a,N/a,N/a,N/a,N/a,N/a,N/a,N/a,9,N/a,N/a,N/a,N/a,N/a,N/a,N/a,N/a,N/a,N/a,8,N/a,N/a,N/a,N/a,N/a,N/a,N/a,N/a,N/a,N/a,N/a,N/a,N/a,N/a,N/a,N/a,N/a,N/a,N/a,N/a,N/a,N/a,N/a,46,35.0,14,67,2,12,22,3,2.12,28,12,+16,+1.20,+0.03,0,23,14,1,8,8,9,N/a,N/a,0
Diogo Dalot,pt POR,"MF,DF",Manchester Utd,25,1999,33,31,2814.0,31.3,0,3,3,0,0,0,5,0,0.00,0.10,0.10,0.00,0.10,Matches,N/a,N/a,N/a,N/a,N/a,N/a,N/a,N/a,N/a,N/a,N/a,N/a,N/a,N/a,N/a,31.3,0,24,5,20.8,0.77,0.16,0.00,0.00,0,0,N/a,N/a,N/a,N/a,N/a,N/a,N/a,N/a,N/a,N/a,N/a,N/a,N/a,N/a,3,N/a,N/a,N/a,N/a,N/a,N/a,N/a,N/a,N/a,N/a,N/a,64,N/a,N/a,N/a,N/a,N/a,N/a,N/a,N/a,N/a,N/a,N/a,N/a,N/a,N/a,N/a,N/a,N/a,N/a,N/a,N/a,N/a,N/a,N/a,N/a,N/a,38,N/a,N/a,N/a,N/a,N/a,N/a,N/a,N/a,N/a,N/a,35,N/a,N/a,N/a,N/a,N/a,N/a,N/a,N/a,N/a,N/a,N/a,N/a,N/a,N/a,N/a,N/a,N/a,N/a,N/a,N/a,N/a,N/a,N/a,85,82.3,31,89,30,2,29,0,1.15,34,45,-11,-0.35,-0.50,0,40,9,4,64,35,38,N/a,N/a,0
Djed Spence,eng ENG,DF,Tottenham,23,2000,25,19,1792.0,19.9,1,2,3,1,0,0,4,1,0.05,0.10,0.15,0.05,0.15,Matches,N/a,N/a,N/a,N/a,N/a,N/a,N/a,N/a,N/a,N/a,N/a,N/a,N/a,N/a,N/a,19.9,1,10,3,30.0,0.50,0.15,0.10,0.33,0,0,N/a,N/a,N/a,N/a,N/a,N/a,N/a,N/a,N/a,N/a,N/a,N/a,N/a,N/a,2,N/a,N/a,N/a,N/a,N/a,N/a,N/a,N/a,N/a,N/a,N/a,23,N/a,N/a,N/a,N/a,N/a,N/a,N/a,N/a,N/a,N/a,N/a,N/a,N/a,N/a,N/a,N/a,N/a,N/a,N/a,N/a,N/a,N/a,N/a,N/a,N/a,33,N/a,N/a,N/a,N/a,N/a,N/a,N/a,N/a,N/a,N/a,21,N/a,N/a,N/a,N/a,N/a,N/a,N/a,N/a,N/a,N/a,N/a,N/a,N/a,N/a,N/a,N/a,N/a,N/a,N/a,N/a,N/a,N/a,N/a,72,52.4,19,89,17,6,16,8,1.08,33,39,-6,-0.30,-0.58,1,21,23,2,23,21,33,N/a,N/a,1
Dominic Calvert-Lewin,eng ENG,FW,Everton,27,1997,26,19,1609.0,17.9,3,1,4,3,0,0,2,0,0.17,0.06,0.22,0.17,0.22,Matches,N/a,N/a,N/a,N/a,N/a,N/a,N/a,N/a,N/a,N/a,N/a,N/a,N/a,N/a,N/a,17.9,3,50,20,40.0,2.80,1.12,0.06,0.15,0,0,N/a,N/a,N/a,N/a,N/a,N/a,N/a,N/a,N/a,N/a,N/a,N/a,N/a,N/a,1,N/a,N/a,N/a,N/a,N/a,N/a,N/a,N/a,N/a,N/a,N/a,6,N/a,N/a,N/a,N/a,N/a,N/a,N/a,N/a,N/a,N/a,N/a,N/a,N/a,N/a,N/a,N/a,N/a,N/a,N/a,N/a,N/a,N/a,N/a,N/a,N/a,7,N/a,N/a,N/a,N/a,N/a,N/a,N/a,N/a,N/a,N/a,7,N/a,N/a,N/a,N/a,N/a,N/a,N/a,N/a,N/a,N/a,N/a,N/a,N/a,N/a,N/a,N/a,N/a,N/a,N/a,N/a,N/a,N/a,N/a,62,47.0,19,77,8,7,20,0,1.27,17,18,-1,-0.06,-0.01,0,27,23,27,6,7,7,N/a,N/a,0
Dominic Solanke,eng ENG,FW,Tottenham,26,1997,27,25,2201.0,24.5,9,3,12,8,1,1,0,0,0.37,0.12,0.49,0.33,0.45,Matches,N/a,N/a,N/a,N/a,N/a,N/a,N/a,N/a,N/a,N/a,N/a,N/a,N/a,N/a,N/a,24.5,9,60,26,43.3,2.45,1.06,0.15,0.35,1,1,N/a,N/a,N/a,N/a,N/a,N/a,N/a,N/a,N/a,N/a,N/a,N/a,N/a,N/a,3,N/a,N/a,N/a,N/a,N/a,N/a,N/a,N/a,N/a,N/a,N/a,4,N/a,N/a,N/a,N/a,N/a,N/a,N/a,N/a,N/a,N/a,N/a,N/a,N/a,N/a,N/a,N/a,N/a,N/a,N/a,N/a,N/a,N/a,N/a,N/a,N/a,10,N/a,N/a,N/a,N/a,N/a,N/a,N/a,N/a,N/a,N/a,1,N/a,N/a,N/a,N/a,N/a,N/a,N/a,N/a,N/a,N/a,N/a,N/a,N/a,N/a,N/a,N/a,N/a,N/a,N/a,N/a,N/a,N/a,N/a,82,64.4,25,86,18,2,21,1,0.89,45,43,+2,+0.08,+0.30,0,36,36,5,4,1,10,N/a,N/a,1
Dominik Szoboszlai,hu HUN,MF,Liverpool,23,2000,36,29,2491.0,27.7,6,6,12,6,0,0,6,0,0.22,0.22,0.43,0.22,0.43,Matches,N/a,N/a,N/a,N/a,N/a,N/a,N/a,N/a,N/a,N/a,N/a,N/a,N/a,N/a,N/a,27.7,6,67,23,34.3,2.42,0.83,0.09,0.26,0,0,N/a,N/a,N/a,N/a,N/a,N/a,N/a,N/a,N/a,N/a,N/a,N/a,N/a,N/a,6,N/a,N/a,N/a,N/a,N/a,N/a,N/a,N/a,N/a,N/a,N/a,40,N/a,N/a,N/a,N/a,N/a,N/a,N/a,N/a,N/a,N/a,N/a,N/a,N/a,N/a,N/a,N/a,N/a,N/a,N/a,N/a,N/a,N/a,N/a,N/a,N/a,23,N/a,N/a,N/a,N/a,N/a,N/a,N/a,N/a,N/a,N/a,9,N/a,N/a,N/a,N/a,N/a,N/a,N/a,N/a,N/a,N/a,N/a,N/a,N/a,N/a,N/a,N/a,N/a,N/a,N/a,N/a,N/a,N/a,N/a,69,72.8,29,80,17,7,26,0,2.22,60,29,+31,+1.12,-0.24,0,44,24,4,40,9,23,N/a,N/a,0
Donyell Malen,nl NED,MF,Aston Villa,25,1999,14,2,305.0,3.4,3,0,3,3,0,0,0,0,0.89,0.00,0.89,0.89,0.89,Matches,N/a,N/a,N/a,N/a,N/a,N/a,N/a,N/a,N/a,N/a,N/a,N/a,N/a,N/a,N/a,3.4,3,15,9,60.0,4.43,2.66,0.20,0.33,0,0,N/a,N/a,N/a,N/a,N/a,N/a,N/a,N/a,N/a,N/a,N/a,N/a,N/a,N/a,0,N/a,N/a,N/a,N/a,N/a,N/a,N/a,N/a,N/a,N/a,N/a,8,N/a,N/a,N/a,N/a,N/a,N/a,N/a,N/a,N/a,N/a,N/a,N/a,N/a,N/a,N/a,N/a,N/a,N/a,N/a,N/a,N/a,N/a,N/a,N/a,N/a,4,N/a,N/a,N/a,N/a,N/a,N/a,N/a,N/a,N/a,N/a,0,N/a,N/a,N/a,N/a,N/a,N/a,N/a,N/a,N/a,N/a,N/a,N/a,N/a,N/a,N/a,N/a,N/a,N/a,N/a,N/a,N/a,N/a,N/a,22,8.9,2,62,0,12,15,3,1.93,7,6,+1,+0.30,+0.12,0,1,5,2,8,0,4,N/a,N/a,0
Dwight McNeil,eng ENG,MF,Everton,24,1999,21,15,1371.0,15.2,4,6,10,4,0,0,1,0,0.26,0.39,0.66,0.26,0.66,Matches,N/a,N/a,N/a,N/a,N/a,N/a,N/a,N/a,N/a,N/a,N/a,N/a,N/a,N/a,N/a,15.2,4,24,10,41.7,1.58,0.66,0.17,0.40,0,0,N/a,N/a,N/a,N/a,N/a,N/a,N/a,N/a,N/a,N/a,N/a,N/a,N/a,N/a,6,N/a,N/a,N/a,N/a,N/a,N/a,N/a,N/a,N/a,N/a,N/a,104,N/a,N/a,N/a,N/a,N/a,N/a,N/a,N/a,N/a,N/a,N/a,N/a,N/a,N/a,N/a,N/a,N/a,N/a,N/a,N/a,N/a,N/a,N/a,N/a,N/a,8,N/a,N/a,N/a,N/a,N/a,N/a,N/a,N/a,N/a,N/a,6,N/a,N/a,N/a,N/a,N/a,N/a,N/a,N/a,N/a,N/a,N/a,N/a,N/a,N/a,N/a,N/a,N/a,N/a,N/a,N/a,N/a,N/a,N/a,65,40.1,15,85,10,6,15,0,1.29,20,24,-4,-0.26,-0.35,0,6,18,1,104,6,8,N/a,N/a,0
Eberechi Eze,eng ENG,MF,Crystal Palace,26,1998,34,31,2588.0,28.8,8,8,16,7,1,2,1,0,0.28,0.28,0.56,0.24,0.52,Matches,N/a,N/a,N/a,N/a,N/a,N/a,N/a,N/a,N/a,N/a,N/a,N/a,N/a,N/a,N/a,28.8,8,102,29,28.4,3.55,1.01,0.08,0.28,1,2,N/a,N/a,N/a,N/a,N/a,N/a,N/a,N/a,N/a,N/a,N/a,N/a,N/a,N/a,8,N/a,N/a,N/a,N/a,N/a,N/a,N/a,N/a,N/a,N/a,N/a,110,N/a,N/a,N/a,N/a,N/a,N/a,N/a,N/a,N/a,N/a,N/a,N/a,N/a,N/a,N/a,N/a,N/a,N/a,N/a,N/a,N/a,N/a,N/a,N/a,N/a,21,N/a,N/a,N/a,N/a,N/a,N/a,N/a,N/a,N/a,N/a,10,N/a,N/a,N/a,N/a,N/a,N/a,N/a,N/a,N/a,N/a,N/a,N/a,N/a,N/a,N/a,N/a,N/a,N/a,N/a,N/a,N/a,N/a,N/a,76,75.7,31,81,13,3,28,0,1.50,39,34,+5,+0.17,+0.71,0,13,51,9,110,10,21,N/a,N/a,0
Eddie Nketiah,eng ENG,"FW,MF",Crystal Palace,25,1999,29,9,1034.0,11.5,3,1,4,3,0,0,6,1,0.26,0.09,0.35,0.26,0.35,Matches,N/a,N/a,N/a,N/a,N/a,N/a,N/a,N/a,N/a,N/a,N/a,N/a,N/a,N/a,N/a,11.5,3,43,16,37.2,3.74,1.39,0.07,0.19,0,0,N/a,N/a,N/a,N/a,N/a,N/a,N/a,N/a,N/a,N/a,N/a,N/a,N/a,N/a,1,N/a,N/a,N/a,N/a,N/a,N/a,N/a,N/a,N/a,N/a,N/a,5,N/a,N/a,N/a,N/a,N/a,N/a,N/a,N/a,N/a,N/a,N/a,N/a,N/a,N/a,N/a,N/a,N/a,N/a,N/a,N/a,N/a,N/a,N/a,N/a,N/a,8,N/a,N/a,N/a,N/a,N/a,N/a,N/a,N/a,N/a,N/a,2,N/a,N/a,N/a,N/a,N/a,N/a,N/a,N/a,N/a,N/a,N/a,N/a,N/a,N/a,N/a,N/a,N/a,N/a,N/a,N/a,N/a,N/a,N/a,36,30.2,9,77,2,20,17,2,1.52,15,17,-2,-0.17,-0.25,1,31,29,5,5,2,8,N/a,N/a,0
Ederson Moraes,br BRA,GK,Manchester City,30,1993,26,26,2320.0,25.8,0,4,4,0,0,0,4,0,0.00,0.16,0.16,0.00,0.16,Matches,26,1.01,80,54,67.5,16,4,6,10,38.5,2,2,0,0,0.0,25.8,0,0,0,N/a,0.00,0.00,N/a,N/a,0,0,N/a,N/a,N/a,N/a,N/a,N/a,N/a,N/a,N/a,N/a,N/a,N/a,N/a,N/a,4,N/a,N/a,N/a,N/a,N/a,N/a,N/a,N/a,N/a,N/a,N/a,0,N/a,N/a,N/a,N/a,N/a,N/a,N/a,N/a,N/a,N/a,N/a,N/a,N/a,N/a,N/a,N/a,N/a,N/a,N/a,N/a,N/a,N/a,N/a,N/a,N/a,0,N/a,N/a,N/a,N/a,N/a,N/a,N/a,N/a,N/a,N/a,1,N/a,N/a,N/a,N/a,N/a,N/a,N/a,N/a,N/a,N/a,N/a,N/a,N/a,N/a,N/a,N/a,N/a,N/a,N/a,N/a,N/a,N/a,N/a,89,67.8,26,89,25,0,N/a,4,2.00,49,26,+23,+0.89,+0.48,0,1,0,0,0,1,0,N/a,N/a,0
Edmond-Paris Maghoma,eng ENG,MF,Brentford,23,2001,8,0,119.0,1.3,0,0,0,0,0,0,0,0,0.00,0.00,0.00,0.00,0.00,Matches,N/a,N/a,N/a,N/a,N/a,N/a,N/a,N/a,N/a,N/a,N/a,N/a,N/a,N/a,N/a,1.3,0,1,0,0.0,0.76,0.00,0.00,N/a,0,0,N/a,N/a,N/a,N/a,N/a,N/a,N/a,N/a,N/a,N/a,N/a,N/a,N/a,N/a,0,N/a,N/a,N/a,N/a,N/a,N/a,N/a,N/a,N/a,N/a,N/a,3,N/a,N/a,N/a,N/a,N/a,N/a,N/a,N/a,N/a,N/a,N/a,N/a,N/a,N/a,N/a,N/a,N/a,N/a,N/a,N/a,N/a,N/a,N/a,N/a,N/a,1,N/a,N/a,N/a,N/a,N/a,N/a,N/a,N/a,N/a,N/a,1,N/a,N/a,N/a,N/a,N/a,N/a,N/a,N/a,N/a,N/a,N/a,N/a,N/a,N/a,N/a,N/a,N/a,N/a,N/a,N/a,N/a,N/a,N/a,15,3.5,0,N/a,0,8,15,15,1.25,3,1,+2,+1.51,+1.32,0,2,4,0,3,1,1,N/a,N/a,0
Edson Álvarez,mx MEX,MF,West Ham,26,1997,28,20,1772.0,19.7,0,1,1,0,0,0,9,1,0.00,0.05,0.05,0.00,0.05,Matches,N/a,N/a,N/a,N/a,N/a,N/a,N/a,N/a,N/a,N/a,N/a,N/a,N/a,N/a,N/a,19.7,0,12,1,8.3,0.61,0.05,0.00,0.00,0,0,N/a,N/a,N/a,N/a,N/a,N/a,N/a,N/a,N/a,N/a,N/a,N/a,N/a,N/a,1,N/a,N/a,N/a,N/a,N/a,N/a,N/a,N/a,N/a,N/a,N/a,7,N/a,N/a,N/a,N/a,N/a,N/a,N/a,N/a,N/a,N/a,N/a,N/a,N/a,N/a,N/a,N/a,N/a,N/a,N/a,N/a,N/a,N/a,N/a,N/a,N/a,26,N/a,N/a,N/a,N/a,N/a,N/a,N/a,N/a,N/a,N/a,18,N/a,N/a,N/a,N/a,N/a,N/a,N/a,N/a,N/a,N/a,N/a,N/a,N/a,N/a,N/a,N/a,N/a,N/a,N/a,N/a,N/a,N/a,N/a,63,51.8,20,76,4,8,32,2,1.25,19,29,-10,-0.51,-0.18,1,42,18,4,7,18,26,N/a,N/a,0
Elliot Anderson,eng ENG,MF,Nottingham,21,2002,37,33,2728.0,30.3,2,6,8,2,0,0,10,0,0.07,0.20,0.26,0.07,0.26,Matches,N/a,N/a,N/a,N/a,N/a,N/a,N/a,N/a,N/a,N/a,N/a,N/a,N/a,N/a,N/a,30.3,2,40,7,17.5,1.32,0.23,0.05,0.29,0,0,N/a,N/a,N/a,N/a,N/a,N/a,N/a,N/a,N/a,N/a,N/a,N/a,N/a,N/a,6,N/a,N/a,N/a,N/a,N/a,N/a,N/a,N/a,N/a,N/a,N/a,86,N/a,N/a,N/a,N/a,N/a,N/a,N/a,N/a,N/a,N/a,N/a,N/a,N/a,N/a,N/a,N/a,N/a,N/a,N/a,N/a,N/a,N/a,N/a,N/a,N/a,55,N/a,N/a,N/a,N/a,N/a,N/a,N/a,N/a,N/a,N/a,29,N/a,N/a,N/a,N/a,N/a,N/a,N/a,N/a,N/a,N/a,N/a,N/a,N/a,N/a,N/a,N/a,N/a,N/a,N/a,N/a,N/a,N/a,N/a,74,79.8,33,79,13,4,27,0,1.76,49,37,+12,+0.40,+0.40,0,47,57,4,86,29,55,N/a,N/a,0
Emerson Palmieri,it ITA,"DF,MF",West Ham,29,1994,31,26,2113.0,23.5,2,1,3,2,0,0,5,0,0.09,0.04,0.13,0.09,0.13,Matches,N/a,N/a,N/a,N/a,N/a,N/a,N/a,N/a,N/a,N/a,N/a,N/a,N/a,N/a,N/a,23.5,2,16,7,43.8,0.68,0.30,0.13,0.29,0,0,N/a,N/a,N/a,N/a,N/a,N/a,N/a,N/a,N/a,N/a,N/a,N/a,N/a,N/a,1,N/a,N/a,N/a,N/a,N/a,N/a,N/a,N/a,N/a,N/a,N/a,62,N/a,N/a,N/a,N/a,N/a,N/a,N/a,N/a,N/a,N/a,N/a,N/a,N/a,N/a,N/a,N/a,N/a,N/a,N/a,N/a,N/a,N/a,N/a,N/a,N/a,31,N/a,N/a,N/a,N/a,N/a,N/a,N/a,N/a,N/a,N/a,22,N/a,N/a,N/a,N/a,N/a,N/a,N/a,N/a,N/a,N/a,N/a,N/a,N/a,N/a,N/a,N/a,N/a,N/a,N/a,N/a,N/a,N/a,N/a,68,61.8,26,77,7,5,24,4,1.16,32,41,-9,-0.38,+0.10,0,25,13,0,62,22,31,N/a,N/a,0
Emi Buendía,ar ARG,"FW,MF",Aston Villa,27,1996,12,0,98.0,1.1,0,0,0,0,0,0,1,0,0.00,0.00,0.00,0.00,0.00,Matches,N/a,N/a,N/a,N/a,N/a,N/a,N/a,N/a,N/a,N/a,N/a,N/a,N/a,N/a,N/a,1.1,0,5,0,0.0,4.59,0.00,0.00,N/a,0,0,N/a,N/a,N/a,N/a,N/a,N/a,N/a,N/a,N/a,N/a,N/a,N/a,N/a,N/a,0,N/a,N/a,N/a,N/a,N/a,N/a,N/a,N/a,N/a,N/a,N/a,0,N/a,N/a,N/a,N/a,N/a,N/a,N/a,N/a,N/a,N/a,N/a,N/a,N/a,N/a,N/a,N/a,N/a,N/a,N/a,N/a,N/a,N/a,N/a,N/a,N/a,5,N/a,N/a,N/a,N/a,N/a,N/a,N/a,N/a,N/a,N/a,0,N/a,N/a,N/a,N/a,N/a,N/a,N/a,N/a,N/a,N/a,N/a,N/a,N/a,N/a,N/a,N/a,N/a,N/a,N/a,N/a,N/a,N/a,N/a,8,2.9,0,N/a,0,12,8,11,2.00,0,2,-2,-1.84,-2.08,0,4,6,0,0,0,5,N/a,N/a,0
Emil Krafth,se SWE,DF,Newcastle,29,1994,12,2,342.0,3.8,0,0,0,0,0,0,2,0,0.00,0.00,0.00,0.00,0.00,Matches,N/a,N/a,N/a,N/a,N/a,N/a,N/a,N/a,N/a,N/a,N/a,N/a,N/a,N/a,N/a,3.8,0,1,0,0.0,0.26,0.00,0.00,N/a,0,0,N/a,N/a,N/a,N/a,N/a,N/a,N/a,N/a,N/a,N/a,N/a,N/a,N/a,N/a,0,N/a,N/a,N/a,N/a,N/a,N/a,N/a,N/a,N/a,N/a,N/a,2,N/a,N/a,N/a,N/a,N/a,N/a,N/a,N/a,N/a,N/a,N/a,N/a,N/a,N/a,N/a,N/a,N/a,N/a,N/a,N/a,N/a,N/a,N/a,N/a,N/a,1,N/a,N/a,N/a,N/a,N/a,N/a,N/a,N/a,N/a,N/a,3,N/a,N/a,N/a,N/a,N/a,N/a,N/a,N/a,N/a,N/a,N/a,N/a,N/a,N/a,N/a,N/a,N/a,N/a,N/a,N/a,N/a,N/a,N/a,29,10.0,2,90,2,10,16,14,1.92,5,2,+3,+0.79,+0.26,0,5,2,0,2,3,1,N/a,N/a,0
Emile Smith Rowe,eng ENG,MF,Fulham,24,2000,34,25,2043.0,22.7,6,3,9,6,0,0,3,0,0.26,0.13,0.40,0.26,0.40,Matches,N/a,N/a,N/a,N/a,N/a,N/a,N/a,N/a,N/a,N/a,N/a,N/a,N/a,N/a,N/a,22.7,6,37,11,29.7,1.63,0.48,0.16,0.55,0,0,N/a,N/a,N/a,N/a,N/a,N/a,N/a,N/a,N/a,N/a,N/a,N/a,N/a,N/a,3,N/a,N/a,N/a,N/a,N/a,N/a,N/a,N/a,N/a,N/a,N/a,16,N/a,N/a,N/a,N/a,N/a,N/a,N/a,N/a,N/a,N/a,N/a,N/a,N/a,N/a,N/a,N/a,N/a,N/a,N/a,N/a,N/a,N/a,N/a,N/a,N/a,18,N/a,N/a,N/a,N/a,N/a,N/a,N/a,N/a,N/a,N/a,11,N/a,N/a,N/a,N/a,N/a,N/a,N/a,N/a,N/a,N/a,N/a,N/a,N/a,N/a,N/a,N/a,N/a,N/a,N/a,N/a,N/a,N/a,N/a,60,59.7,25,73,0,9,24,0,1.38,29,28,+1,+0.04,+0.11,0,19,15,4,16,11,18,N/a,N/a,0
Emiliano Martínez,ar ARG,GK,Aston Villa,31,1992,37,37,3194.0,35.5,0,0,0,0,0,0,5,1,0.00,0.00,0.00,0.00,0.00,Matches,47,1.32,146,99,67.8,18,9,10,8,21.6,2,1,1,0,50.0,35.5,0,0,0,N/a,0.00,0.00,N/a,N/a,0,0,N/a,N/a,N/a,N/a,N/a,N/a,N/a,N/a,N/a,N/a,N/a,N/a,N/a,N/a,0,N/a,N/a,N/a,N/a,N/a,N/a,N/a,N/a,N/a,N/a,N/a,0,N/a,N/a,N/a,N/a,N/a,N/a,N/a,N/a,N/a,N/a,N/a,N/a,N/a,N/a,N/a,N/a,N/a,N/a,N/a,N/a,N/a,N/a,N/a,N/a,N/a,3,N/a,N/a,N/a,N/a,N/a,N/a,N/a,N/a,N/a,N/a,0,N/a,N/a,N/a,N/a,N/a,N/a,N/a,N/a,N/a,N/a,N/a,N/a,N/a,N/a,N/a,N/a,N/a,N/a,N/a,N/a,N/a,N/a,N/a,86,93.4,37,86,34,0,N/a,0,1.70,56,45,+11,+0.31,+1.90,0,2,5,0,0,0,3,N/a,N/a,0
Emmanuel Agbadou,ci CIV,DF,Wolves,27,1997,16,16,1410.0,15.7,1,0,1,1,0,0,3,0,0.06,0.00,0.06,0.06,0.06,Matches,N/a,N/a,N/a,N/a,N/a,N/a,N/a,N/a,N/a,N/a,N/a,N/a,N/a,N/a,N/a,15.7,1,7,2,28.6,0.45,0.13,0.14,0.50,0,0,N/a,N/a,N/a,N/a,N/a,N/a,N/a,N/a,N/a,N/a,N/a,N/a,N/a,N/a,0,N/a,N/a,N/a,N/a,N/a,N/a,N/a,N/a,N/a,N/a,N/a,2,N/a,N/a,N/a,N/a,N/a,N/a,N/a,N/a,N/a,N/a,N/a,N/a,N/a,N/a,N/a,N/a,N/a,N/a,N/a,N/a,N/a,N/a,N/a,N/a,N/a,19,N/a,N/a,N/a,N/a,N/a,N/a,N/a,N/a,N/a,N/a,12,N/a,N/a,N/a,N/a,N/a,N/a,N/a,N/a,N/a,N/a,N/a,N/a,N/a,N/a,N/a,N/a,N/a,N/a,N/a,N/a,N/a,N/a,N/a,88,41.2,16,88,15,0,N/a,0,1.44,20,22,-2,-0.13,+0.45,0,8,4,1,2,12,19,N/a,N/a,0
Enes Ünal,tr TUR,FW,Bournemouth,27,1997,17,2,345.0,3.8,2,1,3,2,0,0,2,0,0.52,0.26,0.78,0.52,0.78,Matches,N/a,N/a,N/a,N/a,N/a,N/a,N/a,N/a,N/a,N/a,N/a,N/a,N/a,N/a,N/a,3.8,2,19,7,36.8,4.96,1.83,0.11,0.29,0,0,N/a,N/a,N/a,N/a,N/a,N/a,N/a,N/a,N/a,N/a,N/a,N/a,N/a,N/a,1,N/a,N/a,N/a,N/a,N/a,N/a,N/a,N/a,N/a,N/a,N/a,4,N/a,N/a,N/a,N/a,N/a,N/a,N/a,N/a,N/a,N/a,N/a,N/a,N/a,N/a,N/a,N/a,N/a,N/a,N/a,N/a,N/a,N/a,N/a,N/a,N/a,0,N/a,N/a,N/a,N/a,N/a,N/a,N/a,N/a,N/a,N/a,0,N/a,N/a,N/a,N/a,N/a,N/a,N/a,N/a,N/a,N/a,N/a,N/a,N/a,N/a,N/a,N/a,N/a,N/a,N/a,N/a,N/a,N/a,N/a,20,10.1,2,62,0,15,15,0,1.65,6,3,+3,+0.78,+0.52,0,6,9,2,4,0,0,N/a,N/a,0
Enzo Fernández,ar ARG,MF,Chelsea,23,2001,36,32,2947.0,32.7,6,7,13,6,0,0,8,0,0.18,0.21,0.40,0.18,0.40,Matches,N/a,N/a,N/a,N/a,N/a,N/a,N/a,N/a,N/a,N/a,N/a,N/a,N/a,N/a,N/a,32.7,6,53,20,37.7,1.62,0.61,0.11,0.30,0,0,N/a,N/a,N/a,N/a,N/a,N/a,N/a,N/a,N/a,N/a,N/a,N/a,N/a,N/a,7,N/a,N/a,N/a,N/a,N/a,N/a,N/a,N/a,N/a,N/a,N/a,111,N/a,N/a,N/a,N/a,N/a,N/a,N/a,N/a,N/a,N/a,N/a,N/a,N/a,N/a,N/a,N/a,N/a,N/a,N/a,N/a,N/a,N/a,N/a,N/a,N/a,32,N/a,N/a,N/a,N/a,N/a,N/a,N/a,N/a,N/a,N/a,13,N/a,N/a,N/a,N/a,N/a,N/a,N/a,N/a,N/a,N/a,N/a,N/a,N/a,N/a,N/a,N/a,N/a,N/a,N/a,N/a,N/a,N/a,N/a,82,86.2,32,89,26,4,25,0,1.75,56,37,+19,+0.58,+0.20,0,52,54,2,111,13,32,N/a,N/a,0
Erling Haaland,no NOR,FW,Manchester City,24,2000,31,31,2736.0,30.4,22,3,25,19,3,4,2,0,0.72,0.10,0.82,0.62,0.72,Matches,N/a,N/a,N/a,N/a,N/a,N/a,N/a,N/a,N/a,N/a,N/a,N/a,N/a,N/a,N/a,30.4,22,109,60,55.0,3.59,1.97,0.20,0.37,3,4,N/a,N/a,N/a,N/a,N/a,N/a,N/a,N/a,N/a,N/a,N/a,N/a,N/a,N/a,3,N/a,N/a,N/a,N/a,N/a,N/a,N/a,N/a,N/a,N/a,N/a,3,N/a,N/a,N/a,N/a,N/a,N/a,N/a,N/a,N/a,N/a,N/a,N/a,N/a,N/a,N/a,N/a,N/a,N/a,N/a,N/a,N/a,N/a,N/a,N/a,N/a,6,N/a,N/a,N/a,N/a,N/a,N/a,N/a,N/a,N/a,N/a,5,N/a,N/a,N/a,N/a,N/a,N/a,N/a,N/a,N/a,N/a,N/a,N/a,N/a,N/a,N/a,N/a,N/a,N/a,N/a,N/a,N/a,N/a,N/a,88,80.0,31,88,25,0,N/a,1,1.77,58,38,+20,+0.66,-0.39,0,24,13,4,3,5,6,N/a,N/a,0
Ethan Pinnock,jm JAM,DF,Brentford,31,1993,22,21,1913.0,21.3,2,0,2,2,0,0,2,0,0.09,0.00,0.09,0.09,0.09,Matches,N/a,N/a,N/a,N/a,N/a,N/a,N/a,N/a,N/a,N/a,N/a,N/a,N/a,N/a,N/a,21.3,2,10,6,60.0,0.47,0.28,0.20,0.33,0,0,N/a,N/a,N/a,N/a,N/a,N/a,N/a,N/a,N/a,N/a,N/a,N/a,N/a,N/a,0,N/a,N/a,N/a,N/a,N/a,N/a,N/a,N/a,N/a,N/a,N/a,9,N/a,N/a,N/a,N/a,N/a,N/a,N/a,N/a,N/a,N/a,N/a,N/a,N/a,N/a,N/a,N/a,N/a,N/a,N/a,N/a,N/a,N/a,N/a,N/a,N/a,15,N/a,N/a,N/a,N/a,N/a,N/a,N/a,N/a,N/a,N/a,23,N/a,N/a,N/a,N/a,N/a,N/a,N/a,N/a,N/a,N/a,N/a,N/a,N/a,N/a,N/a,N/a,N/a,N/a,N/a,N/a,N/a,N/a,N/a,87,55.9,21,90,20,1,31,9,1.50,40,35,+5,+0.24,0.00,0,8,4,0,9,23,15,N/a,N/a,1
Ethan Nwaneri,eng ENG,"FW,MF",Arsenal,17,2007,26,11,895.0,9.9,4,2,6,4,0,0,1,0,0.40,0.20,0.60,0.40,0.60,Matches,N/a,N/a,N/a,N/a,N/a,N/a,N/a,N/a,N/a,N/a,N/a,N/a,N/a,N/a,N/a,9.9,4,24,9,37.5,2.41,0.91,0.17,0.44,0,0,N/a,N/a,N/a,N/a,N/a,N/a,N/a,N/a,N/a,N/a,N/a,N/a,N/a,N/a,2,N/a,N/a,N/a,N/a,N/a,N/a,N/a,N/a,N/a,N/a,N/a,54,N/a,N/a,N/a,N/a,N/a,N/a,N/a,N/a,N/a,N/a,N/a,N/a,N/a,N/a,N/a,N/a,N/a,N/a,N/a,N/a,N/a,N/a,N/a,N/a,N/a,6,N/a,N/a,N/a,N/a,N/a,N/a,N/a,N/a,N/a,N/a,3,N/a,N/a,N/a,N/a,N/a,N/a,N/a,N/a,N/a,N/a,N/a,N/a,N/a,N/a,N/a,N/a,N/a,N/a,N/a,N/a,N/a,N/a,N/a,34,26.2,11,65,1,15,12,10,1.85,16,4,+12,+1.21,+0.39,0,10,5,6,54,3,6,N/a,N/a,0
Evan Ferguson,ie IRL,FW,Brighton,19,2004,13,2,246.0,2.7,1,0,1,1,0,0,0,0,0.37,0.00,0.37,0.37,0.37,Matches,N/a,N/a,N/a,N/a,N/a,N/a,N/a,N/a,N/a,N/a,N/a,N/a,N/a,N/a,N/a,2.7,1,7,2,28.6,2.56,0.73,0.14,0.50,0,0,N/a,N/a,N/a,N/a,N/a,N/a,N/a,N/a,N/a,N/a,N/a,N/a,N/a,N/a,0,N/a,N/a,N/a,N/a,N/a,N/a,N/a,N/a,N/a,N/a,N/a,0,N/a,N/a,N/a,N/a,N/a,N/a,N/a,N/a,N/a,N/a,N/a,N/a,N/a,N/a,N/a,N/a,N/a,N/a,N/a,N/a,N/a,N/a,N/a,N/a,N/a,3,N/a,N/a,N/a,N/a,N/a,N/a,N/a,N/a,N/a,N/a,0,N/a,N/a,N/a,N/a,N/a,N/a,N/a,N/a,N/a,N/a,N/a,N/a,N/a,N/a,N/a,N/a,N/a,N/a,N/a,N/a,N/a,N/a,N/a,19,7.2,2,65,0,11,11,2,0.92,4,7,-3,-1.10,-1.38,0,3,1,0,0,0,3,N/a,N/a,0
Evan Ferguson,ie IRL,FW,West Ham,19,2004,8,1,156.0,1.7,0,0,0,0,0,0,0,0,0.00,0.00,0.00,0.00,0.00,Matches,N/a,N/a,N/a,N/a,N/a,N/a,N/a,N/a,N/a,N/a,N/a,N/a,N/a,N/a,N/a,1.7,0,5,1,20.0,2.88,0.58,0.00,0.00,0,0,N/a,N/a,N/a,N/a,N/a,N/a,N/a,N/a,N/a,N/a,N/a,N/a,N/a,N/a,0,N/a,N/a,N/a,N/a,N/a,N/a,N/a,N/a,N/a,N/a,N/a,0,N/a,N/a,N/a,N/a,N/a,N/a,N/a,N/a,N/a,N/a,N/a,N/a,N/a,N/a,N/a,N/a,N/a,N/a,N/a,N/a,N/a,N/a,N/a,N/a,N/a,1,N/a,N/a,N/a,N/a,N/a,N/a,N/a,N/a,N/a,N/a,1,N/a,N/a,N/a,N/a,N/a,N/a,N/a,N/a,N/a,N/a,N/a,N/a,N/a,N/a,N/a,N/a,N/a,N/a,N/a,N/a,N/a,N/a,N/a,20,4.6,1,45,0,7,16,4,1.13,0,2,-2,-1.15,-0.77,0,1,2,0,0,1,1,N/a,N/a,0
Evanilson,br BRA,FW,Bournemouth,24,1999,31,28,2319.0,25.8,10,1,11,10,0,1,1,1,0.39,0.04,0.43,0.39,0.43,Matches,N/a,N/a,N/a,N/a,N/a,N/a,N/a,N/a,N/a,N/a,N/a,N/a,N/a,N/a,N/a,25.8,10,73,32,43.8,2.83,1.24,0.14,0.31,0,1,N/a,N/a,N/a,N/a,N/a,N/a,N/a,N/a,N/a,N/a,N/a,N/a,N/a,N/a,1,N/a,N/a,N/a,N/a,N/a,N/a,N/a,N/a,N/a,N/a,N/a,1,N/a,N/a,N/a,N/a,N/a,N/a,N/a,N/a,N/a,N/a,N/a,N/a,N/a,N/a,N/a,N/a,N/a,N/a,N/a,N/a,N/a,N/a,N/a,N/a,N/a,9,N/a,N/a,N/a,N/a,N/a,N/a,N/a,N/a,N/a,N/a,2,N/a,N/a,N/a,N/a,N/a,N/a,N/a,N/a,N/a,N/a,N/a,N/a,N/a,N/a,N/a,N/a,N/a,N/a,N/a,N/a,N/a,N/a,N/a,75,67.8,28,80,7,3,23,1,1.45,34,29,+5,+0.19,-0.38,0,37,53,20,1,2,9,N/a,N/a,0
Ezri Konsa,eng ENG,DF,Aston Villa,26,1997,34,33,2936.0,32.6,2,0,2,2,0,0,1,0,0.06,0.00,0.06,0.06,0.06,Matches,N/a,N/a,N/a,N/a,N/a,N/a,N/a,N/a,N/a,N/a,N/a,N/a,N/a,N/a,N/a,32.6,2,11,5,45.5,0.34,0.15,0.18,0.40,0,0,N/a,N/a,N/a,N/a,N/a,N/a,N/a,N/a,N/a,N/a,N/a,N/a,N/a,N/a,0,N/a,N/a,N/a,N/a,N/a,N/a,N/a,N/a,N/a,N/a,N/a,5,N/a,N/a,N/a,N/a,N/a,N/a,N/a,N/a,N/a,N/a,N/a,N/a,N/a,N/a,N/a,N/a,N/a,N/a,N/a,N/a,N/a,N/a,N/a,N/a,N/a,20,N/a,N/a,N/a,N/a,N/a,N/a,N/a,N/a,N/a,N/a,24,N/a,N/a,N/a,N/a,N/a,N/a,N/a,N/a,N/a,N/a,N/a,N/a,N/a,N/a,N/a,N/a,N/a,N/a,N/a,N/a,N/a,N/a,N/a,86,85.8,33,88,32,1,45,1,1.76,48,45,+3,+0.09,-0.65,0,9,47,1,5,24,20,N/a,N/a,0
Fabian Schär,ch SUI,DF,Newcastle,32,1991,34,33,2934.0,32.6,4,0,4,4,0,0,9,1,0.12,0.00,0.12,0.12,0.12,Matches,N/a,N/a,N/a,N/a,N/a,N/a,N/a,N/a,N/a,N/a,N/a,N/a,N/a,N/a,N/a,32.6,4,40,11,27.5,1.23,0.34,0.10,0.36,0,0,N/a,N/a,N/a,N/a,N/a,N/a,N/a,N/a,N/a,N/a,N/a,N/a,N/a,N/a,0,N/a,N/a,N/a,N/a,N/a,N/a,N/a,N/a,N/a,N/a,N/a,12,N/a,N/a,N/a,N/a,N/a,N/a,N/a,N/a,N/a,N/a,N/a,N/a,N/a,N/a,N/a,N/a,N/a,N/a,N/a,N/a,N/a,N/a,N/a,N/a,N/a,20,N/a,N/a,N/a,N/a,N/a,N/a,N/a,N/a,N/a,N/a,43,N/a,N/a,N/a,N/a,N/a,N/a,N/a,N/a,N/a,N/a,N/a,N/a,N/a,N/a,N/a,N/a,N/a,N/a,N/a,N/a,N/a,N/a,N/a,86,85.8,33,88,29,1,45,0,1.65,58,42,+16,+0.49,-0.44,0,35,16,4,12,43,20,N/a,N/a,0
Fabio Carvalho,pt POR,"FW,MF",Brentford,21,2002,19,3,455.0,5.1,2,1,3,2,0,0,1,0,0.40,0.20,0.59,0.40,0.59,Matches,N/a,N/a,N/a,N/a,N/a,N/a,N/a,N/a,N/a,N/a,N/a,N/a,N/a,N/a,N/a,5.1,2,12,6,50.0,2.37,1.19,0.17,0.33,0,0,N/a,N/a,N/a,N/a,N/a,N/a,N/a,N/a,N/a,N/a,N/a,N/a,N/a,N/a,1,N/a,N/a,N/a,N/a,N/a,N/a,N/a,N/a,N/a,N/a,N/a,10,N/a,N/a,N/a,N/a,N/a,N/a,N/a,N/a,N/a,N/a,N/a,N/a,N/a,N/a,N/a,N/a,N/a,N/a,N/a,N/a,N/a,N/a,N/a,N/a,N/a,9,N/a,N/a,N/a,N/a,N/a,N/a,N/a,N/a,N/a,N/a,3,N/a,N/a,N/a,N/a,N/a,N/a,N/a,N/a,N/a,N/a,N/a,N/a,N/a,N/a,N/a,N/a,N/a,N/a,N/a,N/a,N/a,N/a,N/a,24,13.3,3,81,0,16,13,6,1.47,9,14,-5,-0.99,-1.41,0,5,10,1,10,3,9,N/a,N/a,0
Facundo Buonanotte,ar ARG,"MF,FW",Leicester City,19,2004,31,14,1523.0,16.9,5,2,7,5,0,0,8,0,0.30,0.12,0.41,0.30,0.41,Matches,N/a,N/a,N/a,N/a,N/a,N/a,N/a,N/a,N/a,N/a,N/a,N/a,N/a,N/a,N/a,16.9,5,36,12,33.3,2.13,0.71,0.14,0.42,0,0,N/a,N/a,N/a,N/a,N/a,N/a,N/a,N/a,N/a,N/a,N/a,N/a,N/a,N/a,2,N/a,N/a,N/a,N/a,N/a,N/a,N/a,N/a,N/a,N/a,N/a,43,N/a,N/a,N/a,N/a,N/a,N/a,N/a,N/a,N/a,N/a,N/a,N/a,N/a,N/a,N/a,N/a,N/a,N/a,N/a,N/a,N/a,N/a,N/a,N/a,N/a,33,N/a,N/a,N/a,N/a,N/a,N/a,N/a,N/a,N/a,N/a,13,N/a,N/a,N/a,N/a,N/a,N/a,N/a,N/a,N/a,N/a,N/a,N/a,N/a,N/a,N/a,N/a,N/a,N/a,N/a,N/a,N/a,N/a,N/a,49,44.5,14,80,6,17,24,3,0.52,17,33,-16,-0.95,+0.53,0,36,35,3,43,13,33,N/a,N/a,0
Federico Chiesa,it ITA,FW,Liverpool,26,1997,6,1,108.0,1.2,0,0,0,0,0,0,0,0,0.00,0.00,0.00,0.00,0.00,Matches,N/a,N/a,N/a,N/a,N/a,N/a,N/a,N/a,N/a,N/a,N/a,N/a,N/a,N/a,N/a,1.2,0,5,2,40.0,4.17,1.67,0.00,0.00,0,0,N/a,N/a,N/a,N/a,N/a,N/a,N/a,N/a,N/a,N/a,N/a,N/a,N/a,N/a,0,N/a,N/a,N/a,N/a,N/a,N/a,N/a,N/a,N/a,N/a,N/a,2,N/a,N/a,N/a,N/a,N/a,N/a,N/a,N/a,N/a,N/a,N/a,N/a,N/a,N/a,N/a,N/a,N/a,N/a,N/a,N/a,N/a,N/a,N/a,N/a,N/a,0,N/a,N/a,N/a,N/a,N/a,N/a,N/a,N/a,N/a,N/a,0,N/a,N/a,N/a,N/a,N/a,N/a,N/a,N/a,N/a,N/a,N/a,N/a,N/a,N/a,N/a,N/a,N/a,N/a,N/a,N/a,N/a,N/a,N/a,18,3.2,1,62,0,5,9,13,1.50,5,3,+2,+1.67,+0.50,0,3,2,0,2,0,0,N/a,N/a,0
Ferdi Kadioglu,tr TUR,"DF,MF",Brighton,24,1999,6,5,385.0,4.3,1,0,1,1,0,0,1,0,0.23,0.00,0.23,0.23,0.23,Matches,N/a,N/a,N/a,N/a,N/a,N/a,N/a,N/a,N/a,N/a,N/a,N/a,N/a,N/a,N/a,4.3,1,4,1,25.0,0.94,0.23,0.25,1.00,0,0,N/a,N/a,N/a,N/a,N/a,N/a,N/a,N/a,N/a,N/a,N/a,N/a,N/a,N/a,0,N/a,N/a,N/a,N/a,N/a,N/a,N/a,N/a,N/a,N/a,N/a,9,N/a,N/a,N/a,N/a,N/a,N/a,N/a,N/a,N/a,N/a,N/a,N/a,N/a,N/a,N/a,N/a,N/a,N/a,N/a,N/a,N/a,N/a,N/a,N/a,N/a,5,N/a,N/a,N/a,N/a,N/a,N/a,N/a,N/a,N/a,N/a,7,N/a,N/a,N/a,N/a,N/a,N/a,N/a,N/a,N/a,N/a,N/a,N/a,N/a,N/a,N/a,N/a,N/a,N/a,N/a,N/a,N/a,N/a,N/a,64,11.3,5,72,1,1,23,1,1.33,5,8,-3,-0.70,-1.00,0,4,3,1,9,7,5,N/a,N/a,0
Filip Jørgensen,dk DEN,GK,Chelsea,22,2002,6,6,540.0,6.0,0,0,0,0,0,0,0,0,0.00,0.00,0.00,0.00,0.00,Matches,9,1.50,29,20,69.0,3,0,3,1,16.7,1,1,0,0,0.0,6.0,0,0,0,N/a,0.00,0.00,N/a,N/a,0,0,N/a,N/a,N/a,N/a,N/a,N/a,N/a,N/a,N/a,N/a,N/a,N/a,N/a,N/a,0,N/a,N/a,N/a,N/a,N/a,N/a,N/a,N/a,N/a,N/a,N/a,0,N/a,N/a,N/a,N/a,N/a,N/a,N/a,N/a,N/a,N/a,N/a,N/a,N/a,N/a,N/a,N/a,N/a,N/a,N/a,N/a,N/a,N/a,N/a,N/a,N/a,0,N/a,N/a,N/a,N/a,N/a,N/a,N/a,N/a,N/a,N/a,0,N/a,N/a,N/a,N/a,N/a,N/a,N/a,N/a,N/a,N/a,N/a,N/a,N/a,N/a,N/a,N/a,N/a,N/a,N/a,N/a,N/a,N/a,N/a,90,15.8,6,90,6,0,N/a,31,1.50,12,9,+3,+0.50,-0.06,0,1,1,0,0,0,0,N/a,N/a,0
Flynn Downes,eng ENG,MF,Southampton,25,1999,27,25,2151.0,23.9,1,0,1,1,0,0,12,0,0.04,0.00,0.04,0.04,0.04,Matches,N/a,N/a,N/a,N/a,N/a,N/a,N/a,N/a,N/a,N/a,N/a,N/a,N/a,N/a,N/a,23.9,1,10,3,30.0,0.42,0.13,0.10,0.33,0,0,N/a,N/a,N/a,N/a,N/a,N/a,N/a,N/a,N/a,N/a,N/a,N/a,N/a,N/a,0,N/a,N/a,N/a,N/a,N/a,N/a,N/a,N/a,N/a,N/a,N/a,4,N/a,N/a,N/a,N/a,N/a,N/a,N/a,N/a,N/a,N/a,N/a,N/a,N/a,N/a,N/a,N/a,N/a,N/a,N/a,N/a,N/a,N/a,N/a,N/a,N/a,27,N/a,N/a,N/a,N/a,N/a,N/a,N/a,N/a,N/a,N/a,31,N/a,N/a,N/a,N/a,N/a,N/a,N/a,N/a,N/a,N/a,N/a,N/a,N/a,N/a,N/a,N/a,N/a,N/a,N/a,N/a,N/a,N/a,N/a,80,62.9,25,85,18,2,13,2,0.33,14,49,-35,-1.46,+0.31,0,50,39,0,4,31,27,N/a,N/a,0
Fraser Forster,eng ENG,GK,Tottenham,36,1988,7,7,630.0,7.0,0,0,0,0,0,0,0,0,0.00,0.00,0.00,0.00,0.00,Matches,15,2.14,42,28,64.3,1,2,4,1,14.3,2,2,0,0,0.0,7.0,0,0,0,N/a,0.00,0.00,N/a,N/a,0,0,N/a,N/a,N/a,N/a,N/a,N/a,N/a,N/a,N/a,N/a,N/a,N/a,N/a,N/a,0,N/a,N/a,N/a,N/a,N/a,N/a,N/a,N/a,N/a,N/a,N/a,0,N/a,N/a,N/a,N/a,N/a,N/a,N/a,N/a,N/a,N/a,N/a,N/a,N/a,N/a,N/a,N/a,N/a,N/a,N/a,N/a,N/a,N/a,N/a,N/a,N/a,0,N/a,N/a,N/a,N/a,N/a,N/a,N/a,N/a,N/a,N/a,0,N/a,N/a,N/a,N/a,N/a,N/a,N/a,N/a,N/a,N/a,N/a,N/a,N/a,N/a,N/a,N/a,N/a,N/a,N/a,N/a,N/a,N/a,N/a,90,18.4,7,90,7,0,N/a,11,0.71,14,15,-1,-0.14,-0.14,0,0,0,0,0,0,0,N/a,N/a,0
Gabriel Jesus,br BRA,FW,Arsenal,27,1997,17,6,608.0,6.8,3,0,3,3,0,0,4,0,0.44,0.00,0.44,0.44,0.44,Matches,N/a,N/a,N/a,N/a,N/a,N/a,N/a,N/a,N/a,N/a,N/a,N/a,N/a,N/a,N/a,6.8,3,20,8,40.0,2.96,1.18,0.15,0.38,0,0,N/a,N/a,N/a,N/a,N/a,N/a,N/a,N/a,N/a,N/a,N/a,N/a,N/a,N/a,0,N/a,N/a,N/a,N/a,N/a,N/a,N/a,N/a,N/a,N/a,N/a,6,N/a,N/a,N/a,N/a,N/a,N/a,N/a,N/a,N/a,N/a,N/a,N/a,N/a,N/a,N/a,N/a,N/a,N/a,N/a,N/a,N/a,N/a,N/a,N/a,N/a,6,N/a,N/a,N/a,N/a,N/a,N/a,N/a,N/a,N/a,N/a,5,N/a,N/a,N/a,N/a,N/a,N/a,N/a,N/a,N/a,N/a,N/a,N/a,N/a,N/a,N/a,N/a,N/a,N/a,N/a,N/a,N/a,N/a,N/a,36,17.8,6,81,2,11,11,1,1.94,15,5,+10,+1.48,+0.68,0,14,10,9,6,5,6,N/a,N/a,0
Gabriel Magalhães,br BRA,DF,Arsenal,26,1997,28,28,2363.0,26.3,3,1,4,3,0,0,4,0,0.11,0.04,0.15,0.11,0.15,Matches,N/a,N/a,N/a,N/a,N/a,N/a,N/a,N/a,N/a,N/a,N/a,N/a,N/a,N/a,N/a,26.3,3,22,5,22.7,0.84,0.19,0.14,0.60,0,0,N/a,N/a,N/a,N/a,N/a,N/a,N/a,N/a,N/a,N/a,N/a,N/a,N/a,N/a,1,N/a,N/a,N/a,N/a,N/a,N/a,N/a,N/a,N/a,N/a,N/a,9,N/a,N/a,N/a,N/a,N/a,N/a,N/a,N/a,N/a,N/a,N/a,N/a,N/a,N/a,N/a,N/a,N/a,N/a,N/a,N/a,N/a,N/a,N/a,N/a,N/a,15,N/a,N/a,N/a,N/a,N/a,N/a,N/a,N/a,N/a,N/a,16,N/a,N/a,N/a,N/a,N/a,N/a,N/a,N/a,N/a,N/a,N/a,N/a,N/a,N/a,N/a,N/a,N/a,N/a,N/a,N/a,N/a,N/a,N/a,84,69.1,28,84,25,0,N/a,0,2.04,50,22,+28,+1.07,+0.47,0,19,19,0,9,16,15,N/a,N/a,0
Gabriel Martinelli,br BRA,"FW,MF",Arsenal,23,2001,33,25,2290.0,25.4,8,4,12,8,0,0,1,0,0.31,0.16,0.47,0.31,0.47,Matches,N/a,N/a,N/a,N/a,N/a,N/a,N/a,N/a,N/a,N/a,N/a,N/a,N/a,N/a,N/a,25.4,8,56,25,44.6,2.20,0.98,0.14,0.32,0,0,N/a,N/a,N/a,N/a,N/a,N/a,N/a,N/a,N/a,N/a,N/a,N/a,N/a,N/a,4,N/a,N/a,N/a,N/a,N/a,N/a,N/a,N/a,N/a,N/a,N/a,90,N/a,N/a,N/a,N/a,N/a,N/a,N/a,N/a,N/a,N/a,N/a,N/a,N/a,N/a,N/a,N/a,N/a,N/a,N/a,N/a,N/a,N/a,N/a,N/a,N/a,15,N/a,N/a,N/a,N/a,N/a,N/a,N/a,N/a,N/a,N/a,4,N/a,N/a,N/a,N/a,N/a,N/a,N/a,N/a,N/a,N/a,N/a,N/a,N/a,N/a,N/a,N/a,N/a,N/a,N/a,N/a,N/a,N/a,N/a,69,67.0,25,81,10,8,33,2,1.94,45,25,+20,+0.79,-0.41,0,16,21,8,90,4,15,N/a,N/a,0
George Hirst,sct SCO,FW,Ipswich Town,25,1999,26,5,661.0,7.3,3,1,4,3,0,0,3,0,0.41,0.14,0.54,0.41,0.54,Matches,N/a,N/a,N/a,N/a,N/a,N/a,N/a,N/a,N/a,N/a,N/a,N/a,N/a,N/a,N/a,7.3,3,14,7,50.0,1.91,0.95,0.21,0.43,0,0,N/a,N/a,N/a,N/a,N/a,N/a,N/a,N/a,N/a,N/a,N/a,N/a,N/a,N/a,1,N/a,N/a,N/a,N/a,N/a,N/a,N/a,N/a,N/a,N/a,N/a,3,N/a,N/a,N/a,N/a,N/a,N/a,N/a,N/a,N/a,N/a,N/a,N/a,N/a,N/a,N/a,N/a,N/a,N/a,N/a,N/a,N/a,N/a,N/a,N/a,N/a,3,N/a,N/a,N/a,N/a,N/a,N/a,N/a,N/a,N/a,N/a,2,N/a,N/a,N/a,N/a,N/a,N/a,N/a,N/a,N/a,N/a,N/a,N/a,N/a,N/a,N/a,N/a,N/a,N/a,N/a,N/a,N/a,N/a,N/a,25,19.3,5,72,0,21,14,0,0.50,10,16,-6,-0.82,+0.49,0,13,12,3,3,2,3,N/a,N/a,0
Georginio Rutter,fr FRA,"MF,FW",Brighton,22,2002,28,19,1656.0,18.4,5,3,8,5,0,0,2,0,0.27,0.16,0.43,0.27,0.43,Matches,N/a,N/a,N/a,N/a,N/a,N/a,N/a,N/a,N/a,N/a,N/a,N/a,N/a,N/a,N/a,18.4,5,50,12,24.0,2.72,0.65,0.10,0.42,0,0,N/a,N/a,N/a,N/a,N/a,N/a,N/a,N/a,N/a,N/a,N/a,N/a,N/a,N/a,3,N/a,N/a,N/a,N/a,N/a,N/a,N/a,N/a,N/a,N/a,N/a,9,N/a,N/a,N/a,N/a,N/a,N/a,N/a,N/a,N/a,N/a,N/a,N/a,N/a,N/a,N/a,N/a,N/a,N/a,N/a,N/a,N/a,N/a,N/a,N/a,N/a,14,N/a,N/a,N/a,N/a,N/a,N/a,N/a,N/a,N/a,N/a,11,N/a,N/a,N/a,N/a,N/a,N/a,N/a,N/a,N/a,N/a,N/a,N/a,N/a,N/a,N/a,N/a,N/a,N/a,N/a,N/a,N/a,N/a,N/a,59,48.4,19,76,3,9,24,0,1.57,32,29,+3,+0.16,-0.04,0,34,45,7,9,11,14,N/a,N/a,0
Gonçalo Guedes,pt POR,"MF,FW",Wolves,27,1996,29,10,995.0,11.1,2,4,6,2,0,0,1,0,0.18,0.36,0.54,0.18,0.54,Matches,N/a,N/a,N/a,N/a,N/a,N/a,N/a,N/a,N/a,N/a,N/a,N/a,N/a,N/a,N/a,11.1,2,27,8,29.6,2.44,0.72,0.07,0.25,0,0,N/a,N/a,N/a,N/a,N/a,N/a,N/a,N/a,N/a,N/a,N/a,N/a,N/a,N/a,4,N/a,N/a,N/a,N/a,N/a,N/a,N/a,N/a,N/a,N/a,N/a,22,N/a,N/a,N/a,N/a,N/a,N/a,N/a,N/a,N/a,N/a,N/a,N/a,N/a,N/a,N/a,N/a,N/a,N/a,N/a,N/a,N/a,N/a,N/a,N/a,N/a,6,N/a,N/a,N/a,N/a,N/a,N/a,N/a,N/a,N/a,N/a,3,N/a,N/a,N/a,N/a,N/a,N/a,N/a,N/a,N/a,N/a,N/a,N/a,N/a,N/a,N/a,N/a,N/a,N/a,N/a,N/a,N/a,N/a,N/a,34,29.1,10,67,1,19,17,4,0.93,16,25,-9,-0.81,-0.59,0,14,17,3,22,3,6,N/a,N/a,0
Guglielmo Vicario,it ITA,GK,Tottenham,27,1996,24,24,2160.0,24.0,0,0,0,0,0,0,1,0,0.00,0.00,0.00,0.00,0.00,Matches,37,1.54,105,68,64.8,9,3,12,4,16.7,1,1,0,0,0.0,24.0,0,0,0,N/a,0.00,0.00,N/a,N/a,0,0,N/a,N/a,N/a,N/a,N/a,N/a,N/a,N/a,N/a,N/a,N/a,N/a,N/a,N/a,0,N/a,N/a,N/a,N/a,N/a,N/a,N/a,N/a,N/a,N/a,N/a,0,N/a,N/a,N/a,N/a,N/a,N/a,N/a,N/a,N/a,N/a,N/a,N/a,N/a,N/a,N/a,N/a,N/a,N/a,N/a,N/a,N/a,N/a,N/a,N/a,N/a,0,N/a,N/a,N/a,N/a,N/a,N/a,N/a,N/a,N/a,N/a,1,N/a,N/a,N/a,N/a,N/a,N/a,N/a,N/a,N/a,N/a,N/a,N/a,N/a,N/a,N/a,N/a,N/a,N/a,N/a,N/a,N/a,N/a,N/a,90,63.2,24,90,24,0,N/a,2,1.25,43,37,+6,+0.25,+0.75,0,0,2,0,0,1,0,N/a,N/a,0
Guido Rodríguez,ar ARG,MF,West Ham,30,1994,23,16,1149.0,12.8,0,1,1,0,0,0,6,0,0.00,0.08,0.08,0.00,0.08,Matches,N/a,N/a,N/a,N/a,N/a,N/a,N/a,N/a,N/a,N/a,N/a,N/a,N/a,N/a,N/a,12.8,0,8,1,12.5,0.63,0.08,0.00,0.00,0,0,N/a,N/a,N/a,N/a,N/a,N/a,N/a,N/a,N/a,N/a,N/a,N/a,N/a,N/a,1,N/a,N/a,N/a,N/a,N/a,N/a,N/a,N/a,N/a,N/a,N/a,5,N/a,N/a,N/a,N/a,N/a,N/a,N/a,N/a,N/a,N/a,N/a,N/a,N/a,N/a,N/a,N/a,N/a,N/a,N/a,N/a,N/a,N/a,N/a,N/a,N/a,21,N/a,N/a,N/a,N/a,N/a,N/a,N/a,N/a,N/a,N/a,13,N/a,N/a,N/a,N/a,N/a,N/a,N/a,N/a,N/a,N/a,N/a,N/a,N/a,N/a,N/a,N/a,N/a,N/a,N/a,N/a,N/a,N/a,N/a,50,33.6,16,69,3,7,5,13,1.43,18,19,-1,-0.08,+0.52,0,18,12,2,5,13,21,N/a,N/a,0
Hamza Choudhury,bd BAN,MF,Leicester City,26,1997,4,1,131.0,1.5,0,0,0,0,0,0,0,0,0.00,0.00,0.00,0.00,0.00,Matches,N/a,N/a,N/a,N/a,N/a,N/a,N/a,N/a,N/a,N/a,N/a,N/a,N/a,N/a,N/a,1.5,0,0,0,N/a,0.00,0.00,N/a,N/a,0,0,N/a,N/a,N/a,N/a,N/a,N/a,N/a,N/a,N/a,N/a,N/a,N/a,N/a,N/a,0,N/a,N/a,N/a,N/a,N/a,N/a,N/a,N/a,N/a,N/a,N/a,5,N/a,N/a,N/a,N/a,N/a,N/a,N/a,N/a,N/a,N/a,N/a,N/a,N/a,N/a,N/a,N/a,N/a,N/a,N/a,N/a,N/a,N/a,N/a,N/a,N/a,1,N/a,N/a,N/a,N/a,N/a,N/a,N/a,N/a,N/a,N/a,5,N/a,N/a,N/a,N/a,N/a,N/a,N/a,N/a,N/a,N/a,N/a,N/a,N/a,N/a,N/a,N/a,N/a,N/a,N/a,N/a,N/a,N/a,N/a,33,3.8,1,58,0,3,24,11,0.25,0,5,-5,-3.44,-2.29,0,1,0,0,5,5,1,N/a,N/a,0
Harrison Reed,eng ENG,MF,Fulham,29,1995,12,0,108.0,1.2,0,0,0,0,0,0,2,0,0.00,0.00,0.00,0.00,0.00,Matches,N/a,N/a,N/a,N/a,N/a,N/a,N/a,N/a,N/a,N/a,N/a,N/a,N/a,N/a,N/a,1.2,0,3,2,66.7,2.50,1.67,0.00,0.00,0,0,N/a,N/a,N/a,N/a,N/a,N/a,N/a,N/a,N/a,N/a,N/a,N/a,N/a,N/a,0,N/a,N/a,N/a,N/a,N/a,N/a,N/a,N/a,N/a,N/a,N/a,6,N/a,N/a,N/a,N/a,N/a,N/a,N/a,N/a,N/a,N/a,N/a,N/a,N/a,N/a,N/a,N/a,N/a,N/a,N/a,N/a,N/a,N/a,N/a,N/a,N/a,2,N/a,N/a,N/a,N/a,N/a,N/a,N/a,N/a,N/a,N/a,1,N/a,N/a,N/a,N/a,N/a,N/a,N/a,N/a,N/a,N/a,N/a,N/a,N/a,N/a,N/a,N/a,N/a,N/a,N/a,N/a,N/a,N/a,N/a,9,3.2,0,N/a,0,12,9,14,1.75,1,3,-2,-1.67,-1.72,0,6,2,0,6,1,2,N/a,N/a,0
Harry Maguire,eng ENG,DF,Manchester Utd,31,1993,27,19,1758.0,19.5,1,0,1,1,0,0,7,0,0.05,0.00,0.05,0.05,0.05,Matches,N/a,N/a,N/a,N/a,N/a,N/a,N/a,N/a,N/a,N/a,N/a,N/a,N/a,N/a,N/a,19.5,1,15,7,46.7,0.77,0.36,0.07,0.14,0,0,N/a,N/a,N/a,N/a,N/a,N/a,N/a,N/a,N/a,N/a,N/a,N/a,N/a,N/a,0,N/a,N/a,N/a,N/a,N/a,N/a,N/a,N/a,N/a,N/a,N/a,3,N/a,N/a,N/a,N/a,N/a,N/a,N/a,N/a,N/a,N/a,N/a,N/a,N/a,N/a,N/a,N/a,N/a,N/a,N/a,N/a,N/a,N/a,N/a,N/a,N/a,16,N/a,N/a,N/a,N/a,N/a,N/a,N/a,N/a,N/a,N/a,37,N/a,N/a,N/a,N/a,N/a,N/a,N/a,N/a,N/a,N/a,N/a,N/a,N/a,N/a,N/a,N/a,N/a,N/a,N/a,N/a,N/a,N/a,N/a,65,51.4,19,82,13,8,26,3,1.07,20,27,-7,-0.36,-0.20,0,18,11,3,3,37,16,N/a,N/a,0
Harry Toffolo,eng ENG,DF,Nottingham,28,1995,4,1,137.0,1.5,0,0,0,0,0,0,1,0,0.00,0.00,0.00,0.00,0.00,Matches,N/a,N/a,N/a,N/a,N/a,N/a,N/a,N/a,N/a,N/a,N/a,N/a,N/a,N/a,N/a,1.5,0,1,0,0.0,0.66,0.00,0.00,N/a,0,0,N/a,N/a,N/a,N/a,N/a,N/a,N/a,N/a,N/a,N/a,N/a,N/a,N/a,N/a,0,N/a,N/a,N/a,N/a,N/a,N/a,N/a,N/a,N/a,N/a,N/a,4,N/a,N/a,N/a,N/a,N/a,N/a,N/a,N/a,N/a,N/a,N/a,N/a,N/a,N/a,N/a,N/a,N/a,N/a,N/a,N/a,N/a,N/a,N/a,N/a,N/a,3,N/a,N/a,N/a,N/a,N/a,N/a,N/a,N/a,N/a,N/a,1,N/a,N/a,N/a,N/a,N/a,N/a,N/a,N/a,N/a,N/a,N/a,N/a,N/a,N/a,N/a,N/a,N/a,N/a,N/a,N/a,N/a,N/a,N/a,34,4.0,1,90,1,3,16,20,2.50,2,2,0,0.00,-0.33,0,1,0,0,4,1,3,N/a,N/a,0
Harry Winks,eng ENG,MF,Leicester City,28,1996,22,17,1538.0,17.1,0,2,2,0,0,0,4,0,0.00,0.12,0.12,0.00,0.12,Matches,N/a,N/a,N/a,N/a,N/a,N/a,N/a,N/a,N/a,N/a,N/a,N/a,N/a,N/a,N/a,17.1,0,10,4,40.0,0.59,0.23,0.00,0.00,0,0,N/a,N/a,N/a,N/a,N/a,N/a,N/a,N/a,N/a,N/a,N/a,N/a,N/a,N/a,2,N/a,N/a,N/a,N/a,N/a,N/a,N/a,N/a,N/a,N/a,N/a,33,N/a,N/a,N/a,N/a,N/a,N/a,N/a,N/a,N/a,N/a,N/a,N/a,N/a,N/a,N/a,N/a,N/a,N/a,N/a,N/a,N/a,N/a,N/a,N/a,N/a,10,N/a,N/a,N/a,N/a,N/a,N/a,N/a,N/a,N/a,N/a,8,N/a,N/a,N/a,N/a,N/a,N/a,N/a,N/a,N/a,N/a,N/a,N/a,N/a,N/a,N/a,N/a,N/a,N/a,N/a,N/a,N/a,N/a,N/a,70,45.0,17,80,12,5,34,3,0.45,17,34,-17,-0.99,+0.44,0,9,13,0,33,8,10,N/a,N/a,0
Harry Wilson,wls WAL,"MF,FW",Fulham,27,1997,25,12,1162.0,12.9,6,1,7,6,0,0,2,0,0.46,0.08,0.54,0.46,0.54,Matches,N/a,N/a,N/a,N/a,N/a,N/a,N/a,N/a,N/a,N/a,N/a,N/a,N/a,N/a,N/a,12.9,6,43,17,39.5,3.33,1.32,0.14,0.35,0,0,N/a,N/a,N/a,N/a,N/a,N/a,N/a,N/a,N/a,N/a,N/a,N/a,N/a,N/a,1,N/a,N/a,N/a,N/a,N/a,N/a,N/a,N/a,N/a,N/a,N/a,41,N/a,N/a,N/a,N/a,N/a,N/a,N/a,N/a,N/a,N/a,N/a,N/a,N/a,N/a,N/a,N/a,N/a,N/a,N/a,N/a,N/a,N/a,N/a,N/a,N/a,15,N/a,N/a,N/a,N/a,N/a,N/a,N/a,N/a,N/a,N/a,6,N/a,N/a,N/a,N/a,N/a,N/a,N/a,N/a,N/a,N/a,N/a,N/a,N/a,N/a,N/a,N/a,N/a,N/a,N/a,N/a,N/a,N/a,N/a,46,34.0,12,77,1,13,18,3,1.28,23,21,+2,+0.15,+0.23,0,12,22,1,41,6,15,N/a,N/a,0
Harry Clarke,eng ENG,DF,Ipswich Town,23,2001,7,4,379.0,4.2,0,0,0,0,0,0,3,1,0.00,0.00,0.00,0.00,0.00,Matches,N/a,N/a,N/a,N/a,N/a,N/a,N/a,N/a,N/a,N/a,N/a,N/a,N/a,N/a,N/a,4.2,0,1,1,100.0,0.24,0.24,0.00,0.00,0,0,N/a,N/a,N/a,N/a,N/a,N/a,N/a,N/a,N/a,N/a,N/a,N/a,N/a,N/a,0,N/a,N/a,N/a,N/a,N/a,N/a,N/a,N/a,N/a,N/a,N/a,5,N/a,N/a,N/a,N/a,N/a,N/a,N/a,N/a,N/a,N/a,N/a,N/a,N/a,N/a,N/a,N/a,N/a,N/a,N/a,N/a,N/a,N/a,N/a,N/a,N/a,3,N/a,N/a,N/a,N/a,N/a,N/a,N/a,N/a,N/a,N/a,3,N/a,N/a,N/a,N/a,N/a,N/a,N/a,N/a,N/a,N/a,N/a,N/a,N/a,N/a,N/a,N/a,N/a,N/a,N/a,N/a,N/a,N/a,N/a,54,11.1,4,85,3,3,14,5,0.43,4,9,-5,-1.19,+0.03,1,5,1,0,5,3,3,N/a,N/a,0
Harry Amass,eng ENG,MF,Manchester Utd,17,2007,5,4,346.0,3.8,0,0,0,0,0,0,0,0,0.00,0.00,0.00,0.00,0.00,Matches,N/a,N/a,N/a,N/a,N/a,N/a,N/a,N/a,N/a,N/a,N/a,N/a,N/a,N/a,N/a,3.8,0,3,0,0.0,0.78,0.00,0.00,N/a,0,0,N/a,N/a,N/a,N/a,N/a,N/a,N/a,N/a,N/a,N/a,N/a,N/a,N/a,N/a,0,N/a,N/a,N/a,N/a,N/a,N/a,N/a,N/a,N/a,N/a,N/a,9,N/a,N/a,N/a,N/a,N/a,N/a,N/a,N/a,N/a,N/a,N/a,N/a,N/a,N/a,N/a,N/a,N/a,N/a,N/a,N/a,N/a,N/a,N/a,N/a,N/a,2,N/a,N/a,N/a,N/a,N/a,N/a,N/a,N/a,N/a,N/a,2,N/a,N/a,N/a,N/a,N/a,N/a,N/a,N/a,N/a,N/a,N/a,N/a,N/a,N/a,N/a,N/a,N/a,N/a,N/a,N/a,N/a,N/a,N/a,69,10.1,4,81,3,1,22,8,0.60,5,9,-4,-1.04,-0.86,0,2,4,1,9,2,2,N/a,N/a,0
Harvey Barnes,eng ENG,"FW,MF",Newcastle,26,1997,33,17,1755.0,19.5,9,4,13,9,0,0,0,0,0.46,0.21,0.67,0.46,0.67,Matches,N/a,N/a,N/a,N/a,N/a,N/a,N/a,N/a,N/a,N/a,N/a,N/a,N/a,N/a,N/a,19.5,9,63,21,33.3,3.23,1.08,0.14,0.43,0,0,N/a,N/a,N/a,N/a,N/a,N/a,N/a,N/a,N/a,N/a,N/a,N/a,N/a,N/a,4,N/a,N/a,N/a,N/a,N/a,N/a,N/a,N/a,N/a,N/a,N/a,47,N/a,N/a,N/a,N/a,N/a,N/a,N/a,N/a,N/a,N/a,N/a,N/a,N/a,N/a,N/a,N/a,N/a,N/a,N/a,N/a,N/a,N/a,N/a,N/a,N/a,9,N/a,N/a,N/a,N/a,N/a,N/a,N/a,N/a,N/a,N/a,6,N/a,N/a,N/a,N/a,N/a,N/a,N/a,N/a,N/a,N/a,N/a,N/a,N/a,N/a,N/a,N/a,N/a,N/a,N/a,N/a,N/a,N/a,N/a,53,51.3,17,80,6,16,25,1,1.82,34,23,+11,+0.56,+0.02,0,15,23,5,47,6,9,N/a,N/a,0
Harvey Elliott,eng ENG,MF,Liverpool,21,2003,18,2,371.0,4.1,1,2,3,1,0,0,1,0,0.24,0.49,0.73,0.24,0.73,Matches,N/a,N/a,N/a,N/a,N/a,N/a,N/a,N/a,N/a,N/a,N/a,N/a,N/a,N/a,N/a,4.1,1,17,4,23.5,4.12,0.97,0.06,0.25,0,0,N/a,N/a,N/a,N/a,N/a,N/a,N/a,N/a,N/a,N/a,N/a,N/a,N/a,N/a,2,N/a,N/a,N/a,N/a,N/a,N/a,N/a,N/a,N/a,N/a,N/a,12,N/a,N/a,N/a,N/a,N/a,N/a,N/a,N/a,N/a,N/a,N/a,N/a,N/a,N/a,N/a,N/a,N/a,N/a,N/a,N/a,N/a,N/a,N/a,N/a,N/a,3,N/a,N/a,N/a,N/a,N/a,N/a,N/a,N/a,N/a,N/a,1,N/a,N/a,N/a,N/a,N/a,N/a,N/a,N/a,N/a,N/a,N/a,N/a,N/a,N/a,N/a,N/a,N/a,N/a,N/a,N/a,N/a,N/a,N/a,21,10.8,2,79,1,16,13,12,2.06,11,6,+5,+1.21,+0.03,0,0,1,1,12,1,3,N/a,N/a,0
Hwang Hee-chan,kr KOR,"MF,FW",Wolves,28,1996,21,5,661.0,7.3,2,0,2,2,0,0,0,0,0.27,0.00,0.27,0.27,0.27,Matches,N/a,N/a,N/a,N/a,N/a,N/a,N/a,N/a,N/a,N/a,N/a,N/a,N/a,N/a,N/a,7.3,2,5,3,60.0,0.68,0.41,0.40,0.67,0,0,N/a,N/a,N/a,N/a,N/a,N/a,N/a,N/a,N/a,N/a,N/a,N/a,N/a,N/a,0,N/a,N/a,N/a,N/a,N/a,N/a,N/a,N/a,N/a,N/a,N/a,7,N/a,N/a,N/a,N/a,N/a,N/a,N/a,N/a,N/a,N/a,N/a,N/a,N/a,N/a,N/a,N/a,N/a,N/a,N/a,N/a,N/a,N/a,N/a,N/a,N/a,4,N/a,N/a,N/a,N/a,N/a,N/a,N/a,N/a,N/a,N/a,3,N/a,N/a,N/a,N/a,N/a,N/a,N/a,N/a,N/a,N/a,N/a,N/a,N/a,N/a,N/a,N/a,N/a,N/a,N/a,N/a,N/a,N/a,N/a,31,19.3,5,69,1,16,20,8,0.86,8,19,-11,-1.50,-1.37,0,6,9,0,7,3,4,N/a,N/a,0
Hákon Valdimarsson,is ISL,GK,Brentford,22,2001,2,1,145.0,1.6,0,0,0,0,0,0,0,0,0.00,0.00,0.00,0.00,0.00,Matches,2,1.24,5,3,60.0,0,0,1,1,100.0,0,0,0,0,N/a,1.6,0,0,0,N/a,0.00,0.00,N/a,N/a,0,0,N/a,N/a,N/a,N/a,N/a,N/a,N/a,N/a,N/a,N/a,N/a,N/a,N/a,N/a,0,N/a,N/a,N/a,N/a,N/a,N/a,N/a,N/a,N/a,N/a,N/a,0,N/a,N/a,N/a,N/a,N/a,N/a,N/a,N/a,N/a,N/a,N/a,N/a,N/a,N/a,N/a,N/a,N/a,N/a,N/a,N/a,N/a,N/a,N/a,N/a,N/a,0,N/a,N/a,N/a,N/a,N/a,N/a,N/a,N/a,N/a,N/a,0,N/a,N/a,N/a,N/a,N/a,N/a,N/a,N/a,N/a,N/a,N/a,N/a,N/a,N/a,N/a,N/a,N/a,N/a,N/a,N/a,N/a,N/a,N/a,73,4.2,1,90,1,1,55,36,0.50,0,2,-2,-1.24,-1.54,0,0,0,0,0,0,0,N/a,N/a,0
Ian Maatsen,nl NED,DF,Aston Villa,22,2002,29,10,1139.0,12.7,1,2,3,1,0,0,2,0,0.08,0.16,0.24,0.08,0.24,Matches,N/a,N/a,N/a,N/a,N/a,N/a,N/a,N/a,N/a,N/a,N/a,N/a,N/a,N/a,N/a,12.7,1,19,5,26.3,1.50,0.40,0.05,0.20,0,0,N/a,N/a,N/a,N/a,N/a,N/a,N/a,N/a,N/a,N/a,N/a,N/a,N/a,N/a,2,N/a,N/a,N/a,N/a,N/a,N/a,N/a,N/a,N/a,N/a,N/a,51,N/a,N/a,N/a,N/a,N/a,N/a,N/a,N/a,N/a,N/a,N/a,N/a,N/a,N/a,N/a,N/a,N/a,N/a,N/a,N/a,N/a,N/a,N/a,N/a,N/a,18,N/a,N/a,N/a,N/a,N/a,N/a,N/a,N/a,N/a,N/a,18,N/a,N/a,N/a,N/a,N/a,N/a,N/a,N/a,N/a,N/a,N/a,N/a,N/a,N/a,N/a,N/a,N/a,N/a,N/a,N/a,N/a,N/a,N/a,39,33.3,10,78,6,19,19,8,1.76,23,16,+7,+0.55,+0.55,0,11,9,3,51,18,18,N/a,N/a,0
Ibrahim Sangaré,ci CIV,MF,Nottingham,26,1997,13,7,590.0,6.6,0,1,1,0,0,0,3,0,0.00,0.15,0.15,0.00,0.15,Matches,N/a,N/a,N/a,N/a,N/a,N/a,N/a,N/a,N/a,N/a,N/a,N/a,N/a,N/a,N/a,6.6,0,1,1,100.0,0.15,0.15,0.00,0.00,0,0,N/a,N/a,N/a,N/a,N/a,N/a,N/a,N/a,N/a,N/a,N/a,N/a,N/a,N/a,1,N/a,N/a,N/a,N/a,N/a,N/a,N/a,N/a,N/a,N/a,N/a,2,N/a,N/a,N/a,N/a,N/a,N/a,N/a,N/a,N/a,N/a,N/a,N/a,N/a,N/a,N/a,N/a,N/a,N/a,N/a,N/a,N/a,N/a,N/a,N/a,N/a,13,N/a,N/a,N/a,N/a,N/a,N/a,N/a,N/a,N/a,N/a,7,N/a,N/a,N/a,N/a,N/a,N/a,N/a,N/a,N/a,N/a,N/a,N/a,N/a,N/a,N/a,N/a,N/a,N/a,N/a,N/a,N/a,N/a,N/a,45,17.3,7,72,1,6,14,5,1.46,11,6,+5,+0.76,+0.54,0,16,8,0,2,7,13,N/a,N/a,0
Ibrahima Konaté,fr FRA,DF,Liverpool,25,1999,31,30,2560.0,28.4,1,2,3,1,0,0,5,0,0.04,0.07,0.11,0.04,0.11,Matches,N/a,N/a,N/a,N/a,N/a,N/a,N/a,N/a,N/a,N/a,N/a,N/a,N/a,N/a,N/a,28.4,1,19,4,21.1,0.67,0.14,0.05,0.25,0,0,N/a,N/a,N/a,N/a,N/a,N/a,N/a,N/a,N/a,N/a,N/a,N/a,N/a,N/a,2,N/a,N/a,N/a,N/a,N/a,N/a,N/a,N/a,N/a,N/a,N/a,0,N/a,N/a,N/a,N/a,N/a,N/a,N/a,N/a,N/a,N/a,N/a,N/a,N/a,N/a,N/a,N/a,N/a,N/a,N/a,N/a,N/a,N/a,N/a,N/a,N/a,28,N/a,N/a,N/a,N/a,N/a,N/a,N/a,N/a,N/a,N/a,19,N/a,N/a,N/a,N/a,N/a,N/a,N/a,N/a,N/a,N/a,N/a,N/a,N/a,N/a,N/a,N/a,N/a,N/a,N/a,N/a,N/a,N/a,N/a,83,74.9,30,84,24,1,45,1,2.26,60,28,+32,+1.13,-0.24,0,27,20,0,0,19,28,N/a,N/a,0
Idrissa Gueye,sn SEN,MF,Everton,34,1989,37,35,3063.0,34.0,0,3,3,0,0,0,9,0,0.00,0.09,0.09,0.00,0.09,Matches,N/a,N/a,N/a,N/a,N/a,N/a,N/a,N/a,N/a,N/a,N/a,N/a,N/a,N/a,N/a,34.0,0,27,5,18.5,0.79,0.15,0.00,0.00,0,0,N/a,N/a,N/a,N/a,N/a,N/a,N/a,N/a,N/a,N/a,N/a,N/a,N/a,N/a,3,N/a,N/a,N/a,N/a,N/a,N/a,N/a,N/a,N/a,N/a,N/a,7,N/a,N/a,N/a,N/a,N/a,N/a,N/a,N/a,N/a,N/a,N/a,N/a,N/a,N/a,N/a,N/a,N/a,N/a,N/a,N/a,N/a,N/a,N/a,N/a,N/a,76,N/a,N/a,N/a,N/a,N/a,N/a,N/a,N/a,N/a,N/a,46,N/a,N/a,N/a,N/a,N/a,N/a,N/a,N/a,N/a,N/a,N/a,N/a,N/a,N/a,N/a,N/a,N/a,N/a,N/a,N/a,N/a,N/a,N/a,83,89.6,35,86,25,2,21,0,1.27,37,39,-2,-0.06,-0.06,0,55,46,0,7,46,76,N/a,N/a,0
Igor,br BRA,DF,Brighton,26,1998,13,10,961.0,10.7,0,0,0,0,0,0,4,0,0.00,0.00,0.00,0.00,0.00,Matches,N/a,N/a,N/a,N/a,N/a,N/a,N/a,N/a,N/a,N/a,N/a,N/a,N/a,N/a,N/a,10.7,0,1,0,0.0,0.09,0.00,0.00,N/a,0,0,N/a,N/a,N/a,N/a,N/a,N/a,N/a,N/a,N/a,N/a,N/a,N/a,N/a,N/a,0,N/a,N/a,N/a,N/a,N/a,N/a,N/a,N/a,N/a,N/a,N/a,4,N/a,N/a,N/a,N/a,N/a,N/a,N/a,N/a,N/a,N/a,N/a,N/a,N/a,N/a,N/a,N/a,N/a,N/a,N/a,N/a,N/a,N/a,N/a,N/a,N/a,5,N/a,N/a,N/a,N/a,N/a,N/a,N/a,N/a,N/a,N/a,4,N/a,N/a,N/a,N/a,N/a,N/a,N/a,N/a,N/a,N/a,N/a,N/a,N/a,N/a,N/a,N/a,N/a,N/a,N/a,N/a,N/a,N/a,N/a,74,28.1,10,84,8,3,39,10,1.54,17,17,0,0.00,-0.26,0,9,7,0,4,4,5,N/a,N/a,0
Igor Thiago,br BRA,FW,Brentford,23,2001,8,1,175.0,1.9,0,0,0,0,0,0,0,0,0.00,0.00,0.00,0.00,0.00,Matches,N/a,N/a,N/a,N/a,N/a,N/a,N/a,N/a,N/a,N/a,N/a,N/a,N/a,N/a,N/a,1.9,0,2,0,0.0,1.03,0.00,0.00,N/a,0,0,N/a,N/a,N/a,N/a,N/a,N/a,N/a,N/a,N/a,N/a,N/a,N/a,N/a,N/a,0,N/a,N/a,N/a,N/a,N/a,N/a,N/a,N/a,N/a,N/a,N/a,2,N/a,N/a,N/a,N/a,N/a,N/a,N/a,N/a,N/a,N/a,N/a,N/a,N/a,N/a,N/a,N/a,N/a,N/a,N/a,N/a,N/a,N/a,N/a,N/a,N/a,3,N/a,N/a,N/a,N/a,N/a,N/a,N/a,N/a,N/a,N/a,1,N/a,N/a,N/a,N/a,N/a,N/a,N/a,N/a,N/a,N/a,N/a,N/a,N/a,N/a,N/a,N/a,N/a,N/a,N/a,N/a,N/a,N/a,N/a,22,5.1,1,72,0,7,15,0,1.75,3,4,-1,-0.51,-0.79,0,3,3,1,2,1,3,N/a,N/a,0
Iliman Ndiaye,sn SEN,"MF,FW",Everton,24,2000,33,29,2430.0,27.0,9,0,9,7,2,2,3,0,0.33,0.00,0.33,0.26,0.26,Matches,N/a,N/a,N/a,N/a,N/a,N/a,N/a,N/a,N/a,N/a,N/a,N/a,N/a,N/a,N/a,27.0,9,37,17,45.9,1.37,0.63,0.24,0.53,2,2,N/a,N/a,N/a,N/a,N/a,N/a,N/a,N/a,N/a,N/a,N/a,N/a,N/a,N/a,0,N/a,N/a,N/a,N/a,N/a,N/a,N/a,N/a,N/a,N/a,N/a,37,N/a,N/a,N/a,N/a,N/a,N/a,N/a,N/a,N/a,N/a,N/a,N/a,N/a,N/a,N/a,N/a,N/a,N/a,N/a,N/a,N/a,N/a,N/a,N/a,N/a,27,N/a,N/a,N/a,N/a,N/a,N/a,N/a,N/a,N/a,N/a,19,N/a,N/a,N/a,N/a,N/a,N/a,N/a,N/a,N/a,N/a,N/a,N/a,N/a,N/a,N/a,N/a,N/a,N/a,N/a,N/a,N/a,N/a,N/a,74,71.1,29,80,14,4,29,0,1.24,32,24,+8,+0.30,+1.21,0,24,52,5,37,19,27,N/a,N/a,0
Illia Zabarnyi,ua UKR,DF,Bournemouth,21,2002,36,35,3109.0,34.5,0,1,1,0,0,0,4,1,0.00,0.03,0.03,0.00,0.03,Matches,N/a,N/a,N/a,N/a,N/a,N/a,N/a,N/a,N/a,N/a,N/a,N/a,N/a,N/a,N/a,34.5,0,12,1,8.3,0.35,0.03,0.00,0.00,0,0,N/a,N/a,N/a,N/a,N/a,N/a,N/a,N/a,N/a,N/a,N/a,N/a,N/a,N/a,1,N/a,N/a,N/a,N/a,N/a,N/a,N/a,N/a,N/a,N/a,N/a,6,N/a,N/a,N/a,N/a,N/a,N/a,N/a,N/a,N/a,N/a,N/a,N/a,N/a,N/a,N/a,N/a,N/a,N/a,N/a,N/a,N/a,N/a,N/a,N/a,N/a,35,N/a,N/a,N/a,N/a,N/a,N/a,N/a,N/a,N/a,N/a,39,N/a,N/a,N/a,N/a,N/a,N/a,N/a,N/a,N/a,N/a,N/a,N/a,N/a,N/a,N/a,N/a,N/a,N/a,N/a,N/a,N/a,N/a,N/a,86,90.9,35,88,30,1,45,0,1.53,53,41,+12,+0.35,+0.35,0,20,7,0,6,39,35,N/a,N/a,0
Ismaila Sarr,sn SEN,MF,Crystal Palace,26,1998,38,30,2711.0,30.1,8,6,14,8,0,0,4,0,0.27,0.20,0.46,0.27,0.46,Matches,N/a,N/a,N/a,N/a,N/a,N/a,N/a,N/a,N/a,N/a,N/a,N/a,N/a,N/a,N/a,30.1,8,59,29,49.2,1.96,0.96,0.14,0.28,0,0,N/a,N/a,N/a,N/a,N/a,N/a,N/a,N/a,N/a,N/a,N/a,N/a,N/a,N/a,6,N/a,N/a,N/a,N/a,N/a,N/a,N/a,N/a,N/a,N/a,N/a,55,N/a,N/a,N/a,N/a,N/a,N/a,N/a,N/a,N/a,N/a,N/a,N/a,N/a,N/a,N/a,N/a,N/a,N/a,N/a,N/a,N/a,N/a,N/a,N/a,N/a,11,N/a,N/a,N/a,N/a,N/a,N/a,N/a,N/a,N/a,N/a,8,N/a,N/a,N/a,N/a,N/a,N/a,N/a,N/a,N/a,N/a,N/a,N/a,N/a,N/a,N/a,N/a,N/a,N/a,N/a,N/a,N/a,N/a,N/a,71,79.3,30,84,13,8,22,0,1.39,42,39,+3,+0.10,+0.48,0,14,55,11,55,8,11,N/a,N/a,0
Issa Diop,ma MAR,DF,Fulham,27,1997,21,15,1339.0,14.9,0,0,0,0,0,0,2,0,0.00,0.00,0.00,0.00,0.00,Matches,N/a,N/a,N/a,N/a,N/a,N/a,N/a,N/a,N/a,N/a,N/a,N/a,N/a,N/a,N/a,14.9,0,5,2,40.0,0.34,0.13,0.00,0.00,0,0,N/a,N/a,N/a,N/a,N/a,N/a,N/a,N/a,N/a,N/a,N/a,N/a,N/a,N/a,0,N/a,N/a,N/a,N/a,N/a,N/a,N/a,N/a,N/a,N/a,N/a,1,N/a,N/a,N/a,N/a,N/a,N/a,N/a,N/a,N/a,N/a,N/a,N/a,N/a,N/a,N/a,N/a,N/a,N/a,N/a,N/a,N/a,N/a,N/a,N/a,N/a,12,N/a,N/a,N/a,N/a,N/a,N/a,N/a,N/a,N/a,N/a,9,N/a,N/a,N/a,N/a,N/a,N/a,N/a,N/a,N/a,N/a,N/a,N/a,N/a,N/a,N/a,N/a,N/a,N/a,N/a,N/a,N/a,N/a,N/a,64,39.2,15,86,13,6,8,9,1.52,19,19,0,0.00,0.00,0,10,4,0,1,9,12,N/a,N/a,1
Jack Stephens,eng ENG,DF,Southampton,30,1994,19,17,1389.0,15.4,1,0,1,1,0,0,2,2,0.06,0.00,0.06,0.06,0.06,Matches,N/a,N/a,N/a,N/a,N/a,N/a,N/a,N/a,N/a,N/a,N/a,N/a,N/a,N/a,N/a,15.4,1,4,2,50.0,0.26,0.13,0.25,0.50,0,0,N/a,N/a,N/a,N/a,N/a,N/a,N/a,N/a,N/a,N/a,N/a,N/a,N/a,N/a,0,N/a,N/a,N/a,N/a,N/a,N/a,N/a,N/a,N/a,N/a,N/a,1,N/a,N/a,N/a,N/a,N/a,N/a,N/a,N/a,N/a,N/a,N/a,N/a,N/a,N/a,N/a,N/a,N/a,N/a,N/a,N/a,N/a,N/a,N/a,N/a,N/a,20,N/a,N/a,N/a,N/a,N/a,N/a,N/a,N/a,N/a,N/a,12,N/a,N/a,N/a,N/a,N/a,N/a,N/a,N/a,N/a,N/a,N/a,N/a,N/a,N/a,N/a,N/a,N/a,N/a,N/a,N/a,N/a,N/a,N/a,73,40.6,17,81,12,2,6,4,0.53,8,28,-20,-1.30,+0.48,0,13,4,1,1,12,20,N/a,N/a,0
Jack Grealish,eng ENG,"MF,FW",Manchester City,28,1995,20,7,721.0,8.0,1,1,2,1,0,0,3,0,0.12,0.12,0.25,0.12,0.25,Matches,N/a,N/a,N/a,N/a,N/a,N/a,N/a,N/a,N/a,N/a,N/a,N/a,N/a,N/a,N/a,8.0,1,15,5,33.3,1.87,0.62,0.07,0.20,0,0,N/a,N/a,N/a,N/a,N/a,N/a,N/a,N/a,N/a,N/a,N/a,N/a,N/a,N/a,1,N/a,N/a,N/a,N/a,N/a,N/a,N/a,N/a,N/a,N/a,N/a,20,N/a,N/a,N/a,N/a,N/a,N/a,N/a,N/a,N/a,N/a,N/a,N/a,N/a,N/a,N/a,N/a,N/a,N/a,N/a,N/a,N/a,N/a,N/a,N/a,N/a,4,N/a,N/a,N/a,N/a,N/a,N/a,N/a,N/a,N/a,N/a,2,N/a,N/a,N/a,N/a,N/a,N/a,N/a,N/a,N/a,N/a,N/a,N/a,N/a,N/a,N/a,N/a,N/a,N/a,N/a,N/a,N/a,N/a,N/a,36,21.1,7,81,2,13,12,12,2.00,17,10,+7,+0.87,+0.17,0,5,25,0,20,2,4,N/a,N/a,0
Jack Harrison,eng ENG,"MF,FW",Everton,27,1996,34,24,2076.0,23.1,1,0,1,1,0,0,0,0,0.04,0.00,0.04,0.04,0.04,Matches,N/a,N/a,N/a,N/a,N/a,N/a,N/a,N/a,N/a,N/a,N/a,N/a,N/a,N/a,N/a,23.1,1,29,7,24.1,1.26,0.30,0.03,0.14,0,0,N/a,N/a,N/a,N/a,N/a,N/a,N/a,N/a,N/a,N/a,N/a,N/a,N/a,N/a,0,N/a,N/a,N/a,N/a,N/a,N/a,N/a,N/a,N/a,N/a,N/a,131,N/a,N/a,N/a,N/a,N/a,N/a,N/a,N/a,N/a,N/a,N/a,N/a,N/a,N/a,N/a,N/a,N/a,N/a,N/a,N/a,N/a,N/a,N/a,N/a,N/a,23,N/a,N/a,N/a,N/a,N/a,N/a,N/a,N/a,N/a,N/a,9,N/a,N/a,N/a,N/a,N/a,N/a,N/a,N/a,N/a,N/a,N/a,N/a,N/a,N/a,N/a,N/a,N/a,N/a,N/a,N/a,N/a,N/a,N/a,61,60.7,24,76,8,10,26,4,1.21,20,27,-7,-0.30,-0.64,0,13,28,4,131,9,23,N/a,N/a,0
Jack Taylor,ie IRL,MF,Ipswich Town,26,1998,32,4,860.0,9.6,1,0,1,1,0,0,4,0,0.10,0.00,0.10,0.10,0.10,Matches,N/a,N/a,N/a,N/a,N/a,N/a,N/a,N/a,N/a,N/a,N/a,N/a,N/a,N/a,N/a,9.6,1,19,4,21.1,1.99,0.42,0.05,0.25,0,0,N/a,N/a,N/a,N/a,N/a,N/a,N/a,N/a,N/a,N/a,N/a,N/a,N/a,N/a,0,N/a,N/a,N/a,N/a,N/a,N/a,N/a,N/a,N/a,N/a,N/a,7,N/a,N/a,N/a,N/a,N/a,N/a,N/a,N/a,N/a,N/a,N/a,N/a,N/a,N/a,N/a,N/a,N/a,N/a,N/a,N/a,N/a,N/a,N/a,N/a,N/a,11,N/a,N/a,N/a,N/a,N/a,N/a,N/a,N/a,N/a,N/a,9,N/a,N/a,N/a,N/a,N/a,N/a,N/a,N/a,N/a,N/a,N/a,N/a,N/a,N/a,N/a,N/a,N/a,N/a,N/a,N/a,N/a,N/a,N/a,27,25.1,4,79,0,28,19,1,0.50,7,20,-13,-1.36,-0.20,0,16,5,0,7,9,11,N/a,N/a,0
Jack Clarke,eng ENG,MF,Ipswich Town,23,2000,32,12,1181.0,13.1,0,4,4,0,0,0,2,0,0.00,0.30,0.30,0.00,0.30,Matches,N/a,N/a,N/a,N/a,N/a,N/a,N/a,N/a,N/a,N/a,N/a,N/a,N/a,N/a,N/a,13.1,0,17,2,11.8,1.30,0.15,0.00,0.00,0,0,N/a,N/a,N/a,N/a,N/a,N/a,N/a,N/a,N/a,N/a,N/a,N/a,N/a,N/a,4,N/a,N/a,N/a,N/a,N/a,N/a,N/a,N/a,N/a,N/a,N/a,14,N/a,N/a,N/a,N/a,N/a,N/a,N/a,N/a,N/a,N/a,N/a,N/a,N/a,N/a,N/a,N/a,N/a,N/a,N/a,N/a,N/a,N/a,N/a,N/a,N/a,18,N/a,N/a,N/a,N/a,N/a,N/a,N/a,N/a,N/a,N/a,7,N/a,N/a,N/a,N/a,N/a,N/a,N/a,N/a,N/a,N/a,N/a,N/a,N/a,N/a,N/a,N/a,N/a,N/a,N/a,N/a,N/a,N/a,N/a,37,34.5,12,66,1,20,19,3,0.59,14,31,-17,-1.30,-0.13,0,16,23,3,14,7,18,N/a,N/a,0
Jack Hinshelwood,eng ENG,"MF,DF",Brighton,19,2005,26,22,1842.0,20.5,5,2,7,5,0,0,5,0,0.24,0.10,0.34,0.24,0.34,Matches,N/a,N/a,N/a,N/a,N/a,N/a,N/a,N/a,N/a,N/a,N/a,N/a,N/a,N/a,N/a,20.5,5,18,10,55.6,0.88,0.49,0.28,0.50,0,0,N/a,N/a,N/a,N/a,N/a,N/a,N/a,N/a,N/a,N/a,N/a,N/a,N/a,N/a,2,N/a,N/a,N/a,N/a,N/a,N/a,N/a,N/a,N/a,N/a,N/a,28,N/a,N/a,N/a,N/a,N/a,N/a,N/a,N/a,N/a,N/a,N/a,N/a,N/a,N/a,N/a,N/a,N/a,N/a,N/a,N/a,N/a,N/a,N/a,N/a,N/a,19,N/a,N/a,N/a,N/a,N/a,N/a,N/a,N/a,N/a,N/a,11,N/a,N/a,N/a,N/a,N/a,N/a,N/a,N/a,N/a,N/a,N/a,N/a,N/a,N/a,N/a,N/a,N/a,N/a,N/a,N/a,N/a,N/a,N/a,71,53.9,22,82,12,4,11,0,1.73,39,30,+9,+0.44,+0.55,0,18,9,0,28,11,19,N/a,N/a,0
Jacob Murphy,eng ENG,"FW,MF",Newcastle,29,1995,35,31,2360.0,26.2,8,12,20,8,0,0,4,0,0.31,0.46,0.76,0.31,0.76,Matches,N/a,N/a,N/a,N/a,N/a,N/a,N/a,N/a,N/a,N/a,N/a,N/a,N/a,N/a,N/a,26.2,8,43,15,34.9,1.64,0.57,0.19,0.53,0,0,N/a,N/a,N/a,N/a,N/a,N/a,N/a,N/a,N/a,N/a,N/a,N/a,N/a,N/a,12,N/a,N/a,N/a,N/a,N/a,N/a,N/a,N/a,N/a,N/a,N/a,119,N/a,N/a,N/a,N/a,N/a,N/a,N/a,N/a,N/a,N/a,N/a,N/a,N/a,N/a,N/a,N/a,N/a,N/a,N/a,N/a,N/a,N/a,N/a,N/a,N/a,18,N/a,N/a,N/a,N/a,N/a,N/a,N/a,N/a,N/a,N/a,11,N/a,N/a,N/a,N/a,N/a,N/a,N/a,N/a,N/a,N/a,N/a,N/a,N/a,N/a,N/a,N/a,N/a,N/a,N/a,N/a,N/a,N/a,N/a,67,69.0,31,72,6,4,30,2,1.69,53,31,+22,+0.84,+0.92,0,11,14,3,119,11,18,N/a,N/a,0
Jacob Greaves,eng ENG,DF,Ipswich Town,23,2000,25,25,2205.0,24.5,1,0,1,1,0,0,5,0,0.04,0.00,0.04,0.04,0.04,Matches,N/a,N/a,N/a,N/a,N/a,N/a,N/a,N/a,N/a,N/a,N/a,N/a,N/a,N/a,N/a,24.5,1,10,4,40.0,0.41,0.16,0.10,0.25,0,0,N/a,N/a,N/a,N/a,N/a,N/a,N/a,N/a,N/a,N/a,N/a,N/a,N/a,N/a,0,N/a,N/a,N/a,N/a,N/a,N/a,N/a,N/a,N/a,N/a,N/a,1,N/a,N/a,N/a,N/a,N/a,N/a,N/a,N/a,N/a,N/a,N/a,N/a,N/a,N/a,N/a,N/a,N/a,N/a,N/a,N/a,N/a,N/a,N/a,N/a,N/a,22,N/a,N/a,N/a,N/a,N/a,N/a,N/a,N/a,N/a,N/a,21,N/a,N/a,N/a,N/a,N/a,N/a,N/a,N/a,N/a,N/a,N/a,N/a,N/a,N/a,N/a,N/a,N/a,N/a,N/a,N/a,N/a,N/a,N/a,88,64.5,25,88,24,0,N/a,2,0.40,19,53,-34,-1.39,-0.50,0,16,21,1,1,21,22,N/a,N/a,0
Jacob Ramsey,eng ENG,MF,Aston Villa,23,2001,29,19,1623.0,18.0,1,3,4,1,0,0,4,1,0.06,0.17,0.22,0.06,0.22,Matches,N/a,N/a,N/a,N/a,N/a,N/a,N/a,N/a,N/a,N/a,N/a,N/a,N/a,N/a,N/a,18.0,1,19,4,21.1,1.05,0.22,0.05,0.25,0,0,N/a,N/a,N/a,N/a,N/a,N/a,N/a,N/a,N/a,N/a,N/a,N/a,N/a,N/a,3,N/a,N/a,N/a,N/a,N/a,N/a,N/a,N/a,N/a,N/a,N/a,11,N/a,N/a,N/a,N/a,N/a,N/a,N/a,N/a,N/a,N/a,N/a,N/a,N/a,N/a,N/a,N/a,N/a,N/a,N/a,N/a,N/a,N/a,N/a,N/a,N/a,15,N/a,N/a,N/a,N/a,N/a,N/a,N/a,N/a,N/a,N/a,8,N/a,N/a,N/a,N/a,N/a,N/a,N/a,N/a,N/a,N/a,N/a,N/a,N/a,N/a,N/a,N/a,N/a,N/a,N/a,N/a,N/a,N/a,N/a,56,47.5,19,68,2,10,34,0,1.79,25,26,-1,-0.06,-0.46,1,13,28,5,11,8,15,N/a,N/a,0
Jaden Philogene Bidace,eng ENG,MF,Aston Villa,22,2002,11,2,332.0,3.7,0,0,0,0,0,0,4,1,0.00,0.00,0.00,0.00,0.00,Matches,N/a,N/a,N/a,N/a,N/a,N/a,N/a,N/a,N/a,N/a,N/a,N/a,N/a,N/a,N/a,3.7,0,7,0,0.0,1.90,0.00,0.00,N/a,0,0,N/a,N/a,N/a,N/a,N/a,N/a,N/a,N/a,N/a,N/a,N/a,N/a,N/a,N/a,0,N/a,N/a,N/a,N/a,N/a,N/a,N/a,N/a,N/a,N/a,N/a,4,N/a,N/a,N/a,N/a,N/a,N/a,N/a,N/a,N/a,N/a,N/a,N/a,N/a,N/a,N/a,N/a,N/a,N/a,N/a,N/a,N/a,N/a,N/a,N/a,N/a,5,N/a,N/a,N/a,N/a,N/a,N/a,N/a,N/a,N/a,N/a,3,N/a,N/a,N/a,N/a,N/a,N/a,N/a,N/a,N/a,N/a,N/a,N/a,N/a,N/a,N/a,N/a,N/a,N/a,N/a,N/a,N/a,N/a,N/a,30,9.7,2,78,1,9,20,3,1.64,2,5,-3,-0.81,-1.10,1,13,8,1,4,3,5,N/a,N/a,0
Jaden Philogene Bidace,eng ENG,MF,Ipswich Town,22,2002,10,5,474.0,5.3,2,0,2,2,0,0,1,0,0.38,0.00,0.38,0.38,0.38,Matches,N/a,N/a,N/a,N/a,N/a,N/a,N/a,N/a,N/a,N/a,N/a,N/a,N/a,N/a,N/a,5.3,2,12,6,50.0,2.28,1.14,0.17,0.33,0,0,N/a,N/a,N/a,N/a,N/a,N/a,N/a,N/a,N/a,N/a,N/a,N/a,N/a,N/a,0,N/a,N/a,N/a,N/a,N/a,N/a,N/a,N/a,N/a,N/a,N/a,13,N/a,N/a,N/a,N/a,N/a,N/a,N/a,N/a,N/a,N/a,N/a,N/a,N/a,N/a,N/a,N/a,N/a,N/a,N/a,N/a,N/a,N/a,N/a,N/a,N/a,7,N/a,N/a,N/a,N/a,N/a,N/a,N/a,N/a,N/a,N/a,8,N/a,N/a,N/a,N/a,N/a,N/a,N/a,N/a,N/a,N/a,N/a,N/a,N/a,N/a,N/a,N/a,N/a,N/a,N/a,N/a,N/a,N/a,N/a,47,13.9,5,81,2,5,14,1,0.40,3,17,-14,-2.66,-1.68,0,8,10,1,13,8,7,N/a,N/a,0
Jadon Sancho,eng ENG,MF,Chelsea,24,2000,31,19,1764.0,19.6,3,4,7,3,0,0,2,0,0.15,0.20,0.36,0.15,0.36,Matches,N/a,N/a,N/a,N/a,N/a,N/a,N/a,N/a,N/a,N/a,N/a,N/a,N/a,N/a,N/a,19.6,3,24,8,33.3,1.22,0.41,0.13,0.38,0,0,N/a,N/a,N/a,N/a,N/a,N/a,N/a,N/a,N/a,N/a,N/a,N/a,N/a,N/a,4,N/a,N/a,N/a,N/a,N/a,N/a,N/a,N/a,N/a,N/a,N/a,24,N/a,N/a,N/a,N/a,N/a,N/a,N/a,N/a,N/a,N/a,N/a,N/a,N/a,N/a,N/a,N/a,N/a,N/a,N/a,N/a,N/a,N/a,N/a,N/a,N/a,7,N/a,N/a,N/a,N/a,N/a,N/a,N/a,N/a,N/a,N/a,2,N/a,N/a,N/a,N/a,N/a,N/a,N/a,N/a,N/a,N/a,N/a,N/a,N/a,N/a,N/a,N/a,N/a,N/a,N/a,N/a,N/a,N/a,N/a,57,51.6,19,76,7,12,27,1,1.84,35,24,+11,+0.56,+0.02,0,6,11,6,24,2,7,N/a,N/a,0
Jahmai Simpson-Pusey,eng ENG,DF,Manchester City,18,2005,2,1,96.0,1.1,0,0,0,0,0,0,1,0,0.00,0.00,0.00,0.00,0.00,Matches,N/a,N/a,N/a,N/a,N/a,N/a,N/a,N/a,N/a,N/a,N/a,N/a,N/a,N/a,N/a,1.1,0,0,0,N/a,0.00,0.00,N/a,N/a,0,0,N/a,N/a,N/a,N/a,N/a,N/a,N/a,N/a,N/a,N/a,N/a,N/a,N/a,N/a,0,N/a,N/a,N/a,N/a,N/a,N/a,N/a,N/a,N/a,N/a,N/a,0,N/a,N/a,N/a,N/a,N/a,N/a,N/a,N/a,N/a,N/a,N/a,N/a,N/a,N/a,N/a,N/a,N/a,N/a,N/a,N/a,N/a,N/a,N/a,N/a,N/a,0,N/a,N/a,N/a,N/a,N/a,N/a,N/a,N/a,N/a,N/a,0,N/a,N/a,N/a,N/a,N/a,N/a,N/a,N/a,N/a,N/a,N/a,N/a,N/a,N/a,N/a,N/a,N/a,N/a,N/a,N/a,N/a,N/a,N/a,48,2.8,1,90,1,1,6,8,0.50,1,2,-1,-0.94,-1.72,0,0,1,0,0,0,0,N/a,N/a,0
Jake O'Brien,ie IRL,DF,Everton,23,2001,20,17,1571.0,17.5,2,0,2,2,0,0,5,0,0.11,0.00,0.11,0.11,0.11,Matches,N/a,N/a,N/a,N/a,N/a,N/a,N/a,N/a,N/a,N/a,N/a,N/a,N/a,N/a,N/a,17.5,2,6,3,50.0,0.34,0.17,0.33,0.67,0,0,N/a,N/a,N/a,N/a,N/a,N/a,N/a,N/a,N/a,N/a,N/a,N/a,N/a,N/a,0,N/a,N/a,N/a,N/a,N/a,N/a,N/a,N/a,N/a,N/a,N/a,18,N/a,N/a,N/a,N/a,N/a,N/a,N/a,N/a,N/a,N/a,N/a,N/a,N/a,N/a,N/a,N/a,N/a,N/a,N/a,N/a,N/a,N/a,N/a,N/a,N/a,17,N/a,N/a,N/a,N/a,N/a,N/a,N/a,N/a,N/a,N/a,4,N/a,N/a,N/a,N/a,N/a,N/a,N/a,N/a,N/a,N/a,N/a,N/a,N/a,N/a,N/a,N/a,N/a,N/a,N/a,N/a,N/a,N/a,N/a,79,45.9,17,90,16,3,15,17,1.40,24,17,+7,+0.40,+0.84,0,13,4,3,18,4,17,N/a,N/a,0
Jakub Kiwior,pl POL,DF,Arsenal,24,2000,17,10,1122.0,12.5,1,0,1,1,0,0,1,0,0.08,0.00,0.08,0.08,0.08,Matches,N/a,N/a,N/a,N/a,N/a,N/a,N/a,N/a,N/a,N/a,N/a,N/a,N/a,N/a,N/a,12.5,1,3,1,33.3,0.24,0.08,0.33,1.00,0,0,N/a,N/a,N/a,N/a,N/a,N/a,N/a,N/a,N/a,N/a,N/a,N/a,N/a,N/a,0,N/a,N/a,N/a,N/a,N/a,N/a,N/a,N/a,N/a,N/a,N/a,2,N/a,N/a,N/a,N/a,N/a,N/a,N/a,N/a,N/a,N/a,N/a,N/a,N/a,N/a,N/a,N/a,N/a,N/a,N/a,N/a,N/a,N/a,N/a,N/a,N/a,8,N/a,N/a,N/a,N/a,N/a,N/a,N/a,N/a,N/a,N/a,6,N/a,N/a,N/a,N/a,N/a,N/a,N/a,N/a,N/a,N/a,N/a,N/a,N/a,N/a,N/a,N/a,N/a,N/a,N/a,N/a,N/a,N/a,N/a,66,32.8,10,90,10,7,32,20,1.82,19,15,+4,+0.32,-0.89,0,10,4,1,2,6,8,N/a,N/a,0
Jakub Stolarczyk,pl POL,GK,Leicester City,23,2000,10,10,900.0,10.0,0,0,0,0,0,0,1,0,0.00,0.00,0.00,0.00,0.00,Matches,16,1.60,44,28,63.6,3,1,6,2,20.0,0,0,0,0,N/a,10.0,0,0,0,N/a,0.00,0.00,N/a,N/a,0,0,N/a,N/a,N/a,N/a,N/a,N/a,N/a,N/a,N/a,N/a,N/a,N/a,N/a,N/a,0,N/a,N/a,N/a,N/a,N/a,N/a,N/a,N/a,N/a,N/a,N/a,0,N/a,N/a,N/a,N/a,N/a,N/a,N/a,N/a,N/a,N/a,N/a,N/a,N/a,N/a,N/a,N/a,N/a,N/a,N/a,N/a,N/a,N/a,N/a,N/a,N/a,1,N/a,N/a,N/a,N/a,N/a,N/a,N/a,N/a,N/a,N/a,0,N/a,N/a,N/a,N/a,N/a,N/a,N/a,N/a,N/a,N/a,N/a,N/a,N/a,N/a,N/a,N/a,N/a,N/a,N/a,N/a,N/a,N/a,N/a,90,26.3,10,90,10,0,N/a,11,1.00,10,16,-6,-0.60,+0.86,0,0,0,0,0,0,1,N/a,N/a,0
James Milner,eng ENG,MF,Brighton,38,1986,4,3,170.0,1.9,0,0,0,0,0,0,1,0,0.00,0.00,0.00,0.00,0.00,Matches,N/a,N/a,N/a,N/a,N/a,N/a,N/a,N/a,N/a,N/a,N/a,N/a,N/a,N/a,N/a,1.9,0,2,1,50.0,1.06,0.53,0.00,0.00,0,0,N/a,N/a,N/a,N/a,N/a,N/a,N/a,N/a,N/a,N/a,N/a,N/a,N/a,N/a,0,N/a,N/a,N/a,N/a,N/a,N/a,N/a,N/a,N/a,N/a,N/a,8,N/a,N/a,N/a,N/a,N/a,N/a,N/a,N/a,N/a,N/a,N/a,N/a,N/a,N/a,N/a,N/a,N/a,N/a,N/a,N/a,N/a,N/a,N/a,N/a,N/a,2,N/a,N/a,N/a,N/a,N/a,N/a,N/a,N/a,N/a,N/a,2,N/a,N/a,N/a,N/a,N/a,N/a,N/a,N/a,N/a,N/a,N/a,N/a,N/a,N/a,N/a,N/a,N/a,N/a,N/a,N/a,N/a,N/a,N/a,43,5.0,3,56,0,1,1,0,2.50,3,1,+2,+1.06,+0.92,0,3,1,0,8,2,2,N/a,N/a,0
James Tarkowski,eng ENG,DF,Everton,31,1992,33,33,2922.0,32.5,1,1,2,1,0,0,6,0,0.03,0.03,0.06,0.03,0.06,Matches,N/a,N/a,N/a,N/a,N/a,N/a,N/a,N/a,N/a,N/a,N/a,N/a,N/a,N/a,N/a,32.5,1,15,4,26.7,0.46,0.12,0.07,0.25,0,0,N/a,N/a,N/a,N/a,N/a,N/a,N/a,N/a,N/a,N/a,N/a,N/a,N/a,N/a,1,N/a,N/a,N/a,N/a,N/a,N/a,N/a,N/a,N/a,N/a,N/a,1,N/a,N/a,N/a,N/a,N/a,N/a,N/a,N/a,N/a,N/a,N/a,N/a,N/a,N/a,N/a,N/a,N/a,N/a,N/a,N/a,N/a,N/a,N/a,N/a,N/a,40,N/a,N/a,N/a,N/a,N/a,N/a,N/a,N/a,N/a,N/a,37,N/a,N/a,N/a,N/a,N/a,N/a,N/a,N/a,N/a,N/a,N/a,N/a,N/a,N/a,N/a,N/a,N/a,N/a,N/a,N/a,N/a,N/a,N/a,89,85.4,33,89,31,0,N/a,0,1.15,34,38,-4,-0.12,-0.48,0,35,29,1,1,37,40,N/a,N/a,0
James Ward-Prowse,eng ENG,MF,Nottingham,29,1994,9,5,400.0,4.4,0,1,1,0,0,0,2,1,0.00,0.23,0.23,0.00,0.23,Matches,N/a,N/a,N/a,N/a,N/a,N/a,N/a,N/a,N/a,N/a,N/a,N/a,N/a,N/a,N/a,4.4,0,2,1,50.0,0.45,0.23,0.00,0.00,0,0,N/a,N/a,N/a,N/a,N/a,N/a,N/a,N/a,N/a,N/a,N/a,N/a,N/a,N/a,1,N/a,N/a,N/a,N/a,N/a,N/a,N/a,N/a,N/a,N/a,N/a,19,N/a,N/a,N/a,N/a,N/a,N/a,N/a,N/a,N/a,N/a,N/a,N/a,N/a,N/a,N/a,N/a,N/a,N/a,N/a,N/a,N/a,N/a,N/a,N/a,N/a,1,N/a,N/a,N/a,N/a,N/a,N/a,N/a,N/a,N/a,N/a,5,N/a,N/a,N/a,N/a,N/a,N/a,N/a,N/a,N/a,N/a,N/a,N/a,N/a,N/a,N/a,N/a,N/a,N/a,N/a,N/a,N/a,N/a,N/a,44,11.7,5,75,2,4,6,9,1.56,4,7,-3,-0.68,-1.12,1,7,2,0,19,5,1,N/a,N/a,0
James Ward-Prowse,eng ENG,MF,West Ham,29,1994,15,12,1039.0,11.5,1,1,2,1,0,0,2,0,0.09,0.09,0.17,0.09,0.17,Matches,N/a,N/a,N/a,N/a,N/a,N/a,N/a,N/a,N/a,N/a,N/a,N/a,N/a,N/a,N/a,11.5,1,12,4,33.3,1.04,0.35,0.08,0.25,0,0,N/a,N/a,N/a,N/a,N/a,N/a,N/a,N/a,N/a,N/a,N/a,N/a,N/a,N/a,1,N/a,N/a,N/a,N/a,N/a,N/a,N/a,N/a,N/a,N/a,N/a,48,N/a,N/a,N/a,N/a,N/a,N/a,N/a,N/a,N/a,N/a,N/a,N/a,N/a,N/a,N/a,N/a,N/a,N/a,N/a,N/a,N/a,N/a,N/a,N/a,N/a,14,N/a,N/a,N/a,N/a,N/a,N/a,N/a,N/a,N/a,N/a,8,N/a,N/a,N/a,N/a,N/a,N/a,N/a,N/a,N/a,N/a,N/a,N/a,N/a,N/a,N/a,N/a,N/a,N/a,N/a,N/a,N/a,N/a,N/a,69,30.4,12,80,6,3,25,1,1.07,12,11,+1,+0.09,+0.73,0,10,4,0,48,8,14,N/a,N/a,0
James Maddison,eng ENG,MF,Tottenham,27,1996,31,21,1809.0,20.1,9,7,16,9,0,0,6,0,0.45,0.35,0.80,0.45,0.80,Matches,N/a,N/a,N/a,N/a,N/a,N/a,N/a,N/a,N/a,N/a,N/a,N/a,N/a,N/a,N/a,20.1,9,39,17,43.6,1.94,0.85,0.23,0.53,0,0,N/a,N/a,N/a,N/a,N/a,N/a,N/a,N/a,N/a,N/a,N/a,N/a,N/a,N/a,7,N/a,N/a,N/a,N/a,N/a,N/a,N/a,N/a,N/a,N/a,N/a,96,N/a,N/a,N/a,N/a,N/a,N/a,N/a,N/a,N/a,N/a,N/a,N/a,N/a,N/a,N/a,N/a,N/a,N/a,N/a,N/a,N/a,N/a,N/a,N/a,N/a,19,N/a,N/a,N/a,N/a,N/a,N/a,N/a,N/a,N/a,N/a,10,N/a,N/a,N/a,N/a,N/a,N/a,N/a,N/a,N/a,N/a,N/a,N/a,N/a,N/a,N/a,N/a,N/a,N/a,N/a,N/a,N/a,N/a,N/a,58,52.9,21,75,1,10,24,1,1.10,38,32,+6,+0.30,+0.69,0,32,64,4,96,10,19,N/a,N/a,0
James Bree,eng ENG,"DF,MF",Southampton,26,1997,17,13,1075.0,11.9,0,1,1,0,0,0,0,0,0.00,0.08,0.08,0.00,0.08,Matches,N/a,N/a,N/a,N/a,N/a,N/a,N/a,N/a,N/a,N/a,N/a,N/a,N/a,N/a,N/a,11.9,0,4,1,25.0,0.33,0.08,0.00,0.00,0,0,N/a,N/a,N/a,N/a,N/a,N/a,N/a,N/a,N/a,N/a,N/a,N/a,N/a,N/a,1,N/a,N/a,N/a,N/a,N/a,N/a,N/a,N/a,N/a,N/a,N/a,29,N/a,N/a,N/a,N/a,N/a,N/a,N/a,N/a,N/a,N/a,N/a,N/a,N/a,N/a,N/a,N/a,N/a,N/a,N/a,N/a,N/a,N/a,N/a,N/a,N/a,13,N/a,N/a,N/a,N/a,N/a,N/a,N/a,N/a,N/a,N/a,5,N/a,N/a,N/a,N/a,N/a,N/a,N/a,N/a,N/a,N/a,N/a,N/a,N/a,N/a,N/a,N/a,N/a,N/a,N/a,N/a,N/a,N/a,N/a,63,31.4,13,78,7,4,15,15,0.29,8,31,-23,-1.93,-0.51,0,4,5,0,29,5,13,N/a,N/a,0
James Justin,eng ENG,"DF,MF",Leicester City,26,1998,36,34,2912.0,32.4,2,2,4,2,0,0,6,0,0.06,0.06,0.12,0.06,0.12,Matches,N/a,N/a,N/a,N/a,N/a,N/a,N/a,N/a,N/a,N/a,N/a,N/a,N/a,N/a,N/a,32.4,2,25,7,28.0,0.77,0.22,0.08,0.29,0,0,N/a,N/a,N/a,N/a,N/a,N/a,N/a,N/a,N/a,N/a,N/a,N/a,N/a,N/a,2,N/a,N/a,N/a,N/a,N/a,N/a,N/a,N/a,N/a,N/a,N/a,57,N/a,N/a,N/a,N/a,N/a,N/a,N/a,N/a,N/a,N/a,N/a,N/a,N/a,N/a,N/a,N/a,N/a,N/a,N/a,N/a,N/a,N/a,N/a,N/a,N/a,38,N/a,N/a,N/a,N/a,N/a,N/a,N/a,N/a,N/a,N/a,44,N/a,N/a,N/a,N/a,N/a,N/a,N/a,N/a,N/a,N/a,N/a,N/a,N/a,N/a,N/a,N/a,N/a,N/a,N/a,N/a,N/a,N/a,N/a,81,85.1,34,84,23,2,27,1,0.67,31,68,-37,-1.14,+0.63,0,28,44,2,57,44,38,N/a,N/a,0
James Garner,eng ENG,"MF,DF",Everton,23,2001,21,17,1594.0,17.7,0,1,1,0,0,0,5,0,0.00,0.06,0.06,0.00,0.06,Matches,N/a,N/a,N/a,N/a,N/a,N/a,N/a,N/a,N/a,N/a,N/a,N/a,N/a,N/a,N/a,17.7,0,12,4,33.3,0.68,0.23,0.00,0.00,0,0,N/a,N/a,N/a,N/a,N/a,N/a,N/a,N/a,N/a,N/a,N/a,N/a,N/a,N/a,1,N/a,N/a,N/a,N/a,N/a,N/a,N/a,N/a,N/a,N/a,N/a,55,N/a,N/a,N/a,N/a,N/a,N/a,N/a,N/a,N/a,N/a,N/a,N/a,N/a,N/a,N/a,N/a,N/a,N/a,N/a,N/a,N/a,N/a,N/a,N/a,N/a,32,N/a,N/a,N/a,N/a,N/a,N/a,N/a,N/a,N/a,N/a,20,N/a,N/a,N/a,N/a,N/a,N/a,N/a,N/a,N/a,N/a,N/a,N/a,N/a,N/a,N/a,N/a,N/a,N/a,N/a,N/a,N/a,N/a,N/a,76,46.6,17,87,11,4,28,1,1.57,21,19,+2,+0.11,+0.31,0,20,15,0,55,20,32,N/a,N/a,0
James Hill,eng ENG,DF,Bournemouth,22,2002,10,6,448.0,5.0,0,1,1,0,0,0,1,0,0.00,0.20,0.20,0.00,0.20,Matches,N/a,N/a,N/a,N/a,N/a,N/a,N/a,N/a,N/a,N/a,N/a,N/a,N/a,N/a,N/a,5.0,0,6,0,0.0,1.21,0.00,0.00,N/a,0,0,N/a,N/a,N/a,N/a,N/a,N/a,N/a,N/a,N/a,N/a,N/a,N/a,N/a,N/a,1,N/a,N/a,N/a,N/a,N/a,N/a,N/a,N/a,N/a,N/a,N/a,10,N/a,N/a,N/a,N/a,N/a,N/a,N/a,N/a,N/a,N/a,N/a,N/a,N/a,N/a,N/a,N/a,N/a,N/a,N/a,N/a,N/a,N/a,N/a,N/a,N/a,8,N/a,N/a,N/a,N/a,N/a,N/a,N/a,N/a,N/a,N/a,7,N/a,N/a,N/a,N/a,N/a,N/a,N/a,N/a,N/a,N/a,N/a,N/a,N/a,N/a,N/a,N/a,N/a,N/a,N/a,N/a,N/a,N/a,N/a,45,13.1,6,68,1,4,11,21,1.30,7,9,-2,-0.40,-0.83,0,7,5,0,10,7,8,N/a,N/a,0
James Mcatee,eng ENG,MF,Manchester City,21,2002,15,3,349.0,3.9,3,0,3,3,0,0,1,0,0.77,0.00,0.77,0.77,0.77,Matches,N/a,N/a,N/a,N/a,N/a,N/a,N/a,N/a,N/a,N/a,N/a,N/a,N/a,N/a,N/a,3.9,3,12,4,33.3,3.09,1.03,0.25,0.75,0,0,N/a,N/a,N/a,N/a,N/a,N/a,N/a,N/a,N/a,N/a,N/a,N/a,N/a,N/a,0,N/a,N/a,N/a,N/a,N/a,N/a,N/a,N/a,N/a,N/a,N/a,8,N/a,N/a,N/a,N/a,N/a,N/a,N/a,N/a,N/a,N/a,N/a,N/a,N/a,N/a,N/a,N/a,N/a,N/a,N/a,N/a,N/a,N/a,N/a,N/a,N/a,1,N/a,N/a,N/a,N/a,N/a,N/a,N/a,N/a,N/a,N/a,2,N/a,N/a,N/a,N/a,N/a,N/a,N/a,N/a,N/a,N/a,N/a,N/a,N/a,N/a,N/a,N/a,N/a,N/a,N/a,N/a,N/a,N/a,N/a,23,10.2,3,66,0,12,13,20,2.33,9,6,+3,+0.77,+0.04,0,6,3,0,8,2,1,N/a,N/a,0
Jamie Vardy,eng ENG,FW,Leicester City,37,1987,35,35,2823.0,31.4,9,4,13,8,1,2,5,0,0.29,0.13,0.41,0.26,0.38,Matches,N/a,N/a,N/a,N/a,N/a,N/a,N/a,N/a,N/a,N/a,N/a,N/a,N/a,N/a,N/a,31.4,9,58,26,44.8,1.85,0.83,0.16,0.35,1,2,N/a,N/a,N/a,N/a,N/a,N/a,N/a,N/a,N/a,N/a,N/a,N/a,N/a,N/a,4,N/a,N/a,N/a,N/a,N/a,N/a,N/a,N/a,N/a,N/a,N/a,11,N/a,N/a,N/a,N/a,N/a,N/a,N/a,N/a,N/a,N/a,N/a,N/a,N/a,N/a,N/a,N/a,N/a,N/a,N/a,N/a,N/a,N/a,N/a,N/a,N/a,12,N/a,N/a,N/a,N/a,N/a,N/a,N/a,N/a,N/a,N/a,5,N/a,N/a,N/a,N/a,N/a,N/a,N/a,N/a,N/a,N/a,N/a,N/a,N/a,N/a,N/a,N/a,N/a,N/a,N/a,N/a,N/a,N/a,N/a,81,82.5,35,81,20,0,N/a,0,0.71,28,68,-40,-1.28,-0.22,0,27,23,27,11,5,12,N/a,N/a,0
Jan Bednarek,pl POL,DF,Southampton,28,1996,30,30,2531.0,28.1,2,0,2,2,0,0,7,0,0.07,0.00,0.07,0.07,0.07,Matches,N/a,N/a,N/a,N/a,N/a,N/a,N/a,N/a,N/a,N/a,N/a,N/a,N/a,N/a,N/a,28.1,2,5,3,60.0,0.18,0.11,0.40,0.67,0,0,N/a,N/a,N/a,N/a,N/a,N/a,N/a,N/a,N/a,N/a,N/a,N/a,N/a,N/a,0,N/a,N/a,N/a,N/a,N/a,N/a,N/a,N/a,N/a,N/a,N/a,1,N/a,N/a,N/a,N/a,N/a,N/a,N/a,N/a,N/a,N/a,N/a,N/a,N/a,N/a,N/a,N/a,N/a,N/a,N/a,N/a,N/a,N/a,N/a,N/a,N/a,19,N/a,N/a,N/a,N/a,N/a,N/a,N/a,N/a,N/a,N/a,55,N/a,N/a,N/a,N/a,N/a,N/a,N/a,N/a,N/a,N/a,N/a,N/a,N/a,N/a,N/a,N/a,N/a,N/a,N/a,N/a,N/a,N/a,N/a,84,74.0,30,84,26,0,N/a,0,0.37,19,57,-38,-1.35,+0.88,0,31,13,0,1,55,19,N/a,N/a,0
Jan Paul van Hecke,nl NED,DF,Brighton,24,2000,34,33,2958.0,32.9,1,1,2,1,0,0,8,1,0.03,0.03,0.06,0.03,0.06,Matches,N/a,N/a,N/a,N/a,N/a,N/a,N/a,N/a,N/a,N/a,N/a,N/a,N/a,N/a,N/a,32.9,1,17,5,29.4,0.52,0.15,0.06,0.20,0,0,N/a,N/a,N/a,N/a,N/a,N/a,N/a,N/a,N/a,N/a,N/a,N/a,N/a,N/a,1,N/a,N/a,N/a,N/a,N/a,N/a,N/a,N/a,N/a,N/a,N/a,11,N/a,N/a,N/a,N/a,N/a,N/a,N/a,N/a,N/a,N/a,N/a,N/a,N/a,N/a,N/a,N/a,N/a,N/a,N/a,N/a,N/a,N/a,N/a,N/a,N/a,29,N/a,N/a,N/a,N/a,N/a,N/a,N/a,N/a,N/a,N/a,25,N/a,N/a,N/a,N/a,N/a,N/a,N/a,N/a,N/a,N/a,N/a,N/a,N/a,N/a,N/a,N/a,N/a,N/a,N/a,N/a,N/a,N/a,N/a,87,86.5,33,89,30,1,9,0,1.59,55,46,+9,+0.27,+0.66,1,25,24,0,11,25,29,N/a,N/a,0
Jannik Vestergaard,dk DEN,DF,Leicester City,31,1992,18,16,1391.0,15.5,0,0,0,0,0,0,5,0,0.00,0.00,0.00,0.00,0.00,Matches,N/a,N/a,N/a,N/a,N/a,N/a,N/a,N/a,N/a,N/a,N/a,N/a,N/a,N/a,N/a,15.5,0,3,2,66.7,0.19,0.13,0.00,0.00,0,0,N/a,N/a,N/a,N/a,N/a,N/a,N/a,N/a,N/a,N/a,N/a,N/a,N/a,N/a,0,N/a,N/a,N/a,N/a,N/a,N/a,N/a,N/a,N/a,N/a,N/a,0,N/a,N/a,N/a,N/a,N/a,N/a,N/a,N/a,N/a,N/a,N/a,N/a,N/a,N/a,N/a,N/a,N/a,N/a,N/a,N/a,N/a,N/a,N/a,N/a,N/a,10,N/a,N/a,N/a,N/a,N/a,N/a,N/a,N/a,N/a,N/a,15,N/a,N/a,N/a,N/a,N/a,N/a,N/a,N/a,N/a,N/a,N/a,N/a,N/a,N/a,N/a,N/a,N/a,N/a,N/a,N/a,N/a,N/a,N/a,77,40.7,16,81,10,2,51,2,0.50,7,35,-28,-1.81,-0.97,0,12,4,0,0,15,10,N/a,N/a,1
Jarell Quansah,eng ENG,DF,Liverpool,21,2003,13,4,495.0,5.5,0,0,0,0,0,0,2,0,0.00,0.00,0.00,0.00,0.00,Matches,N/a,N/a,N/a,N/a,N/a,N/a,N/a,N/a,N/a,N/a,N/a,N/a,N/a,N/a,N/a,5.5,0,1,0,0.0,0.18,0.00,0.00,N/a,0,0,N/a,N/a,N/a,N/a,N/a,N/a,N/a,N/a,N/a,N/a,N/a,N/a,N/a,N/a,0,N/a,N/a,N/a,N/a,N/a,N/a,N/a,N/a,N/a,N/a,N/a,2,N/a,N/a,N/a,N/a,N/a,N/a,N/a,N/a,N/a,N/a,N/a,N/a,N/a,N/a,N/a,N/a,N/a,N/a,N/a,N/a,N/a,N/a,N/a,N/a,N/a,8,N/a,N/a,N/a,N/a,N/a,N/a,N/a,N/a,N/a,N/a,7,N/a,N/a,N/a,N/a,N/a,N/a,N/a,N/a,N/a,N/a,N/a,N/a,N/a,N/a,N/a,N/a,N/a,N/a,N/a,N/a,N/a,N/a,N/a,38,14.5,4,79,3,9,20,25,2.08,13,12,+1,+0.18,-1.17,0,9,1,0,2,7,8,N/a,N/a,1
Jarrad Branthwaite,eng ENG,DF,Everton,22,2002,30,28,2511.0,27.9,0,1,1,0,0,0,4,0,0.00,0.04,0.04,0.00,0.04,Matches,N/a,N/a,N/a,N/a,N/a,N/a,N/a,N/a,N/a,N/a,N/a,N/a,N/a,N/a,N/a,27.9,0,10,3,30.0,0.36,0.11,0.00,0.00,0,0,N/a,N/a,N/a,N/a,N/a,N/a,N/a,N/a,N/a,N/a,N/a,N/a,N/a,N/a,1,N/a,N/a,N/a,N/a,N/a,N/a,N/a,N/a,N/a,N/a,N/a,6,N/a,N/a,N/a,N/a,N/a,N/a,N/a,N/a,N/a,N/a,N/a,N/a,N/a,N/a,N/a,N/a,N/a,N/a,N/a,N/a,N/a,N/a,N/a,N/a,N/a,21,N/a,N/a,N/a,N/a,N/a,N/a,N/a,N/a,N/a,N/a,24,N/a,N/a,N/a,N/a,N/a,N/a,N/a,N/a,N/a,N/a,N/a,N/a,N/a,N/a,N/a,N/a,N/a,N/a,N/a,N/a,N/a,N/a,N/a,84,73.4,28,89,27,2,4,0,1.33,34,28,+6,+0.22,+1.01,0,12,18,2,6,24,21,N/a,N/a,0
Jarrod Bowen,eng ENG,"MF,FW",West Ham,27,1996,34,34,2973.0,33.0,13,8,21,12,1,1,1,0,0.39,0.24,0.64,0.36,0.61,Matches,N/a,N/a,N/a,N/a,N/a,N/a,N/a,N/a,N/a,N/a,N/a,N/a,N/a,N/a,N/a,33.0,13,87,37,42.5,2.63,1.12,0.15,0.35,1,1,N/a,N/a,N/a,N/a,N/a,N/a,N/a,N/a,N/a,N/a,N/a,N/a,N/a,N/a,8,N/a,N/a,N/a,N/a,N/a,N/a,N/a,N/a,N/a,N/a,N/a,106,N/a,N/a,N/a,N/a,N/a,N/a,N/a,N/a,N/a,N/a,N/a,N/a,N/a,N/a,N/a,N/a,N/a,N/a,N/a,N/a,N/a,N/a,N/a,N/a,N/a,25,N/a,N/a,N/a,N/a,N/a,N/a,N/a,N/a,N/a,N/a,16,N/a,N/a,N/a,N/a,N/a,N/a,N/a,N/a,N/a,N/a,N/a,N/a,N/a,N/a,N/a,N/a,N/a,N/a,N/a,N/a,N/a,N/a,N/a,87,86.9,34,87,27,0,N/a,0,1.15,41,50,-9,-0.27,+1.14,0,20,51,10,106,16,25,N/a,N/a,0
Jason Steele,eng ENG,GK,Brighton,33,1990,2,2,180.0,2.0,0,0,0,0,0,0,0,0,0.00,0.00,0.00,0.00,0.00,Matches,1,0.50,4,3,75.0,2,0,0,1,50.0,0,0,0,0,N/a,2.0,0,0,0,N/a,0.00,0.00,N/a,N/a,0,0,N/a,N/a,N/a,N/a,N/a,N/a,N/a,N/a,N/a,N/a,N/a,N/a,N/a,N/a,0,N/a,N/a,N/a,N/a,N/a,N/a,N/a,N/a,N/a,N/a,N/a,0,N/a,N/a,N/a,N/a,N/a,N/a,N/a,N/a,N/a,N/a,N/a,N/a,N/a,N/a,N/a,N/a,N/a,N/a,N/a,N/a,N/a,N/a,N/a,N/a,N/a,0,N/a,N/a,N/a,N/a,N/a,N/a,N/a,N/a,N/a,N/a,0,N/a,N/a,N/a,N/a,N/a,N/a,N/a,N/a,N/a,N/a,N/a,N/a,N/a,N/a,N/a,N/a,N/a,N/a,N/a,N/a,N/a,N/a,N/a,90,5.3,2,90,2,0,N/a,24,3.00,5,1,+4,+2.00,+1.92,0,0,1,0,0,0,0,N/a,N/a,0
Jay Robinson,eng ENG,MF,Southampton,17,2007,4,1,137.0,1.5,0,0,0,0,0,0,0,0,0.00,0.00,0.00,0.00,0.00,Matches,N/a,N/a,N/a,N/a,N/a,N/a,N/a,N/a,N/a,N/a,N/a,N/a,N/a,N/a,N/a,1.5,0,1,1,100.0,0.66,0.66,0.00,0.00,0,0,N/a,N/a,N/a,N/a,N/a,N/a,N/a,N/a,N/a,N/a,N/a,N/a,N/a,N/a,0,N/a,N/a,N/a,N/a,N/a,N/a,N/a,N/a,N/a,N/a,N/a,1,N/a,N/a,N/a,N/a,N/a,N/a,N/a,N/a,N/a,N/a,N/a,N/a,N/a,N/a,N/a,N/a,N/a,N/a,N/a,N/a,N/a,N/a,N/a,N/a,N/a,1,N/a,N/a,N/a,N/a,N/a,N/a,N/a,N/a,N/a,N/a,0,N/a,N/a,N/a,N/a,N/a,N/a,N/a,N/a,N/a,N/a,N/a,N/a,N/a,N/a,N/a,N/a,N/a,N/a,N/a,N/a,N/a,N/a,N/a,34,4.0,1,78,0,3,20,1,0.00,1,2,-1,-0.66,+0.96,0,3,1,0,1,0,1,N/a,N/a,0
Jean-Clair Todibo,fr FRA,DF,West Ham,24,1999,27,20,1825.0,20.3,0,0,0,0,0,0,3,0,0.00,0.00,0.00,0.00,0.00,Matches,N/a,N/a,N/a,N/a,N/a,N/a,N/a,N/a,N/a,N/a,N/a,N/a,N/a,N/a,N/a,20.3,0,5,0,0.0,0.25,0.00,0.00,N/a,0,0,N/a,N/a,N/a,N/a,N/a,N/a,N/a,N/a,N/a,N/a,N/a,N/a,N/a,N/a,0,N/a,N/a,N/a,N/a,N/a,N/a,N/a,N/a,N/a,N/a,N/a,3,N/a,N/a,N/a,N/a,N/a,N/a,N/a,N/a,N/a,N/a,N/a,N/a,N/a,N/a,N/a,N/a,N/a,N/a,N/a,N/a,N/a,N/a,N/a,N/a,N/a,26,N/a,N/a,N/a,N/a,N/a,N/a,N/a,N/a,N/a,N/a,23,N/a,N/a,N/a,N/a,N/a,N/a,N/a,N/a,N/a,N/a,N/a,N/a,N/a,N/a,N/a,N/a,N/a,N/a,N/a,N/a,N/a,N/a,N/a,68,53.4,20,80,9,7,31,5,1.37,30,32,-2,-0.10,+0.69,0,16,6,0,3,23,26,N/a,N/a,0
Jean-Philippe Mateta,fr FRA,FW,Crystal Palace,27,1997,37,33,2648.0,29.4,14,2,16,12,2,2,2,0,0.48,0.07,0.54,0.41,0.48,Matches,N/a,N/a,N/a,N/a,N/a,N/a,N/a,N/a,N/a,N/a,N/a,N/a,N/a,N/a,N/a,29.4,14,69,33,47.8,2.35,1.12,0.20,0.42,2,2,N/a,N/a,N/a,N/a,N/a,N/a,N/a,N/a,N/a,N/a,N/a,N/a,N/a,N/a,2,N/a,N/a,N/a,N/a,N/a,N/a,N/a,N/a,N/a,N/a,N/a,26,N/a,N/a,N/a,N/a,N/a,N/a,N/a,N/a,N/a,N/a,N/a,N/a,N/a,N/a,N/a,N/a,N/a,N/a,N/a,N/a,N/a,N/a,N/a,N/a,N/a,12,N/a,N/a,N/a,N/a,N/a,N/a,N/a,N/a,N/a,N/a,2,N/a,N/a,N/a,N/a,N/a,N/a,N/a,N/a,N/a,N/a,N/a,N/a,N/a,N/a,N/a,N/a,N/a,N/a,N/a,N/a,N/a,N/a,N/a,72,77.4,33,78,17,4,19,0,1.35,43,37,+6,+0.20,+0.90,0,27,29,22,26,2,12,N/a,N/a,0
Jean-Ricner Bellegarde,ht HAI,MF,Wolves,26,1998,35,20,1677.0,18.6,2,7,9,2,0,0,3,0,0.11,0.38,0.48,0.11,0.48,Matches,N/a,N/a,N/a,N/a,N/a,N/a,N/a,N/a,N/a,N/a,N/a,N/a,N/a,N/a,N/a,18.6,2,22,5,22.7,1.18,0.27,0.09,0.40,0,0,N/a,N/a,N/a,N/a,N/a,N/a,N/a,N/a,N/a,N/a,N/a,N/a,N/a,N/a,7,N/a,N/a,N/a,N/a,N/a,N/a,N/a,N/a,N/a,N/a,N/a,42,N/a,N/a,N/a,N/a,N/a,N/a,N/a,N/a,N/a,N/a,N/a,N/a,N/a,N/a,N/a,N/a,N/a,N/a,N/a,N/a,N/a,N/a,N/a,N/a,N/a,23,N/a,N/a,N/a,N/a,N/a,N/a,N/a,N/a,N/a,N/a,8,N/a,N/a,N/a,N/a,N/a,N/a,N/a,N/a,N/a,N/a,N/a,N/a,N/a,N/a,N/a,N/a,N/a,N/a,N/a,N/a,N/a,N/a,N/a,48,49.0,20,69,1,15,20,2,1.09,30,31,-1,-0.05,+0.67,0,31,46,1,42,8,23,N/a,N/a,0
Jefferson Lerma,co COL,"MF,DF",Crystal Palace,29,1994,33,26,2274.0,25.3,0,1,1,0,0,0,9,0,0.00,0.04,0.04,0.00,0.04,Matches,N/a,N/a,N/a,N/a,N/a,N/a,N/a,N/a,N/a,N/a,N/a,N/a,N/a,N/a,N/a,25.3,0,26,8,30.8,1.03,0.32,0.00,0.00,0,0,N/a,N/a,N/a,N/a,N/a,N/a,N/a,N/a,N/a,N/a,N/a,N/a,N/a,N/a,1,N/a,N/a,N/a,N/a,N/a,N/a,N/a,N/a,N/a,N/a,N/a,12,N/a,N/a,N/a,N/a,N/a,N/a,N/a,N/a,N/a,N/a,N/a,N/a,N/a,N/a,N/a,N/a,N/a,N/a,N/a,N/a,N/a,N/a,N/a,N/a,N/a,19,N/a,N/a,N/a,N/a,N/a,N/a,N/a,N/a,N/a,N/a,41,N/a,N/a,N/a,N/a,N/a,N/a,N/a,N/a,N/a,N/a,N/a,N/a,N/a,N/a,N/a,N/a,N/a,N/a,N/a,N/a,N/a,N/a,N/a,69,66.5,26,79,18,7,31,1,1.42,35,36,-1,-0.04,-0.12,0,35,39,0,12,41,19,N/a,N/a,0
Jeffrey Schlupp,gh GHA,"DF,FW",Crystal Palace,31,1992,12,0,103.0,1.1,0,0,0,0,0,0,0,0,0.00,0.00,0.00,0.00,0.00,Matches,N/a,N/a,N/a,N/a,N/a,N/a,N/a,N/a,N/a,N/a,N/a,N/a,N/a,N/a,N/a,1.1,0,4,2,50.0,3.50,1.75,0.00,0.00,0,0,N/a,N/a,N/a,N/a,N/a,N/a,N/a,N/a,N/a,N/a,N/a,N/a,N/a,N/a,0,N/a,N/a,N/a,N/a,N/a,N/a,N/a,N/a,N/a,N/a,N/a,4,N/a,N/a,N/a,N/a,N/a,N/a,N/a,N/a,N/a,N/a,N/a,N/a,N/a,N/a,N/a,N/a,N/a,N/a,N/a,N/a,N/a,N/a,N/a,N/a,N/a,0,N/a,N/a,N/a,N/a,N/a,N/a,N/a,N/a,N/a,N/a,0,N/a,N/a,N/a,N/a,N/a,N/a,N/a,N/a,N/a,N/a,N/a,N/a,N/a,N/a,N/a,N/a,N/a,N/a,N/a,N/a,N/a,N/a,N/a,9,3.0,0,N/a,0,12,9,12,0.75,2,3,-1,-0.87,-0.90,0,1,0,0,4,0,0,N/a,N/a,0
Jens Cajuste,se SWE,MF,Ipswich Town,24,1999,30,25,1959.0,21.8,1,1,2,1,0,0,2,0,0.05,0.05,0.09,0.05,0.09,Matches,N/a,N/a,N/a,N/a,N/a,N/a,N/a,N/a,N/a,N/a,N/a,N/a,N/a,N/a,N/a,21.8,1,12,1,8.3,0.55,0.05,0.08,1.00,0,0,N/a,N/a,N/a,N/a,N/a,N/a,N/a,N/a,N/a,N/a,N/a,N/a,N/a,N/a,1,N/a,N/a,N/a,N/a,N/a,N/a,N/a,N/a,N/a,N/a,N/a,10,N/a,N/a,N/a,N/a,N/a,N/a,N/a,N/a,N/a,N/a,N/a,N/a,N/a,N/a,N/a,N/a,N/a,N/a,N/a,N/a,N/a,N/a,N/a,N/a,N/a,22,N/a,N/a,N/a,N/a,N/a,N/a,N/a,N/a,N/a,N/a,29,N/a,N/a,N/a,N/a,N/a,N/a,N/a,N/a,N/a,N/a,N/a,N/a,N/a,N/a,N/a,N/a,N/a,N/a,N/a,N/a,N/a,N/a,N/a,65,57.3,25,76,3,5,14,3,0.67,24,46,-22,-1.01,+0.47,0,23,22,0,10,29,22,N/a,N/a,0
Jeremy Doku,be BEL,"MF,FW",Manchester City,22,2002,29,16,1516.0,16.8,3,6,9,3,0,0,1,0,0.18,0.36,0.53,0.18,0.53,Matches,N/a,N/a,N/a,N/a,N/a,N/a,N/a,N/a,N/a,N/a,N/a,N/a,N/a,N/a,N/a,16.8,3,29,9,31.0,1.72,0.53,0.10,0.33,0,0,N/a,N/a,N/a,N/a,N/a,N/a,N/a,N/a,N/a,N/a,N/a,N/a,N/a,N/a,6,N/a,N/a,N/a,N/a,N/a,N/a,N/a,N/a,N/a,N/a,N/a,59,N/a,N/a,N/a,N/a,N/a,N/a,N/a,N/a,N/a,N/a,N/a,N/a,N/a,N/a,N/a,N/a,N/a,N/a,N/a,N/a,N/a,N/a,N/a,N/a,N/a,23,N/a,N/a,N/a,N/a,N/a,N/a,N/a,N/a,N/a,N/a,3,N/a,N/a,N/a,N/a,N/a,N/a,N/a,N/a,N/a,N/a,N/a,N/a,N/a,N/a,N/a,N/a,N/a,N/a,N/a,N/a,N/a,N/a,N/a,52,44.3,16,81,6,13,17,4,1.90,34,14,+20,+1.19,+0.81,0,10,33,5,59,3,23,N/a,N/a,0
Jeremy Monga,eng ENG,FW,Leicester City,15,2009,7,0,112.0,1.2,0,0,0,0,0,0,0,0,0.00,0.00,0.00,0.00,0.00,Matches,N/a,N/a,N/a,N/a,N/a,N/a,N/a,N/a,N/a,N/a,N/a,N/a,N/a,N/a,N/a,1.2,0,3,1,33.3,2.41,0.80,0.00,0.00,0,0,N/a,N/a,N/a,N/a,N/a,N/a,N/a,N/a,N/a,N/a,N/a,N/a,N/a,N/a,0,N/a,N/a,N/a,N/a,N/a,N/a,N/a,N/a,N/a,N/a,N/a,4,N/a,N/a,N/a,N/a,N/a,N/a,N/a,N/a,N/a,N/a,N/a,N/a,N/a,N/a,N/a,N/a,N/a,N/a,N/a,N/a,N/a,N/a,N/a,N/a,N/a,1,N/a,N/a,N/a,N/a,N/a,N/a,N/a,N/a,N/a,N/a,0,N/a,N/a,N/a,N/a,N/a,N/a,N/a,N/a,N/a,N/a,N/a,N/a,N/a,N/a,N/a,N/a,N/a,N/a,N/a,N/a,N/a,N/a,N/a,16,3.3,0,N/a,0,7,16,0,1.00,2,3,-1,-0.80,+0.45,0,0,5,0,4,0,1,N/a,N/a,0
Jesper Lindstrøm,dk DEN,MF,Everton,24,2000,25,15,1239.0,13.8,0,1,1,0,0,0,2,0,0.00,0.07,0.07,0.00,0.07,Matches,N/a,N/a,N/a,N/a,N/a,N/a,N/a,N/a,N/a,N/a,N/a,N/a,N/a,N/a,N/a,13.8,0,28,10,35.7,2.03,0.73,0.00,0.00,0,0,N/a,N/a,N/a,N/a,N/a,N/a,N/a,N/a,N/a,N/a,N/a,N/a,N/a,N/a,1,N/a,N/a,N/a,N/a,N/a,N/a,N/a,N/a,N/a,N/a,N/a,72,N/a,N/a,N/a,N/a,N/a,N/a,N/a,N/a,N/a,N/a,N/a,N/a,N/a,N/a,N/a,N/a,N/a,N/a,N/a,N/a,N/a,N/a,N/a,N/a,N/a,24,N/a,N/a,N/a,N/a,N/a,N/a,N/a,N/a,N/a,N/a,13,N/a,N/a,N/a,N/a,N/a,N/a,N/a,N/a,N/a,N/a,N/a,N/a,N/a,N/a,N/a,N/a,N/a,N/a,N/a,N/a,N/a,N/a,N/a,50,36.2,15,67,1,10,23,3,1.20,15,14,+1,+0.07,+0.20,0,15,10,1,72,13,24,N/a,N/a,0
Joachim Andersen,dk DEN,DF,Fulham,28,1996,29,29,2583.0,28.7,0,0,0,0,0,0,6,1,0.00,0.00,0.00,0.00,0.00,Matches,N/a,N/a,N/a,N/a,N/a,N/a,N/a,N/a,N/a,N/a,N/a,N/a,N/a,N/a,N/a,28.7,0,19,5,26.3,0.66,0.17,0.00,0.00,0,0,N/a,N/a,N/a,N/a,N/a,N/a,N/a,N/a,N/a,N/a,N/a,N/a,N/a,N/a,0,N/a,N/a,N/a,N/a,N/a,N/a,N/a,N/a,N/a,N/a,N/a,12,N/a,N/a,N/a,N/a,N/a,N/a,N/a,N/a,N/a,N/a,N/a,N/a,N/a,N/a,N/a,N/a,N/a,N/a,N/a,N/a,N/a,N/a,N/a,N/a,N/a,16,N/a,N/a,N/a,N/a,N/a,N/a,N/a,N/a,N/a,N/a,33,N/a,N/a,N/a,N/a,N/a,N/a,N/a,N/a,N/a,N/a,N/a,N/a,N/a,N/a,N/a,N/a,N/a,N/a,N/a,N/a,N/a,N/a,N/a,89,75.5,29,89,28,0,N/a,2,1.45,43,44,-1,-0.03,-0.14,0,18,19,0,12,33,16,N/a,N/a,1
Joe Lumley,eng ENG,GK,Southampton,29,1995,3,3,270.0,3.0,0,0,0,0,0,0,0,0,0.00,0.00,0.00,0.00,0.00,Matches,7,2.33,20,13,65.0,0,1,2,0,0.0,0,0,0,0,N/a,3.0,0,0,0,N/a,0.00,0.00,N/a,N/a,0,0,N/a,N/a,N/a,N/a,N/a,N/a,N/a,N/a,N/a,N/a,N/a,N/a,N/a,N/a,0,N/a,N/a,N/a,N/a,N/a,N/a,N/a,N/a,N/a,N/a,N/a,0,N/a,N/a,N/a,N/a,N/a,N/a,N/a,N/a,N/a,N/a,N/a,N/a,N/a,N/a,N/a,N/a,N/a,N/a,N/a,N/a,N/a,N/a,N/a,N/a,N/a,0,N/a,N/a,N/a,N/a,N/a,N/a,N/a,N/a,N/a,N/a,0,N/a,N/a,N/a,N/a,N/a,N/a,N/a,N/a,N/a,N/a,N/a,N/a,N/a,N/a,N/a,N/a,N/a,N/a,N/a,N/a,N/a,N/a,N/a,90,7.9,3,90,3,0,N/a,5,0.33,2,7,-5,-1.67,-0.10,0,0,0,0,0,0,0,N/a,N/a,0
Joe Aribo,ng NGA,MF,Southampton,28,1996,32,21,2013.0,22.4,3,0,3,3,0,0,1,0,0.13,0.00,0.13,0.13,0.13,Matches,N/a,N/a,N/a,N/a,N/a,N/a,N/a,N/a,N/a,N/a,N/a,N/a,N/a,N/a,N/a,22.4,3,17,7,41.2,0.76,0.31,0.18,0.43,0,0,N/a,N/a,N/a,N/a,N/a,N/a,N/a,N/a,N/a,N/a,N/a,N/a,N/a,N/a,0,N/a,N/a,N/a,N/a,N/a,N/a,N/a,N/a,N/a,N/a,N/a,10,N/a,N/a,N/a,N/a,N/a,N/a,N/a,N/a,N/a,N/a,N/a,N/a,N/a,N/a,N/a,N/a,N/a,N/a,N/a,N/a,N/a,N/a,N/a,N/a,N/a,34,N/a,N/a,N/a,N/a,N/a,N/a,N/a,N/a,N/a,N/a,20,N/a,N/a,N/a,N/a,N/a,N/a,N/a,N/a,N/a,N/a,N/a,N/a,N/a,N/a,N/a,N/a,N/a,N/a,N/a,N/a,N/a,N/a,N/a,63,58.9,21,79,8,11,32,6,0.34,17,56,-39,-1.74,-0.40,0,20,27,1,10,20,34,N/a,N/a,0
Joe Gomez,eng ENG,DF,Liverpool,27,1997,9,6,519.0,5.8,0,0,0,0,0,0,1,0,0.00,0.00,0.00,0.00,0.00,Matches,N/a,N/a,N/a,N/a,N/a,N/a,N/a,N/a,N/a,N/a,N/a,N/a,N/a,N/a,N/a,5.8,0,3,2,66.7,0.52,0.35,0.00,0.00,0,0,N/a,N/a,N/a,N/a,N/a,N/a,N/a,N/a,N/a,N/a,N/a,N/a,N/a,N/a,0,N/a,N/a,N/a,N/a,N/a,N/a,N/a,N/a,N/a,N/a,N/a,1,N/a,N/a,N/a,N/a,N/a,N/a,N/a,N/a,N/a,N/a,N/a,N/a,N/a,N/a,N/a,N/a,N/a,N/a,N/a,N/a,N/a,N/a,N/a,N/a,N/a,10,N/a,N/a,N/a,N/a,N/a,N/a,N/a,N/a,N/a,N/a,7,N/a,N/a,N/a,N/a,N/a,N/a,N/a,N/a,N/a,N/a,N/a,N/a,N/a,N/a,N/a,N/a,N/a,N/a,N/a,N/a,N/a,N/a,N/a,58,15.2,6,77,4,3,19,10,2.56,17,8,+9,+1.56,+0.44,0,2,3,0,1,7,10,N/a,N/a,0
Joe Willock,eng ENG,MF,Newcastle,24,1999,32,11,1086.0,12.1,0,2,2,0,0,0,4,0,0.00,0.17,0.17,0.00,0.17,Matches,N/a,N/a,N/a,N/a,N/a,N/a,N/a,N/a,N/a,N/a,N/a,N/a,N/a,N/a,N/a,12.1,0,18,3,16.7,1.49,0.25,0.00,0.00,0,0,N/a,N/a,N/a,N/a,N/a,N/a,N/a,N/a,N/a,N/a,N/a,N/a,N/a,N/a,2,N/a,N/a,N/a,N/a,N/a,N/a,N/a,N/a,N/a,N/a,N/a,17,N/a,N/a,N/a,N/a,N/a,N/a,N/a,N/a,N/a,N/a,N/a,N/a,N/a,N/a,N/a,N/a,N/a,N/a,N/a,N/a,N/a,N/a,N/a,N/a,N/a,18,N/a,N/a,N/a,N/a,N/a,N/a,N/a,N/a,N/a,N/a,7,N/a,N/a,N/a,N/a,N/a,N/a,N/a,N/a,N/a,N/a,N/a,N/a,N/a,N/a,N/a,N/a,N/a,N/a,N/a,N/a,N/a,N/a,N/a,34,31.8,11,62,0,21,19,1,1.59,20,16,+4,+0.33,-0.32,0,22,13,3,17,7,18,N/a,N/a,0
Joelinton,br BRA,"MF,FW",Newcastle,27,1996,29,29,2393.0,26.6,4,3,7,4,0,0,10,0,0.15,0.11,0.26,0.15,0.26,Matches,N/a,N/a,N/a,N/a,N/a,N/a,N/a,N/a,N/a,N/a,N/a,N/a,N/a,N/a,N/a,26.6,4,45,14,31.1,1.69,0.53,0.09,0.29,0,0,N/a,N/a,N/a,N/a,N/a,N/a,N/a,N/a,N/a,N/a,N/a,N/a,N/a,N/a,3,N/a,N/a,N/a,N/a,N/a,N/a,N/a,N/a,N/a,N/a,N/a,16,N/a,N/a,N/a,N/a,N/a,N/a,N/a,N/a,N/a,N/a,N/a,N/a,N/a,N/a,N/a,N/a,N/a,N/a,N/a,N/a,N/a,N/a,N/a,N/a,N/a,35,N/a,N/a,N/a,N/a,N/a,N/a,N/a,N/a,N/a,N/a,20,N/a,N/a,N/a,N/a,N/a,N/a,N/a,N/a,N/a,N/a,N/a,N/a,N/a,N/a,N/a,N/a,N/a,N/a,N/a,N/a,N/a,N/a,N/a,83,70.0,29,83,18,0,N/a,0,1.83,51,32,+19,+0.71,+0.54,0,58,34,7,16,20,35,N/a,N/a,0
John Stones,eng ENG,DF,Manchester City,30,1994,11,6,548.0,6.1,2,0,2,2,0,0,1,0,0.33,0.00,0.33,0.33,0.33,Matches,N/a,N/a,N/a,N/a,N/a,N/a,N/a,N/a,N/a,N/a,N/a,N/a,N/a,N/a,N/a,6.1,2,2,2,100.0,0.33,0.33,1.00,1.00,0,0,N/a,N/a,N/a,N/a,N/a,N/a,N/a,N/a,N/a,N/a,N/a,N/a,N/a,N/a,0,N/a,N/a,N/a,N/a,N/a,N/a,N/a,N/a,N/a,N/a,N/a,0,N/a,N/a,N/a,N/a,N/a,N/a,N/a,N/a,N/a,N/a,N/a,N/a,N/a,N/a,N/a,N/a,N/a,N/a,N/a,N/a,N/a,N/a,N/a,N/a,N/a,3,N/a,N/a,N/a,N/a,N/a,N/a,N/a,N/a,N/a,N/a,4,N/a,N/a,N/a,N/a,N/a,N/a,N/a,N/a,N/a,N/a,N/a,N/a,N/a,N/a,N/a,N/a,N/a,N/a,N/a,N/a,N/a,N/a,N/a,50,16.0,6,74,3,5,21,4,2.00,14,11,+3,+0.49,-0.29,0,2,2,0,0,4,3,N/a,N/a,0
John McGinn,sct SCO,MF,Aston Villa,29,1994,34,27,2223.0,24.7,1,4,5,1,0,0,7,0,0.04,0.16,0.20,0.04,0.20,Matches,N/a,N/a,N/a,N/a,N/a,N/a,N/a,N/a,N/a,N/a,N/a,N/a,N/a,N/a,N/a,24.7,1,31,5,16.1,1.26,0.20,0.03,0.20,0,0,N/a,N/a,N/a,N/a,N/a,N/a,N/a,N/a,N/a,N/a,N/a,N/a,N/a,N/a,4,N/a,N/a,N/a,N/a,N/a,N/a,N/a,N/a,N/a,N/a,N/a,60,N/a,N/a,N/a,N/a,N/a,N/a,N/a,N/a,N/a,N/a,N/a,N/a,N/a,N/a,N/a,N/a,N/a,N/a,N/a,N/a,N/a,N/a,N/a,N/a,N/a,23,N/a,N/a,N/a,N/a,N/a,N/a,N/a,N/a,N/a,N/a,11,N/a,N/a,N/a,N/a,N/a,N/a,N/a,N/a,N/a,N/a,N/a,N/a,N/a,N/a,N/a,N/a,N/a,N/a,N/a,N/a,N/a,N/a,N/a,65,65.0,27,77,11,7,21,0,1.76,33,34,-1,-0.04,-0.64,0,43,69,3,60,11,23,N/a,N/a,0
Jonny Evans,nir NIR,DF,Manchester Utd,36,1988,7,3,315.0,3.5,0,0,0,0,0,0,1,0,0.00,0.00,0.00,0.00,0.00,Matches,N/a,N/a,N/a,N/a,N/a,N/a,N/a,N/a,N/a,N/a,N/a,N/a,N/a,N/a,N/a,3.5,0,2,1,50.0,0.57,0.29,0.00,0.00,0,0,N/a,N/a,N/a,N/a,N/a,N/a,N/a,N/a,N/a,N/a,N/a,N/a,N/a,N/a,0,N/a,N/a,N/a,N/a,N/a,N/a,N/a,N/a,N/a,N/a,N/a,0,N/a,N/a,N/a,N/a,N/a,N/a,N/a,N/a,N/a,N/a,N/a,N/a,N/a,N/a,N/a,N/a,N/a,N/a,N/a,N/a,N/a,N/a,N/a,N/a,N/a,6,N/a,N/a,N/a,N/a,N/a,N/a,N/a,N/a,N/a,N/a,5,N/a,N/a,N/a,N/a,N/a,N/a,N/a,N/a,N/a,N/a,N/a,N/a,N/a,N/a,N/a,N/a,N/a,N/a,N/a,N/a,N/a,N/a,N/a,45,9.2,3,77,1,4,21,10,2.43,8,2,+6,+1.71,+2.18,0,5,6,0,0,5,6,N/a,N/a,0
Jordan Ayew,gh GHA,MF,Leicester City,32,1991,30,19,1638.0,18.2,5,0,5,4,1,1,5,0,0.27,0.00,0.27,0.22,0.22,Matches,N/a,N/a,N/a,N/a,N/a,N/a,N/a,N/a,N/a,N/a,N/a,N/a,N/a,N/a,N/a,18.2,5,32,10,31.3,1.76,0.55,0.16,0.50,1,1,N/a,N/a,N/a,N/a,N/a,N/a,N/a,N/a,N/a,N/a,N/a,N/a,N/a,N/a,0,N/a,N/a,N/a,N/a,N/a,N/a,N/a,N/a,N/a,N/a,N/a,57,N/a,N/a,N/a,N/a,N/a,N/a,N/a,N/a,N/a,N/a,N/a,N/a,N/a,N/a,N/a,N/a,N/a,N/a,N/a,N/a,N/a,N/a,N/a,N/a,N/a,14,N/a,N/a,N/a,N/a,N/a,N/a,N/a,N/a,N/a,N/a,11,N/a,N/a,N/a,N/a,N/a,N/a,N/a,N/a,N/a,N/a,N/a,N/a,N/a,N/a,N/a,N/a,N/a,N/a,N/a,N/a,N/a,N/a,N/a,55,47.9,19,77,4,11,16,6,0.77,17,41,-24,-1.32,-0.16,0,30,58,7,57,11,14,N/a,N/a,0
Jordan Pickford,eng ENG,GK,Everton,30,1994,38,38,3420.0,38.0,0,1,1,0,0,0,7,0,0.00,0.03,0.03,0.00,0.03,Matches,44,1.16,163,119,73.0,11,15,12,12,31.6,2,0,2,0,100.0,38.0,0,0,0,N/a,0.00,0.00,N/a,N/a,0,0,N/a,N/a,N/a,N/a,N/a,N/a,N/a,N/a,N/a,N/a,N/a,N/a,N/a,N/a,1,N/a,N/a,N/a,N/a,N/a,N/a,N/a,N/a,N/a,N/a,N/a,0,N/a,N/a,N/a,N/a,N/a,N/a,N/a,N/a,N/a,N/a,N/a,N/a,N/a,N/a,N/a,N/a,N/a,N/a,N/a,N/a,N/a,N/a,N/a,N/a,N/a,1,N/a,N/a,N/a,N/a,N/a,N/a,N/a,N/a,N/a,N/a,1,N/a,N/a,N/a,N/a,N/a,N/a,N/a,N/a,N/a,N/a,N/a,N/a,N/a,N/a,N/a,N/a,N/a,N/a,N/a,N/a,N/a,N/a,N/a,90,100.0,38,90,38,0,N/a,0,1.26,42,44,-2,-0.05,N/a,0,0,7,0,0,1,1,N/a,N/a,0
Jorge Cuenca,es ESP,DF,Fulham,24,1999,8,4,351.0,3.9,0,0,0,0,0,0,0,0,0.00,0.00,0.00,0.00,0.00,Matches,N/a,N/a,N/a,N/a,N/a,N/a,N/a,N/a,N/a,N/a,N/a,N/a,N/a,N/a,N/a,3.9,0,1,0,0.0,0.26,0.00,0.00,N/a,0,0,N/a,N/a,N/a,N/a,N/a,N/a,N/a,N/a,N/a,N/a,N/a,N/a,N/a,N/a,0,N/a,N/a,N/a,N/a,N/a,N/a,N/a,N/a,N/a,N/a,N/a,1,N/a,N/a,N/a,N/a,N/a,N/a,N/a,N/a,N/a,N/a,N/a,N/a,N/a,N/a,N/a,N/a,N/a,N/a,N/a,N/a,N/a,N/a,N/a,N/a,N/a,2,N/a,N/a,N/a,N/a,N/a,N/a,N/a,N/a,N/a,N/a,2,N/a,N/a,N/a,N/a,N/a,N/a,N/a,N/a,N/a,N/a,N/a,N/a,N/a,N/a,N/a,N/a,N/a,N/a,N/a,N/a,N/a,N/a,N/a,44,10.3,4,87,3,4,1,18,1.50,5,8,-3,-0.77,-0.86,0,2,2,0,1,2,2,N/a,N/a,0
Jorginho,it ITA,MF,Arsenal,32,1991,15,9,704.0,7.8,0,0,0,0,0,0,5,0,0.00,0.00,0.00,0.00,0.00,Matches,N/a,N/a,N/a,N/a,N/a,N/a,N/a,N/a,N/a,N/a,N/a,N/a,N/a,N/a,N/a,7.8,0,2,0,0.0,0.26,0.00,0.00,N/a,0,0,N/a,N/a,N/a,N/a,N/a,N/a,N/a,N/a,N/a,N/a,N/a,N/a,N/a,N/a,0,N/a,N/a,N/a,N/a,N/a,N/a,N/a,N/a,N/a,N/a,N/a,1,N/a,N/a,N/a,N/a,N/a,N/a,N/a,N/a,N/a,N/a,N/a,N/a,N/a,N/a,N/a,N/a,N/a,N/a,N/a,N/a,N/a,N/a,N/a,N/a,N/a,4,N/a,N/a,N/a,N/a,N/a,N/a,N/a,N/a,N/a,N/a,7,N/a,N/a,N/a,N/a,N/a,N/a,N/a,N/a,N/a,N/a,N/a,N/a,N/a,N/a,N/a,N/a,N/a,N/a,N/a,N/a,N/a,N/a,N/a,47,20.6,9,72,3,6,9,19,2.00,14,7,+7,+0.89,-0.03,0,15,17,0,1,7,4,N/a,N/a,0
Joshua Zirkzee,nl NED,"FW,MF",Manchester Utd,23,2001,32,14,1402.0,15.6,3,1,4,3,0,0,2,0,0.19,0.06,0.26,0.19,0.26,Matches,N/a,N/a,N/a,N/a,N/a,N/a,N/a,N/a,N/a,N/a,N/a,N/a,N/a,N/a,N/a,15.6,3,28,11,39.3,1.80,0.71,0.11,0.27,0,0,N/a,N/a,N/a,N/a,N/a,N/a,N/a,N/a,N/a,N/a,N/a,N/a,N/a,N/a,1,N/a,N/a,N/a,N/a,N/a,N/a,N/a,N/a,N/a,N/a,N/a,3,N/a,N/a,N/a,N/a,N/a,N/a,N/a,N/a,N/a,N/a,N/a,N/a,N/a,N/a,N/a,N/a,N/a,N/a,N/a,N/a,N/a,N/a,N/a,N/a,N/a,8,N/a,N/a,N/a,N/a,N/a,N/a,N/a,N/a,N/a,N/a,6,N/a,N/a,N/a,N/a,N/a,N/a,N/a,N/a,N/a,N/a,N/a,N/a,N/a,N/a,N/a,N/a,N/a,N/a,N/a,N/a,N/a,N/a,N/a,44,41.0,14,72,4,18,22,0,1.19,26,24,+2,+0.13,+0.66,0,9,13,3,3,6,8,N/a,N/a,0
Joshua Acheampong,eng ENG,DF,Chelsea,18,2006,4,2,170.0,1.9,0,0,0,0,0,0,1,0,0.00,0.00,0.00,0.00,0.00,Matches,N/a,N/a,N/a,N/a,N/a,N/a,N/a,N/a,N/a,N/a,N/a,N/a,N/a,N/a,N/a,1.9,0,2,0,0.0,1.06,0.00,0.00,N/a,0,0,N/a,N/a,N/a,N/a,N/a,N/a,N/a,N/a,N/a,N/a,N/a,N/a,N/a,N/a,0,N/a,N/a,N/a,N/a,N/a,N/a,N/a,N/a,N/a,N/a,N/a,0,N/a,N/a,N/a,N/a,N/a,N/a,N/a,N/a,N/a,N/a,N/a,N/a,N/a,N/a,N/a,N/a,N/a,N/a,N/a,N/a,N/a,N/a,N/a,N/a,N/a,1,N/a,N/a,N/a,N/a,N/a,N/a,N/a,N/a,N/a,N/a,1,N/a,N/a,N/a,N/a,N/a,N/a,N/a,N/a,N/a,N/a,N/a,N/a,N/a,N/a,N/a,N/a,N/a,N/a,N/a,N/a,N/a,N/a,N/a,43,5.0,2,80,1,2,5,19,2.00,2,3,-1,-0.53,-1.14,0,1,1,0,0,1,1,N/a,N/a,0
Joshua King,eng ENG,MF,Fulham,17,2007,8,1,130.0,1.4,0,0,0,0,0,0,0,0,0.00,0.00,0.00,0.00,0.00,Matches,N/a,N/a,N/a,N/a,N/a,N/a,N/a,N/a,N/a,N/a,N/a,N/a,N/a,N/a,N/a,1.4,0,3,0,0.0,2.08,0.00,0.00,N/a,0,0,N/a,N/a,N/a,N/a,N/a,N/a,N/a,N/a,N/a,N/a,N/a,N/a,N/a,N/a,0,N/a,N/a,N/a,N/a,N/a,N/a,N/a,N/a,N/a,N/a,N/a,2,N/a,N/a,N/a,N/a,N/a,N/a,N/a,N/a,N/a,N/a,N/a,N/a,N/a,N/a,N/a,N/a,N/a,N/a,N/a,N/a,N/a,N/a,N/a,N/a,N/a,5,N/a,N/a,N/a,N/a,N/a,N/a,N/a,N/a,N/a,N/a,1,N/a,N/a,N/a,N/a,N/a,N/a,N/a,N/a,N/a,N/a,N/a,N/a,N/a,N/a,N/a,N/a,N/a,N/a,N/a,N/a,N/a,N/a,N/a,16,3.8,1,61,0,7,10,15,1.38,3,0,+3,+2.08,+2.16,0,3,2,0,2,1,5,N/a,N/a,0
José Sá,pt POR,GK,Wolves,31,1993,29,29,2609.0,29.0,0,0,0,0,0,0,2,0,0.00,0.00,0.00,0.00,0.00,Matches,48,1.66,117,69,59.0,11,5,13,7,24.1,7,5,2,0,28.6,29.0,0,0,0,N/a,0.00,0.00,N/a,N/a,0,0,N/a,N/a,N/a,N/a,N/a,N/a,N/a,N/a,N/a,N/a,N/a,N/a,N/a,N/a,0,N/a,N/a,N/a,N/a,N/a,N/a,N/a,N/a,N/a,N/a,N/a,0,N/a,N/a,N/a,N/a,N/a,N/a,N/a,N/a,N/a,N/a,N/a,N/a,N/a,N/a,N/a,N/a,N/a,N/a,N/a,N/a,N/a,N/a,N/a,N/a,N/a,2,N/a,N/a,N/a,N/a,N/a,N/a,N/a,N/a,N/a,N/a,0,N/a,N/a,N/a,N/a,N/a,N/a,N/a,N/a,N/a,N/a,N/a,N/a,N/a,N/a,N/a,N/a,N/a,N/a,N/a,N/a,N/a,N/a,N/a,90,76.3,29,90,28,0,N/a,4,1.31,42,48,-6,-0.21,+0.79,0,4,9,0,0,0,2,N/a,N/a,0
Jota Silva,pt POR,MF,Nottingham,24,1999,31,5,854.0,9.5,3,1,4,3,0,0,5,0,0.32,0.11,0.42,0.32,0.42,Matches,N/a,N/a,N/a,N/a,N/a,N/a,N/a,N/a,N/a,N/a,N/a,N/a,N/a,N/a,N/a,9.5,3,23,7,30.4,2.42,0.74,0.13,0.43,0,0,N/a,N/a,N/a,N/a,N/a,N/a,N/a,N/a,N/a,N/a,N/a,N/a,N/a,N/a,1,N/a,N/a,N/a,N/a,N/a,N/a,N/a,N/a,N/a,N/a,N/a,21,N/a,N/a,N/a,N/a,N/a,N/a,N/a,N/a,N/a,N/a,N/a,N/a,N/a,N/a,N/a,N/a,N/a,N/a,N/a,N/a,N/a,N/a,N/a,N/a,N/a,16,N/a,N/a,N/a,N/a,N/a,N/a,N/a,N/a,N/a,N/a,11,N/a,N/a,N/a,N/a,N/a,N/a,N/a,N/a,N/a,N/a,N/a,N/a,N/a,N/a,N/a,N/a,N/a,N/a,N/a,N/a,N/a,N/a,N/a,28,25.0,5,68,0,26,20,6,1.71,16,16,0,0.00,-0.42,0,24,23,8,21,11,16,N/a,N/a,0
João Félix,pt POR,MF,Chelsea,24,1999,12,3,369.0,4.1,1,1,2,1,0,0,2,0,0.24,0.24,0.49,0.24,0.49,Matches,N/a,N/a,N/a,N/a,N/a,N/a,N/a,N/a,N/a,N/a,N/a,N/a,N/a,N/a,N/a,4.1,1,20,6,30.0,4.88,1.46,0.05,0.17,0,0,N/a,N/a,N/a,N/a,N/a,N/a,N/a,N/a,N/a,N/a,N/a,N/a,N/a,N/a,1,N/a,N/a,N/a,N/a,N/a,N/a,N/a,N/a,N/a,N/a,N/a,0,N/a,N/a,N/a,N/a,N/a,N/a,N/a,N/a,N/a,N/a,N/a,N/a,N/a,N/a,N/a,N/a,N/a,N/a,N/a,N/a,N/a,N/a,N/a,N/a,N/a,3,N/a,N/a,N/a,N/a,N/a,N/a,N/a,N/a,N/a,N/a,3,N/a,N/a,N/a,N/a,N/a,N/a,N/a,N/a,N/a,N/a,N/a,N/a,N/a,N/a,N/a,N/a,N/a,N/a,N/a,N/a,N/a,N/a,N/a,31,10.8,3,75,1,9,16,8,2.25,10,4,+6,+1.46,+1.02,0,6,17,1,0,3,3,N/a,N/a,0
João Gomes,br BRA,MF,Wolves,23,2001,36,35,2974.0,33.0,3,1,4,3,0,0,11,1,0.09,0.03,0.12,0.09,0.12,Matches,N/a,N/a,N/a,N/a,N/a,N/a,N/a,N/a,N/a,N/a,N/a,N/a,N/a,N/a,N/a,33.0,3,35,7,20.0,1.06,0.21,0.09,0.43,0,0,N/a,N/a,N/a,N/a,N/a,N/a,N/a,N/a,N/a,N/a,N/a,N/a,N/a,N/a,1,N/a,N/a,N/a,N/a,N/a,N/a,N/a,N/a,N/a,N/a,N/a,29,N/a,N/a,N/a,N/a,N/a,N/a,N/a,N/a,N/a,N/a,N/a,N/a,N/a,N/a,N/a,N/a,N/a,N/a,N/a,N/a,N/a,N/a,N/a,N/a,N/a,78,N/a,N/a,N/a,N/a,N/a,N/a,N/a,N/a,N/a,N/a,25,N/a,N/a,N/a,N/a,N/a,N/a,N/a,N/a,N/a,N/a,N/a,N/a,N/a,N/a,N/a,N/a,N/a,N/a,N/a,N/a,N/a,N/a,N/a,83,87.0,35,84,18,1,45,0,1.08,45,58,-13,-0.39,+0.01,1,70,46,1,29,25,78,N/a,N/a,0
João Pedro,br BRA,"FW,MF",Brighton,22,2001,27,23,1948.0,21.6,10,6,16,5,5,5,4,1,0.46,0.28,0.74,0.23,0.51,Matches,N/a,N/a,N/a,N/a,N/a,N/a,N/a,N/a,N/a,N/a,N/a,N/a,N/a,N/a,N/a,21.6,10,47,20,42.6,2.17,0.92,0.21,0.50,5,5,N/a,N/a,N/a,N/a,N/a,N/a,N/a,N/a,N/a,N/a,N/a,N/a,N/a,N/a,6,N/a,N/a,N/a,N/a,N/a,N/a,N/a,N/a,N/a,N/a,N/a,22,N/a,N/a,N/a,N/a,N/a,N/a,N/a,N/a,N/a,N/a,N/a,N/a,N/a,N/a,N/a,N/a,N/a,N/a,N/a,N/a,N/a,N/a,N/a,N/a,N/a,12,N/a,N/a,N/a,N/a,N/a,N/a,N/a,N/a,N/a,N/a,8,N/a,N/a,N/a,N/a,N/a,N/a,N/a,N/a,N/a,N/a,N/a,N/a,N/a,N/a,N/a,N/a,N/a,N/a,N/a,N/a,N/a,N/a,N/a,72,57.0,23,81,12,4,23,0,1.48,33,27,+6,+0.28,+0.22,0,27,45,2,22,8,12,N/a,N/a,0
Joël Veltman,nl NED,DF,Brighton,32,1992,21,19,1697.0,18.9,0,0,0,0,0,0,5,0,0.00,0.00,0.00,0.00,0.00,Matches,N/a,N/a,N/a,N/a,N/a,N/a,N/a,N/a,N/a,N/a,N/a,N/a,N/a,N/a,N/a,18.9,0,6,1,16.7,0.32,0.05,0.00,0.00,0,0,N/a,N/a,N/a,N/a,N/a,N/a,N/a,N/a,N/a,N/a,N/a,N/a,N/a,N/a,0,N/a,N/a,N/a,N/a,N/a,N/a,N/a,N/a,N/a,N/a,N/a,24,N/a,N/a,N/a,N/a,N/a,N/a,N/a,N/a,N/a,N/a,N/a,N/a,N/a,N/a,N/a,N/a,N/a,N/a,N/a,N/a,N/a,N/a,N/a,N/a,N/a,29,N/a,N/a,N/a,N/a,N/a,N/a,N/a,N/a,N/a,N/a,20,N/a,N/a,N/a,N/a,N/a,N/a,N/a,N/a,N/a,N/a,N/a,N/a,N/a,N/a,N/a,N/a,N/a,N/a,N/a,N/a,N/a,N/a,N/a,81,49.6,19,86,14,2,27,3,1.81,32,24,+8,+0.42,+0.48,0,27,44,0,24,20,29,N/a,N/a,0
Joško Gvardiol,hr CRO,DF,Manchester City,22,2002,37,36,3277.0,36.4,5,0,5,5,0,0,2,0,0.14,0.00,0.14,0.14,0.14,Matches,N/a,N/a,N/a,N/a,N/a,N/a,N/a,N/a,N/a,N/a,N/a,N/a,N/a,N/a,N/a,36.4,5,40,12,30.0,1.10,0.33,0.13,0.42,0,0,N/a,N/a,N/a,N/a,N/a,N/a,N/a,N/a,N/a,N/a,N/a,N/a,N/a,N/a,0,N/a,N/a,N/a,N/a,N/a,N/a,N/a,N/a,N/a,N/a,N/a,22,N/a,N/a,N/a,N/a,N/a,N/a,N/a,N/a,N/a,N/a,N/a,N/a,N/a,N/a,N/a,N/a,N/a,N/a,N/a,N/a,N/a,N/a,N/a,N/a,N/a,38,N/a,N/a,N/a,N/a,N/a,N/a,N/a,N/a,N/a,N/a,42,N/a,N/a,N/a,N/a,N/a,N/a,N/a,N/a,N/a,N/a,N/a,N/a,N/a,N/a,N/a,N/a,N/a,N/a,N/a,N/a,N/a,N/a,N/a,89,95.8,36,90,33,1,45,1,1.92,70,41,+29,+0.80,+1.43,0,16,27,3,22,42,38,N/a,N/a,0
Julian Araujo,mx MEX,DF,Bournemouth,22,2001,12,7,497.0,5.5,0,0,0,0,0,0,2,0,0.00,0.00,0.00,0.00,0.00,Matches,N/a,N/a,N/a,N/a,N/a,N/a,N/a,N/a,N/a,N/a,N/a,N/a,N/a,N/a,N/a,5.5,0,0,0,N/a,0.00,0.00,N/a,N/a,0,0,N/a,N/a,N/a,N/a,N/a,N/a,N/a,N/a,N/a,N/a,N/a,N/a,N/a,N/a,0,N/a,N/a,N/a,N/a,N/a,N/a,N/a,N/a,N/a,N/a,N/a,9,N/a,N/a,N/a,N/a,N/a,N/a,N/a,N/a,N/a,N/a,N/a,N/a,N/a,N/a,N/a,N/a,N/a,N/a,N/a,N/a,N/a,N/a,N/a,N/a,N/a,5,N/a,N/a,N/a,N/a,N/a,N/a,N/a,N/a,N/a,N/a,5,N/a,N/a,N/a,N/a,N/a,N/a,N/a,N/a,N/a,N/a,N/a,N/a,N/a,N/a,N/a,N/a,N/a,N/a,N/a,N/a,N/a,N/a,N/a,41,14.5,7,62,0,5,12,7,1.08,2,10,-8,-1.45,-2.06,0,7,2,1,9,5,5,N/a,N/a,0
Julio Enciso,py PAR,MF,Brighton,20,2004,12,2,294.0,3.3,0,0,0,0,0,0,0,0,0.00,0.00,0.00,0.00,0.00,Matches,N/a,N/a,N/a,N/a,N/a,N/a,N/a,N/a,N/a,N/a,N/a,N/a,N/a,N/a,N/a,3.3,0,20,11,55.0,6.12,3.37,0.00,0.00,0,0,N/a,N/a,N/a,N/a,N/a,N/a,N/a,N/a,N/a,N/a,N/a,N/a,N/a,N/a,0,N/a,N/a,N/a,N/a,N/a,N/a,N/a,N/a,N/a,N/a,N/a,20,N/a,N/a,N/a,N/a,N/a,N/a,N/a,N/a,N/a,N/a,N/a,N/a,N/a,N/a,N/a,N/a,N/a,N/a,N/a,N/a,N/a,N/a,N/a,N/a,N/a,0,N/a,N/a,N/a,N/a,N/a,N/a,N/a,N/a,N/a,N/a,0,N/a,N/a,N/a,N/a,N/a,N/a,N/a,N/a,N/a,N/a,N/a,N/a,N/a,N/a,N/a,N/a,N/a,N/a,N/a,N/a,N/a,N/a,N/a,25,8.6,2,67,0,10,16,7,1.50,3,4,-1,-0.31,-0.54,0,3,7,0,20,0,0,N/a,N/a,0
Julio Enciso,py PAR,MF,Ipswich Town,20,2004,13,12,869.0,9.7,2,3,5,2,0,0,3,0,0.21,0.31,0.52,0.21,0.52,Matches,N/a,N/a,N/a,N/a,N/a,N/a,N/a,N/a,N/a,N/a,N/a,N/a,N/a,N/a,N/a,9.7,2,32,11,34.4,3.31,1.14,0.06,0.18,0,0,N/a,N/a,N/a,N/a,N/a,N/a,N/a,N/a,N/a,N/a,N/a,N/a,N/a,N/a,3,N/a,N/a,N/a,N/a,N/a,N/a,N/a,N/a,N/a,N/a,N/a,20,N/a,N/a,N/a,N/a,N/a,N/a,N/a,N/a,N/a,N/a,N/a,N/a,N/a,N/a,N/a,N/a,N/a,N/a,N/a,N/a,N/a,N/a,N/a,N/a,N/a,9,N/a,N/a,N/a,N/a,N/a,N/a,N/a,N/a,N/a,N/a,1,N/a,N/a,N/a,N/a,N/a,N/a,N/a,N/a,N/a,N/a,N/a,N/a,N/a,N/a,N/a,N/a,N/a,N/a,N/a,N/a,N/a,N/a,N/a,67,25.4,12,71,2,1,12,0,0.46,9,18,-9,-0.93,+0.37,0,9,21,0,20,1,9,N/a,N/a,0
Jurriën Timber,nl NED,DF,Arsenal,23,2001,30,27,2417.0,26.9,1,3,4,1,0,0,7,0,0.04,0.11,0.15,0.04,0.15,Matches,N/a,N/a,N/a,N/a,N/a,N/a,N/a,N/a,N/a,N/a,N/a,N/a,N/a,N/a,N/a,26.9,1,14,4,28.6,0.52,0.15,0.07,0.25,0,0,N/a,N/a,N/a,N/a,N/a,N/a,N/a,N/a,N/a,N/a,N/a,N/a,N/a,N/a,3,N/a,N/a,N/a,N/a,N/a,N/a,N/a,N/a,N/a,N/a,N/a,28,N/a,N/a,N/a,N/a,N/a,N/a,N/a,N/a,N/a,N/a,N/a,N/a,N/a,N/a,N/a,N/a,N/a,N/a,N/a,N/a,N/a,N/a,N/a,N/a,N/a,36,N/a,N/a,N/a,N/a,N/a,N/a,N/a,N/a,N/a,N/a,24,N/a,N/a,N/a,N/a,N/a,N/a,N/a,N/a,N/a,N/a,N/a,N/a,N/a,N/a,N/a,N/a,N/a,N/a,N/a,N/a,N/a,N/a,N/a,81,70.7,27,87,18,3,25,2,2.00,52,21,+31,+1.15,+0.80,0,30,29,7,28,24,36,N/a,N/a,0
Justin Kluivert,nl NED,MF,Bournemouth,25,1999,34,29,2340.0,26.0,12,6,18,6,6,6,8,0,0.46,0.23,0.69,0.23,0.46,Matches,N/a,N/a,N/a,N/a,N/a,N/a,N/a,N/a,N/a,N/a,N/a,N/a,N/a,N/a,N/a,26.0,12,63,29,46.0,2.42,1.12,0.19,0.41,6,6,N/a,N/a,N/a,N/a,N/a,N/a,N/a,N/a,N/a,N/a,N/a,N/a,N/a,N/a,6,N/a,N/a,N/a,N/a,N/a,N/a,N/a,N/a,N/a,N/a,N/a,86,N/a,N/a,N/a,N/a,N/a,N/a,N/a,N/a,N/a,N/a,N/a,N/a,N/a,N/a,N/a,N/a,N/a,N/a,N/a,N/a,N/a,N/a,N/a,N/a,N/a,9,N/a,N/a,N/a,N/a,N/a,N/a,N/a,N/a,N/a,N/a,13,N/a,N/a,N/a,N/a,N/a,N/a,N/a,N/a,N/a,N/a,N/a,N/a,N/a,N/a,N/a,N/a,N/a,N/a,N/a,N/a,N/a,N/a,N/a,69,68.4,29,74,5,5,40,0,1.50,36,29,+7,+0.27,-0.15,0,46,33,6,86,13,9,N/a,N/a,0
Justin Devenny,nir NIR,MF,Crystal Palace,20,2003,23,4,507.0,5.6,1,1,2,1,0,0,1,0,0.18,0.18,0.36,0.18,0.36,Matches,N/a,N/a,N/a,N/a,N/a,N/a,N/a,N/a,N/a,N/a,N/a,N/a,N/a,N/a,N/a,5.6,1,10,6,60.0,1.78,1.07,0.10,0.17,0,0,N/a,N/a,N/a,N/a,N/a,N/a,N/a,N/a,N/a,N/a,N/a,N/a,N/a,N/a,1,N/a,N/a,N/a,N/a,N/a,N/a,N/a,N/a,N/a,N/a,N/a,18,N/a,N/a,N/a,N/a,N/a,N/a,N/a,N/a,N/a,N/a,N/a,N/a,N/a,N/a,N/a,N/a,N/a,N/a,N/a,N/a,N/a,N/a,N/a,N/a,N/a,11,N/a,N/a,N/a,N/a,N/a,N/a,N/a,N/a,N/a,N/a,0,N/a,N/a,N/a,N/a,N/a,N/a,N/a,N/a,N/a,N/a,N/a,N/a,N/a,N/a,N/a,N/a,N/a,N/a,N/a,N/a,N/a,N/a,N/a,22,14.8,4,68,0,19,12,7,1.65,8,8,0,0.00,0.00,0,9,0,1,18,0,11,N/a,N/a,0
Jáder Durán,co COL,FW,Aston Villa,20,2003,20,4,638.0,7.1,7,0,7,7,0,0,3,1,0.99,0.00,0.99,0.99,0.99,Matches,N/a,N/a,N/a,N/a,N/a,N/a,N/a,N/a,N/a,N/a,N/a,N/a,N/a,N/a,N/a,7.1,7,31,15,48.4,4.37,2.12,0.23,0.47,0,0,N/a,N/a,N/a,N/a,N/a,N/a,N/a,N/a,N/a,N/a,N/a,N/a,N/a,N/a,0,N/a,N/a,N/a,N/a,N/a,N/a,N/a,N/a,N/a,N/a,N/a,3,N/a,N/a,N/a,N/a,N/a,N/a,N/a,N/a,N/a,N/a,N/a,N/a,N/a,N/a,N/a,N/a,N/a,N/a,N/a,N/a,N/a,N/a,N/a,N/a,N/a,7,N/a,N/a,N/a,N/a,N/a,N/a,N/a,N/a,N/a,N/a,0,N/a,N/a,N/a,N/a,N/a,N/a,N/a,N/a,N/a,N/a,N/a,N/a,N/a,N/a,N/a,N/a,N/a,N/a,N/a,N/a,N/a,N/a,N/a,32,18.7,4,60,0,16,25,1,1.50,12,12,0,0.00,-0.23,0,14,15,5,3,0,7,N/a,N/a,0
Jørgen Strand Larsen,no NOR,FW,Wolves,24,2000,35,30,2587.0,28.7,14,4,18,14,0,0,4,0,0.49,0.14,0.63,0.49,0.63,Matches,N/a,N/a,N/a,N/a,N/a,N/a,N/a,N/a,N/a,N/a,N/a,N/a,N/a,N/a,N/a,28.7,14,54,34,63.0,1.88,1.18,0.26,0.41,0,0,N/a,N/a,N/a,N/a,N/a,N/a,N/a,N/a,N/a,N/a,N/a,N/a,N/a,N/a,4,N/a,N/a,N/a,N/a,N/a,N/a,N/a,N/a,N/a,N/a,N/a,6,N/a,N/a,N/a,N/a,N/a,N/a,N/a,N/a,N/a,N/a,N/a,N/a,N/a,N/a,N/a,N/a,N/a,N/a,N/a,N/a,N/a,N/a,N/a,N/a,N/a,7,N/a,N/a,N/a,N/a,N/a,N/a,N/a,N/a,N/a,N/a,5,N/a,N/a,N/a,N/a,N/a,N/a,N/a,N/a,N/a,N/a,N/a,N/a,N/a,N/a,N/a,N/a,N/a,N/a,N/a,N/a,N/a,N/a,N/a,74,75.6,30,80,11,5,35,0,1.11,42,52,-10,-0.35,+0.19,0,46,19,16,6,5,7,N/a,N/a,0
Kai Havertz,de GER,FW,Arsenal,25,1999,23,21,1875.0,20.8,9,3,12,9,0,0,5,0,0.43,0.14,0.58,0.43,0.58,Matches,N/a,N/a,N/a,N/a,N/a,N/a,N/a,N/a,N/a,N/a,N/a,N/a,N/a,N/a,N/a,20.8,9,53,21,39.6,2.54,1.01,0.17,0.43,0,0,N/a,N/a,N/a,N/a,N/a,N/a,N/a,N/a,N/a,N/a,N/a,N/a,N/a,N/a,3,N/a,N/a,N/a,N/a,N/a,N/a,N/a,N/a,N/a,N/a,N/a,11,N/a,N/a,N/a,N/a,N/a,N/a,N/a,N/a,N/a,N/a,N/a,N/a,N/a,N/a,N/a,N/a,N/a,N/a,N/a,N/a,N/a,N/a,N/a,N/a,N/a,8,N/a,N/a,N/a,N/a,N/a,N/a,N/a,N/a,N/a,N/a,5,N/a,N/a,N/a,N/a,N/a,N/a,N/a,N/a,N/a,N/a,N/a,N/a,N/a,N/a,N/a,N/a,N/a,N/a,N/a,N/a,N/a,N/a,N/a,82,54.8,21,88,18,2,18,1,2.13,40,20,+20,+0.96,+0.09,0,38,23,14,11,5,8,N/a,N/a,0
Kalvin Phillips,eng ENG,MF,Ipswich Town,28,1995,19,14,1237.0,13.7,0,0,0,0,0,0,6,1,0.00,0.00,0.00,0.00,0.00,Matches,N/a,N/a,N/a,N/a,N/a,N/a,N/a,N/a,N/a,N/a,N/a,N/a,N/a,N/a,N/a,13.7,0,11,2,18.2,0.80,0.15,0.00,0.00,0,0,N/a,N/a,N/a,N/a,N/a,N/a,N/a,N/a,N/a,N/a,N/a,N/a,N/a,N/a,0,N/a,N/a,N/a,N/a,N/a,N/a,N/a,N/a,N/a,N/a,N/a,20,N/a,N/a,N/a,N/a,N/a,N/a,N/a,N/a,N/a,N/a,N/a,N/a,N/a,N/a,N/a,N/a,N/a,N/a,N/a,N/a,N/a,N/a,N/a,N/a,N/a,20,N/a,N/a,N/a,N/a,N/a,N/a,N/a,N/a,N/a,N/a,18,N/a,N/a,N/a,N/a,N/a,N/a,N/a,N/a,N/a,N/a,N/a,N/a,N/a,N/a,N/a,N/a,N/a,N/a,N/a,N/a,N/a,N/a,N/a,65,36.2,14,82,6,5,19,6,0.68,12,29,-17,-1.24,-0.04,1,28,21,0,20,18,20,N/a,N/a,0
Kamaldeen Sulemana,gh GHA,"FW,MF",Southampton,22,2002,26,17,1402.0,15.6,1,1,2,1,0,0,2,0,0.06,0.06,0.13,0.06,0.13,Matches,N/a,N/a,N/a,N/a,N/a,N/a,N/a,N/a,N/a,N/a,N/a,N/a,N/a,N/a,N/a,15.6,1,29,8,27.6,1.86,0.51,0.03,0.13,0,0,N/a,N/a,N/a,N/a,N/a,N/a,N/a,N/a,N/a,N/a,N/a,N/a,N/a,N/a,1,N/a,N/a,N/a,N/a,N/a,N/a,N/a,N/a,N/a,N/a,N/a,26,N/a,N/a,N/a,N/a,N/a,N/a,N/a,N/a,N/a,N/a,N/a,N/a,N/a,N/a,N/a,N/a,N/a,N/a,N/a,N/a,N/a,N/a,N/a,N/a,N/a,16,N/a,N/a,N/a,N/a,N/a,N/a,N/a,N/a,N/a,N/a,5,N/a,N/a,N/a,N/a,N/a,N/a,N/a,N/a,N/a,N/a,N/a,N/a,N/a,N/a,N/a,N/a,N/a,N/a,N/a,N/a,N/a,N/a,N/a,54,41.0,17,74,5,9,16,2,0.27,11,36,-25,-1.60,-0.04,0,22,11,3,26,5,16,N/a,N/a,0
Kaoru Mitoma,jp JPN,MF,Brighton,27,1997,36,28,2603.0,28.9,10,4,14,10,0,0,1,0,0.35,0.14,0.48,0.35,0.48,Matches,N/a,N/a,N/a,N/a,N/a,N/a,N/a,N/a,N/a,N/a,N/a,N/a,N/a,N/a,N/a,28.9,10,57,27,47.4,1.97,0.93,0.18,0.37,0,0,N/a,N/a,N/a,N/a,N/a,N/a,N/a,N/a,N/a,N/a,N/a,N/a,N/a,N/a,4,N/a,N/a,N/a,N/a,N/a,N/a,N/a,N/a,N/a,N/a,N/a,72,N/a,N/a,N/a,N/a,N/a,N/a,N/a,N/a,N/a,N/a,N/a,N/a,N/a,N/a,N/a,N/a,N/a,N/a,N/a,N/a,N/a,N/a,N/a,N/a,N/a,27,N/a,N/a,N/a,N/a,N/a,N/a,N/a,N/a,N/a,N/a,12,N/a,N/a,N/a,N/a,N/a,N/a,N/a,N/a,N/a,N/a,N/a,N/a,N/a,N/a,N/a,N/a,N/a,N/a,N/a,N/a,N/a,N/a,N/a,72,76.1,28,85,14,8,29,0,1.64,53,40,+13,+0.45,+1.11,0,40,24,5,72,12,27,N/a,N/a,0
Kasey McAteer,ie IRL,MF,Leicester City,22,2001,18,9,852.0,9.5,1,1,2,1,0,0,3,0,0.11,0.11,0.21,0.11,0.21,Matches,N/a,N/a,N/a,N/a,N/a,N/a,N/a,N/a,N/a,N/a,N/a,N/a,N/a,N/a,N/a,9.5,1,13,7,53.8,1.37,0.74,0.08,0.14,0,0,N/a,N/a,N/a,N/a,N/a,N/a,N/a,N/a,N/a,N/a,N/a,N/a,N/a,N/a,1,N/a,N/a,N/a,N/a,N/a,N/a,N/a,N/a,N/a,N/a,N/a,21,N/a,N/a,N/a,N/a,N/a,N/a,N/a,N/a,N/a,N/a,N/a,N/a,N/a,N/a,N/a,N/a,N/a,N/a,N/a,N/a,N/a,N/a,N/a,N/a,N/a,15,N/a,N/a,N/a,N/a,N/a,N/a,N/a,N/a,N/a,N/a,2,N/a,N/a,N/a,N/a,N/a,N/a,N/a,N/a,N/a,N/a,N/a,N/a,N/a,N/a,N/a,N/a,N/a,N/a,N/a,N/a,N/a,N/a,N/a,47,24.9,9,78,1,9,16,2,0.78,10,16,-6,-0.63,+0.80,0,18,15,3,21,2,15,N/a,N/a,0
Keane Lewis-Potter,eng ENG,"DF,MF",Brentford,23,2001,38,36,3093.0,34.4,1,3,4,1,0,0,7,0,0.03,0.09,0.12,0.03,0.12,Matches,N/a,N/a,N/a,N/a,N/a,N/a,N/a,N/a,N/a,N/a,N/a,N/a,N/a,N/a,N/a,34.4,1,28,14,50.0,0.81,0.41,0.04,0.07,0,0,N/a,N/a,N/a,N/a,N/a,N/a,N/a,N/a,N/a,N/a,N/a,N/a,N/a,N/a,3,N/a,N/a,N/a,N/a,N/a,N/a,N/a,N/a,N/a,N/a,N/a,75,N/a,N/a,N/a,N/a,N/a,N/a,N/a,N/a,N/a,N/a,N/a,N/a,N/a,N/a,N/a,N/a,N/a,N/a,N/a,N/a,N/a,N/a,N/a,N/a,N/a,27,N/a,N/a,N/a,N/a,N/a,N/a,N/a,N/a,N/a,N/a,20,N/a,N/a,N/a,N/a,N/a,N/a,N/a,N/a,N/a,N/a,N/a,N/a,N/a,N/a,N/a,N/a,N/a,N/a,N/a,N/a,N/a,N/a,N/a,81,90.4,36,85,26,2,17,0,1.47,58,49,+9,+0.26,+0.26,0,18,31,4,75,20,27,N/a,N/a,0
Kenny Tete,nl NED,DF,Fulham,28,1995,22,21,1774.0,19.7,0,2,2,0,0,0,5,0,0.00,0.10,0.10,0.00,0.10,Matches,N/a,N/a,N/a,N/a,N/a,N/a,N/a,N/a,N/a,N/a,N/a,N/a,N/a,N/a,N/a,19.7,0,24,2,8.3,1.22,0.10,0.00,0.00,0,0,N/a,N/a,N/a,N/a,N/a,N/a,N/a,N/a,N/a,N/a,N/a,N/a,N/a,N/a,2,N/a,N/a,N/a,N/a,N/a,N/a,N/a,N/a,N/a,N/a,N/a,38,N/a,N/a,N/a,N/a,N/a,N/a,N/a,N/a,N/a,N/a,N/a,N/a,N/a,N/a,N/a,N/a,N/a,N/a,N/a,N/a,N/a,N/a,N/a,N/a,N/a,38,N/a,N/a,N/a,N/a,N/a,N/a,N/a,N/a,N/a,N/a,30,N/a,N/a,N/a,N/a,N/a,N/a,N/a,N/a,N/a,N/a,N/a,N/a,N/a,N/a,N/a,N/a,N/a,N/a,N/a,N/a,N/a,N/a,N/a,81,51.9,21,84,15,1,9,2,1.36,24,26,-2,-0.10,-0.21,0,35,16,1,38,30,38,N/a,N/a,0
Kepa Arrizabalaga,es ESP,GK,Bournemouth,29,1994,31,31,2790.0,31.0,0,0,0,0,0,0,3,0,0.00,0.00,0.00,0.00,0.00,Matches,39,1.26,136,97,71.3,13,7,11,8,25.8,4,4,0,0,0.0,31.0,0,1,0,0.0,0.03,0.00,0.00,N/a,0,0,N/a,N/a,N/a,N/a,N/a,N/a,N/a,N/a,N/a,N/a,N/a,N/a,N/a,N/a,0,N/a,N/a,N/a,N/a,N/a,N/a,N/a,N/a,N/a,N/a,N/a,0,N/a,N/a,N/a,N/a,N/a,N/a,N/a,N/a,N/a,N/a,N/a,N/a,N/a,N/a,N/a,N/a,N/a,N/a,N/a,N/a,N/a,N/a,N/a,N/a,N/a,0,N/a,N/a,N/a,N/a,N/a,N/a,N/a,N/a,N/a,N/a,0,N/a,N/a,N/a,N/a,N/a,N/a,N/a,N/a,N/a,N/a,N/a,N/a,N/a,N/a,N/a,N/a,N/a,N/a,N/a,N/a,N/a,N/a,N/a,90,81.6,31,90,31,0,N/a,1,1.48,50,39,+11,+0.35,+0.21,0,2,6,0,0,0,0,N/a,N/a,0
Kevin De Bruyne,be BEL,"MF,FW",Manchester City,33,1991,28,19,1702.0,18.9,4,7,11,4,0,0,2,0,0.21,0.37,0.58,0.21,0.58,Matches,N/a,N/a,N/a,N/a,N/a,N/a,N/a,N/a,N/a,N/a,N/a,N/a,N/a,N/a,N/a,18.9,4,57,18,31.6,3.01,0.95,0.07,0.22,0,0,N/a,N/a,N/a,N/a,N/a,N/a,N/a,N/a,N/a,N/a,N/a,N/a,N/a,N/a,7,N/a,N/a,N/a,N/a,N/a,N/a,N/a,N/a,N/a,N/a,N/a,144,N/a,N/a,N/a,N/a,N/a,N/a,N/a,N/a,N/a,N/a,N/a,N/a,N/a,N/a,N/a,N/a,N/a,N/a,N/a,N/a,N/a,N/a,N/a,N/a,N/a,9,N/a,N/a,N/a,N/a,N/a,N/a,N/a,N/a,N/a,N/a,7,N/a,N/a,N/a,N/a,N/a,N/a,N/a,N/a,N/a,N/a,N/a,N/a,N/a,N/a,N/a,N/a,N/a,N/a,N/a,N/a,N/a,N/a,N/a,61,49.8,19,83,7,9,15,5,1.82,41,19,+22,+1.16,+0.85,0,17,18,5,144,7,9,N/a,N/a,0
Kevin Danso,at AUT,DF,Tottenham,25,1998,10,9,842.0,9.4,0,0,0,0,0,0,0,0,0.00,0.00,0.00,0.00,0.00,Matches,N/a,N/a,N/a,N/a,N/a,N/a,N/a,N/a,N/a,N/a,N/a,N/a,N/a,N/a,N/a,9.4,0,7,3,42.9,0.75,0.32,0.00,0.00,0,0,N/a,N/a,N/a,N/a,N/a,N/a,N/a,N/a,N/a,N/a,N/a,N/a,N/a,N/a,0,N/a,N/a,N/a,N/a,N/a,N/a,N/a,N/a,N/a,N/a,N/a,1,N/a,N/a,N/a,N/a,N/a,N/a,N/a,N/a,N/a,N/a,N/a,N/a,N/a,N/a,N/a,N/a,N/a,N/a,N/a,N/a,N/a,N/a,N/a,N/a,N/a,4,N/a,N/a,N/a,N/a,N/a,N/a,N/a,N/a,N/a,N/a,6,N/a,N/a,N/a,N/a,N/a,N/a,N/a,N/a,N/a,N/a,N/a,N/a,N/a,N/a,N/a,N/a,N/a,N/a,N/a,N/a,N/a,N/a,N/a,84,24.6,9,89,8,1,45,0,0.80,11,18,-7,-0.75,-0.96,0,9,13,0,1,6,4,N/a,N/a,0
Kevin Schade,de GER,"MF,FW",Brentford,22,2001,38,26,2293.0,25.5,11,2,13,11,0,0,3,0,0.43,0.08,0.51,0.43,0.51,Matches,N/a,N/a,N/a,N/a,N/a,N/a,N/a,N/a,N/a,N/a,N/a,N/a,N/a,N/a,N/a,25.5,11,55,27,49.1,2.16,1.06,0.20,0.41,0,0,N/a,N/a,N/a,N/a,N/a,N/a,N/a,N/a,N/a,N/a,N/a,N/a,N/a,N/a,2,N/a,N/a,N/a,N/a,N/a,N/a,N/a,N/a,N/a,N/a,N/a,39,N/a,N/a,N/a,N/a,N/a,N/a,N/a,N/a,N/a,N/a,N/a,N/a,N/a,N/a,N/a,N/a,N/a,N/a,N/a,N/a,N/a,N/a,N/a,N/a,N/a,26,N/a,N/a,N/a,N/a,N/a,N/a,N/a,N/a,N/a,N/a,5,N/a,N/a,N/a,N/a,N/a,N/a,N/a,N/a,N/a,N/a,N/a,N/a,N/a,N/a,N/a,N/a,N/a,N/a,N/a,N/a,N/a,N/a,N/a,60,67.0,26,79,6,12,21,0,1.47,45,34,+11,+0.43,+0.59,0,21,38,13,39,5,26,N/a,N/a,0
Kieran Trippier,eng ENG,DF,Newcastle,33,1990,25,14,1309.0,14.5,0,3,3,0,0,0,1,0,0.00,0.21,0.21,0.00,0.21,Matches,N/a,N/a,N/a,N/a,N/a,N/a,N/a,N/a,N/a,N/a,N/a,N/a,N/a,N/a,N/a,14.5,0,4,0,0.0,0.28,0.00,0.00,N/a,0,0,N/a,N/a,N/a,N/a,N/a,N/a,N/a,N/a,N/a,N/a,N/a,N/a,N/a,N/a,3,N/a,N/a,N/a,N/a,N/a,N/a,N/a,N/a,N/a,N/a,N/a,83,N/a,N/a,N/a,N/a,N/a,N/a,N/a,N/a,N/a,N/a,N/a,N/a,N/a,N/a,N/a,N/a,N/a,N/a,N/a,N/a,N/a,N/a,N/a,N/a,N/a,22,N/a,N/a,N/a,N/a,N/a,N/a,N/a,N/a,N/a,N/a,11,N/a,N/a,N/a,N/a,N/a,N/a,N/a,N/a,N/a,N/a,N/a,N/a,N/a,N/a,N/a,N/a,N/a,N/a,N/a,N/a,N/a,N/a,N/a,52,38.3,14,77,2,11,21,6,1.60,29,18,+11,+0.76,+0.33,0,16,11,2,83,11,22,N/a,N/a,0
Kieran Tierney,sct SCO,DF,Arsenal,27,1997,13,2,259.0,2.9,1,0,1,1,0,0,0,0,0.35,0.00,0.35,0.35,0.35,Matches,N/a,N/a,N/a,N/a,N/a,N/a,N/a,N/a,N/a,N/a,N/a,N/a,N/a,N/a,N/a,2.9,1,2,1,50.0,0.69,0.35,0.50,1.00,0,0,N/a,N/a,N/a,N/a,N/a,N/a,N/a,N/a,N/a,N/a,N/a,N/a,N/a,N/a,0,N/a,N/a,N/a,N/a,N/a,N/a,N/a,N/a,N/a,N/a,N/a,14,N/a,N/a,N/a,N/a,N/a,N/a,N/a,N/a,N/a,N/a,N/a,N/a,N/a,N/a,N/a,N/a,N/a,N/a,N/a,N/a,N/a,N/a,N/a,N/a,N/a,5,N/a,N/a,N/a,N/a,N/a,N/a,N/a,N/a,N/a,N/a,3,N/a,N/a,N/a,N/a,N/a,N/a,N/a,N/a,N/a,N/a,N/a,N/a,N/a,N/a,N/a,N/a,N/a,N/a,N/a,N/a,N/a,N/a,N/a,20,7.6,2,62,0,11,12,13,2.08,3,1,+2,+0.69,-0.24,0,1,2,2,14,3,5,N/a,N/a,0
Kiernan Dewsbury-Hall,eng ENG,MF,Chelsea,25,1998,13,2,264.0,2.9,0,1,1,0,0,0,0,0,0.00,0.34,0.34,0.00,0.34,Matches,N/a,N/a,N/a,N/a,N/a,N/a,N/a,N/a,N/a,N/a,N/a,N/a,N/a,N/a,N/a,2.9,0,1,0,0.0,0.34,0.00,0.00,N/a,0,0,N/a,N/a,N/a,N/a,N/a,N/a,N/a,N/a,N/a,N/a,N/a,N/a,N/a,N/a,1,N/a,N/a,N/a,N/a,N/a,N/a,N/a,N/a,N/a,N/a,N/a,2,N/a,N/a,N/a,N/a,N/a,N/a,N/a,N/a,N/a,N/a,N/a,N/a,N/a,N/a,N/a,N/a,N/a,N/a,N/a,N/a,N/a,N/a,N/a,N/a,N/a,5,N/a,N/a,N/a,N/a,N/a,N/a,N/a,N/a,N/a,N/a,1,N/a,N/a,N/a,N/a,N/a,N/a,N/a,N/a,N/a,N/a,N/a,N/a,N/a,N/a,N/a,N/a,N/a,N/a,N/a,N/a,N/a,N/a,N/a,20,7.7,2,67,0,11,12,13,2.15,6,3,+3,+1.02,+0.51,0,4,6,0,2,1,5,N/a,N/a,0
Kobbie Mainoo,eng ENG,MF,Manchester Utd,19,2005,25,19,1651.0,18.3,0,0,0,0,0,0,5,0,0.00,0.00,0.00,0.00,0.00,Matches,N/a,N/a,N/a,N/a,N/a,N/a,N/a,N/a,N/a,N/a,N/a,N/a,N/a,N/a,N/a,18.3,0,15,2,13.3,0.82,0.11,0.00,0.00,0,0,N/a,N/a,N/a,N/a,N/a,N/a,N/a,N/a,N/a,N/a,N/a,N/a,N/a,N/a,0,N/a,N/a,N/a,N/a,N/a,N/a,N/a,N/a,N/a,N/a,N/a,7,N/a,N/a,N/a,N/a,N/a,N/a,N/a,N/a,N/a,N/a,N/a,N/a,N/a,N/a,N/a,N/a,N/a,N/a,N/a,N/a,N/a,N/a,N/a,N/a,N/a,28,N/a,N/a,N/a,N/a,N/a,N/a,N/a,N/a,N/a,N/a,19,N/a,N/a,N/a,N/a,N/a,N/a,N/a,N/a,N/a,N/a,N/a,N/a,N/a,N/a,N/a,N/a,N/a,N/a,N/a,N/a,N/a,N/a,N/a,66,48.3,19,76,8,6,35,1,1.00,19,27,-8,-0.44,-0.33,0,27,21,3,7,19,28,N/a,N/a,0
Konstantinos Mavropanos,gr GRE,DF,West Ham,26,1997,33,21,2045.0,22.7,0,0,0,0,0,0,6,1,0.00,0.00,0.00,0.00,0.00,Matches,N/a,N/a,N/a,N/a,N/a,N/a,N/a,N/a,N/a,N/a,N/a,N/a,N/a,N/a,N/a,22.7,0,18,5,27.8,0.79,0.22,0.00,0.00,0,0,N/a,N/a,N/a,N/a,N/a,N/a,N/a,N/a,N/a,N/a,N/a,N/a,N/a,N/a,0,N/a,N/a,N/a,N/a,N/a,N/a,N/a,N/a,N/a,N/a,N/a,2,N/a,N/a,N/a,N/a,N/a,N/a,N/a,N/a,N/a,N/a,N/a,N/a,N/a,N/a,N/a,N/a,N/a,N/a,N/a,N/a,N/a,N/a,N/a,N/a,N/a,23,N/a,N/a,N/a,N/a,N/a,N/a,N/a,N/a,N/a,N/a,39,N/a,N/a,N/a,N/a,N/a,N/a,N/a,N/a,N/a,N/a,N/a,N/a,N/a,N/a,N/a,N/a,N/a,N/a,N/a,N/a,N/a,N/a,N/a,62,59.8,21,85,17,12,22,3,1.15,22,38,-16,-0.70,-0.70,1,17,16,3,2,39,23,N/a,N/a,0
Kosta Nedeljković,rs SRB,DF,Aston Villa,18,2005,5,0,126.0,1.4,0,0,0,0,0,0,0,0,0.00,0.00,0.00,0.00,0.00,Matches,N/a,N/a,N/a,N/a,N/a,N/a,N/a,N/a,N/a,N/a,N/a,N/a,N/a,N/a,N/a,1.4,0,0,0,N/a,0.00,0.00,N/a,N/a,0,0,N/a,N/a,N/a,N/a,N/a,N/a,N/a,N/a,N/a,N/a,N/a,N/a,N/a,N/a,0,N/a,N/a,N/a,N/a,N/a,N/a,N/a,N/a,N/a,N/a,N/a,1,N/a,N/a,N/a,N/a,N/a,N/a,N/a,N/a,N/a,N/a,N/a,N/a,N/a,N/a,N/a,N/a,N/a,N/a,N/a,N/a,N/a,N/a,N/a,N/a,N/a,4,N/a,N/a,N/a,N/a,N/a,N/a,N/a,N/a,N/a,N/a,1,N/a,N/a,N/a,N/a,N/a,N/a,N/a,N/a,N/a,N/a,N/a,N/a,N/a,N/a,N/a,N/a,N/a,N/a,N/a,N/a,N/a,N/a,N/a,25,3.7,0,N/a,0,5,25,11,1.20,0,4,-4,-2.86,-3.16,0,0,1,0,1,1,4,N/a,N/a,0
Kostas Tsimikas,gr GRE,DF,Liverpool,28,1996,18,9,837.0,9.3,0,1,1,0,0,0,2,0,0.00,0.11,0.11,0.00,0.11,Matches,N/a,N/a,N/a,N/a,N/a,N/a,N/a,N/a,N/a,N/a,N/a,N/a,N/a,N/a,N/a,9.3,0,4,2,50.0,0.43,0.22,0.00,0.00,0,0,N/a,N/a,N/a,N/a,N/a,N/a,N/a,N/a,N/a,N/a,N/a,N/a,N/a,N/a,1,N/a,N/a,N/a,N/a,N/a,N/a,N/a,N/a,N/a,N/a,N/a,64,N/a,N/a,N/a,N/a,N/a,N/a,N/a,N/a,N/a,N/a,N/a,N/a,N/a,N/a,N/a,N/a,N/a,N/a,N/a,N/a,N/a,N/a,N/a,N/a,N/a,19,N/a,N/a,N/a,N/a,N/a,N/a,N/a,N/a,N/a,N/a,10,N/a,N/a,N/a,N/a,N/a,N/a,N/a,N/a,N/a,N/a,N/a,N/a,N/a,N/a,N/a,N/a,N/a,N/a,N/a,N/a,N/a,N/a,N/a,47,24.5,9,76,4,9,17,16,2.17,13,8,+5,+0.54,-0.86,0,9,6,1,64,10,19,N/a,N/a,0
Kristoffer Ajer,no NOR,DF,Brentford,26,1998,24,17,1438.0,16.0,0,0,0,0,0,0,5,0,0.00,0.00,0.00,0.00,0.00,Matches,N/a,N/a,N/a,N/a,N/a,N/a,N/a,N/a,N/a,N/a,N/a,N/a,N/a,N/a,N/a,16.0,0,9,3,33.3,0.56,0.19,0.00,0.00,0,0,N/a,N/a,N/a,N/a,N/a,N/a,N/a,N/a,N/a,N/a,N/a,N/a,N/a,N/a,0,N/a,N/a,N/a,N/a,N/a,N/a,N/a,N/a,N/a,N/a,N/a,14,N/a,N/a,N/a,N/a,N/a,N/a,N/a,N/a,N/a,N/a,N/a,N/a,N/a,N/a,N/a,N/a,N/a,N/a,N/a,N/a,N/a,N/a,N/a,N/a,N/a,19,N/a,N/a,N/a,N/a,N/a,N/a,N/a,N/a,N/a,N/a,11,N/a,N/a,N/a,N/a,N/a,N/a,N/a,N/a,N/a,N/a,N/a,N/a,N/a,N/a,N/a,N/a,N/a,N/a,N/a,N/a,N/a,N/a,N/a,60,42.0,17,79,5,7,14,2,1.33,20,25,-5,-0.31,-0.95,0,13,6,2,14,11,19,N/a,N/a,0
Kyle Walker,eng ENG,DF,Manchester City,34,1990,15,9,970.0,10.8,0,0,0,0,0,0,3,0,0.00,0.00,0.00,0.00,0.00,Matches,N/a,N/a,N/a,N/a,N/a,N/a,N/a,N/a,N/a,N/a,N/a,N/a,N/a,N/a,N/a,10.8,0,5,2,40.0,0.46,0.19,0.00,0.00,0,0,N/a,N/a,N/a,N/a,N/a,N/a,N/a,N/a,N/a,N/a,N/a,N/a,N/a,N/a,0,N/a,N/a,N/a,N/a,N/a,N/a,N/a,N/a,N/a,N/a,N/a,14,N/a,N/a,N/a,N/a,N/a,N/a,N/a,N/a,N/a,N/a,N/a,N/a,N/a,N/a,N/a,N/a,N/a,N/a,N/a,N/a,N/a,N/a,N/a,N/a,N/a,10,N/a,N/a,N/a,N/a,N/a,N/a,N/a,N/a,N/a,N/a,3,N/a,N/a,N/a,N/a,N/a,N/a,N/a,N/a,N/a,N/a,N/a,N/a,N/a,N/a,N/a,N/a,N/a,N/a,N/a,N/a,N/a,N/a,N/a,65,28.4,9,89,8,6,29,2,1.40,13,21,-8,-0.74,-2.06,0,6,4,1,14,3,10,N/a,N/a,0
Kyle Walker-Peters,eng ENG,"MF,DF",Southampton,27,1997,33,33,2918.0,32.4,0,2,2,0,0,0,5,0,0.00,0.06,0.06,0.00,0.06,Matches,N/a,N/a,N/a,N/a,N/a,N/a,N/a,N/a,N/a,N/a,N/a,N/a,N/a,N/a,N/a,32.4,0,20,6,30.0,0.62,0.19,0.00,0.00,0,0,N/a,N/a,N/a,N/a,N/a,N/a,N/a,N/a,N/a,N/a,N/a,N/a,N/a,N/a,2,N/a,N/a,N/a,N/a,N/a,N/a,N/a,N/a,N/a,N/a,N/a,50,N/a,N/a,N/a,N/a,N/a,N/a,N/a,N/a,N/a,N/a,N/a,N/a,N/a,N/a,N/a,N/a,N/a,N/a,N/a,N/a,N/a,N/a,N/a,N/a,N/a,32,N/a,N/a,N/a,N/a,N/a,N/a,N/a,N/a,N/a,N/a,19,N/a,N/a,N/a,N/a,N/a,N/a,N/a,N/a,N/a,N/a,N/a,N/a,N/a,N/a,N/a,N/a,N/a,N/a,N/a,N/a,N/a,N/a,N/a,88,85.3,33,88,29,0,N/a,2,0.30,23,77,-54,-1.67,-0.59,0,28,52,2,50,19,32,N/a,N/a,0
Lamare Bogarde,nl NED,"DF,MF",Aston Villa,20,2004,8,5,476.0,5.3,0,0,0,0,0,0,2,0,0.00,0.00,0.00,0.00,0.00,Matches,N/a,N/a,N/a,N/a,N/a,N/a,N/a,N/a,N/a,N/a,N/a,N/a,N/a,N/a,N/a,5.3,0,1,1,100.0,0.19,0.19,0.00,0.00,0,0,N/a,N/a,N/a,N/a,N/a,N/a,N/a,N/a,N/a,N/a,N/a,N/a,N/a,N/a,0,N/a,N/a,N/a,N/a,N/a,N/a,N/a,N/a,N/a,N/a,N/a,0,N/a,N/a,N/a,N/a,N/a,N/a,N/a,N/a,N/a,N/a,N/a,N/a,N/a,N/a,N/a,N/a,N/a,N/a,N/a,N/a,N/a,N/a,N/a,N/a,N/a,6,N/a,N/a,N/a,N/a,N/a,N/a,N/a,N/a,N/a,N/a,1,N/a,N/a,N/a,N/a,N/a,N/a,N/a,N/a,N/a,N/a,N/a,N/a,N/a,N/a,N/a,N/a,N/a,N/a,N/a,N/a,N/a,N/a,N/a,60,13.9,5,77,2,3,30,14,1.50,10,11,-1,-0.19,-0.43,0,8,11,0,0,1,6,N/a,N/a,0
Leandro Trossard,be BEL,FW,Arsenal,29,1994,38,28,2546.0,28.3,8,7,15,8,0,0,4,1,0.28,0.25,0.53,0.28,0.53,Matches,N/a,N/a,N/a,N/a,N/a,N/a,N/a,N/a,N/a,N/a,N/a,N/a,N/a,N/a,N/a,28.3,8,72,22,30.6,2.55,0.78,0.11,0.36,0,0,N/a,N/a,N/a,N/a,N/a,N/a,N/a,N/a,N/a,N/a,N/a,N/a,N/a,N/a,7,N/a,N/a,N/a,N/a,N/a,N/a,N/a,N/a,N/a,N/a,N/a,80,N/a,N/a,N/a,N/a,N/a,N/a,N/a,N/a,N/a,N/a,N/a,N/a,N/a,N/a,N/a,N/a,N/a,N/a,N/a,N/a,N/a,N/a,N/a,N/a,N/a,18,N/a,N/a,N/a,N/a,N/a,N/a,N/a,N/a,N/a,N/a,10,N/a,N/a,N/a,N/a,N/a,N/a,N/a,N/a,N/a,N/a,N/a,N/a,N/a,N/a,N/a,N/a,N/a,N/a,N/a,N/a,N/a,N/a,N/a,67,74.4,28,82,14,10,25,0,1.95,51,26,+25,+0.88,-0.15,1,27,46,6,80,10,18,N/a,N/a,0
Leif Davis,eng ENG,DF,Ipswich Town,24,1999,33,32,2743.0,30.5,1,2,3,1,0,0,5,1,0.03,0.07,0.10,0.03,0.10,Matches,N/a,N/a,N/a,N/a,N/a,N/a,N/a,N/a,N/a,N/a,N/a,N/a,N/a,N/a,N/a,30.5,1,16,2,12.5,0.52,0.07,0.06,0.50,0,0,N/a,N/a,N/a,N/a,N/a,N/a,N/a,N/a,N/a,N/a,N/a,N/a,N/a,N/a,2,N/a,N/a,N/a,N/a,N/a,N/a,N/a,N/a,N/a,N/a,N/a,157,N/a,N/a,N/a,N/a,N/a,N/a,N/a,N/a,N/a,N/a,N/a,N/a,N/a,N/a,N/a,N/a,N/a,N/a,N/a,N/a,N/a,N/a,N/a,N/a,N/a,28,N/a,N/a,N/a,N/a,N/a,N/a,N/a,N/a,N/a,N/a,25,N/a,N/a,N/a,N/a,N/a,N/a,N/a,N/a,N/a,N/a,N/a,N/a,N/a,N/a,N/a,N/a,N/a,N/a,N/a,N/a,N/a,N/a,N/a,83,80.2,32,85,27,1,10,0,0.52,29,69,-40,-1.31,-0.51,0,26,31,5,157,25,28,N/a,N/a,0
Leny Yoro,fr FRA,DF,Manchester Utd,18,2005,21,12,1165.0,12.9,0,0,0,0,0,0,5,0,0.00,0.00,0.00,0.00,0.00,Matches,N/a,N/a,N/a,N/a,N/a,N/a,N/a,N/a,N/a,N/a,N/a,N/a,N/a,N/a,N/a,12.9,0,5,1,20.0,0.39,0.08,0.00,0.00,0,0,N/a,N/a,N/a,N/a,N/a,N/a,N/a,N/a,N/a,N/a,N/a,N/a,N/a,N/a,0,N/a,N/a,N/a,N/a,N/a,N/a,N/a,N/a,N/a,N/a,N/a,1,N/a,N/a,N/a,N/a,N/a,N/a,N/a,N/a,N/a,N/a,N/a,N/a,N/a,N/a,N/a,N/a,N/a,N/a,N/a,N/a,N/a,N/a,N/a,N/a,N/a,11,N/a,N/a,N/a,N/a,N/a,N/a,N/a,N/a,N/a,N/a,17,N/a,N/a,N/a,N/a,N/a,N/a,N/a,N/a,N/a,N/a,N/a,N/a,N/a,N/a,N/a,N/a,N/a,N/a,N/a,N/a,N/a,N/a,N/a,55,34.1,12,78,5,9,26,0,0.81,17,24,-7,-0.54,-0.42,0,9,2,1,1,17,11,N/a,N/a,0
Leon Bailey,jm JAM,MF,Aston Villa,26,1997,24,14,1139.0,12.7,1,2,3,1,0,0,3,0,0.08,0.16,0.24,0.08,0.24,Matches,N/a,N/a,N/a,N/a,N/a,N/a,N/a,N/a,N/a,N/a,N/a,N/a,N/a,N/a,N/a,12.7,1,28,6,21.4,2.21,0.47,0.04,0.17,0,0,N/a,N/a,N/a,N/a,N/a,N/a,N/a,N/a,N/a,N/a,N/a,N/a,N/a,N/a,2,N/a,N/a,N/a,N/a,N/a,N/a,N/a,N/a,N/a,N/a,N/a,34,N/a,N/a,N/a,N/a,N/a,N/a,N/a,N/a,N/a,N/a,N/a,N/a,N/a,N/a,N/a,N/a,N/a,N/a,N/a,N/a,N/a,N/a,N/a,N/a,N/a,4,N/a,N/a,N/a,N/a,N/a,N/a,N/a,N/a,N/a,N/a,4,N/a,N/a,N/a,N/a,N/a,N/a,N/a,N/a,N/a,N/a,N/a,N/a,N/a,N/a,N/a,N/a,N/a,N/a,N/a,N/a,N/a,N/a,N/a,47,33.3,14,65,2,10,23,5,1.54,22,19,+3,+0.24,+0.08,0,12,18,3,34,4,4,N/a,N/a,0
Lesley Ugochukwu,fr FRA,MF,Southampton,20,2004,26,18,1655.0,18.4,1,1,2,1,0,0,7,0,0.05,0.05,0.11,0.05,0.11,Matches,N/a,N/a,N/a,N/a,N/a,N/a,N/a,N/a,N/a,N/a,N/a,N/a,N/a,N/a,N/a,18.4,1,10,1,10.0,0.54,0.05,0.10,1.00,0,0,N/a,N/a,N/a,N/a,N/a,N/a,N/a,N/a,N/a,N/a,N/a,N/a,N/a,N/a,1,N/a,N/a,N/a,N/a,N/a,N/a,N/a,N/a,N/a,N/a,N/a,6,N/a,N/a,N/a,N/a,N/a,N/a,N/a,N/a,N/a,N/a,N/a,N/a,N/a,N/a,N/a,N/a,N/a,N/a,N/a,N/a,N/a,N/a,N/a,N/a,N/a,22,N/a,N/a,N/a,N/a,N/a,N/a,N/a,N/a,N/a,N/a,14,N/a,N/a,N/a,N/a,N/a,N/a,N/a,N/a,N/a,N/a,N/a,N/a,N/a,N/a,N/a,N/a,N/a,N/a,N/a,N/a,N/a,N/a,N/a,64,48.4,18,77,4,8,33,6,0.42,13,39,-26,-1.41,+0.32,0,31,16,0,6,14,22,N/a,N/a,0
Levi Colwill,eng ENG,DF,Chelsea,21,2003,35,35,3149.0,35.0,2,1,3,2,0,0,9,0,0.06,0.03,0.09,0.06,0.09,Matches,N/a,N/a,N/a,N/a,N/a,N/a,N/a,N/a,N/a,N/a,N/a,N/a,N/a,N/a,N/a,35.0,2,17,4,23.5,0.49,0.11,0.12,0.50,0,0,N/a,N/a,N/a,N/a,N/a,N/a,N/a,N/a,N/a,N/a,N/a,N/a,N/a,N/a,1,N/a,N/a,N/a,N/a,N/a,N/a,N/a,N/a,N/a,N/a,N/a,12,N/a,N/a,N/a,N/a,N/a,N/a,N/a,N/a,N/a,N/a,N/a,N/a,N/a,N/a,N/a,N/a,N/a,N/a,N/a,N/a,N/a,N/a,N/a,N/a,N/a,35,N/a,N/a,N/a,N/a,N/a,N/a,N/a,N/a,N/a,N/a,32,N/a,N/a,N/a,N/a,N/a,N/a,N/a,N/a,N/a,N/a,N/a,N/a,N/a,N/a,N/a,N/a,N/a,N/a,N/a,N/a,N/a,N/a,N/a,90,92.1,35,90,34,0,N/a,2,1.77,56,41,+15,+0.43,-1.56,0,46,21,4,12,32,35,N/a,N/a,0
Lewis Dunk,eng ENG,DF,Brighton,32,1991,25,23,2083.0,23.1,0,0,0,0,0,0,5,0,0.00,0.00,0.00,0.00,0.00,Matches,N/a,N/a,N/a,N/a,N/a,N/a,N/a,N/a,N/a,N/a,N/a,N/a,N/a,N/a,N/a,23.1,0,12,3,25.0,0.52,0.13,0.00,0.00,0,0,N/a,N/a,N/a,N/a,N/a,N/a,N/a,N/a,N/a,N/a,N/a,N/a,N/a,N/a,0,N/a,N/a,N/a,N/a,N/a,N/a,N/a,N/a,N/a,N/a,N/a,5,N/a,N/a,N/a,N/a,N/a,N/a,N/a,N/a,N/a,N/a,N/a,N/a,N/a,N/a,N/a,N/a,N/a,N/a,N/a,N/a,N/a,N/a,N/a,N/a,N/a,11,N/a,N/a,N/a,N/a,N/a,N/a,N/a,N/a,N/a,N/a,12,N/a,N/a,N/a,N/a,N/a,N/a,N/a,N/a,N/a,N/a,N/a,N/a,N/a,N/a,N/a,N/a,N/a,N/a,N/a,N/a,N/a,N/a,N/a,83,60.9,23,89,21,2,24,2,1.24,33,42,-9,-0.39,-1.47,0,7,11,2,5,12,11,N/a,N/a,1
Lewis Cook,eng ENG,"MF,DF",Bournemouth,27,1997,36,32,2978.0,33.1,1,3,4,1,0,0,8,1,0.03,0.09,0.12,0.03,0.12,Matches,N/a,N/a,N/a,N/a,N/a,N/a,N/a,N/a,N/a,N/a,N/a,N/a,N/a,N/a,N/a,33.1,1,14,4,28.6,0.42,0.12,0.07,0.25,0,0,N/a,N/a,N/a,N/a,N/a,N/a,N/a,N/a,N/a,N/a,N/a,N/a,N/a,N/a,3,N/a,N/a,N/a,N/a,N/a,N/a,N/a,N/a,N/a,N/a,N/a,132,N/a,N/a,N/a,N/a,N/a,N/a,N/a,N/a,N/a,N/a,N/a,N/a,N/a,N/a,N/a,N/a,N/a,N/a,N/a,N/a,N/a,N/a,N/a,N/a,N/a,42,N/a,N/a,N/a,N/a,N/a,N/a,N/a,N/a,N/a,N/a,45,N/a,N/a,N/a,N/a,N/a,N/a,N/a,N/a,N/a,N/a,N/a,N/a,N/a,N/a,N/a,N/a,N/a,N/a,N/a,N/a,N/a,N/a,N/a,83,87.1,32,89,30,4,31,0,1.39,47,43,+4,+0.12,-1.51,0,48,10,3,132,45,42,N/a,N/a,0
Lewis Hall,eng ENG,DF,Newcastle,19,2004,27,24,2189.0,24.3,0,4,4,0,0,0,3,0,0.00,0.16,0.16,0.00,0.16,Matches,N/a,N/a,N/a,N/a,N/a,N/a,N/a,N/a,N/a,N/a,N/a,N/a,N/a,N/a,N/a,24.3,0,11,1,9.1,0.45,0.04,0.00,0.00,0,0,N/a,N/a,N/a,N/a,N/a,N/a,N/a,N/a,N/a,N/a,N/a,N/a,N/a,N/a,4,N/a,N/a,N/a,N/a,N/a,N/a,N/a,N/a,N/a,N/a,N/a,110,N/a,N/a,N/a,N/a,N/a,N/a,N/a,N/a,N/a,N/a,N/a,N/a,N/a,N/a,N/a,N/a,N/a,N/a,N/a,N/a,N/a,N/a,N/a,N/a,N/a,40,N/a,N/a,N/a,N/a,N/a,N/a,N/a,N/a,N/a,N/a,17,N/a,N/a,N/a,N/a,N/a,N/a,N/a,N/a,N/a,N/a,N/a,N/a,N/a,N/a,N/a,N/a,N/a,N/a,N/a,N/a,N/a,N/a,N/a,81,64.0,24,87,18,3,30,0,1.63,44,31,+13,+0.53,-0.05,0,9,21,1,110,17,40,N/a,N/a,0
Lewis Miley,eng ENG,MF,Newcastle,18,2006,14,1,313.0,3.5,1,0,1,1,0,0,0,0,0.29,0.00,0.29,0.29,0.29,Matches,N/a,N/a,N/a,N/a,N/a,N/a,N/a,N/a,N/a,N/a,N/a,N/a,N/a,N/a,N/a,3.5,1,3,2,66.7,0.86,0.58,0.33,0.50,0,0,N/a,N/a,N/a,N/a,N/a,N/a,N/a,N/a,N/a,N/a,N/a,N/a,N/a,N/a,0,N/a,N/a,N/a,N/a,N/a,N/a,N/a,N/a,N/a,N/a,N/a,0,N/a,N/a,N/a,N/a,N/a,N/a,N/a,N/a,N/a,N/a,N/a,N/a,N/a,N/a,N/a,N/a,N/a,N/a,N/a,N/a,N/a,N/a,N/a,N/a,N/a,11,N/a,N/a,N/a,N/a,N/a,N/a,N/a,N/a,N/a,N/a,2,N/a,N/a,N/a,N/a,N/a,N/a,N/a,N/a,N/a,N/a,N/a,N/a,N/a,N/a,N/a,N/a,N/a,N/a,N/a,N/a,N/a,N/a,N/a,22,9.2,1,90,1,13,17,12,2.14,6,4,+2,+0.58,+0.02,0,3,1,0,0,2,11,N/a,N/a,0
Liam Delap,eng ENG,FW,Ipswich Town,21,2003,37,32,2593.0,28.8,12,2,14,10,2,2,12,0,0.42,0.07,0.49,0.35,0.42,Matches,N/a,N/a,N/a,N/a,N/a,N/a,N/a,N/a,N/a,N/a,N/a,N/a,N/a,N/a,N/a,28.8,12,68,32,47.1,2.36,1.11,0.18,0.38,2,2,N/a,N/a,N/a,N/a,N/a,N/a,N/a,N/a,N/a,N/a,N/a,N/a,N/a,N/a,2,N/a,N/a,N/a,N/a,N/a,N/a,N/a,N/a,N/a,N/a,N/a,5,N/a,N/a,N/a,N/a,N/a,N/a,N/a,N/a,N/a,N/a,N/a,N/a,N/a,N/a,N/a,N/a,N/a,N/a,N/a,N/a,N/a,N/a,N/a,N/a,N/a,8,N/a,N/a,N/a,N/a,N/a,N/a,N/a,N/a,N/a,N/a,2,N/a,N/a,N/a,N/a,N/a,N/a,N/a,N/a,N/a,N/a,N/a,N/a,N/a,N/a,N/a,N/a,N/a,N/a,N/a,N/a,N/a,N/a,N/a,70,75.8,32,78,3,5,18,0,0.59,25,58,-33,-1.15,+0.27,0,72,51,14,5,2,8,N/a,N/a,0
Lisandro Martínez,ar ARG,DF,Manchester Utd,26,1998,20,20,1751.0,19.5,2,1,3,2,0,0,7,0,0.10,0.05,0.15,0.10,0.15,Matches,N/a,N/a,N/a,N/a,N/a,N/a,N/a,N/a,N/a,N/a,N/a,N/a,N/a,N/a,N/a,19.5,2,17,6,35.3,0.87,0.31,0.12,0.33,0,0,N/a,N/a,N/a,N/a,N/a,N/a,N/a,N/a,N/a,N/a,N/a,N/a,N/a,N/a,1,N/a,N/a,N/a,N/a,N/a,N/a,N/a,N/a,N/a,N/a,N/a,9,N/a,N/a,N/a,N/a,N/a,N/a,N/a,N/a,N/a,N/a,N/a,N/a,N/a,N/a,N/a,N/a,N/a,N/a,N/a,N/a,N/a,N/a,N/a,N/a,N/a,24,N/a,N/a,N/a,N/a,N/a,N/a,N/a,N/a,N/a,N/a,31,N/a,N/a,N/a,N/a,N/a,N/a,N/a,N/a,N/a,N/a,N/a,N/a,N/a,N/a,N/a,N/a,N/a,N/a,N/a,N/a,N/a,N/a,N/a,88,51.2,20,88,17,0,N/a,2,1.35,25,27,-2,-0.10,+0.33,0,22,7,0,9,31,24,N/a,N/a,0
Lloyd Kelly,eng ENG,DF,Newcastle,25,1998,10,4,303.0,3.4,0,1,1,0,0,0,2,0,0.00,0.30,0.30,0.00,0.30,Matches,N/a,N/a,N/a,N/a,N/a,N/a,N/a,N/a,N/a,N/a,N/a,N/a,N/a,N/a,N/a,3.4,0,3,0,0.0,0.89,0.00,0.00,N/a,0,0,N/a,N/a,N/a,N/a,N/a,N/a,N/a,N/a,N/a,N/a,N/a,N/a,N/a,N/a,1,N/a,N/a,N/a,N/a,N/a,N/a,N/a,N/a,N/a,N/a,N/a,1,N/a,N/a,N/a,N/a,N/a,N/a,N/a,N/a,N/a,N/a,N/a,N/a,N/a,N/a,N/a,N/a,N/a,N/a,N/a,N/a,N/a,N/a,N/a,N/a,N/a,4,N/a,N/a,N/a,N/a,N/a,N/a,N/a,N/a,N/a,N/a,1,N/a,N/a,N/a,N/a,N/a,N/a,N/a,N/a,N/a,N/a,N/a,N/a,N/a,N/a,N/a,N/a,N/a,N/a,N/a,N/a,N/a,N/a,N/a,30,8.9,4,68,1,6,6,14,1.60,2,6,-4,-1.19,-1.91,0,5,5,1,1,1,4,N/a,N/a,0
Lucas Digne,fr FRA,DF,Aston Villa,31,1993,32,28,2351.0,26.1,0,4,4,0,0,0,4,0,0.00,0.15,0.15,0.00,0.15,Matches,N/a,N/a,N/a,N/a,N/a,N/a,N/a,N/a,N/a,N/a,N/a,N/a,N/a,N/a,N/a,26.1,0,13,3,23.1,0.50,0.11,0.00,0.00,0,0,N/a,N/a,N/a,N/a,N/a,N/a,N/a,N/a,N/a,N/a,N/a,N/a,N/a,N/a,4,N/a,N/a,N/a,N/a,N/a,N/a,N/a,N/a,N/a,N/a,N/a,140,N/a,N/a,N/a,N/a,N/a,N/a,N/a,N/a,N/a,N/a,N/a,N/a,N/a,N/a,N/a,N/a,N/a,N/a,N/a,N/a,N/a,N/a,N/a,N/a,N/a,36,N/a,N/a,N/a,N/a,N/a,N/a,N/a,N/a,N/a,N/a,22,N/a,N/a,N/a,N/a,N/a,N/a,N/a,N/a,N/a,N/a,N/a,N/a,N/a,N/a,N/a,N/a,N/a,N/a,N/a,N/a,N/a,N/a,N/a,73,68.7,28,80,13,4,30,6,1.59,35,36,-1,-0.04,-0.71,0,21,16,7,140,22,36,N/a,N/a,0
Lucas Paquetá,br BRA,"MF,FW",West Ham,26,1997,33,27,2380.0,26.4,4,0,4,2,2,2,10,0,0.15,0.00,0.15,0.08,0.08,Matches,N/a,N/a,N/a,N/a,N/a,N/a,N/a,N/a,N/a,N/a,N/a,N/a,N/a,N/a,N/a,26.4,4,41,6,14.6,1.55,0.23,0.10,0.67,2,2,N/a,N/a,N/a,N/a,N/a,N/a,N/a,N/a,N/a,N/a,N/a,N/a,N/a,N/a,0,N/a,N/a,N/a,N/a,N/a,N/a,N/a,N/a,N/a,N/a,N/a,29,N/a,N/a,N/a,N/a,N/a,N/a,N/a,N/a,N/a,N/a,N/a,N/a,N/a,N/a,N/a,N/a,N/a,N/a,N/a,N/a,N/a,N/a,N/a,N/a,N/a,36,N/a,N/a,N/a,N/a,N/a,N/a,N/a,N/a,N/a,N/a,17,N/a,N/a,N/a,N/a,N/a,N/a,N/a,N/a,N/a,N/a,N/a,N/a,N/a,N/a,N/a,N/a,N/a,N/a,N/a,N/a,N/a,N/a,N/a,72,69.6,27,82,16,6,29,1,0.94,34,50,-16,-0.61,-0.61,0,53,62,5,29,17,36,N/a,N/a,0
Lucas Bergvall,se SWE,MF,Tottenham,18,2006,27,11,1212.0,13.5,0,1,1,0,0,0,3,0,0.00,0.07,0.07,0.00,0.07,Matches,N/a,N/a,N/a,N/a,N/a,N/a,N/a,N/a,N/a,N/a,N/a,N/a,N/a,N/a,N/a,13.5,0,12,2,16.7,0.89,0.15,0.00,0.00,0,0,N/a,N/a,N/a,N/a,N/a,N/a,N/a,N/a,N/a,N/a,N/a,N/a,N/a,N/a,1,N/a,N/a,N/a,N/a,N/a,N/a,N/a,N/a,N/a,N/a,N/a,21,N/a,N/a,N/a,N/a,N/a,N/a,N/a,N/a,N/a,N/a,N/a,N/a,N/a,N/a,N/a,N/a,N/a,N/a,N/a,N/a,N/a,N/a,N/a,N/a,N/a,18,N/a,N/a,N/a,N/a,N/a,N/a,N/a,N/a,N/a,N/a,21,N/a,N/a,N/a,N/a,N/a,N/a,N/a,N/a,N/a,N/a,N/a,N/a,N/a,N/a,N/a,N/a,N/a,N/a,N/a,N/a,N/a,N/a,N/a,45,35.4,11,81,6,16,20,7,1.11,28,25,+3,+0.22,+0.39,0,20,17,0,21,21,18,N/a,N/a,0
Luis Díaz,co COL,"FW,MF",Liverpool,27,1997,36,28,2399.0,26.7,13,5,18,13,0,0,2,0,0.49,0.19,0.68,0.49,0.68,Matches,N/a,N/a,N/a,N/a,N/a,N/a,N/a,N/a,N/a,N/a,N/a,N/a,N/a,N/a,N/a,26.7,13,71,30,42.3,2.66,1.13,0.18,0.43,0,0,N/a,N/a,N/a,N/a,N/a,N/a,N/a,N/a,N/a,N/a,N/a,N/a,N/a,N/a,5,N/a,N/a,N/a,N/a,N/a,N/a,N/a,N/a,N/a,N/a,N/a,32,N/a,N/a,N/a,N/a,N/a,N/a,N/a,N/a,N/a,N/a,N/a,N/a,N/a,N/a,N/a,N/a,N/a,N/a,N/a,N/a,N/a,N/a,N/a,N/a,N/a,27,N/a,N/a,N/a,N/a,N/a,N/a,N/a,N/a,N/a,N/a,7,N/a,N/a,N/a,N/a,N/a,N/a,N/a,N/a,N/a,N/a,N/a,N/a,N/a,N/a,N/a,N/a,N/a,N/a,N/a,N/a,N/a,N/a,N/a,67,70.1,28,79,7,8,24,2,2.25,67,21,+46,+1.73,+1.81,0,48,31,10,32,7,27,N/a,N/a,0
Luis Sinisterra,co COL,MF,Bournemouth,25,1999,12,1,236.0,2.6,1,1,2,1,0,0,0,0,0.38,0.38,0.76,0.38,0.76,Matches,N/a,N/a,N/a,N/a,N/a,N/a,N/a,N/a,N/a,N/a,N/a,N/a,N/a,N/a,N/a,2.6,1,13,6,46.2,4.96,2.29,0.08,0.17,0,0,N/a,N/a,N/a,N/a,N/a,N/a,N/a,N/a,N/a,N/a,N/a,N/a,N/a,N/a,1,N/a,N/a,N/a,N/a,N/a,N/a,N/a,N/a,N/a,N/a,N/a,7,N/a,N/a,N/a,N/a,N/a,N/a,N/a,N/a,N/a,N/a,N/a,N/a,N/a,N/a,N/a,N/a,N/a,N/a,N/a,N/a,N/a,N/a,N/a,N/a,N/a,1,N/a,N/a,N/a,N/a,N/a,N/a,N/a,N/a,N/a,N/a,1,N/a,N/a,N/a,N/a,N/a,N/a,N/a,N/a,N/a,N/a,N/a,N/a,N/a,N/a,N/a,N/a,N/a,N/a,N/a,N/a,N/a,N/a,N/a,20,6.9,1,62,0,11,16,1,1.25,5,4,+1,+0.38,+0.07,0,4,2,1,7,1,1,N/a,N/a,0
Luis Guilherme,br BRA,MF,West Ham,18,2006,12,1,150.0,1.7,0,0,0,0,0,0,0,0,0.00,0.00,0.00,0.00,0.00,Matches,N/a,N/a,N/a,N/a,N/a,N/a,N/a,N/a,N/a,N/a,N/a,N/a,N/a,N/a,N/a,1.7,0,4,1,25.0,2.40,0.60,0.00,0.00,0,0,N/a,N/a,N/a,N/a,N/a,N/a,N/a,N/a,N/a,N/a,N/a,N/a,N/a,N/a,0,N/a,N/a,N/a,N/a,N/a,N/a,N/a,N/a,N/a,N/a,N/a,8,N/a,N/a,N/a,N/a,N/a,N/a,N/a,N/a,N/a,N/a,N/a,N/a,N/a,N/a,N/a,N/a,N/a,N/a,N/a,N/a,N/a,N/a,N/a,N/a,N/a,0,N/a,N/a,N/a,N/a,N/a,N/a,N/a,N/a,N/a,N/a,3,N/a,N/a,N/a,N/a,N/a,N/a,N/a,N/a,N/a,N/a,N/a,N/a,N/a,N/a,N/a,N/a,N/a,N/a,N/a,N/a,N/a,N/a,N/a,13,4.4,1,45,0,11,10,22,0.50,2,5,-3,-1.80,-1.44,0,0,4,0,8,3,0,N/a,N/a,0
Luke Shaw,eng ENG,DF,Manchester Utd,29,1995,7,4,349.0,3.9,0,0,0,0,0,0,1,0,0.00,0.00,0.00,0.00,0.00,Matches,N/a,N/a,N/a,N/a,N/a,N/a,N/a,N/a,N/a,N/a,N/a,N/a,N/a,N/a,N/a,3.9,0,1,0,0.0,0.26,0.00,0.00,N/a,0,0,N/a,N/a,N/a,N/a,N/a,N/a,N/a,N/a,N/a,N/a,N/a,N/a,N/a,N/a,0,N/a,N/a,N/a,N/a,N/a,N/a,N/a,N/a,N/a,N/a,N/a,10,N/a,N/a,N/a,N/a,N/a,N/a,N/a,N/a,N/a,N/a,N/a,N/a,N/a,N/a,N/a,N/a,N/a,N/a,N/a,N/a,N/a,N/a,N/a,N/a,N/a,3,N/a,N/a,N/a,N/a,N/a,N/a,N/a,N/a,N/a,N/a,2,N/a,N/a,N/a,N/a,N/a,N/a,N/a,N/a,N/a,N/a,N/a,N/a,N/a,N/a,N/a,N/a,N/a,N/a,N/a,N/a,N/a,N/a,N/a,50,10.2,4,67,1,3,28,1,0.71,3,5,-2,-0.52,-0.28,0,3,1,0,10,2,3,N/a,N/a,1
Luke Woolfenden,eng ENG,DF,Ipswich Town,25,1998,15,12,1187.0,13.2,0,0,0,0,0,0,2,0,0.00,0.00,0.00,0.00,0.00,Matches,N/a,N/a,N/a,N/a,N/a,N/a,N/a,N/a,N/a,N/a,N/a,N/a,N/a,N/a,N/a,13.2,0,1,0,0.0,0.08,0.00,0.00,N/a,0,0,N/a,N/a,N/a,N/a,N/a,N/a,N/a,N/a,N/a,N/a,N/a,N/a,N/a,N/a,0,N/a,N/a,N/a,N/a,N/a,N/a,N/a,N/a,N/a,N/a,N/a,0,N/a,N/a,N/a,N/a,N/a,N/a,N/a,N/a,N/a,N/a,N/a,N/a,N/a,N/a,N/a,N/a,N/a,N/a,N/a,N/a,N/a,N/a,N/a,N/a,N/a,6,N/a,N/a,N/a,N/a,N/a,N/a,N/a,N/a,N/a,N/a,21,N/a,N/a,N/a,N/a,N/a,N/a,N/a,N/a,N/a,N/a,N/a,N/a,N/a,N/a,N/a,N/a,N/a,N/a,N/a,N/a,N/a,N/a,N/a,79,34.7,12,90,11,3,36,13,0.47,12,28,-16,-1.21,0.00,0,5,2,1,0,21,6,N/a,N/a,0
Luke Thomas,eng ENG,DF,Leicester City,23,2001,14,13,1110.0,12.3,0,0,0,0,0,0,3,0,0.00,0.00,0.00,0.00,0.00,Matches,N/a,N/a,N/a,N/a,N/a,N/a,N/a,N/a,N/a,N/a,N/a,N/a,N/a,N/a,N/a,12.3,0,5,0,0.0,0.41,0.00,0.00,N/a,0,0,N/a,N/a,N/a,N/a,N/a,N/a,N/a,N/a,N/a,N/a,N/a,N/a,N/a,N/a,0,N/a,N/a,N/a,N/a,N/a,N/a,N/a,N/a,N/a,N/a,N/a,28,N/a,N/a,N/a,N/a,N/a,N/a,N/a,N/a,N/a,N/a,N/a,N/a,N/a,N/a,N/a,N/a,N/a,N/a,N/a,N/a,N/a,N/a,N/a,N/a,N/a,25,N/a,N/a,N/a,N/a,N/a,N/a,N/a,N/a,N/a,N/a,20,N/a,N/a,N/a,N/a,N/a,N/a,N/a,N/a,N/a,N/a,N/a,N/a,N/a,N/a,N/a,N/a,N/a,N/a,N/a,N/a,N/a,N/a,N/a,79,32.5,13,85,9,1,4,11,0.57,8,23,-15,-1.22,+0.03,0,16,10,0,28,20,25,N/a,N/a,0
Mads Roerslev,dk DEN,DF,Brentford,25,1999,19,11,1101.0,12.2,0,2,2,0,0,0,2,0,0.00,0.16,0.16,0.00,0.16,Matches,N/a,N/a,N/a,N/a,N/a,N/a,N/a,N/a,N/a,N/a,N/a,N/a,N/a,N/a,N/a,12.2,0,5,2,40.0,0.41,0.16,0.00,0.00,0,0,N/a,N/a,N/a,N/a,N/a,N/a,N/a,N/a,N/a,N/a,N/a,N/a,N/a,N/a,2,N/a,N/a,N/a,N/a,N/a,N/a,N/a,N/a,N/a,N/a,N/a,30,N/a,N/a,N/a,N/a,N/a,N/a,N/a,N/a,N/a,N/a,N/a,N/a,N/a,N/a,N/a,N/a,N/a,N/a,N/a,N/a,N/a,N/a,N/a,N/a,N/a,8,N/a,N/a,N/a,N/a,N/a,N/a,N/a,N/a,N/a,N/a,4,N/a,N/a,N/a,N/a,N/a,N/a,N/a,N/a,N/a,N/a,N/a,N/a,N/a,N/a,N/a,N/a,N/a,N/a,N/a,N/a,N/a,N/a,N/a,58,32.2,11,88,9,8,16,4,1.21,19,20,-1,-0.08,-0.47,0,6,10,0,30,4,8,N/a,N/a,0
Mads Hermansen,dk DEN,GK,Leicester City,24,2000,27,27,2385.0,26.5,0,0,0,0,0,0,1,0,0.00,0.00,0.00,0.00,0.00,Matches,58,2.19,160,102,63.8,3,6,18,1,3.7,4,3,1,0,25.0,26.5,0,0,0,N/a,0.00,0.00,N/a,N/a,0,0,N/a,N/a,N/a,N/a,N/a,N/a,N/a,N/a,N/a,N/a,N/a,N/a,N/a,N/a,0,N/a,N/a,N/a,N/a,N/a,N/a,N/a,N/a,N/a,N/a,N/a,0,N/a,N/a,N/a,N/a,N/a,N/a,N/a,N/a,N/a,N/a,N/a,N/a,N/a,N/a,N/a,N/a,N/a,N/a,N/a,N/a,N/a,N/a,N/a,N/a,N/a,1,N/a,N/a,N/a,N/a,N/a,N/a,N/a,N/a,N/a,N/a,0,N/a,N/a,N/a,N/a,N/a,N/a,N/a,N/a,N/a,N/a,N/a,N/a,N/a,N/a,N/a,N/a,N/a,N/a,N/a,N/a,N/a,N/a,N/a,88,69.7,27,88,26,0,N/a,0,0.56,23,58,-35,-1.32,-0.28,0,0,3,0,0,0,1,N/a,N/a,0
Malo Gusto,fr FRA,DF,Chelsea,21,2003,32,19,1862.0,20.7,0,1,1,0,0,0,4,0,0.00,0.05,0.05,0.00,0.05,Matches,N/a,N/a,N/a,N/a,N/a,N/a,N/a,N/a,N/a,N/a,N/a,N/a,N/a,N/a,N/a,20.7,0,22,5,22.7,1.06,0.24,0.00,0.00,0,0,N/a,N/a,N/a,N/a,N/a,N/a,N/a,N/a,N/a,N/a,N/a,N/a,N/a,N/a,1,N/a,N/a,N/a,N/a,N/a,N/a,N/a,N/a,N/a,N/a,N/a,54,N/a,N/a,N/a,N/a,N/a,N/a,N/a,N/a,N/a,N/a,N/a,N/a,N/a,N/a,N/a,N/a,N/a,N/a,N/a,N/a,N/a,N/a,N/a,N/a,N/a,31,N/a,N/a,N/a,N/a,N/a,N/a,N/a,N/a,N/a,N/a,25,N/a,N/a,N/a,N/a,N/a,N/a,N/a,N/a,N/a,N/a,N/a,N/a,N/a,N/a,N/a,N/a,N/a,N/a,N/a,N/a,N/a,N/a,N/a,58,54.4,19,84,14,13,20,1,1.66,39,26,+13,+0.63,+0.17,0,20,20,2,54,25,31,N/a,N/a,0
Manuel Akanji,ch SUI,"DF,MF",Manchester City,29,1995,26,23,2014.0,22.4,0,0,0,0,0,0,3,0,0.00,0.00,0.00,0.00,0.00,Matches,N/a,N/a,N/a,N/a,N/a,N/a,N/a,N/a,N/a,N/a,N/a,N/a,N/a,N/a,N/a,22.4,0,15,2,13.3,0.67,0.09,0.00,0.00,0,0,N/a,N/a,N/a,N/a,N/a,N/a,N/a,N/a,N/a,N/a,N/a,N/a,N/a,N/a,0,N/a,N/a,N/a,N/a,N/a,N/a,N/a,N/a,N/a,N/a,N/a,11,N/a,N/a,N/a,N/a,N/a,N/a,N/a,N/a,N/a,N/a,N/a,N/a,N/a,N/a,N/a,N/a,N/a,N/a,N/a,N/a,N/a,N/a,N/a,N/a,N/a,11,N/a,N/a,N/a,N/a,N/a,N/a,N/a,N/a,N/a,N/a,9,N/a,N/a,N/a,N/a,N/a,N/a,N/a,N/a,N/a,N/a,N/a,N/a,N/a,N/a,N/a,N/a,N/a,N/a,N/a,N/a,N/a,N/a,N/a,77,58.9,23,86,20,3,12,2,2.04,46,28,+18,+0.80,+0.16,0,17,9,0,11,9,11,N/a,N/a,0
Manuel Ugarte,uy URU,MF,Manchester Utd,23,2001,29,22,1785.0,19.8,1,2,3,1,0,0,11,0,0.05,0.10,0.15,0.05,0.15,Matches,N/a,N/a,N/a,N/a,N/a,N/a,N/a,N/a,N/a,N/a,N/a,N/a,N/a,N/a,N/a,19.8,1,19,4,21.1,0.96,0.20,0.05,0.25,0,0,N/a,N/a,N/a,N/a,N/a,N/a,N/a,N/a,N/a,N/a,N/a,N/a,N/a,N/a,2,N/a,N/a,N/a,N/a,N/a,N/a,N/a,N/a,N/a,N/a,N/a,7,N/a,N/a,N/a,N/a,N/a,N/a,N/a,N/a,N/a,N/a,N/a,N/a,N/a,N/a,N/a,N/a,N/a,N/a,N/a,N/a,N/a,N/a,N/a,N/a,N/a,50,N/a,N/a,N/a,N/a,N/a,N/a,N/a,N/a,N/a,N/a,26,N/a,N/a,N/a,N/a,N/a,N/a,N/a,N/a,N/a,N/a,N/a,N/a,N/a,N/a,N/a,N/a,N/a,N/a,N/a,N/a,N/a,N/a,N/a,62,52.2,22,75,8,7,20,3,1.17,24,33,-9,-0.45,-0.40,0,41,33,0,7,26,50,N/a,N/a,1
Marc Cucurella,es ESP,DF,Chelsea,26,1998,36,33,2988.0,33.2,5,1,6,5,0,0,10,1,0.15,0.03,0.18,0.15,0.18,Matches,N/a,N/a,N/a,N/a,N/a,N/a,N/a,N/a,N/a,N/a,N/a,N/a,N/a,N/a,N/a,33.2,5,24,12,50.0,0.72,0.36,0.21,0.42,0,0,N/a,N/a,N/a,N/a,N/a,N/a,N/a,N/a,N/a,N/a,N/a,N/a,N/a,N/a,1,N/a,N/a,N/a,N/a,N/a,N/a,N/a,N/a,N/a,N/a,N/a,29,N/a,N/a,N/a,N/a,N/a,N/a,N/a,N/a,N/a,N/a,N/a,N/a,N/a,N/a,N/a,N/a,N/a,N/a,N/a,N/a,N/a,N/a,N/a,N/a,N/a,46,N/a,N/a,N/a,N/a,N/a,N/a,N/a,N/a,N/a,N/a,26,N/a,N/a,N/a,N/a,N/a,N/a,N/a,N/a,N/a,N/a,N/a,N/a,N/a,N/a,N/a,N/a,N/a,N/a,N/a,N/a,N/a,N/a,N/a,83,87.4,33,88,27,3,24,0,1.89,60,38,+22,+0.66,+0.87,1,37,38,3,29,26,46,N/a,N/a,0
Marc Guéhi,eng ENG,DF,Crystal Palace,24,2000,34,34,3059.0,34.0,3,2,5,3,0,0,9,1,0.09,0.06,0.15,0.09,0.15,Matches,N/a,N/a,N/a,N/a,N/a,N/a,N/a,N/a,N/a,N/a,N/a,N/a,N/a,N/a,N/a,34.0,3,15,7,46.7,0.44,0.21,0.20,0.43,0,0,N/a,N/a,N/a,N/a,N/a,N/a,N/a,N/a,N/a,N/a,N/a,N/a,N/a,N/a,2,N/a,N/a,N/a,N/a,N/a,N/a,N/a,N/a,N/a,N/a,N/a,13,N/a,N/a,N/a,N/a,N/a,N/a,N/a,N/a,N/a,N/a,N/a,N/a,N/a,N/a,N/a,N/a,N/a,N/a,N/a,N/a,N/a,N/a,N/a,N/a,N/a,32,N/a,N/a,N/a,N/a,N/a,N/a,N/a,N/a,N/a,N/a,29,N/a,N/a,N/a,N/a,N/a,N/a,N/a,N/a,N/a,N/a,N/a,N/a,N/a,N/a,N/a,N/a,N/a,N/a,N/a,N/a,N/a,N/a,N/a,90,89.4,34,90,33,0,N/a,0,1.35,42,42,0,0.00,0.00,1,23,27,1,13,29,32,N/a,N/a,3
Marco Asensio,es ESP,MF,Aston Villa,28,1996,13,9,743.0,8.3,3,1,4,3,0,2,2,0,0.36,0.12,0.48,0.36,0.48,Matches,N/a,N/a,N/a,N/a,N/a,N/a,N/a,N/a,N/a,N/a,N/a,N/a,N/a,N/a,N/a,8.3,3,24,11,45.8,2.91,1.33,0.13,0.27,0,2,N/a,N/a,N/a,N/a,N/a,N/a,N/a,N/a,N/a,N/a,N/a,N/a,N/a,N/a,1,N/a,N/a,N/a,N/a,N/a,N/a,N/a,N/a,N/a,N/a,N/a,38,N/a,N/a,N/a,N/a,N/a,N/a,N/a,N/a,N/a,N/a,N/a,N/a,N/a,N/a,N/a,N/a,N/a,N/a,N/a,N/a,N/a,N/a,N/a,N/a,N/a,5,N/a,N/a,N/a,N/a,N/a,N/a,N/a,N/a,N/a,N/a,2,N/a,N/a,N/a,N/a,N/a,N/a,N/a,N/a,N/a,N/a,N/a,N/a,N/a,N/a,N/a,N/a,N/a,N/a,N/a,N/a,N/a,N/a,N/a,57,21.7,9,72,3,4,23,0,2.00,18,8,+10,+1.21,+1.31,0,11,8,2,38,2,5,N/a,N/a,0
Marcos Senesi,ar ARG,DF,Bournemouth,27,1997,17,13,1106.0,12.3,0,0,0,0,0,0,5,0,0.00,0.00,0.00,0.00,0.00,Matches,N/a,N/a,N/a,N/a,N/a,N/a,N/a,N/a,N/a,N/a,N/a,N/a,N/a,N/a,N/a,12.3,0,2,0,0.0,0.16,0.00,0.00,N/a,0,0,N/a,N/a,N/a,N/a,N/a,N/a,N/a,N/a,N/a,N/a,N/a,N/a,N/a,N/a,0,N/a,N/a,N/a,N/a,N/a,N/a,N/a,N/a,N/a,N/a,N/a,11,N/a,N/a,N/a,N/a,N/a,N/a,N/a,N/a,N/a,N/a,N/a,N/a,N/a,N/a,N/a,N/a,N/a,N/a,N/a,N/a,N/a,N/a,N/a,N/a,N/a,19,N/a,N/a,N/a,N/a,N/a,N/a,N/a,N/a,N/a,N/a,14,N/a,N/a,N/a,N/a,N/a,N/a,N/a,N/a,N/a,N/a,N/a,N/a,N/a,N/a,N/a,N/a,N/a,N/a,N/a,N/a,N/a,N/a,N/a,65,32.3,13,80,7,4,17,4,1.47,19,17,+2,+0.16,-0.23,0,22,8,1,11,14,19,N/a,N/a,0
Marcus Rashford,eng ENG,"FW,MF",Aston Villa,26,1997,10,4,444.0,4.9,2,2,4,1,1,1,0,0,0.41,0.41,0.81,0.20,0.61,Matches,N/a,N/a,N/a,N/a,N/a,N/a,N/a,N/a,N/a,N/a,N/a,N/a,N/a,N/a,N/a,4.9,2,19,7,36.8,3.85,1.42,0.11,0.29,1,1,N/a,N/a,N/a,N/a,N/a,N/a,N/a,N/a,N/a,N/a,N/a,N/a,N/a,N/a,2,N/a,N/a,N/a,N/a,N/a,N/a,N/a,N/a,N/a,N/a,N/a,28,N/a,N/a,N/a,N/a,N/a,N/a,N/a,N/a,N/a,N/a,N/a,N/a,N/a,N/a,N/a,N/a,N/a,N/a,N/a,N/a,N/a,N/a,N/a,N/a,N/a,7,N/a,N/a,N/a,N/a,N/a,N/a,N/a,N/a,N/a,N/a,1,N/a,N/a,N/a,N/a,N/a,N/a,N/a,N/a,N/a,N/a,N/a,N/a,N/a,N/a,N/a,N/a,N/a,N/a,N/a,N/a,N/a,N/a,N/a,44,13.0,4,68,0,6,29,0,2.00,7,6,+1,+0.20,+0.02,0,1,3,1,28,1,7,N/a,N/a,0
Marcus Rashford,eng ENG,MF,Manchester Utd,26,1997,15,12,978.0,10.9,4,1,5,4,0,0,2,0,0.37,0.09,0.46,0.37,0.46,Matches,N/a,N/a,N/a,N/a,N/a,N/a,N/a,N/a,N/a,N/a,N/a,N/a,N/a,N/a,N/a,10.9,4,16,9,56.3,1.47,0.83,0.25,0.44,0,0,N/a,N/a,N/a,N/a,N/a,N/a,N/a,N/a,N/a,N/a,N/a,N/a,N/a,N/a,1,N/a,N/a,N/a,N/a,N/a,N/a,N/a,N/a,N/a,N/a,N/a,27,N/a,N/a,N/a,N/a,N/a,N/a,N/a,N/a,N/a,N/a,N/a,N/a,N/a,N/a,N/a,N/a,N/a,N/a,N/a,N/a,N/a,N/a,N/a,N/a,N/a,4,N/a,N/a,N/a,N/a,N/a,N/a,N/a,N/a,N/a,N/a,5,N/a,N/a,N/a,N/a,N/a,N/a,N/a,N/a,N/a,N/a,N/a,N/a,N/a,N/a,N/a,N/a,N/a,N/a,N/a,N/a,N/a,N/a,N/a,65,28.6,12,74,4,3,31,1,1.27,15,9,+6,+0.55,+1.14,0,8,7,7,27,5,4,N/a,N/a,0
Marcus Tavernier,eng ENG,MF,Bournemouth,25,1999,29,20,1939.0,21.5,3,5,8,3,0,0,6,0,0.14,0.23,0.37,0.14,0.37,Matches,N/a,N/a,N/a,N/a,N/a,N/a,N/a,N/a,N/a,N/a,N/a,N/a,N/a,N/a,N/a,21.5,3,57,17,29.8,2.65,0.79,0.05,0.18,0,0,N/a,N/a,N/a,N/a,N/a,N/a,N/a,N/a,N/a,N/a,N/a,N/a,N/a,N/a,5,N/a,N/a,N/a,N/a,N/a,N/a,N/a,N/a,N/a,N/a,N/a,108,N/a,N/a,N/a,N/a,N/a,N/a,N/a,N/a,N/a,N/a,N/a,N/a,N/a,N/a,N/a,N/a,N/a,N/a,N/a,N/a,N/a,N/a,N/a,N/a,N/a,22,N/a,N/a,N/a,N/a,N/a,N/a,N/a,N/a,N/a,N/a,4,N/a,N/a,N/a,N/a,N/a,N/a,N/a,N/a,N/a,N/a,N/a,N/a,N/a,N/a,N/a,N/a,N/a,N/a,N/a,N/a,N/a,N/a,N/a,67,56.7,20,85,11,9,26,0,1.45,29,29,0,0.00,-0.73,0,34,28,4,108,4,22,N/a,N/a,0
Mario Lemina,ga GAB,"MF,DF",Wolves,30,1993,17,15,1364.0,15.2,1,3,4,1,0,0,4,0,0.07,0.20,0.26,0.07,0.26,Matches,N/a,N/a,N/a,N/a,N/a,N/a,N/a,N/a,N/a,N/a,N/a,N/a,N/a,N/a,N/a,15.2,1,18,5,27.8,1.19,0.33,0.06,0.20,0,0,N/a,N/a,N/a,N/a,N/a,N/a,N/a,N/a,N/a,N/a,N/a,N/a,N/a,N/a,3,N/a,N/a,N/a,N/a,N/a,N/a,N/a,N/a,N/a,N/a,N/a,10,N/a,N/a,N/a,N/a,N/a,N/a,N/a,N/a,N/a,N/a,N/a,N/a,N/a,N/a,N/a,N/a,N/a,N/a,N/a,N/a,N/a,N/a,N/a,N/a,N/a,33,N/a,N/a,N/a,N/a,N/a,N/a,N/a,N/a,N/a,N/a,26,N/a,N/a,N/a,N/a,N/a,N/a,N/a,N/a,N/a,N/a,N/a,N/a,N/a,N/a,N/a,N/a,N/a,N/a,N/a,N/a,N/a,N/a,N/a,80,39.9,15,87,13,2,30,0,0.53,22,39,-17,-1.12,-1.21,0,17,8,4,10,26,33,N/a,N/a,0
Mark Flekken,nl NED,GK,Brentford,31,1993,37,37,3275.0,36.4,0,2,2,0,0,0,1,0,0.00,0.05,0.05,0.00,0.05,Matches,55,1.51,207,152,73.4,16,8,13,8,21.6,1,1,0,0,0.0,36.4,0,0,0,N/a,0.00,0.00,N/a,N/a,0,0,N/a,N/a,N/a,N/a,N/a,N/a,N/a,N/a,N/a,N/a,N/a,N/a,N/a,N/a,2,N/a,N/a,N/a,N/a,N/a,N/a,N/a,N/a,N/a,N/a,N/a,0,N/a,N/a,N/a,N/a,N/a,N/a,N/a,N/a,N/a,N/a,N/a,N/a,N/a,N/a,N/a,N/a,N/a,N/a,N/a,N/a,N/a,N/a,N/a,N/a,N/a,4,N/a,N/a,N/a,N/a,N/a,N/a,N/a,N/a,N/a,N/a,0,N/a,N/a,N/a,N/a,N/a,N/a,N/a,N/a,N/a,N/a,N/a,N/a,N/a,N/a,N/a,N/a,N/a,N/a,N/a,N/a,N/a,N/a,N/a,89,95.8,37,89,36,0,N/a,0,1.51,66,55,+11,+0.30,+1.54,0,0,3,0,0,0,4,N/a,N/a,0
Mark Travers,ie IRL,GK,Bournemouth,25,1999,5,5,450.0,5.0,0,0,0,0,0,0,0,0,0.00,0.00,0.00,0.00,0.00,Matches,5,1.00,25,20,80.0,2,2,1,1,20.0,0,0,0,0,N/a,5.0,0,0,0,N/a,0.00,0.00,N/a,N/a,0,0,N/a,N/a,N/a,N/a,N/a,N/a,N/a,N/a,N/a,N/a,N/a,N/a,N/a,N/a,0,N/a,N/a,N/a,N/a,N/a,N/a,N/a,N/a,N/a,N/a,N/a,0,N/a,N/a,N/a,N/a,N/a,N/a,N/a,N/a,N/a,N/a,N/a,N/a,N/a,N/a,N/a,N/a,N/a,N/a,N/a,N/a,N/a,N/a,N/a,N/a,N/a,0,N/a,N/a,N/a,N/a,N/a,N/a,N/a,N/a,N/a,N/a,0,N/a,N/a,N/a,N/a,N/a,N/a,N/a,N/a,N/a,N/a,N/a,N/a,N/a,N/a,N/a,N/a,N/a,N/a,N/a,N/a,N/a,N/a,N/a,90,13.2,5,90,5,0,N/a,18,1.60,6,5,+1,+0.20,-0.13,0,0,1,0,0,0,0,N/a,N/a,0
Marshall Munetsi,zw ZIM,"MF,FW",Wolves,28,1996,14,12,1078.0,12.0,2,1,3,2,0,0,0,0,0.17,0.08,0.25,0.17,0.25,Matches,N/a,N/a,N/a,N/a,N/a,N/a,N/a,N/a,N/a,N/a,N/a,N/a,N/a,N/a,N/a,12.0,2,22,7,31.8,1.84,0.58,0.09,0.29,0,0,N/a,N/a,N/a,N/a,N/a,N/a,N/a,N/a,N/a,N/a,N/a,N/a,N/a,N/a,1,N/a,N/a,N/a,N/a,N/a,N/a,N/a,N/a,N/a,N/a,N/a,10,N/a,N/a,N/a,N/a,N/a,N/a,N/a,N/a,N/a,N/a,N/a,N/a,N/a,N/a,N/a,N/a,N/a,N/a,N/a,N/a,N/a,N/a,N/a,N/a,N/a,11,N/a,N/a,N/a,N/a,N/a,N/a,N/a,N/a,N/a,N/a,6,N/a,N/a,N/a,N/a,N/a,N/a,N/a,N/a,N/a,N/a,N/a,N/a,N/a,N/a,N/a,N/a,N/a,N/a,N/a,N/a,N/a,N/a,N/a,77,31.5,12,84,9,2,35,0,1.64,18,11,+7,+0.58,+1.43,0,18,10,3,10,6,11,N/a,N/a,0
Martin Dúbravka,sk SVK,GK,Newcastle,35,1989,10,10,900.0,10.0,0,0,0,0,0,0,0,0,0.00,0.00,0.00,0.00,0.00,Matches,12,1.20,41,29,70.7,7,0,3,5,50.0,0,0,0,0,N/a,10.0,0,0,0,N/a,0.00,0.00,N/a,N/a,0,0,N/a,N/a,N/a,N/a,N/a,N/a,N/a,N/a,N/a,N/a,N/a,N/a,N/a,N/a,0,N/a,N/a,N/a,N/a,N/a,N/a,N/a,N/a,N/a,N/a,N/a,0,N/a,N/a,N/a,N/a,N/a,N/a,N/a,N/a,N/a,N/a,N/a,N/a,N/a,N/a,N/a,N/a,N/a,N/a,N/a,N/a,N/a,N/a,N/a,N/a,N/a,0,N/a,N/a,N/a,N/a,N/a,N/a,N/a,N/a,N/a,N/a,0,N/a,N/a,N/a,N/a,N/a,N/a,N/a,N/a,N/a,N/a,N/a,N/a,N/a,N/a,N/a,N/a,N/a,N/a,N/a,N/a,N/a,N/a,N/a,90,26.3,10,90,10,0,N/a,24,2.10,23,12,+11,+1.10,+0.74,0,0,1,0,0,0,0,N/a,N/a,0
Martin Ødegaard,no NOR,MF,Arsenal,25,1998,30,26,2325.0,25.8,3,8,11,2,1,1,4,0,0.12,0.31,0.43,0.08,0.39,Matches,N/a,N/a,N/a,N/a,N/a,N/a,N/a,N/a,N/a,N/a,N/a,N/a,N/a,N/a,N/a,25.8,3,49,17,34.7,1.90,0.66,0.06,0.18,1,1,N/a,N/a,N/a,N/a,N/a,N/a,N/a,N/a,N/a,N/a,N/a,N/a,N/a,N/a,8,N/a,N/a,N/a,N/a,N/a,N/a,N/a,N/a,N/a,N/a,N/a,86,N/a,N/a,N/a,N/a,N/a,N/a,N/a,N/a,N/a,N/a,N/a,N/a,N/a,N/a,N/a,N/a,N/a,N/a,N/a,N/a,N/a,N/a,N/a,N/a,N/a,8,N/a,N/a,N/a,N/a,N/a,N/a,N/a,N/a,N/a,N/a,6,N/a,N/a,N/a,N/a,N/a,N/a,N/a,N/a,N/a,N/a,N/a,N/a,N/a,N/a,N/a,N/a,N/a,N/a,N/a,N/a,N/a,N/a,N/a,78,68.0,26,86,14,4,23,0,2.00,50,21,+29,+1.12,+0.63,0,12,23,1,86,6,8,N/a,N/a,0
Mason Mount,eng ENG,"MF,FW",Manchester Utd,25,1999,17,8,622.0,6.9,1,0,1,1,0,0,3,0,0.14,0.00,0.14,0.14,0.14,Matches,N/a,N/a,N/a,N/a,N/a,N/a,N/a,N/a,N/a,N/a,N/a,N/a,N/a,N/a,N/a,6.9,1,20,9,45.0,2.89,1.30,0.05,0.11,0,0,N/a,N/a,N/a,N/a,N/a,N/a,N/a,N/a,N/a,N/a,N/a,N/a,N/a,N/a,0,N/a,N/a,N/a,N/a,N/a,N/a,N/a,N/a,N/a,N/a,N/a,13,N/a,N/a,N/a,N/a,N/a,N/a,N/a,N/a,N/a,N/a,N/a,N/a,N/a,N/a,N/a,N/a,N/a,N/a,N/a,N/a,N/a,N/a,N/a,N/a,N/a,5,N/a,N/a,N/a,N/a,N/a,N/a,N/a,N/a,N/a,N/a,4,N/a,N/a,N/a,N/a,N/a,N/a,N/a,N/a,N/a,N/a,N/a,N/a,N/a,N/a,N/a,N/a,N/a,N/a,N/a,N/a,N/a,N/a,N/a,37,18.2,8,53,0,9,22,3,0.88,2,11,-9,-1.30,-1.27,0,16,9,1,13,4,5,N/a,N/a,0
Massimo Luongo,au AUS,MF,Ipswich Town,31,1992,11,2,201.0,2.2,0,0,0,0,0,0,0,0,0.00,0.00,0.00,0.00,0.00,Matches,N/a,N/a,N/a,N/a,N/a,N/a,N/a,N/a,N/a,N/a,N/a,N/a,N/a,N/a,N/a,2.2,0,0,0,N/a,0.00,0.00,N/a,N/a,0,0,N/a,N/a,N/a,N/a,N/a,N/a,N/a,N/a,N/a,N/a,N/a,N/a,N/a,N/a,0,N/a,N/a,N/a,N/a,N/a,N/a,N/a,N/a,N/a,N/a,N/a,1,N/a,N/a,N/a,N/a,N/a,N/a,N/a,N/a,N/a,N/a,N/a,N/a,N/a,N/a,N/a,N/a,N/a,N/a,N/a,N/a,N/a,N/a,N/a,N/a,N/a,6,N/a,N/a,N/a,N/a,N/a,N/a,N/a,N/a,N/a,N/a,3,N/a,N/a,N/a,N/a,N/a,N/a,N/a,N/a,N/a,N/a,N/a,N/a,N/a,N/a,N/a,N/a,N/a,N/a,N/a,N/a,N/a,N/a,N/a,18,5.9,2,68,0,9,7,11,0.55,1,7,-6,-2.69,-1.57,0,1,2,0,1,3,6,N/a,N/a,0
Mateo Kovačić,hr CRO,"MF,DF",Manchester City,30,1994,31,25,2198.0,24.4,6,2,8,6,0,0,5,1,0.25,0.08,0.33,0.25,0.33,Matches,N/a,N/a,N/a,N/a,N/a,N/a,N/a,N/a,N/a,N/a,N/a,N/a,N/a,N/a,N/a,24.4,6,45,12,26.7,1.84,0.49,0.13,0.50,0,0,N/a,N/a,N/a,N/a,N/a,N/a,N/a,N/a,N/a,N/a,N/a,N/a,N/a,N/a,2,N/a,N/a,N/a,N/a,N/a,N/a,N/a,N/a,N/a,N/a,N/a,0,N/a,N/a,N/a,N/a,N/a,N/a,N/a,N/a,N/a,N/a,N/a,N/a,N/a,N/a,N/a,N/a,N/a,N/a,N/a,N/a,N/a,N/a,N/a,N/a,N/a,39,N/a,N/a,N/a,N/a,N/a,N/a,N/a,N/a,N/a,N/a,22,N/a,N/a,N/a,N/a,N/a,N/a,N/a,N/a,N/a,N/a,N/a,N/a,N/a,N/a,N/a,N/a,N/a,N/a,N/a,N/a,N/a,N/a,N/a,71,64.3,25,82,12,6,26,2,1.94,50,28,+22,+0.90,+0.46,0,24,26,0,0,22,39,N/a,N/a,0
Mateus Fernandes,pt POR,MF,Southampton,20,2004,36,34,2909.0,32.3,2,4,6,2,0,0,8,0,0.06,0.12,0.19,0.06,0.19,Matches,N/a,N/a,N/a,N/a,N/a,N/a,N/a,N/a,N/a,N/a,N/a,N/a,N/a,N/a,N/a,32.3,2,42,14,33.3,1.30,0.43,0.05,0.14,0,0,N/a,N/a,N/a,N/a,N/a,N/a,N/a,N/a,N/a,N/a,N/a,N/a,N/a,N/a,4,N/a,N/a,N/a,N/a,N/a,N/a,N/a,N/a,N/a,N/a,N/a,113,N/a,N/a,N/a,N/a,N/a,N/a,N/a,N/a,N/a,N/a,N/a,N/a,N/a,N/a,N/a,N/a,N/a,N/a,N/a,N/a,N/a,N/a,N/a,N/a,N/a,50,N/a,N/a,N/a,N/a,N/a,N/a,N/a,N/a,N/a,N/a,25,N/a,N/a,N/a,N/a,N/a,N/a,N/a,N/a,N/a,N/a,N/a,N/a,N/a,N/a,N/a,N/a,N/a,N/a,N/a,N/a,N/a,N/a,N/a,81,85.1,34,84,19,2,30,0,0.33,25,66,-41,-1.27,+2.08,0,46,54,4,113,25,50,N/a,N/a,0
Matheus Cunha,br BRA,MF,Wolves,25,1999,33,29,2597.0,28.9,15,6,21,15,0,0,4,0,0.52,0.21,0.73,0.52,0.73,Matches,N/a,N/a,N/a,N/a,N/a,N/a,N/a,N/a,N/a,N/a,N/a,N/a,N/a,N/a,N/a,28.9,15,110,44,40.0,3.81,1.52,0.14,0.34,0,0,N/a,N/a,N/a,N/a,N/a,N/a,N/a,N/a,N/a,N/a,N/a,N/a,N/a,N/a,6,N/a,N/a,N/a,N/a,N/a,N/a,N/a,N/a,N/a,N/a,N/a,143,N/a,N/a,N/a,N/a,N/a,N/a,N/a,N/a,N/a,N/a,N/a,N/a,N/a,N/a,N/a,N/a,N/a,N/a,N/a,N/a,N/a,N/a,N/a,N/a,N/a,23,N/a,N/a,N/a,N/a,N/a,N/a,N/a,N/a,N/a,N/a,14,N/a,N/a,N/a,N/a,N/a,N/a,N/a,N/a,N/a,N/a,N/a,N/a,N/a,N/a,N/a,N/a,N/a,N/a,N/a,N/a,N/a,N/a,N/a,79,75.9,29,85,19,4,31,0,0.97,41,54,-13,-0.45,-0.23,0,43,71,8,143,14,23,N/a,N/a,0
Matheus Nunes,pt POR,"DF,MF",Manchester City,25,1998,26,19,1674.0,18.6,1,6,7,1,0,0,4,0,0.05,0.32,0.38,0.05,0.38,Matches,N/a,N/a,N/a,N/a,N/a,N/a,N/a,N/a,N/a,N/a,N/a,N/a,N/a,N/a,N/a,18.6,1,9,4,44.4,0.48,0.22,0.11,0.25,0,0,N/a,N/a,N/a,N/a,N/a,N/a,N/a,N/a,N/a,N/a,N/a,N/a,N/a,N/a,6,N/a,N/a,N/a,N/a,N/a,N/a,N/a,N/a,N/a,N/a,N/a,45,N/a,N/a,N/a,N/a,N/a,N/a,N/a,N/a,N/a,N/a,N/a,N/a,N/a,N/a,N/a,N/a,N/a,N/a,N/a,N/a,N/a,N/a,N/a,N/a,N/a,21,N/a,N/a,N/a,N/a,N/a,N/a,N/a,N/a,N/a,N/a,14,N/a,N/a,N/a,N/a,N/a,N/a,N/a,N/a,N/a,N/a,N/a,N/a,N/a,N/a,N/a,N/a,N/a,N/a,N/a,N/a,N/a,N/a,N/a,64,48.9,19,86,16,7,5,9,2.08,33,19,+14,+0.75,+0.03,0,30,20,6,45,14,21,N/a,N/a,0
Mathias Jensen,dk DEN,MF,Brentford,28,1996,24,8,862.0,9.6,0,2,2,0,0,0,2,0,0.00,0.21,0.21,0.00,0.21,Matches,N/a,N/a,N/a,N/a,N/a,N/a,N/a,N/a,N/a,N/a,N/a,N/a,N/a,N/a,N/a,9.6,0,6,1,16.7,0.63,0.10,0.00,0.00,0,0,N/a,N/a,N/a,N/a,N/a,N/a,N/a,N/a,N/a,N/a,N/a,N/a,N/a,N/a,2,N/a,N/a,N/a,N/a,N/a,N/a,N/a,N/a,N/a,N/a,N/a,33,N/a,N/a,N/a,N/a,N/a,N/a,N/a,N/a,N/a,N/a,N/a,N/a,N/a,N/a,N/a,N/a,N/a,N/a,N/a,N/a,N/a,N/a,N/a,N/a,N/a,9,N/a,N/a,N/a,N/a,N/a,N/a,N/a,N/a,N/a,N/a,7,N/a,N/a,N/a,N/a,N/a,N/a,N/a,N/a,N/a,N/a,N/a,N/a,N/a,N/a,N/a,N/a,N/a,N/a,N/a,N/a,N/a,N/a,N/a,36,25.2,8,73,2,16,17,0,1.71,20,17,+3,+0.31,+0.10,0,7,10,0,33,7,9,N/a,N/a,0
Mathys Tel,fr FRA,FW,Tottenham,19,2005,13,11,911.0,10.1,2,1,3,1,1,1,2,0,0.20,0.10,0.30,0.10,0.20,Matches,N/a,N/a,N/a,N/a,N/a,N/a,N/a,N/a,N/a,N/a,N/a,N/a,N/a,N/a,N/a,10.1,2,23,9,39.1,2.27,0.89,0.09,0.22,1,1,N/a,N/a,N/a,N/a,N/a,N/a,N/a,N/a,N/a,N/a,N/a,N/a,N/a,N/a,1,N/a,N/a,N/a,N/a,N/a,N/a,N/a,N/a,N/a,N/a,N/a,32,N/a,N/a,N/a,N/a,N/a,N/a,N/a,N/a,N/a,N/a,N/a,N/a,N/a,N/a,N/a,N/a,N/a,N/a,N/a,N/a,N/a,N/a,N/a,N/a,N/a,5,N/a,N/a,N/a,N/a,N/a,N/a,N/a,N/a,N/a,N/a,2,N/a,N/a,N/a,N/a,N/a,N/a,N/a,N/a,N/a,N/a,N/a,N/a,N/a,N/a,N/a,N/a,N/a,N/a,N/a,N/a,N/a,N/a,N/a,70,26.6,11,82,6,2,4,1,0.77,10,20,-10,-0.99,-1.31,0,15,16,1,32,2,5,N/a,N/a,0
Mats Wieffer,nl NED,"DF,MF",Brighton,24,1999,25,10,1015.0,11.3,1,3,4,1,0,0,6,0,0.09,0.27,0.35,0.09,0.35,Matches,N/a,N/a,N/a,N/a,N/a,N/a,N/a,N/a,N/a,N/a,N/a,N/a,N/a,N/a,N/a,11.3,1,9,4,44.4,0.80,0.35,0.11,0.25,0,0,N/a,N/a,N/a,N/a,N/a,N/a,N/a,N/a,N/a,N/a,N/a,N/a,N/a,N/a,3,N/a,N/a,N/a,N/a,N/a,N/a,N/a,N/a,N/a,N/a,N/a,14,N/a,N/a,N/a,N/a,N/a,N/a,N/a,N/a,N/a,N/a,N/a,N/a,N/a,N/a,N/a,N/a,N/a,N/a,N/a,N/a,N/a,N/a,N/a,N/a,N/a,34,N/a,N/a,N/a,N/a,N/a,N/a,N/a,N/a,N/a,N/a,16,N/a,N/a,N/a,N/a,N/a,N/a,N/a,N/a,N/a,N/a,N/a,N/a,N/a,N/a,N/a,N/a,N/a,N/a,N/a,N/a,N/a,N/a,N/a,41,29.7,10,79,5,15,15,3,1.60,25,22,+3,+0.27,+0.12,0,23,10,1,14,16,34,N/a,N/a,0
Matt Doherty,ie IRL,"DF,MF",Wolves,32,1992,30,25,2109.0,23.4,2,1,3,2,0,0,6,0,0.09,0.04,0.13,0.09,0.13,Matches,N/a,N/a,N/a,N/a,N/a,N/a,N/a,N/a,N/a,N/a,N/a,N/a,N/a,N/a,N/a,23.4,2,10,3,30.0,0.43,0.13,0.20,0.67,0,0,N/a,N/a,N/a,N/a,N/a,N/a,N/a,N/a,N/a,N/a,N/a,N/a,N/a,N/a,1,N/a,N/a,N/a,N/a,N/a,N/a,N/a,N/a,N/a,N/a,N/a,22,N/a,N/a,N/a,N/a,N/a,N/a,N/a,N/a,N/a,N/a,N/a,N/a,N/a,N/a,N/a,N/a,N/a,N/a,N/a,N/a,N/a,N/a,N/a,N/a,N/a,21,N/a,N/a,N/a,N/a,N/a,N/a,N/a,N/a,N/a,N/a,22,N/a,N/a,N/a,N/a,N/a,N/a,N/a,N/a,N/a,N/a,N/a,N/a,N/a,N/a,N/a,N/a,N/a,N/a,N/a,N/a,N/a,N/a,N/a,70,61.7,25,83,16,5,9,8,1.33,26,38,-12,-0.51,-0.31,0,18,11,2,22,22,21,N/a,N/a,1
Matt O'Riley,dk DEN,MF,Brighton,23,2000,21,11,938.0,10.4,2,2,4,1,1,1,1,0,0.19,0.19,0.38,0.10,0.29,Matches,N/a,N/a,N/a,N/a,N/a,N/a,N/a,N/a,N/a,N/a,N/a,N/a,N/a,N/a,N/a,10.4,2,22,7,31.8,2.11,0.67,0.09,0.29,1,1,N/a,N/a,N/a,N/a,N/a,N/a,N/a,N/a,N/a,N/a,N/a,N/a,N/a,N/a,2,N/a,N/a,N/a,N/a,N/a,N/a,N/a,N/a,N/a,N/a,N/a,50,N/a,N/a,N/a,N/a,N/a,N/a,N/a,N/a,N/a,N/a,N/a,N/a,N/a,N/a,N/a,N/a,N/a,N/a,N/a,N/a,N/a,N/a,N/a,N/a,N/a,8,N/a,N/a,N/a,N/a,N/a,N/a,N/a,N/a,N/a,N/a,13,N/a,N/a,N/a,N/a,N/a,N/a,N/a,N/a,N/a,N/a,N/a,N/a,N/a,N/a,N/a,N/a,N/a,N/a,N/a,N/a,N/a,N/a,N/a,45,27.4,11,68,0,10,19,3,1.48,17,20,-3,-0.29,-0.65,0,16,13,2,50,13,8,N/a,N/a,1
Matthijs de Ligt,nl NED,DF,Manchester Utd,24,1999,29,25,2123.0,23.6,2,0,2,2,0,0,3,0,0.08,0.00,0.08,0.08,0.08,Matches,N/a,N/a,N/a,N/a,N/a,N/a,N/a,N/a,N/a,N/a,N/a,N/a,N/a,N/a,N/a,23.6,2,18,10,55.6,0.76,0.42,0.11,0.20,0,0,N/a,N/a,N/a,N/a,N/a,N/a,N/a,N/a,N/a,N/a,N/a,N/a,N/a,N/a,0,N/a,N/a,N/a,N/a,N/a,N/a,N/a,N/a,N/a,N/a,N/a,6,N/a,N/a,N/a,N/a,N/a,N/a,N/a,N/a,N/a,N/a,N/a,N/a,N/a,N/a,N/a,N/a,N/a,N/a,N/a,N/a,N/a,N/a,N/a,N/a,N/a,22,N/a,N/a,N/a,N/a,N/a,N/a,N/a,N/a,N/a,N/a,32,N/a,N/a,N/a,N/a,N/a,N/a,N/a,N/a,N/a,N/a,N/a,N/a,N/a,N/a,N/a,N/a,N/a,N/a,N/a,N/a,N/a,N/a,N/a,73,62.1,25,82,16,4,19,1,1.28,32,36,-4,-0.17,+0.25,0,16,12,2,6,32,22,N/a,N/a,0
Matty Cash,pl POL,DF,Aston Villa,26,1997,27,24,2070.0,23.0,1,1,2,1,0,0,7,0,0.04,0.04,0.09,0.04,0.09,Matches,N/a,N/a,N/a,N/a,N/a,N/a,N/a,N/a,N/a,N/a,N/a,N/a,N/a,N/a,N/a,23.0,1,13,6,46.2,0.57,0.26,0.08,0.17,0,0,N/a,N/a,N/a,N/a,N/a,N/a,N/a,N/a,N/a,N/a,N/a,N/a,N/a,N/a,1,N/a,N/a,N/a,N/a,N/a,N/a,N/a,N/a,N/a,N/a,N/a,40,N/a,N/a,N/a,N/a,N/a,N/a,N/a,N/a,N/a,N/a,N/a,N/a,N/a,N/a,N/a,N/a,N/a,N/a,N/a,N/a,N/a,N/a,N/a,N/a,N/a,31,N/a,N/a,N/a,N/a,N/a,N/a,N/a,N/a,N/a,N/a,22,N/a,N/a,N/a,N/a,N/a,N/a,N/a,N/a,N/a,N/a,N/a,N/a,N/a,N/a,N/a,N/a,N/a,N/a,N/a,N/a,N/a,N/a,N/a,77,60.5,24,82,16,3,38,2,1.78,35,22,+13,+0.57,+0.97,0,27,20,1,40,22,31,N/a,N/a,0
Matz Sels,be BEL,GK,Nottingham,32,1992,38,38,3420.0,38.0,0,0,0,0,0,0,4,0,0.00,0.00,0.00,0.00,0.00,Matches,46,1.21,163,119,71.8,19,8,11,13,34.2,3,3,0,0,0.0,38.0,0,0,0,N/a,0.00,0.00,N/a,N/a,0,0,N/a,N/a,N/a,N/a,N/a,N/a,N/a,N/a,N/a,N/a,N/a,N/a,N/a,N/a,0,N/a,N/a,N/a,N/a,N/a,N/a,N/a,N/a,N/a,N/a,N/a,0,N/a,N/a,N/a,N/a,N/a,N/a,N/a,N/a,N/a,N/a,N/a,N/a,N/a,N/a,N/a,N/a,N/a,N/a,N/a,N/a,N/a,N/a,N/a,N/a,N/a,1,N/a,N/a,N/a,N/a,N/a,N/a,N/a,N/a,N/a,N/a,0,N/a,N/a,N/a,N/a,N/a,N/a,N/a,N/a,N/a,N/a,N/a,N/a,N/a,N/a,N/a,N/a,N/a,N/a,N/a,N/a,N/a,N/a,N/a,90,100.0,38,90,38,0,N/a,0,1.71,58,46,+12,+0.32,N/a,0,1,8,0,0,0,1,N/a,N/a,0
Max Kilman,eng ENG,DF,West Ham,27,1997,38,38,3348.0,37.2,0,1,1,0,0,0,5,0,0.00,0.03,0.03,0.00,0.03,Matches,N/a,N/a,N/a,N/a,N/a,N/a,N/a,N/a,N/a,N/a,N/a,N/a,N/a,N/a,N/a,37.2,0,13,3,23.1,0.35,0.08,0.00,0.00,0,0,N/a,N/a,N/a,N/a,N/a,N/a,N/a,N/a,N/a,N/a,N/a,N/a,N/a,N/a,1,N/a,N/a,N/a,N/a,N/a,N/a,N/a,N/a,N/a,N/a,N/a,4,N/a,N/a,N/a,N/a,N/a,N/a,N/a,N/a,N/a,N/a,N/a,N/a,N/a,N/a,N/a,N/a,N/a,N/a,N/a,N/a,N/a,N/a,N/a,N/a,N/a,26,N/a,N/a,N/a,N/a,N/a,N/a,N/a,N/a,N/a,N/a,36,N/a,N/a,N/a,N/a,N/a,N/a,N/a,N/a,N/a,N/a,N/a,N/a,N/a,N/a,N/a,N/a,N/a,N/a,N/a,N/a,N/a,N/a,N/a,88,97.9,38,88,37,0,N/a,0,1.13,45,62,-17,-0.46,-1.71,0,23,13,2,4,36,26,N/a,N/a,0
Maxence Lacroix,fr FRA,DF,Crystal Palace,24,2000,35,35,3116.0,34.6,1,1,2,1,0,0,5,0,0.03,0.03,0.06,0.03,0.06,Matches,N/a,N/a,N/a,N/a,N/a,N/a,N/a,N/a,N/a,N/a,N/a,N/a,N/a,N/a,N/a,34.6,1,30,6,20.0,0.87,0.17,0.03,0.17,0,0,N/a,N/a,N/a,N/a,N/a,N/a,N/a,N/a,N/a,N/a,N/a,N/a,N/a,N/a,1,N/a,N/a,N/a,N/a,N/a,N/a,N/a,N/a,N/a,N/a,N/a,7,N/a,N/a,N/a,N/a,N/a,N/a,N/a,N/a,N/a,N/a,N/a,N/a,N/a,N/a,N/a,N/a,N/a,N/a,N/a,N/a,N/a,N/a,N/a,N/a,N/a,42,N/a,N/a,N/a,N/a,N/a,N/a,N/a,N/a,N/a,N/a,54,N/a,N/a,N/a,N/a,N/a,N/a,N/a,N/a,N/a,N/a,N/a,N/a,N/a,N/a,N/a,N/a,N/a,N/a,N/a,N/a,N/a,N/a,N/a,89,91.1,35,89,32,0,N/a,0,1.49,49,45,+4,+0.12,+1.30,0,34,19,1,7,54,42,N/a,N/a,0
Michael Keane,eng ENG,DF,Everton,31,1993,14,11,1049.0,11.7,3,0,3,3,0,0,5,0,0.26,0.00,0.26,0.26,0.26,Matches,N/a,N/a,N/a,N/a,N/a,N/a,N/a,N/a,N/a,N/a,N/a,N/a,N/a,N/a,N/a,11.7,3,10,4,40.0,0.86,0.34,0.30,0.75,0,0,N/a,N/a,N/a,N/a,N/a,N/a,N/a,N/a,N/a,N/a,N/a,N/a,N/a,N/a,0,N/a,N/a,N/a,N/a,N/a,N/a,N/a,N/a,N/a,N/a,N/a,1,N/a,N/a,N/a,N/a,N/a,N/a,N/a,N/a,N/a,N/a,N/a,N/a,N/a,N/a,N/a,N/a,N/a,N/a,N/a,N/a,N/a,N/a,N/a,N/a,N/a,10,N/a,N/a,N/a,N/a,N/a,N/a,N/a,N/a,N/a,N/a,13,N/a,N/a,N/a,N/a,N/a,N/a,N/a,N/a,N/a,N/a,N/a,N/a,N/a,N/a,N/a,N/a,N/a,N/a,N/a,N/a,N/a,N/a,N/a,75,30.7,11,90,11,3,20,22,1.29,12,20,-8,-0.69,-0.91,0,9,0,0,1,13,10,N/a,N/a,0
Michael Kayode,it ITA,DF,Brentford,20,2004,12,6,528.0,5.9,0,1,1,0,0,0,2,0,0.00,0.17,0.17,0.00,0.17,Matches,N/a,N/a,N/a,N/a,N/a,N/a,N/a,N/a,N/a,N/a,N/a,N/a,N/a,N/a,N/a,5.9,0,2,0,0.0,0.34,0.00,0.00,N/a,0,0,N/a,N/a,N/a,N/a,N/a,N/a,N/a,N/a,N/a,N/a,N/a,N/a,N/a,N/a,1,N/a,N/a,N/a,N/a,N/a,N/a,N/a,N/a,N/a,N/a,N/a,10,N/a,N/a,N/a,N/a,N/a,N/a,N/a,N/a,N/a,N/a,N/a,N/a,N/a,N/a,N/a,N/a,N/a,N/a,N/a,N/a,N/a,N/a,N/a,N/a,N/a,11,N/a,N/a,N/a,N/a,N/a,N/a,N/a,N/a,N/a,N/a,7,N/a,N/a,N/a,N/a,N/a,N/a,N/a,N/a,N/a,N/a,N/a,N/a,N/a,N/a,N/a,N/a,N/a,N/a,N/a,N/a,N/a,N/a,N/a,44,15.4,6,78,1,6,11,1,1.83,15,5,+10,+1.70,+1.74,0,8,3,0,10,7,11,N/a,N/a,0
Michail Antonio,jm JAM,FW,West Ham,34,1990,14,11,836.0,9.3,1,1,2,1,0,0,1,0,0.11,0.11,0.22,0.11,0.22,Matches,N/a,N/a,N/a,N/a,N/a,N/a,N/a,N/a,N/a,N/a,N/a,N/a,N/a,N/a,N/a,9.3,1,19,4,21.1,2.05,0.43,0.05,0.25,0,0,N/a,N/a,N/a,N/a,N/a,N/a,N/a,N/a,N/a,N/a,N/a,N/a,N/a,N/a,1,N/a,N/a,N/a,N/a,N/a,N/a,N/a,N/a,N/a,N/a,N/a,25,N/a,N/a,N/a,N/a,N/a,N/a,N/a,N/a,N/a,N/a,N/a,N/a,N/a,N/a,N/a,N/a,N/a,N/a,N/a,N/a,N/a,N/a,N/a,N/a,N/a,2,N/a,N/a,N/a,N/a,N/a,N/a,N/a,N/a,N/a,N/a,0,N/a,N/a,N/a,N/a,N/a,N/a,N/a,N/a,N/a,N/a,N/a,N/a,N/a,N/a,N/a,N/a,N/a,N/a,N/a,N/a,N/a,N/a,N/a,60,24.4,11,66,0,3,37,0,1.07,13,18,-5,-0.54,-0.16,0,12,7,4,25,0,2,N/a,N/a,0
Micky van de Ven,nl NED,DF,Tottenham,23,2001,13,12,1015.0,11.3,0,2,2,0,0,0,4,0,0.00,0.18,0.18,0.00,0.18,Matches,N/a,N/a,N/a,N/a,N/a,N/a,N/a,N/a,N/a,N/a,N/a,N/a,N/a,N/a,N/a,11.3,0,6,2,33.3,0.53,0.18,0.00,0.00,0,0,N/a,N/a,N/a,N/a,N/a,N/a,N/a,N/a,N/a,N/a,N/a,N/a,N/a,N/a,2,N/a,N/a,N/a,N/a,N/a,N/a,N/a,N/a,N/a,N/a,N/a,0,N/a,N/a,N/a,N/a,N/a,N/a,N/a,N/a,N/a,N/a,N/a,N/a,N/a,N/a,N/a,N/a,N/a,N/a,N/a,N/a,N/a,N/a,N/a,N/a,N/a,7,N/a,N/a,N/a,N/a,N/a,N/a,N/a,N/a,N/a,N/a,9,N/a,N/a,N/a,N/a,N/a,N/a,N/a,N/a,N/a,N/a,N/a,N/a,N/a,N/a,N/a,N/a,N/a,N/a,N/a,N/a,N/a,N/a,N/a,78,29.7,12,82,7,1,30,6,1.08,22,17,+5,+0.44,+0.67,0,10,9,0,0,9,7,N/a,N/a,0
Miguel Almirón,py PAR,FW,Newcastle,30,1994,9,1,157.0,1.7,0,0,0,0,0,0,0,0,0.00,0.00,0.00,0.00,0.00,Matches,N/a,N/a,N/a,N/a,N/a,N/a,N/a,N/a,N/a,N/a,N/a,N/a,N/a,N/a,N/a,1.7,0,6,2,33.3,3.44,1.15,0.00,0.00,0,0,N/a,N/a,N/a,N/a,N/a,N/a,N/a,N/a,N/a,N/a,N/a,N/a,N/a,N/a,0,N/a,N/a,N/a,N/a,N/a,N/a,N/a,N/a,N/a,N/a,N/a,0,N/a,N/a,N/a,N/a,N/a,N/a,N/a,N/a,N/a,N/a,N/a,N/a,N/a,N/a,N/a,N/a,N/a,N/a,N/a,N/a,N/a,N/a,N/a,N/a,N/a,2,N/a,N/a,N/a,N/a,N/a,N/a,N/a,N/a,N/a,N/a,0,N/a,N/a,N/a,N/a,N/a,N/a,N/a,N/a,N/a,N/a,N/a,N/a,N/a,N/a,N/a,N/a,N/a,N/a,N/a,N/a,N/a,N/a,N/a,17,4.6,1,67,0,8,11,14,1.56,1,3,-2,-1.15,-1.78,0,1,3,2,0,0,2,N/a,N/a,0
Mikel Merino,es ESP,"MF,FW",Arsenal,28,1996,28,17,1586.0,17.6,7,2,9,7,0,0,4,1,0.40,0.11,0.51,0.40,0.51,Matches,N/a,N/a,N/a,N/a,N/a,N/a,N/a,N/a,N/a,N/a,N/a,N/a,N/a,N/a,N/a,17.6,7,38,15,39.5,2.16,0.85,0.18,0.47,0,0,N/a,N/a,N/a,N/a,N/a,N/a,N/a,N/a,N/a,N/a,N/a,N/a,N/a,N/a,2,N/a,N/a,N/a,N/a,N/a,N/a,N/a,N/a,N/a,N/a,N/a,12,N/a,N/a,N/a,N/a,N/a,N/a,N/a,N/a,N/a,N/a,N/a,N/a,N/a,N/a,N/a,N/a,N/a,N/a,N/a,N/a,N/a,N/a,N/a,N/a,N/a,28,N/a,N/a,N/a,N/a,N/a,N/a,N/a,N/a,N/a,N/a,16,N/a,N/a,N/a,N/a,N/a,N/a,N/a,N/a,N/a,N/a,N/a,N/a,N/a,N/a,N/a,N/a,N/a,N/a,N/a,N/a,N/a,N/a,N/a,57,46.4,17,83,11,11,16,0,1.79,28,17,+11,+0.62,-0.55,1,41,23,7,12,16,28,N/a,N/a,0
Mikey Moore,eng ENG,"MF,FW",Tottenham,16,2007,10,3,366.0,4.1,0,1,1,0,0,0,0,0,0.00,0.25,0.25,0.00,0.25,Matches,N/a,N/a,N/a,N/a,N/a,N/a,N/a,N/a,N/a,N/a,N/a,N/a,N/a,N/a,N/a,4.1,0,3,1,33.3,0.74,0.25,0.00,0.00,0,0,N/a,N/a,N/a,N/a,N/a,N/a,N/a,N/a,N/a,N/a,N/a,N/a,N/a,N/a,1,N/a,N/a,N/a,N/a,N/a,N/a,N/a,N/a,N/a,N/a,N/a,16,N/a,N/a,N/a,N/a,N/a,N/a,N/a,N/a,N/a,N/a,N/a,N/a,N/a,N/a,N/a,N/a,N/a,N/a,N/a,N/a,N/a,N/a,N/a,N/a,N/a,0,N/a,N/a,N/a,N/a,N/a,N/a,N/a,N/a,N/a,N/a,1,N/a,N/a,N/a,N/a,N/a,N/a,N/a,N/a,N/a,N/a,N/a,N/a,N/a,N/a,N/a,N/a,N/a,N/a,N/a,N/a,N/a,N/a,N/a,37,10.7,3,64,0,7,25,8,1.00,4,5,-1,-0.25,-0.25,0,3,7,3,16,1,0,N/a,N/a,0
Mikkel Damsgaard,dk DEN,MF,Brentford,24,2000,38,34,2911.0,32.3,2,10,12,2,0,0,2,0,0.06,0.31,0.37,0.06,0.37,Matches,N/a,N/a,N/a,N/a,N/a,N/a,N/a,N/a,N/a,N/a,N/a,N/a,N/a,N/a,N/a,32.3,2,35,7,20.0,1.08,0.22,0.06,0.29,0,0,N/a,N/a,N/a,N/a,N/a,N/a,N/a,N/a,N/a,N/a,N/a,N/a,N/a,N/a,10,N/a,N/a,N/a,N/a,N/a,N/a,N/a,N/a,N/a,N/a,N/a,147,N/a,N/a,N/a,N/a,N/a,N/a,N/a,N/a,N/a,N/a,N/a,N/a,N/a,N/a,N/a,N/a,N/a,N/a,N/a,N/a,N/a,N/a,N/a,N/a,N/a,44,N/a,N/a,N/a,N/a,N/a,N/a,N/a,N/a,N/a,N/a,29,N/a,N/a,N/a,N/a,N/a,N/a,N/a,N/a,N/a,N/a,N/a,N/a,N/a,N/a,N/a,N/a,N/a,N/a,N/a,N/a,N/a,N/a,N/a,77,85.1,34,83,11,4,23,0,1.47,58,41,+17,+0.53,+1.94,0,18,27,6,147,29,44,N/a,N/a,0
Milos Kerkez,hu HUN,DF,Bournemouth,20,2003,38,38,3336.0,37.1,2,5,7,2,0,0,4,0,0.05,0.13,0.19,0.05,0.19,Matches,N/a,N/a,N/a,N/a,N/a,N/a,N/a,N/a,N/a,N/a,N/a,N/a,N/a,N/a,N/a,37.1,2,19,5,26.3,0.51,0.13,0.11,0.40,0,0,N/a,N/a,N/a,N/a,N/a,N/a,N/a,N/a,N/a,N/a,N/a,N/a,N/a,N/a,5,N/a,N/a,N/a,N/a,N/a,N/a,N/a,N/a,N/a,N/a,N/a,141,N/a,N/a,N/a,N/a,N/a,N/a,N/a,N/a,N/a,N/a,N/a,N/a,N/a,N/a,N/a,N/a,N/a,N/a,N/a,N/a,N/a,N/a,N/a,N/a,N/a,26,N/a,N/a,N/a,N/a,N/a,N/a,N/a,N/a,N/a,N/a,41,N/a,N/a,N/a,N/a,N/a,N/a,N/a,N/a,N/a,N/a,N/a,N/a,N/a,N/a,N/a,N/a,N/a,N/a,N/a,N/a,N/a,N/a,N/a,88,97.5,38,88,32,0,N/a,0,1.47,52,45,+7,+0.19,-5.17,0,30,50,3,141,41,26,N/a,N/a,0
Mohamed Salah,eg EGY,MF,Liverpool,32,1992,38,38,3371.0,37.5,29,18,47,20,9,9,1,0,0.77,0.48,1.25,0.53,1.01,Matches,N/a,N/a,N/a,N/a,N/a,N/a,N/a,N/a,N/a,N/a,N/a,N/a,N/a,N/a,N/a,37.5,29,130,61,46.9,3.47,1.63,0.22,0.48,9,9,N/a,N/a,N/a,N/a,N/a,N/a,N/a,N/a,N/a,N/a,N/a,N/a,N/a,N/a,18,N/a,N/a,N/a,N/a,N/a,N/a,N/a,N/a,N/a,N/a,N/a,79,N/a,N/a,N/a,N/a,N/a,N/a,N/a,N/a,N/a,N/a,N/a,N/a,N/a,N/a,N/a,N/a,N/a,N/a,N/a,N/a,N/a,N/a,N/a,N/a,N/a,11,N/a,N/a,N/a,N/a,N/a,N/a,N/a,N/a,N/a,N/a,9,N/a,N/a,N/a,N/a,N/a,N/a,N/a,N/a,N/a,N/a,N/a,N/a,N/a,N/a,N/a,N/a,N/a,N/a,N/a,N/a,N/a,N/a,N/a,89,98.6,38,89,29,0,N/a,0,2.21,85,40,+45,+1.20,+1.20,0,25,39,18,79,9,11,N/a,N/a,0
Mohammed Kudus,gh GHA,"MF,FW",West Ham,23,2000,32,31,2590.0,28.8,5,3,8,5,0,0,2,1,0.17,0.10,0.28,0.17,0.28,Matches,N/a,N/a,N/a,N/a,N/a,N/a,N/a,N/a,N/a,N/a,N/a,N/a,N/a,N/a,N/a,28.8,5,75,22,29.3,2.61,0.76,0.07,0.23,0,0,N/a,N/a,N/a,N/a,N/a,N/a,N/a,N/a,N/a,N/a,N/a,N/a,N/a,N/a,3,N/a,N/a,N/a,N/a,N/a,N/a,N/a,N/a,N/a,N/a,N/a,81,N/a,N/a,N/a,N/a,N/a,N/a,N/a,N/a,N/a,N/a,N/a,N/a,N/a,N/a,N/a,N/a,N/a,N/a,N/a,N/a,N/a,N/a,N/a,N/a,N/a,23,N/a,N/a,N/a,N/a,N/a,N/a,N/a,N/a,N/a,N/a,4,N/a,N/a,N/a,N/a,N/a,N/a,N/a,N/a,N/a,N/a,N/a,N/a,N/a,N/a,N/a,N/a,N/a,N/a,N/a,N/a,N/a,N/a,N/a,81,75.7,31,83,14,1,19,0,1.13,33,45,-12,-0.42,+0.02,0,39,64,18,81,4,23,N/a,N/a,0
Moisés Caicedo,ec ECU,"MF,DF",Chelsea,22,2001,38,38,3351.0,37.2,1,2,3,1,0,0,11,0,0.03,0.05,0.08,0.03,0.08,Matches,N/a,N/a,N/a,N/a,N/a,N/a,N/a,N/a,N/a,N/a,N/a,N/a,N/a,N/a,N/a,37.2,1,20,3,15.0,0.54,0.08,0.05,0.33,0,0,N/a,N/a,N/a,N/a,N/a,N/a,N/a,N/a,N/a,N/a,N/a,N/a,N/a,N/a,2,N/a,N/a,N/a,N/a,N/a,N/a,N/a,N/a,N/a,N/a,N/a,10,N/a,N/a,N/a,N/a,N/a,N/a,N/a,N/a,N/a,N/a,N/a,N/a,N/a,N/a,N/a,N/a,N/a,N/a,N/a,N/a,N/a,N/a,N/a,N/a,N/a,74,N/a,N/a,N/a,N/a,N/a,N/a,N/a,N/a,N/a,N/a,47,N/a,N/a,N/a,N/a,N/a,N/a,N/a,N/a,N/a,N/a,N/a,N/a,N/a,N/a,N/a,N/a,N/a,N/a,N/a,N/a,N/a,N/a,N/a,88,98.0,38,88,33,0,N/a,0,1.82,62,42,+20,+0.54,-0.77,0,69,58,0,10,47,74,N/a,N/a,0
Morato,br BRA,DF,Nottingham,23,2001,26,6,907.0,10.1,0,0,0,0,0,0,5,0,0.00,0.00,0.00,0.00,0.00,Matches,N/a,N/a,N/a,N/a,N/a,N/a,N/a,N/a,N/a,N/a,N/a,N/a,N/a,N/a,N/a,10.1,0,2,1,50.0,0.20,0.10,0.00,0.00,0,0,N/a,N/a,N/a,N/a,N/a,N/a,N/a,N/a,N/a,N/a,N/a,N/a,N/a,N/a,0,N/a,N/a,N/a,N/a,N/a,N/a,N/a,N/a,N/a,N/a,N/a,0,N/a,N/a,N/a,N/a,N/a,N/a,N/a,N/a,N/a,N/a,N/a,N/a,N/a,N/a,N/a,N/a,N/a,N/a,N/a,N/a,N/a,N/a,N/a,N/a,N/a,14,N/a,N/a,N/a,N/a,N/a,N/a,N/a,N/a,N/a,N/a,9,N/a,N/a,N/a,N/a,N/a,N/a,N/a,N/a,N/a,N/a,N/a,N/a,N/a,N/a,N/a,N/a,N/a,N/a,N/a,N/a,N/a,N/a,N/a,35,26.5,6,84,4,20,20,8,2.15,19,14,+5,+0.50,+0.25,0,11,2,0,0,9,14,N/a,N/a,0
Morgan Gibbs-White,eng ENG,MF,Nottingham,24,2000,34,34,2803.0,31.1,7,8,15,7,0,0,11,1,0.22,0.26,0.48,0.22,0.48,Matches,N/a,N/a,N/a,N/a,N/a,N/a,N/a,N/a,N/a,N/a,N/a,N/a,N/a,N/a,N/a,31.1,7,61,22,36.1,1.96,0.71,0.11,0.32,0,0,N/a,N/a,N/a,N/a,N/a,N/a,N/a,N/a,N/a,N/a,N/a,N/a,N/a,N/a,8,N/a,N/a,N/a,N/a,N/a,N/a,N/a,N/a,N/a,N/a,N/a,46,N/a,N/a,N/a,N/a,N/a,N/a,N/a,N/a,N/a,N/a,N/a,N/a,N/a,N/a,N/a,N/a,N/a,N/a,N/a,N/a,N/a,N/a,N/a,N/a,N/a,21,N/a,N/a,N/a,N/a,N/a,N/a,N/a,N/a,N/a,N/a,22,N/a,N/a,N/a,N/a,N/a,N/a,N/a,N/a,N/a,N/a,N/a,N/a,N/a,N/a,N/a,N/a,N/a,N/a,N/a,N/a,N/a,N/a,N/a,82,82.0,34,82,13,0,N/a,0,1.74,49,34,+15,+0.48,+0.92,1,38,40,7,46,22,21,N/a,N/a,0
Morgan Rogers,eng ENG,MF,Aston Villa,22,2002,37,37,3114.0,34.6,8,10,18,8,0,0,10,0,0.23,0.29,0.52,0.23,0.52,Matches,N/a,N/a,N/a,N/a,N/a,N/a,N/a,N/a,N/a,N/a,N/a,N/a,N/a,N/a,N/a,34.6,8,55,20,36.4,1.59,0.58,0.15,0.40,0,0,N/a,N/a,N/a,N/a,N/a,N/a,N/a,N/a,N/a,N/a,N/a,N/a,N/a,N/a,10,N/a,N/a,N/a,N/a,N/a,N/a,N/a,N/a,N/a,N/a,N/a,28,N/a,N/a,N/a,N/a,N/a,N/a,N/a,N/a,N/a,N/a,N/a,N/a,N/a,N/a,N/a,N/a,N/a,N/a,N/a,N/a,N/a,N/a,N/a,N/a,N/a,22,N/a,N/a,N/a,N/a,N/a,N/a,N/a,N/a,N/a,N/a,6,N/a,N/a,N/a,N/a,N/a,N/a,N/a,N/a,N/a,N/a,N/a,N/a,N/a,N/a,N/a,N/a,N/a,N/a,N/a,N/a,N/a,N/a,N/a,84,91.1,37,84,19,0,N/a,0,1.70,52,40,+12,+0.35,+1.82,0,49,51,2,28,6,22,N/a,N/a,0
Murillo,br BRA,DF,Nottingham,22,2002,36,36,3188.0,35.4,2,0,2,2,0,0,6,0,0.06,0.00,0.06,0.06,0.06,Matches,N/a,N/a,N/a,N/a,N/a,N/a,N/a,N/a,N/a,N/a,N/a,N/a,N/a,N/a,N/a,35.4,2,25,6,24.0,0.71,0.17,0.08,0.33,0,0,N/a,N/a,N/a,N/a,N/a,N/a,N/a,N/a,N/a,N/a,N/a,N/a,N/a,N/a,0,N/a,N/a,N/a,N/a,N/a,N/a,N/a,N/a,N/a,N/a,N/a,14,N/a,N/a,N/a,N/a,N/a,N/a,N/a,N/a,N/a,N/a,N/a,N/a,N/a,N/a,N/a,N/a,N/a,N/a,N/a,N/a,N/a,N/a,N/a,N/a,N/a,39,N/a,N/a,N/a,N/a,N/a,N/a,N/a,N/a,N/a,N/a,36,N/a,N/a,N/a,N/a,N/a,N/a,N/a,N/a,N/a,N/a,N/a,N/a,N/a,N/a,N/a,N/a,N/a,N/a,N/a,N/a,N/a,N/a,N/a,89,93.2,36,89,33,0,N/a,0,1.69,50,44,+6,+0.17,-2.16,0,27,7,0,14,36,39,N/a,N/a,0
Mykhailo Mudryk,ua UKR,MF,Chelsea,23,2001,7,1,151.0,1.7,0,0,0,0,0,0,0,0,0.00,0.00,0.00,0.00,0.00,Matches,N/a,N/a,N/a,N/a,N/a,N/a,N/a,N/a,N/a,N/a,N/a,N/a,N/a,N/a,N/a,1.7,0,1,1,100.0,0.60,0.60,0.00,0.00,0,0,N/a,N/a,N/a,N/a,N/a,N/a,N/a,N/a,N/a,N/a,N/a,N/a,N/a,N/a,0,N/a,N/a,N/a,N/a,N/a,N/a,N/a,N/a,N/a,N/a,N/a,7,N/a,N/a,N/a,N/a,N/a,N/a,N/a,N/a,N/a,N/a,N/a,N/a,N/a,N/a,N/a,N/a,N/a,N/a,N/a,N/a,N/a,N/a,N/a,N/a,N/a,2,N/a,N/a,N/a,N/a,N/a,N/a,N/a,N/a,N/a,N/a,0,N/a,N/a,N/a,N/a,N/a,N/a,N/a,N/a,N/a,N/a,N/a,N/a,N/a,N/a,N/a,N/a,N/a,N/a,N/a,N/a,N/a,N/a,N/a,22,4.4,1,45,0,6,18,5,1.86,4,2,+2,+1.19,+0.67,0,2,2,1,7,0,2,N/a,N/a,0
Myles Lewis-Skelly,eng ENG,DF,Arsenal,17,2006,23,15,1369.0,15.2,1,0,1,1,0,0,3,2,0.07,0.00,0.07,0.07,0.07,Matches,N/a,N/a,N/a,N/a,N/a,N/a,N/a,N/a,N/a,N/a,N/a,N/a,N/a,N/a,N/a,15.2,1,3,1,33.3,0.20,0.07,0.33,1.00,0,0,N/a,N/a,N/a,N/a,N/a,N/a,N/a,N/a,N/a,N/a,N/a,N/a,N/a,N/a,0,N/a,N/a,N/a,N/a,N/a,N/a,N/a,N/a,N/a,N/a,N/a,10,N/a,N/a,N/a,N/a,N/a,N/a,N/a,N/a,N/a,N/a,N/a,N/a,N/a,N/a,N/a,N/a,N/a,N/a,N/a,N/a,N/a,N/a,N/a,N/a,N/a,13,N/a,N/a,N/a,N/a,N/a,N/a,N/a,N/a,N/a,N/a,7,N/a,N/a,N/a,N/a,N/a,N/a,N/a,N/a,N/a,N/a,N/a,N/a,N/a,N/a,N/a,N/a,N/a,N/a,N/a,N/a,N/a,N/a,N/a,60,40.0,15,80,7,8,20,9,1.96,26,16,+10,+0.66,-0.44,0,11,47,0,10,7,13,N/a,N/a,0
Nathan Aké,nl NED,DF,Manchester City,29,1995,10,8,678.0,7.5,0,0,0,0,0,0,0,0,0.00,0.00,0.00,0.00,0.00,Matches,N/a,N/a,N/a,N/a,N/a,N/a,N/a,N/a,N/a,N/a,N/a,N/a,N/a,N/a,N/a,7.5,0,3,0,0.0,0.40,0.00,0.00,N/a,0,0,N/a,N/a,N/a,N/a,N/a,N/a,N/a,N/a,N/a,N/a,N/a,N/a,N/a,N/a,0,N/a,N/a,N/a,N/a,N/a,N/a,N/a,N/a,N/a,N/a,N/a,1,N/a,N/a,N/a,N/a,N/a,N/a,N/a,N/a,N/a,N/a,N/a,N/a,N/a,N/a,N/a,N/a,N/a,N/a,N/a,N/a,N/a,N/a,N/a,N/a,N/a,6,N/a,N/a,N/a,N/a,N/a,N/a,N/a,N/a,N/a,N/a,3,N/a,N/a,N/a,N/a,N/a,N/a,N/a,N/a,N/a,N/a,N/a,N/a,N/a,N/a,N/a,N/a,N/a,N/a,N/a,N/a,N/a,N/a,N/a,68,19.8,8,79,2,2,24,9,1.40,11,11,0,0.00,-0.92,0,2,0,0,1,3,6,N/a,N/a,0
Nathan Broadhead,wls WAL,MF,Ipswich Town,26,1998,18,7,702.0,7.8,2,0,2,2,0,0,1,0,0.26,0.00,0.26,0.26,0.26,Matches,N/a,N/a,N/a,N/a,N/a,N/a,N/a,N/a,N/a,N/a,N/a,N/a,N/a,N/a,N/a,7.8,2,13,8,61.5,1.67,1.03,0.15,0.25,0,0,N/a,N/a,N/a,N/a,N/a,N/a,N/a,N/a,N/a,N/a,N/a,N/a,N/a,N/a,0,N/a,N/a,N/a,N/a,N/a,N/a,N/a,N/a,N/a,N/a,N/a,9,N/a,N/a,N/a,N/a,N/a,N/a,N/a,N/a,N/a,N/a,N/a,N/a,N/a,N/a,N/a,N/a,N/a,N/a,N/a,N/a,N/a,N/a,N/a,N/a,N/a,4,N/a,N/a,N/a,N/a,N/a,N/a,N/a,N/a,N/a,N/a,4,N/a,N/a,N/a,N/a,N/a,N/a,N/a,N/a,N/a,N/a,N/a,N/a,N/a,N/a,N/a,N/a,N/a,N/a,N/a,N/a,N/a,N/a,N/a,39,20.5,7,74,1,11,17,7,0.44,12,12,0,0.00,+1.52,0,4,13,2,9,4,4,N/a,N/a,0
Nathan Collins,ie IRL,DF,Brentford,23,2001,38,38,3420.0,38.0,2,3,5,2,0,0,5,0,0.05,0.08,0.13,0.05,0.13,Matches,N/a,N/a,N/a,N/a,N/a,N/a,N/a,N/a,N/a,N/a,N/a,N/a,N/a,N/a,N/a,38.0,2,17,6,35.3,0.45,0.16,0.12,0.33,0,0,N/a,N/a,N/a,N/a,N/a,N/a,N/a,N/a,N/a,N/a,N/a,N/a,N/a,N/a,3,N/a,N/a,N/a,N/a,N/a,N/a,N/a,N/a,N/a,N/a,N/a,8,N/a,N/a,N/a,N/a,N/a,N/a,N/a,N/a,N/a,N/a,N/a,N/a,N/a,N/a,N/a,N/a,N/a,N/a,N/a,N/a,N/a,N/a,N/a,N/a,N/a,24,N/a,N/a,N/a,N/a,N/a,N/a,N/a,N/a,N/a,N/a,34,N/a,N/a,N/a,N/a,N/a,N/a,N/a,N/a,N/a,N/a,N/a,N/a,N/a,N/a,N/a,N/a,N/a,N/a,N/a,N/a,N/a,N/a,N/a,90,100.0,38,90,38,0,N/a,0,1.47,66,57,+9,+0.24,N/a,0,28,31,6,8,34,24,N/a,N/a,0
Nathan Patterson,sct SCO,DF,Everton,22,2001,10,3,347.0,3.9,0,1,1,0,0,0,1,0,0.00,0.26,0.26,0.00,0.26,Matches,N/a,N/a,N/a,N/a,N/a,N/a,N/a,N/a,N/a,N/a,N/a,N/a,N/a,N/a,N/a,3.9,0,1,0,0.0,0.26,0.00,0.00,N/a,0,0,N/a,N/a,N/a,N/a,N/a,N/a,N/a,N/a,N/a,N/a,N/a,N/a,N/a,N/a,1,N/a,N/a,N/a,N/a,N/a,N/a,N/a,N/a,N/a,N/a,N/a,14,N/a,N/a,N/a,N/a,N/a,N/a,N/a,N/a,N/a,N/a,N/a,N/a,N/a,N/a,N/a,N/a,N/a,N/a,N/a,N/a,N/a,N/a,N/a,N/a,N/a,6,N/a,N/a,N/a,N/a,N/a,N/a,N/a,N/a,N/a,N/a,2,N/a,N/a,N/a,N/a,N/a,N/a,N/a,N/a,N/a,N/a,N/a,N/a,N/a,N/a,N/a,N/a,N/a,N/a,N/a,N/a,N/a,N/a,N/a,35,10.1,3,73,0,7,18,18,1.20,4,6,-2,-0.52,-0.52,0,5,1,0,14,2,6,N/a,N/a,0
Nathan Wood-Gordon,eng ENG,DF,Southampton,22,2002,11,9,773.0,8.6,0,0,0,0,0,0,2,0,0.00,0.00,0.00,0.00,0.00,Matches,N/a,N/a,N/a,N/a,N/a,N/a,N/a,N/a,N/a,N/a,N/a,N/a,N/a,N/a,N/a,8.6,0,2,0,0.0,0.23,0.00,0.00,N/a,0,0,N/a,N/a,N/a,N/a,N/a,N/a,N/a,N/a,N/a,N/a,N/a,N/a,N/a,N/a,0,N/a,N/a,N/a,N/a,N/a,N/a,N/a,N/a,N/a,N/a,N/a,3,N/a,N/a,N/a,N/a,N/a,N/a,N/a,N/a,N/a,N/a,N/a,N/a,N/a,N/a,N/a,N/a,N/a,N/a,N/a,N/a,N/a,N/a,N/a,N/a,N/a,7,N/a,N/a,N/a,N/a,N/a,N/a,N/a,N/a,N/a,N/a,4,N/a,N/a,N/a,N/a,N/a,N/a,N/a,N/a,N/a,N/a,N/a,N/a,N/a,N/a,N/a,N/a,N/a,N/a,N/a,N/a,N/a,N/a,N/a,70,22.6,9,77,6,2,42,14,0.09,3,20,-17,-1.98,-0.52,0,9,4,0,3,4,7,N/a,N/a,0
Nathaniel Clyne,eng ENG,"DF,MF",Crystal Palace,33,1991,13,5,483.0,5.4,0,0,0,0,0,0,1,0,0.00,0.00,0.00,0.00,0.00,Matches,N/a,N/a,N/a,N/a,N/a,N/a,N/a,N/a,N/a,N/a,N/a,N/a,N/a,N/a,N/a,5.4,0,2,0,0.0,0.37,0.00,0.00,N/a,0,0,N/a,N/a,N/a,N/a,N/a,N/a,N/a,N/a,N/a,N/a,N/a,N/a,N/a,N/a,0,N/a,N/a,N/a,N/a,N/a,N/a,N/a,N/a,N/a,N/a,N/a,7,N/a,N/a,N/a,N/a,N/a,N/a,N/a,N/a,N/a,N/a,N/a,N/a,N/a,N/a,N/a,N/a,N/a,N/a,N/a,N/a,N/a,N/a,N/a,N/a,N/a,8,N/a,N/a,N/a,N/a,N/a,N/a,N/a,N/a,N/a,N/a,3,N/a,N/a,N/a,N/a,N/a,N/a,N/a,N/a,N/a,N/a,N/a,N/a,N/a,N/a,N/a,N/a,N/a,N/a,N/a,N/a,N/a,N/a,N/a,37,14.1,5,70,1,8,16,24,1.31,4,11,-7,-1.30,-1.52,0,2,2,0,7,3,8,N/a,N/a,0
Neco Williams,wls WAL,"DF,MF",Nottingham,23,2001,35,28,2594.0,28.8,1,3,4,1,0,0,7,0,0.03,0.10,0.14,0.03,0.14,Matches,N/a,N/a,N/a,N/a,N/a,N/a,N/a,N/a,N/a,N/a,N/a,N/a,N/a,N/a,N/a,28.8,1,37,7,18.9,1.28,0.24,0.03,0.14,0,0,N/a,N/a,N/a,N/a,N/a,N/a,N/a,N/a,N/a,N/a,N/a,N/a,N/a,N/a,3,N/a,N/a,N/a,N/a,N/a,N/a,N/a,N/a,N/a,N/a,N/a,60,N/a,N/a,N/a,N/a,N/a,N/a,N/a,N/a,N/a,N/a,N/a,N/a,N/a,N/a,N/a,N/a,N/a,N/a,N/a,N/a,N/a,N/a,N/a,N/a,N/a,57,N/a,N/a,N/a,N/a,N/a,N/a,N/a,N/a,N/a,N/a,30,N/a,N/a,N/a,N/a,N/a,N/a,N/a,N/a,N/a,N/a,N/a,N/a,N/a,N/a,N/a,N/a,N/a,N/a,N/a,N/a,N/a,N/a,N/a,74,75.8,28,88,23,7,17,3,1.77,47,31,+16,+0.56,+0.99,0,24,43,2,60,30,57,N/a,N/a,0
Neto,br BRA,GK,Bournemouth,35,1989,2,2,180.0,2.0,0,0,0,0,0,0,0,0,0.00,0.00,0.00,0.00,0.00,Matches,2,1.00,13,11,84.6,0,2,0,0,0.0,0,0,0,0,N/a,2.0,0,0,0,N/a,0.00,0.00,N/a,N/a,0,0,N/a,N/a,N/a,N/a,N/a,N/a,N/a,N/a,N/a,N/a,N/a,N/a,N/a,N/a,0,N/a,N/a,N/a,N/a,N/a,N/a,N/a,N/a,N/a,N/a,N/a,0,N/a,N/a,N/a,N/a,N/a,N/a,N/a,N/a,N/a,N/a,N/a,N/a,N/a,N/a,N/a,N/a,N/a,N/a,N/a,N/a,N/a,N/a,N/a,N/a,N/a,0,N/a,N/a,N/a,N/a,N/a,N/a,N/a,N/a,N/a,N/a,0,N/a,N/a,N/a,N/a,N/a,N/a,N/a,N/a,N/a,N/a,N/a,N/a,N/a,N/a,N/a,N/a,N/a,N/a,N/a,N/a,N/a,N/a,N/a,90,5.3,2,90,2,0,N/a,0,1.00,2,2,0,0.00,-0.33,0,0,2,0,0,0,0,N/a,N/a,0
Nick Pope,eng ENG,GK,Newcastle,32,1992,28,28,2520.0,28.0,0,0,0,0,0,0,2,0,0.00,0.00,0.00,0.00,0.00,Matches,35,1.25,122,87,71.3,13,6,9,8,28.6,2,1,1,0,50.0,28.0,0,0,0,N/a,0.00,0.00,N/a,N/a,0,0,N/a,N/a,N/a,N/a,N/a,N/a,N/a,N/a,N/a,N/a,N/a,N/a,N/a,N/a,0,N/a,N/a,N/a,N/a,N/a,N/a,N/a,N/a,N/a,N/a,N/a,0,N/a,N/a,N/a,N/a,N/a,N/a,N/a,N/a,N/a,N/a,N/a,N/a,N/a,N/a,N/a,N/a,N/a,N/a,N/a,N/a,N/a,N/a,N/a,N/a,N/a,0,N/a,N/a,N/a,N/a,N/a,N/a,N/a,N/a,N/a,N/a,1,N/a,N/a,N/a,N/a,N/a,N/a,N/a,N/a,N/a,N/a,N/a,N/a,N/a,N/a,N/a,N/a,N/a,N/a,N/a,N/a,N/a,N/a,N/a,90,73.7,28,90,28,0,N/a,3,1.61,45,35,+10,+0.36,-0.74,0,2,5,0,0,1,0,N/a,N/a,0
Niclas Füllkrug,de GER,FW,West Ham,31,1993,18,6,790.0,8.8,3,2,5,3,0,0,2,0,0.34,0.23,0.57,0.34,0.57,Matches,N/a,N/a,N/a,N/a,N/a,N/a,N/a,N/a,N/a,N/a,N/a,N/a,N/a,N/a,N/a,8.8,3,16,7,43.8,1.82,0.80,0.19,0.43,0,0,N/a,N/a,N/a,N/a,N/a,N/a,N/a,N/a,N/a,N/a,N/a,N/a,N/a,N/a,2,N/a,N/a,N/a,N/a,N/a,N/a,N/a,N/a,N/a,N/a,N/a,1,N/a,N/a,N/a,N/a,N/a,N/a,N/a,N/a,N/a,N/a,N/a,N/a,N/a,N/a,N/a,N/a,N/a,N/a,N/a,N/a,N/a,N/a,N/a,N/a,N/a,2,N/a,N/a,N/a,N/a,N/a,N/a,N/a,N/a,N/a,N/a,1,N/a,N/a,N/a,N/a,N/a,N/a,N/a,N/a,N/a,N/a,N/a,N/a,N/a,N/a,N/a,N/a,N/a,N/a,N/a,N/a,N/a,N/a,N/a,44,23.1,6,74,1,12,29,1,0.94,16,18,-2,-0.23,+0.25,0,21,6,10,1,1,2,N/a,N/a,0
Nico O'Reilly,eng ENG,DF,Manchester City,19,2005,9,6,528.0,5.9,2,0,2,2,0,0,0,0,0.34,0.00,0.34,0.34,0.34,Matches,N/a,N/a,N/a,N/a,N/a,N/a,N/a,N/a,N/a,N/a,N/a,N/a,N/a,N/a,N/a,5.9,2,8,3,37.5,1.36,0.51,0.25,0.67,0,0,N/a,N/a,N/a,N/a,N/a,N/a,N/a,N/a,N/a,N/a,N/a,N/a,N/a,N/a,0,N/a,N/a,N/a,N/a,N/a,N/a,N/a,N/a,N/a,N/a,N/a,8,N/a,N/a,N/a,N/a,N/a,N/a,N/a,N/a,N/a,N/a,N/a,N/a,N/a,N/a,N/a,N/a,N/a,N/a,N/a,N/a,N/a,N/a,N/a,N/a,N/a,4,N/a,N/a,N/a,N/a,N/a,N/a,N/a,N/a,N/a,N/a,4,N/a,N/a,N/a,N/a,N/a,N/a,N/a,N/a,N/a,N/a,N/a,N/a,N/a,N/a,N/a,N/a,N/a,N/a,N/a,N/a,N/a,N/a,N/a,59,15.4,6,82,4,3,13,21,2.56,12,3,+9,+1.53,+0.94,0,6,4,1,8,4,4,N/a,N/a,0
Nicolas Jackson,sn SEN,FW,Chelsea,23,2001,30,28,2220.0,24.7,10,5,15,10,0,0,7,1,0.41,0.20,0.61,0.41,0.61,Matches,N/a,N/a,N/a,N/a,N/a,N/a,N/a,N/a,N/a,N/a,N/a,N/a,N/a,N/a,N/a,24.7,10,76,35,46.1,3.08,1.42,0.13,0.29,0,0,N/a,N/a,N/a,N/a,N/a,N/a,N/a,N/a,N/a,N/a,N/a,N/a,N/a,N/a,5,N/a,N/a,N/a,N/a,N/a,N/a,N/a,N/a,N/a,N/a,N/a,3,N/a,N/a,N/a,N/a,N/a,N/a,N/a,N/a,N/a,N/a,N/a,N/a,N/a,N/a,N/a,N/a,N/a,N/a,N/a,N/a,N/a,N/a,N/a,N/a,N/a,11,N/a,N/a,N/a,N/a,N/a,N/a,N/a,N/a,N/a,N/a,3,N/a,N/a,N/a,N/a,N/a,N/a,N/a,N/a,N/a,N/a,N/a,N/a,N/a,N/a,N/a,N/a,N/a,N/a,N/a,N/a,N/a,N/a,N/a,74,64.9,28,76,5,2,41,1,1.80,42,23,+19,+0.77,+0.62,0,35,29,23,3,3,11,N/a,N/a,0
Nicolás Domínguez,ar ARG,MF,Nottingham,26,1998,34,23,1963.0,21.8,0,1,1,0,0,0,9,0,0.00,0.05,0.05,0.00,0.05,Matches,N/a,N/a,N/a,N/a,N/a,N/a,N/a,N/a,N/a,N/a,N/a,N/a,N/a,N/a,N/a,21.8,0,21,9,42.9,0.96,0.41,0.00,0.00,0,0,N/a,N/a,N/a,N/a,N/a,N/a,N/a,N/a,N/a,N/a,N/a,N/a,N/a,N/a,1,N/a,N/a,N/a,N/a,N/a,N/a,N/a,N/a,N/a,N/a,N/a,8,N/a,N/a,N/a,N/a,N/a,N/a,N/a,N/a,N/a,N/a,N/a,N/a,N/a,N/a,N/a,N/a,N/a,N/a,N/a,N/a,N/a,N/a,N/a,N/a,N/a,48,N/a,N/a,N/a,N/a,N/a,N/a,N/a,N/a,N/a,N/a,28,N/a,N/a,N/a,N/a,N/a,N/a,N/a,N/a,N/a,N/a,N/a,N/a,N/a,N/a,N/a,N/a,N/a,N/a,N/a,N/a,N/a,N/a,N/a,58,57.4,23,73,5,11,26,3,1.76,31,27,+4,+0.18,-0.31,0,33,18,1,8,28,48,N/a,N/a,0
Nicolás González,es ESP,MF,Manchester City,22,2002,11,9,760.0,8.4,1,0,1,1,0,0,3,0,0.12,0.00,0.12,0.12,0.12,Matches,N/a,N/a,N/a,N/a,N/a,N/a,N/a,N/a,N/a,N/a,N/a,N/a,N/a,N/a,N/a,8.4,1,9,2,22.2,1.07,0.24,0.11,0.50,0,0,N/a,N/a,N/a,N/a,N/a,N/a,N/a,N/a,N/a,N/a,N/a,N/a,N/a,N/a,0,N/a,N/a,N/a,N/a,N/a,N/a,N/a,N/a,N/a,N/a,N/a,1,N/a,N/a,N/a,N/a,N/a,N/a,N/a,N/a,N/a,N/a,N/a,N/a,N/a,N/a,N/a,N/a,N/a,N/a,N/a,N/a,N/a,N/a,N/a,N/a,N/a,4,N/a,N/a,N/a,N/a,N/a,N/a,N/a,N/a,N/a,N/a,8,N/a,N/a,N/a,N/a,N/a,N/a,N/a,N/a,N/a,N/a,N/a,N/a,N/a,N/a,N/a,N/a,N/a,N/a,N/a,N/a,N/a,N/a,N/a,69,22.2,9,82,5,2,12,3,2.27,17,7,+10,+1.18,+0.58,0,13,5,0,1,8,4,N/a,N/a,0
Nikola Milenković,rs SRB,DF,Nottingham,26,1997,37,37,3330.0,37.0,5,2,7,5,0,0,4,0,0.14,0.05,0.19,0.14,0.19,Matches,N/a,N/a,N/a,N/a,N/a,N/a,N/a,N/a,N/a,N/a,N/a,N/a,N/a,N/a,N/a,37.0,5,29,8,27.6,0.78,0.22,0.17,0.63,0,0,N/a,N/a,N/a,N/a,N/a,N/a,N/a,N/a,N/a,N/a,N/a,N/a,N/a,N/a,2,N/a,N/a,N/a,N/a,N/a,N/a,N/a,N/a,N/a,N/a,N/a,0,N/a,N/a,N/a,N/a,N/a,N/a,N/a,N/a,N/a,N/a,N/a,N/a,N/a,N/a,N/a,N/a,N/a,N/a,N/a,N/a,N/a,N/a,N/a,N/a,N/a,28,N/a,N/a,N/a,N/a,N/a,N/a,N/a,N/a,N/a,N/a,25,N/a,N/a,N/a,N/a,N/a,N/a,N/a,N/a,N/a,N/a,N/a,N/a,N/a,N/a,N/a,N/a,N/a,N/a,N/a,N/a,N/a,N/a,N/a,90,97.4,37,90,37,0,N/a,0,1.73,57,45,+12,+0.32,+0.32,0,20,5,2,0,25,28,N/a,N/a,0
Noni Madueke,eng ENG,MF,Chelsea,22,2002,32,27,2033.0,22.6,7,3,10,7,0,0,3,0,0.31,0.13,0.44,0.31,0.44,Matches,N/a,N/a,N/a,N/a,N/a,N/a,N/a,N/a,N/a,N/a,N/a,N/a,N/a,N/a,N/a,22.6,7,80,32,40.0,3.54,1.42,0.09,0.22,0,0,N/a,N/a,N/a,N/a,N/a,N/a,N/a,N/a,N/a,N/a,N/a,N/a,N/a,N/a,3,N/a,N/a,N/a,N/a,N/a,N/a,N/a,N/a,N/a,N/a,N/a,63,N/a,N/a,N/a,N/a,N/a,N/a,N/a,N/a,N/a,N/a,N/a,N/a,N/a,N/a,N/a,N/a,N/a,N/a,N/a,N/a,N/a,N/a,N/a,N/a,N/a,18,N/a,N/a,N/a,N/a,N/a,N/a,N/a,N/a,N/a,N/a,8,N/a,N/a,N/a,N/a,N/a,N/a,N/a,N/a,N/a,N/a,N/a,N/a,N/a,N/a,N/a,N/a,N/a,N/a,N/a,N/a,N/a,N/a,N/a,64,59.4,27,73,6,5,14,1,1.97,38,28,+10,+0.44,-0.27,0,22,24,5,63,8,18,N/a,N/a,0
Noussair Mazraoui,ma MAR,"DF,MF",Manchester Utd,26,1997,37,34,2838.0,31.5,0,1,1,0,0,0,3,0,0.00,0.03,0.03,0.00,0.03,Matches,N/a,N/a,N/a,N/a,N/a,N/a,N/a,N/a,N/a,N/a,N/a,N/a,N/a,N/a,N/a,31.5,0,13,3,23.1,0.41,0.10,0.00,0.00,0,0,N/a,N/a,N/a,N/a,N/a,N/a,N/a,N/a,N/a,N/a,N/a,N/a,N/a,N/a,1,N/a,N/a,N/a,N/a,N/a,N/a,N/a,N/a,N/a,N/a,N/a,23,N/a,N/a,N/a,N/a,N/a,N/a,N/a,N/a,N/a,N/a,N/a,N/a,N/a,N/a,N/a,N/a,N/a,N/a,N/a,N/a,N/a,N/a,N/a,N/a,N/a,71,N/a,N/a,N/a,N/a,N/a,N/a,N/a,N/a,N/a,N/a,35,N/a,N/a,N/a,N/a,N/a,N/a,N/a,N/a,N/a,N/a,N/a,N/a,N/a,N/a,N/a,N/a,N/a,N/a,N/a,N/a,N/a,N/a,N/a,77,83.0,34,81,20,3,24,0,1.14,23,43,-20,-0.63,-2.18,0,38,25,4,23,35,71,N/a,N/a,0
Nélson Semedo,pt POR,"MF,DF",Wolves,30,1993,34,32,2886.0,32.1,0,4,4,0,0,0,8,0,0.00,0.12,0.12,0.00,0.12,Matches,N/a,N/a,N/a,N/a,N/a,N/a,N/a,N/a,N/a,N/a,N/a,N/a,N/a,N/a,N/a,32.1,0,18,7,38.9,0.56,0.22,0.00,0.00,0,0,N/a,N/a,N/a,N/a,N/a,N/a,N/a,N/a,N/a,N/a,N/a,N/a,N/a,N/a,4,N/a,N/a,N/a,N/a,N/a,N/a,N/a,N/a,N/a,N/a,N/a,63,N/a,N/a,N/a,N/a,N/a,N/a,N/a,N/a,N/a,N/a,N/a,N/a,N/a,N/a,N/a,N/a,N/a,N/a,N/a,N/a,N/a,N/a,N/a,N/a,N/a,38,N/a,N/a,N/a,N/a,N/a,N/a,N/a,N/a,N/a,N/a,23,N/a,N/a,N/a,N/a,N/a,N/a,N/a,N/a,N/a,N/a,N/a,N/a,N/a,N/a,N/a,N/a,N/a,N/a,N/a,N/a,N/a,N/a,N/a,85,84.4,32,88,21,2,34,0,1.24,48,49,-1,-0.03,+2.33,0,48,30,4,63,23,38,N/a,N/a,0
Odsonne Édouard,fr FRA,MF,Crystal Palace,26,1998,2,1,115.0,1.3,0,0,0,0,0,0,0,0,0.00,0.00,0.00,0.00,0.00,Matches,N/a,N/a,N/a,N/a,N/a,N/a,N/a,N/a,N/a,N/a,N/a,N/a,N/a,N/a,N/a,1.3,0,5,1,20.0,3.91,0.78,0.00,0.00,0,0,N/a,N/a,N/a,N/a,N/a,N/a,N/a,N/a,N/a,N/a,N/a,N/a,N/a,N/a,0,N/a,N/a,N/a,N/a,N/a,N/a,N/a,N/a,N/a,N/a,N/a,1,N/a,N/a,N/a,N/a,N/a,N/a,N/a,N/a,N/a,N/a,N/a,N/a,N/a,N/a,N/a,N/a,N/a,N/a,N/a,N/a,N/a,N/a,N/a,N/a,N/a,0,N/a,N/a,N/a,N/a,N/a,N/a,N/a,N/a,N/a,N/a,0,N/a,N/a,N/a,N/a,N/a,N/a,N/a,N/a,N/a,N/a,N/a,N/a,N/a,N/a,N/a,N/a,N/a,N/a,N/a,N/a,N/a,N/a,N/a,58,3.4,1,70,0,1,45,0,0.00,1,2,-1,-0.78,-0.81,0,4,0,2,1,0,0,N/a,N/a,0
Ola Aina,ng NGA,DF,Nottingham,27,1996,35,35,2995.0,33.3,2,1,3,2,0,0,5,0,0.06,0.03,0.09,0.06,0.09,Matches,N/a,N/a,N/a,N/a,N/a,N/a,N/a,N/a,N/a,N/a,N/a,N/a,N/a,N/a,N/a,33.3,2,11,2,18.2,0.33,0.06,0.18,1.00,0,0,N/a,N/a,N/a,N/a,N/a,N/a,N/a,N/a,N/a,N/a,N/a,N/a,N/a,N/a,1,N/a,N/a,N/a,N/a,N/a,N/a,N/a,N/a,N/a,N/a,N/a,59,N/a,N/a,N/a,N/a,N/a,N/a,N/a,N/a,N/a,N/a,N/a,N/a,N/a,N/a,N/a,N/a,N/a,N/a,N/a,N/a,N/a,N/a,N/a,N/a,N/a,41,N/a,N/a,N/a,N/a,N/a,N/a,N/a,N/a,N/a,N/a,31,N/a,N/a,N/a,N/a,N/a,N/a,N/a,N/a,N/a,N/a,N/a,N/a,N/a,N/a,N/a,N/a,N/a,N/a,N/a,N/a,N/a,N/a,N/a,86,87.6,35,86,28,0,N/a,0,1.77,55,39,+16,+0.48,+1.33,0,23,35,2,59,31,41,N/a,N/a,0
Oleksandr Zinchenko,ua UKR,"DF,MF",Arsenal,27,1996,15,5,527.0,5.9,0,1,1,0,0,0,1,0,0.00,0.17,0.17,0.00,0.17,Matches,N/a,N/a,N/a,N/a,N/a,N/a,N/a,N/a,N/a,N/a,N/a,N/a,N/a,N/a,N/a,5.9,0,10,0,0.0,1.71,0.00,0.00,N/a,0,0,N/a,N/a,N/a,N/a,N/a,N/a,N/a,N/a,N/a,N/a,N/a,N/a,N/a,N/a,1,N/a,N/a,N/a,N/a,N/a,N/a,N/a,N/a,N/a,N/a,N/a,13,N/a,N/a,N/a,N/a,N/a,N/a,N/a,N/a,N/a,N/a,N/a,N/a,N/a,N/a,N/a,N/a,N/a,N/a,N/a,N/a,N/a,N/a,N/a,N/a,N/a,0,N/a,N/a,N/a,N/a,N/a,N/a,N/a,N/a,N/a,N/a,5,N/a,N/a,N/a,N/a,N/a,N/a,N/a,N/a,N/a,N/a,N/a,N/a,N/a,N/a,N/a,N/a,N/a,N/a,N/a,N/a,N/a,N/a,N/a,35,15.4,5,72,1,10,17,16,1.87,9,1,+8,+1.37,+0.53,0,8,3,1,13,5,0,N/a,N/a,0
Oliver Skipp,eng ENG,MF,Leicester City,23,2000,24,10,1129.0,12.5,0,0,0,0,0,0,8,0,0.00,0.00,0.00,0.00,0.00,Matches,N/a,N/a,N/a,N/a,N/a,N/a,N/a,N/a,N/a,N/a,N/a,N/a,N/a,N/a,N/a,12.5,0,5,1,20.0,0.40,0.08,0.00,0.00,0,0,N/a,N/a,N/a,N/a,N/a,N/a,N/a,N/a,N/a,N/a,N/a,N/a,N/a,N/a,0,N/a,N/a,N/a,N/a,N/a,N/a,N/a,N/a,N/a,N/a,N/a,5,N/a,N/a,N/a,N/a,N/a,N/a,N/a,N/a,N/a,N/a,N/a,N/a,N/a,N/a,N/a,N/a,N/a,N/a,N/a,N/a,N/a,N/a,N/a,N/a,N/a,4,N/a,N/a,N/a,N/a,N/a,N/a,N/a,N/a,N/a,N/a,12,N/a,N/a,N/a,N/a,N/a,N/a,N/a,N/a,N/a,N/a,N/a,N/a,N/a,N/a,N/a,N/a,N/a,N/a,N/a,N/a,N/a,N/a,N/a,47,33.0,10,74,3,14,28,11,0.79,12,26,-14,-1.12,+0.18,0,21,13,0,5,12,4,N/a,N/a,0
Oliver Scarles,eng ENG,"MF,DF",West Ham,18,2005,15,7,665.0,7.4,0,0,0,0,0,0,1,0,0.00,0.00,0.00,0.00,0.00,Matches,N/a,N/a,N/a,N/a,N/a,N/a,N/a,N/a,N/a,N/a,N/a,N/a,N/a,N/a,N/a,7.4,0,3,0,0.0,0.41,0.00,0.00,N/a,0,0,N/a,N/a,N/a,N/a,N/a,N/a,N/a,N/a,N/a,N/a,N/a,N/a,N/a,N/a,0,N/a,N/a,N/a,N/a,N/a,N/a,N/a,N/a,N/a,N/a,N/a,15,N/a,N/a,N/a,N/a,N/a,N/a,N/a,N/a,N/a,N/a,N/a,N/a,N/a,N/a,N/a,N/a,N/a,N/a,N/a,N/a,N/a,N/a,N/a,N/a,N/a,9,N/a,N/a,N/a,N/a,N/a,N/a,N/a,N/a,N/a,N/a,11,N/a,N/a,N/a,N/a,N/a,N/a,N/a,N/a,N/a,N/a,N/a,N/a,N/a,N/a,N/a,N/a,N/a,N/a,N/a,N/a,N/a,N/a,N/a,44,19.4,7,70,2,8,22,6,1.13,6,9,-3,-0.41,+0.02,0,5,2,1,15,11,9,N/a,N/a,0
Ollie Watkins,eng ENG,FW,Aston Villa,28,1995,38,31,2598.0,28.9,16,8,24,14,2,2,2,0,0.55,0.28,0.83,0.48,0.76,Matches,N/a,N/a,N/a,N/a,N/a,N/a,N/a,N/a,N/a,N/a,N/a,N/a,N/a,N/a,N/a,28.9,16,84,40,47.6,2.91,1.39,0.19,0.40,2,2,N/a,N/a,N/a,N/a,N/a,N/a,N/a,N/a,N/a,N/a,N/a,N/a,N/a,N/a,8,N/a,N/a,N/a,N/a,N/a,N/a,N/a,N/a,N/a,N/a,N/a,7,N/a,N/a,N/a,N/a,N/a,N/a,N/a,N/a,N/a,N/a,N/a,N/a,N/a,N/a,N/a,N/a,N/a,N/a,N/a,N/a,N/a,N/a,N/a,N/a,N/a,7,N/a,N/a,N/a,N/a,N/a,N/a,N/a,N/a,N/a,N/a,7,N/a,N/a,N/a,N/a,N/a,N/a,N/a,N/a,N/a,N/a,N/a,N/a,N/a,N/a,N/a,N/a,N/a,N/a,N/a,N/a,N/a,N/a,N/a,68,76.0,31,78,11,7,25,0,1.74,48,40,+8,+0.28,+0.39,0,29,33,16,7,7,7,N/a,N/a,0
Omar Marmoush,eg EGY,"MF,FW",Manchester City,25,1999,16,14,1175.0,13.1,7,0,7,7,0,0,0,0,0.54,0.00,0.54,0.54,0.54,Matches,N/a,N/a,N/a,N/a,N/a,N/a,N/a,N/a,N/a,N/a,N/a,N/a,N/a,N/a,N/a,13.1,7,49,17,34.7,3.75,1.30,0.14,0.41,0,0,N/a,N/a,N/a,N/a,N/a,N/a,N/a,N/a,N/a,N/a,N/a,N/a,N/a,N/a,0,N/a,N/a,N/a,N/a,N/a,N/a,N/a,N/a,N/a,N/a,N/a,29,N/a,N/a,N/a,N/a,N/a,N/a,N/a,N/a,N/a,N/a,N/a,N/a,N/a,N/a,N/a,N/a,N/a,N/a,N/a,N/a,N/a,N/a,N/a,N/a,N/a,8,N/a,N/a,N/a,N/a,N/a,N/a,N/a,N/a,N/a,N/a,6,N/a,N/a,N/a,N/a,N/a,N/a,N/a,N/a,N/a,N/a,N/a,N/a,N/a,N/a,N/a,N/a,N/a,N/a,N/a,N/a,N/a,N/a,N/a,73,34.4,14,82,4,2,15,0,2.06,26,12,+14,+1.07,+0.51,0,15,20,10,29,6,8,N/a,N/a,0
Omari Hutchinson,eng ENG,MF,Ipswich Town,20,2003,31,30,2583.0,28.7,3,2,5,3,0,0,5,0,0.10,0.07,0.17,0.10,0.17,Matches,N/a,N/a,N/a,N/a,N/a,N/a,N/a,N/a,N/a,N/a,N/a,N/a,N/a,N/a,N/a,28.7,3,45,19,42.2,1.57,0.66,0.07,0.16,0,0,N/a,N/a,N/a,N/a,N/a,N/a,N/a,N/a,N/a,N/a,N/a,N/a,N/a,N/a,2,N/a,N/a,N/a,N/a,N/a,N/a,N/a,N/a,N/a,N/a,N/a,81,N/a,N/a,N/a,N/a,N/a,N/a,N/a,N/a,N/a,N/a,N/a,N/a,N/a,N/a,N/a,N/a,N/a,N/a,N/a,N/a,N/a,N/a,N/a,N/a,N/a,13,N/a,N/a,N/a,N/a,N/a,N/a,N/a,N/a,N/a,N/a,11,N/a,N/a,N/a,N/a,N/a,N/a,N/a,N/a,N/a,N/a,N/a,N/a,N/a,N/a,N/a,N/a,N/a,N/a,N/a,N/a,N/a,N/a,N/a,83,75.5,30,85,18,1,24,1,0.55,25,61,-36,-1.25,-0.18,0,31,46,6,81,11,13,N/a,N/a,0
Orel Mangala,be BEL,MF,Everton,26,1998,19,14,1261.0,14.0,1,0,1,1,0,0,2,0,0.07,0.00,0.07,0.07,0.07,Matches,N/a,N/a,N/a,N/a,N/a,N/a,N/a,N/a,N/a,N/a,N/a,N/a,N/a,N/a,N/a,14.0,1,16,6,37.5,1.14,0.43,0.06,0.17,0,0,N/a,N/a,N/a,N/a,N/a,N/a,N/a,N/a,N/a,N/a,N/a,N/a,N/a,N/a,0,N/a,N/a,N/a,N/a,N/a,N/a,N/a,N/a,N/a,N/a,N/a,6,N/a,N/a,N/a,N/a,N/a,N/a,N/a,N/a,N/a,N/a,N/a,N/a,N/a,N/a,N/a,N/a,N/a,N/a,N/a,N/a,N/a,N/a,N/a,N/a,N/a,8,N/a,N/a,N/a,N/a,N/a,N/a,N/a,N/a,N/a,N/a,21,N/a,N/a,N/a,N/a,N/a,N/a,N/a,N/a,N/a,N/a,N/a,N/a,N/a,N/a,N/a,N/a,N/a,N/a,N/a,N/a,N/a,N/a,N/a,66,36.9,14,84,10,5,18,0,1.21,13,10,+3,+0.21,+0.42,0,24,17,2,6,21,8,N/a,N/a,0
Pablo Sarabia,es ESP,MF,Wolves,32,1992,23,7,814.0,9.0,3,2,5,3,0,0,3,0,0.33,0.22,0.55,0.33,0.55,Matches,N/a,N/a,N/a,N/a,N/a,N/a,N/a,N/a,N/a,N/a,N/a,N/a,N/a,N/a,N/a,9.0,3,17,8,47.1,1.88,0.88,0.18,0.38,0,0,N/a,N/a,N/a,N/a,N/a,N/a,N/a,N/a,N/a,N/a,N/a,N/a,N/a,N/a,2,N/a,N/a,N/a,N/a,N/a,N/a,N/a,N/a,N/a,N/a,N/a,45,N/a,N/a,N/a,N/a,N/a,N/a,N/a,N/a,N/a,N/a,N/a,N/a,N/a,N/a,N/a,N/a,N/a,N/a,N/a,N/a,N/a,N/a,N/a,N/a,N/a,9,N/a,N/a,N/a,N/a,N/a,N/a,N/a,N/a,N/a,N/a,4,N/a,N/a,N/a,N/a,N/a,N/a,N/a,N/a,N/a,N/a,N/a,N/a,N/a,N/a,N/a,N/a,N/a,N/a,N/a,N/a,N/a,N/a,N/a,35,23.8,7,63,0,16,23,7,1.25,14,19,-5,-0.55,-0.21,0,16,15,5,45,4,9,N/a,N/a,0
Pape Matar Sarr,sn SEN,MF,Tottenham,21,2002,36,22,1913.0,21.3,3,2,5,3,0,0,6,0,0.14,0.09,0.24,0.14,0.24,Matches,N/a,N/a,N/a,N/a,N/a,N/a,N/a,N/a,N/a,N/a,N/a,N/a,N/a,N/a,N/a,21.3,3,34,13,38.2,1.60,0.61,0.09,0.23,0,0,N/a,N/a,N/a,N/a,N/a,N/a,N/a,N/a,N/a,N/a,N/a,N/a,N/a,N/a,2,N/a,N/a,N/a,N/a,N/a,N/a,N/a,N/a,N/a,N/a,N/a,14,N/a,N/a,N/a,N/a,N/a,N/a,N/a,N/a,N/a,N/a,N/a,N/a,N/a,N/a,N/a,N/a,N/a,N/a,N/a,N/a,N/a,N/a,N/a,N/a,N/a,36,N/a,N/a,N/a,N/a,N/a,N/a,N/a,N/a,N/a,N/a,27,N/a,N/a,N/a,N/a,N/a,N/a,N/a,N/a,N/a,N/a,N/a,N/a,N/a,N/a,N/a,N/a,N/a,N/a,N/a,N/a,N/a,N/a,N/a,53,55.9,22,70,6,14,27,2,0.97,33,38,-5,-0.24,-0.47,0,33,35,2,14,27,36,N/a,N/a,0
Patrick Dorgu,dk DEN,MF,Manchester Utd,19,2004,12,10,842.0,9.4,0,0,0,0,0,0,3,1,0.00,0.00,0.00,0.00,0.00,Matches,N/a,N/a,N/a,N/a,N/a,N/a,N/a,N/a,N/a,N/a,N/a,N/a,N/a,N/a,N/a,9.4,0,10,2,20.0,1.07,0.21,0.00,0.00,0,0,N/a,N/a,N/a,N/a,N/a,N/a,N/a,N/a,N/a,N/a,N/a,N/a,N/a,N/a,0,N/a,N/a,N/a,N/a,N/a,N/a,N/a,N/a,N/a,N/a,N/a,37,N/a,N/a,N/a,N/a,N/a,N/a,N/a,N/a,N/a,N/a,N/a,N/a,N/a,N/a,N/a,N/a,N/a,N/a,N/a,N/a,N/a,N/a,N/a,N/a,N/a,23,N/a,N/a,N/a,N/a,N/a,N/a,N/a,N/a,N/a,N/a,3,N/a,N/a,N/a,N/a,N/a,N/a,N/a,N/a,N/a,N/a,N/a,N/a,N/a,N/a,N/a,N/a,N/a,N/a,N/a,N/a,N/a,N/a,N/a,70,24.6,10,77,6,2,34,0,0.75,7,11,-4,-0.43,-0.22,0,17,28,3,37,3,23,N/a,N/a,0
Patson Daka,zm ZAM,"MF,FW",Leicester City,25,1998,23,6,736.0,8.2,1,0,1,1,0,0,0,0,0.12,0.00,0.12,0.12,0.12,Matches,N/a,N/a,N/a,N/a,N/a,N/a,N/a,N/a,N/a,N/a,N/a,N/a,N/a,N/a,N/a,8.2,1,15,4,26.7,1.83,0.49,0.07,0.25,0,0,N/a,N/a,N/a,N/a,N/a,N/a,N/a,N/a,N/a,N/a,N/a,N/a,N/a,N/a,0,N/a,N/a,N/a,N/a,N/a,N/a,N/a,N/a,N/a,N/a,N/a,3,N/a,N/a,N/a,N/a,N/a,N/a,N/a,N/a,N/a,N/a,N/a,N/a,N/a,N/a,N/a,N/a,N/a,N/a,N/a,N/a,N/a,N/a,N/a,N/a,N/a,10,N/a,N/a,N/a,N/a,N/a,N/a,N/a,N/a,N/a,N/a,1,N/a,N/a,N/a,N/a,N/a,N/a,N/a,N/a,N/a,N/a,N/a,N/a,N/a,N/a,N/a,N/a,N/a,N/a,N/a,N/a,N/a,N/a,N/a,32,21.5,6,72,1,17,18,4,0.61,7,16,-9,-1.10,+0.17,0,15,19,3,3,1,10,N/a,N/a,0
Pau Torres,es ESP,DF,Aston Villa,27,1997,24,23,2020.0,22.4,0,0,0,0,0,0,2,0,0.00,0.00,0.00,0.00,0.00,Matches,N/a,N/a,N/a,N/a,N/a,N/a,N/a,N/a,N/a,N/a,N/a,N/a,N/a,N/a,N/a,22.4,0,8,3,37.5,0.36,0.13,0.00,0.00,0,0,N/a,N/a,N/a,N/a,N/a,N/a,N/a,N/a,N/a,N/a,N/a,N/a,N/a,N/a,0,N/a,N/a,N/a,N/a,N/a,N/a,N/a,N/a,N/a,N/a,N/a,4,N/a,N/a,N/a,N/a,N/a,N/a,N/a,N/a,N/a,N/a,N/a,N/a,N/a,N/a,N/a,N/a,N/a,N/a,N/a,N/a,N/a,N/a,N/a,N/a,N/a,15,N/a,N/a,N/a,N/a,N/a,N/a,N/a,N/a,N/a,N/a,9,N/a,N/a,N/a,N/a,N/a,N/a,N/a,N/a,N/a,N/a,N/a,N/a,N/a,N/a,N/a,N/a,N/a,N/a,N/a,N/a,N/a,N/a,N/a,84,59.1,23,87,22,1,21,4,1.58,30,33,-3,-0.13,-0.78,0,8,7,0,4,9,15,N/a,N/a,0
Paul Onuachu,ng NGA,FW,Southampton,30,1994,25,11,1050.0,11.7,4,1,5,4,0,0,4,0,0.34,0.09,0.43,0.34,0.43,Matches,N/a,N/a,N/a,N/a,N/a,N/a,N/a,N/a,N/a,N/a,N/a,N/a,N/a,N/a,N/a,11.7,4,34,15,44.1,2.91,1.29,0.12,0.27,0,0,N/a,N/a,N/a,N/a,N/a,N/a,N/a,N/a,N/a,N/a,N/a,N/a,N/a,N/a,1,N/a,N/a,N/a,N/a,N/a,N/a,N/a,N/a,N/a,N/a,N/a,0,N/a,N/a,N/a,N/a,N/a,N/a,N/a,N/a,N/a,N/a,N/a,N/a,N/a,N/a,N/a,N/a,N/a,N/a,N/a,N/a,N/a,N/a,N/a,N/a,N/a,2,N/a,N/a,N/a,N/a,N/a,N/a,N/a,N/a,N/a,N/a,1,N/a,N/a,N/a,N/a,N/a,N/a,N/a,N/a,N/a,N/a,N/a,N/a,N/a,N/a,N/a,N/a,N/a,N/a,N/a,N/a,N/a,N/a,N/a,42,30.7,11,72,4,14,19,3,0.36,11,26,-15,-1.29,+0.42,0,28,16,10,0,1,2,N/a,N/a,0
Pedro Neto,pt POR,"MF,FW",Chelsea,24,2000,35,24,2269.0,25.2,4,6,10,4,0,0,8,0,0.16,0.24,0.40,0.16,0.40,Matches,N/a,N/a,N/a,N/a,N/a,N/a,N/a,N/a,N/a,N/a,N/a,N/a,N/a,N/a,N/a,25.2,4,59,17,28.8,2.34,0.67,0.07,0.24,0,0,N/a,N/a,N/a,N/a,N/a,N/a,N/a,N/a,N/a,N/a,N/a,N/a,N/a,N/a,6,N/a,N/a,N/a,N/a,N/a,N/a,N/a,N/a,N/a,N/a,N/a,149,N/a,N/a,N/a,N/a,N/a,N/a,N/a,N/a,N/a,N/a,N/a,N/a,N/a,N/a,N/a,N/a,N/a,N/a,N/a,N/a,N/a,N/a,N/a,N/a,N/a,10,N/a,N/a,N/a,N/a,N/a,N/a,N/a,N/a,N/a,N/a,8,N/a,N/a,N/a,N/a,N/a,N/a,N/a,N/a,N/a,N/a,N/a,N/a,N/a,N/a,N/a,N/a,N/a,N/a,N/a,N/a,N/a,N/a,N/a,65,66.3,24,82,15,11,27,1,1.71,40,25,+15,+0.59,+0.13,0,21,33,3,149,8,10,N/a,N/a,0
Pedro Porro,es ESP,DF,Tottenham,24,1999,33,28,2610.0,29.0,2,6,8,2,0,0,5,0,0.07,0.21,0.28,0.07,0.28,Matches,N/a,N/a,N/a,N/a,N/a,N/a,N/a,N/a,N/a,N/a,N/a,N/a,N/a,N/a,N/a,29.0,2,39,8,20.5,1.34,0.28,0.05,0.25,0,0,N/a,N/a,N/a,N/a,N/a,N/a,N/a,N/a,N/a,N/a,N/a,N/a,N/a,N/a,6,N/a,N/a,N/a,N/a,N/a,N/a,N/a,N/a,N/a,N/a,N/a,200,N/a,N/a,N/a,N/a,N/a,N/a,N/a,N/a,N/a,N/a,N/a,N/a,N/a,N/a,N/a,N/a,N/a,N/a,N/a,N/a,N/a,N/a,N/a,N/a,N/a,45,N/a,N/a,N/a,N/a,N/a,N/a,N/a,N/a,N/a,N/a,31,N/a,N/a,N/a,N/a,N/a,N/a,N/a,N/a,N/a,N/a,N/a,N/a,N/a,N/a,N/a,N/a,N/a,N/a,N/a,N/a,N/a,N/a,N/a,79,76.3,28,89,24,5,26,5,1.12,54,47,+7,+0.24,+1.13,0,25,33,1,200,31,45,N/a,N/a,0
Pervis Estupiñán,ec ECU,DF,Brighton,26,1998,30,26,2402.0,26.7,1,1,2,1,0,0,5,0,0.04,0.04,0.07,0.04,0.07,Matches,N/a,N/a,N/a,N/a,N/a,N/a,N/a,N/a,N/a,N/a,N/a,N/a,N/a,N/a,N/a,26.7,1,28,9,32.1,1.05,0.34,0.04,0.11,0,0,N/a,N/a,N/a,N/a,N/a,N/a,N/a,N/a,N/a,N/a,N/a,N/a,N/a,N/a,1,N/a,N/a,N/a,N/a,N/a,N/a,N/a,N/a,N/a,N/a,N/a,119,N/a,N/a,N/a,N/a,N/a,N/a,N/a,N/a,N/a,N/a,N/a,N/a,N/a,N/a,N/a,N/a,N/a,N/a,N/a,N/a,N/a,N/a,N/a,N/a,N/a,44,N/a,N/a,N/a,N/a,N/a,N/a,N/a,N/a,N/a,N/a,39,N/a,N/a,N/a,N/a,N/a,N/a,N/a,N/a,N/a,N/a,N/a,N/a,N/a,N/a,N/a,N/a,N/a,N/a,N/a,N/a,N/a,N/a,N/a,80,70.2,26,88,22,4,27,1,1.57,47,44,+3,+0.11,-0.24,0,36,20,3,119,39,44,N/a,N/a,0
Phil Foden,eng ENG,"MF,FW",Manchester City,24,2000,28,20,1777.0,19.7,7,2,9,7,0,0,2,0,0.35,0.10,0.46,0.35,0.46,Matches,N/a,N/a,N/a,N/a,N/a,N/a,N/a,N/a,N/a,N/a,N/a,N/a,N/a,N/a,N/a,19.7,7,54,16,29.6,2.73,0.81,0.13,0.44,0,0,N/a,N/a,N/a,N/a,N/a,N/a,N/a,N/a,N/a,N/a,N/a,N/a,N/a,N/a,2,N/a,N/a,N/a,N/a,N/a,N/a,N/a,N/a,N/a,N/a,N/a,81,N/a,N/a,N/a,N/a,N/a,N/a,N/a,N/a,N/a,N/a,N/a,N/a,N/a,N/a,N/a,N/a,N/a,N/a,N/a,N/a,N/a,N/a,N/a,N/a,N/a,5,N/a,N/a,N/a,N/a,N/a,N/a,N/a,N/a,N/a,N/a,9,N/a,N/a,N/a,N/a,N/a,N/a,N/a,N/a,N/a,N/a,N/a,N/a,N/a,N/a,N/a,N/a,N/a,N/a,N/a,N/a,N/a,N/a,N/a,63,52.0,20,81,10,8,20,5,1.54,30,24,+6,+0.30,-0.90,0,5,35,3,81,9,5,N/a,N/a,0
Philip Billing,dk DEN,MF,Bournemouth,28,1996,10,1,184.0,2.0,0,0,0,0,0,0,1,0,0.00,0.00,0.00,0.00,0.00,Matches,N/a,N/a,N/a,N/a,N/a,N/a,N/a,N/a,N/a,N/a,N/a,N/a,N/a,N/a,N/a,2.0,0,5,1,20.0,2.45,0.49,0.00,0.00,0,0,N/a,N/a,N/a,N/a,N/a,N/a,N/a,N/a,N/a,N/a,N/a,N/a,N/a,N/a,0,N/a,N/a,N/a,N/a,N/a,N/a,N/a,N/a,N/a,N/a,N/a,10,N/a,N/a,N/a,N/a,N/a,N/a,N/a,N/a,N/a,N/a,N/a,N/a,N/a,N/a,N/a,N/a,N/a,N/a,N/a,N/a,N/a,N/a,N/a,N/a,N/a,6,N/a,N/a,N/a,N/a,N/a,N/a,N/a,N/a,N/a,N/a,5,N/a,N/a,N/a,N/a,N/a,N/a,N/a,N/a,N/a,N/a,N/a,N/a,N/a,N/a,N/a,N/a,N/a,N/a,N/a,N/a,N/a,N/a,N/a,18,5.4,1,72,0,9,12,3,1.90,5,4,+1,+0.49,+0.18,0,3,2,0,10,5,6,N/a,N/a,0
Radu Drăgușin,ro ROU,DF,Tottenham,22,2002,16,14,1252.0,13.9,0,0,0,0,0,0,1,0,0.00,0.00,0.00,0.00,0.00,Matches,N/a,N/a,N/a,N/a,N/a,N/a,N/a,N/a,N/a,N/a,N/a,N/a,N/a,N/a,N/a,13.9,0,5,1,20.0,0.36,0.07,0.00,0.00,0,0,N/a,N/a,N/a,N/a,N/a,N/a,N/a,N/a,N/a,N/a,N/a,N/a,N/a,N/a,0,N/a,N/a,N/a,N/a,N/a,N/a,N/a,N/a,N/a,N/a,N/a,1,N/a,N/a,N/a,N/a,N/a,N/a,N/a,N/a,N/a,N/a,N/a,N/a,N/a,N/a,N/a,N/a,N/a,N/a,N/a,N/a,N/a,N/a,N/a,N/a,N/a,6,N/a,N/a,N/a,N/a,N/a,N/a,N/a,N/a,N/a,N/a,13,N/a,N/a,N/a,N/a,N/a,N/a,N/a,N/a,N/a,N/a,N/a,N/a,N/a,N/a,N/a,N/a,N/a,N/a,N/a,N/a,N/a,N/a,N/a,78,36.6,14,83,11,2,43,7,0.88,25,29,-4,-0.29,-0.41,0,6,10,0,1,13,6,N/a,N/a,0
Raheem Sterling,eng ENG,"FW,MF",Arsenal,29,1994,17,7,499.0,5.5,0,2,2,0,0,0,1,0,0.00,0.36,0.36,0.00,0.36,Matches,N/a,N/a,N/a,N/a,N/a,N/a,N/a,N/a,N/a,N/a,N/a,N/a,N/a,N/a,N/a,5.5,0,11,0,0.0,1.98,0.00,0.00,N/a,0,0,N/a,N/a,N/a,N/a,N/a,N/a,N/a,N/a,N/a,N/a,N/a,N/a,N/a,N/a,2,N/a,N/a,N/a,N/a,N/a,N/a,N/a,N/a,N/a,N/a,N/a,16,N/a,N/a,N/a,N/a,N/a,N/a,N/a,N/a,N/a,N/a,N/a,N/a,N/a,N/a,N/a,N/a,N/a,N/a,N/a,N/a,N/a,N/a,N/a,N/a,N/a,4,N/a,N/a,N/a,N/a,N/a,N/a,N/a,N/a,N/a,N/a,1,N/a,N/a,N/a,N/a,N/a,N/a,N/a,N/a,N/a,N/a,N/a,N/a,N/a,N/a,N/a,N/a,N/a,N/a,N/a,N/a,N/a,N/a,N/a,29,14.6,7,56,0,10,11,12,2.00,12,4,+8,+1.44,+0.61,0,12,8,4,16,1,4,N/a,N/a,0
Ramón Sosa,py PAR,MF,Nottingham,24,1999,19,1,295.0,3.3,1,0,1,1,0,0,1,0,0.31,0.00,0.31,0.31,0.31,Matches,N/a,N/a,N/a,N/a,N/a,N/a,N/a,N/a,N/a,N/a,N/a,N/a,N/a,N/a,N/a,3.3,1,11,5,45.5,3.36,1.53,0.09,0.20,0,0,N/a,N/a,N/a,N/a,N/a,N/a,N/a,N/a,N/a,N/a,N/a,N/a,N/a,N/a,0,N/a,N/a,N/a,N/a,N/a,N/a,N/a,N/a,N/a,N/a,N/a,8,N/a,N/a,N/a,N/a,N/a,N/a,N/a,N/a,N/a,N/a,N/a,N/a,N/a,N/a,N/a,N/a,N/a,N/a,N/a,N/a,N/a,N/a,N/a,N/a,N/a,3,N/a,N/a,N/a,N/a,N/a,N/a,N/a,N/a,N/a,N/a,4,N/a,N/a,N/a,N/a,N/a,N/a,N/a,N/a,N/a,N/a,N/a,N/a,N/a,N/a,N/a,N/a,N/a,N/a,N/a,N/a,N/a,N/a,N/a,16,8.6,1,67,0,18,13,13,1.58,3,5,-2,-0.61,-1.01,0,6,8,3,8,4,3,N/a,N/a,0
Rasmus Højlund,dk DEN,FW,Manchester Utd,21,2003,32,23,2004.0,22.3,4,0,4,4,0,0,2,0,0.18,0.00,0.18,0.18,0.18,Matches,N/a,N/a,N/a,N/a,N/a,N/a,N/a,N/a,N/a,N/a,N/a,N/a,N/a,N/a,N/a,22.3,4,32,13,40.6,1.44,0.58,0.13,0.31,0,0,N/a,N/a,N/a,N/a,N/a,N/a,N/a,N/a,N/a,N/a,N/a,N/a,N/a,N/a,0,N/a,N/a,N/a,N/a,N/a,N/a,N/a,N/a,N/a,N/a,N/a,7,N/a,N/a,N/a,N/a,N/a,N/a,N/a,N/a,N/a,N/a,N/a,N/a,N/a,N/a,N/a,N/a,N/a,N/a,N/a,N/a,N/a,N/a,N/a,N/a,N/a,1,N/a,N/a,N/a,N/a,N/a,N/a,N/a,N/a,N/a,N/a,2,N/a,N/a,N/a,N/a,N/a,N/a,N/a,N/a,N/a,N/a,N/a,N/a,N/a,N/a,N/a,N/a,N/a,N/a,N/a,N/a,N/a,N/a,N/a,63,58.6,23,78,7,9,24,2,1.03,17,31,-14,-0.63,-0.88,0,18,28,13,7,2,1,N/a,N/a,0
Rayan Aït-Nouri,dz ALG,"MF,DF",Wolves,23,2001,37,37,3109.0,34.5,4,7,11,4,0,0,7,1,0.12,0.20,0.32,0.12,0.32,Matches,N/a,N/a,N/a,N/a,N/a,N/a,N/a,N/a,N/a,N/a,N/a,N/a,N/a,N/a,N/a,34.5,4,36,13,36.1,1.04,0.38,0.11,0.31,0,0,N/a,N/a,N/a,N/a,N/a,N/a,N/a,N/a,N/a,N/a,N/a,N/a,N/a,N/a,7,N/a,N/a,N/a,N/a,N/a,N/a,N/a,N/a,N/a,N/a,N/a,94,N/a,N/a,N/a,N/a,N/a,N/a,N/a,N/a,N/a,N/a,N/a,N/a,N/a,N/a,N/a,N/a,N/a,N/a,N/a,N/a,N/a,N/a,N/a,N/a,N/a,55,N/a,N/a,N/a,N/a,N/a,N/a,N/a,N/a,N/a,N/a,24,N/a,N/a,N/a,N/a,N/a,N/a,N/a,N/a,N/a,N/a,N/a,N/a,N/a,N/a,N/a,N/a,N/a,N/a,N/a,N/a,N/a,N/a,N/a,84,90.9,37,84,18,0,N/a,0,1.05,46,66,-20,-0.58,-2.03,1,30,46,6,94,24,55,N/a,N/a,0
Raúl Jiménez,mx MEX,FW,Fulham,33,1991,38,30,2494.0,27.7,12,3,15,9,3,3,4,0,0.43,0.11,0.54,0.32,0.43,Matches,N/a,N/a,N/a,N/a,N/a,N/a,N/a,N/a,N/a,N/a,N/a,N/a,N/a,N/a,N/a,27.7,12,96,33,34.4,3.46,1.19,0.13,0.36,3,3,N/a,N/a,N/a,N/a,N/a,N/a,N/a,N/a,N/a,N/a,N/a,N/a,N/a,N/a,3,N/a,N/a,N/a,N/a,N/a,N/a,N/a,N/a,N/a,N/a,N/a,22,N/a,N/a,N/a,N/a,N/a,N/a,N/a,N/a,N/a,N/a,N/a,N/a,N/a,N/a,N/a,N/a,N/a,N/a,N/a,N/a,N/a,N/a,N/a,N/a,N/a,24,N/a,N/a,N/a,N/a,N/a,N/a,N/a,N/a,N/a,N/a,11,N/a,N/a,N/a,N/a,N/a,N/a,N/a,N/a,N/a,N/a,N/a,N/a,N/a,N/a,N/a,N/a,N/a,N/a,N/a,N/a,N/a,N/a,N/a,66,72.9,30,78,9,8,18,0,1.42,31,37,-6,-0.22,-0.80,0,39,41,15,22,11,24,N/a,N/a,0
Reece James,eng ENG,"DF,MF",Chelsea,24,1999,19,12,1063.0,11.8,1,1,2,1,0,0,1,0,0.08,0.08,0.17,0.08,0.17,Matches,N/a,N/a,N/a,N/a,N/a,N/a,N/a,N/a,N/a,N/a,N/a,N/a,N/a,N/a,N/a,11.8,1,11,3,27.3,0.93,0.25,0.09,0.33,0,0,N/a,N/a,N/a,N/a,N/a,N/a,N/a,N/a,N/a,N/a,N/a,N/a,N/a,N/a,1,N/a,N/a,N/a,N/a,N/a,N/a,N/a,N/a,N/a,N/a,N/a,43,N/a,N/a,N/a,N/a,N/a,N/a,N/a,N/a,N/a,N/a,N/a,N/a,N/a,N/a,N/a,N/a,N/a,N/a,N/a,N/a,N/a,N/a,N/a,N/a,N/a,9,N/a,N/a,N/a,N/a,N/a,N/a,N/a,N/a,N/a,N/a,14,N/a,N/a,N/a,N/a,N/a,N/a,N/a,N/a,N/a,N/a,N/a,N/a,N/a,N/a,N/a,N/a,N/a,N/a,N/a,N/a,N/a,N/a,N/a,56,31.1,12,76,5,7,22,4,1.63,13,14,-1,-0.08,-0.92,0,8,11,0,43,14,9,N/a,N/a,0
Reiss Nelson,eng ENG,MF,Fulham,24,1999,11,5,487.0,5.4,1,1,2,1,0,0,1,0,0.18,0.18,0.37,0.18,0.37,Matches,N/a,N/a,N/a,N/a,N/a,N/a,N/a,N/a,N/a,N/a,N/a,N/a,N/a,N/a,N/a,5.4,1,12,6,50.0,2.22,1.11,0.08,0.17,0,0,N/a,N/a,N/a,N/a,N/a,N/a,N/a,N/a,N/a,N/a,N/a,N/a,N/a,N/a,1,N/a,N/a,N/a,N/a,N/a,N/a,N/a,N/a,N/a,N/a,N/a,25,N/a,N/a,N/a,N/a,N/a,N/a,N/a,N/a,N/a,N/a,N/a,N/a,N/a,N/a,N/a,N/a,N/a,N/a,N/a,N/a,N/a,N/a,N/a,N/a,N/a,5,N/a,N/a,N/a,N/a,N/a,N/a,N/a,N/a,N/a,N/a,5,N/a,N/a,N/a,N/a,N/a,N/a,N/a,N/a,N/a,N/a,N/a,N/a,N/a,N/a,N/a,N/a,N/a,N/a,N/a,N/a,N/a,N/a,N/a,44,14.2,5,73,0,6,21,0,1.64,5,9,-4,-0.74,-0.86,0,6,9,1,25,5,5,N/a,N/a,0
Renato Veiga,pt POR,MF,Chelsea,21,2003,7,1,181.0,2.0,0,0,0,0,0,0,2,0,0.00,0.00,0.00,0.00,0.00,Matches,N/a,N/a,N/a,N/a,N/a,N/a,N/a,N/a,N/a,N/a,N/a,N/a,N/a,N/a,N/a,2.0,0,3,1,33.3,1.49,0.50,0.00,0.00,0,0,N/a,N/a,N/a,N/a,N/a,N/a,N/a,N/a,N/a,N/a,N/a,N/a,N/a,N/a,0,N/a,N/a,N/a,N/a,N/a,N/a,N/a,N/a,N/a,N/a,N/a,0,N/a,N/a,N/a,N/a,N/a,N/a,N/a,N/a,N/a,N/a,N/a,N/a,N/a,N/a,N/a,N/a,N/a,N/a,N/a,N/a,N/a,N/a,N/a,N/a,N/a,6,N/a,N/a,N/a,N/a,N/a,N/a,N/a,N/a,N/a,N/a,1,N/a,N/a,N/a,N/a,N/a,N/a,N/a,N/a,N/a,N/a,N/a,N/a,N/a,N/a,N/a,N/a,N/a,N/a,N/a,N/a,N/a,N/a,N/a,26,5.3,1,90,1,6,15,13,2.14,2,2,0,0.00,-0.58,0,6,1,1,0,1,6,N/a,N/a,0
Ricardo Pereira,pt POR,DF,Leicester City,30,1993,10,4,388.0,4.3,0,0,0,0,0,0,1,0,0.00,0.00,0.00,0.00,0.00,Matches,N/a,N/a,N/a,N/a,N/a,N/a,N/a,N/a,N/a,N/a,N/a,N/a,N/a,N/a,N/a,4.3,0,2,1,50.0,0.46,0.23,0.00,0.00,0,0,N/a,N/a,N/a,N/a,N/a,N/a,N/a,N/a,N/a,N/a,N/a,N/a,N/a,N/a,0,N/a,N/a,N/a,N/a,N/a,N/a,N/a,N/a,N/a,N/a,N/a,4,N/a,N/a,N/a,N/a,N/a,N/a,N/a,N/a,N/a,N/a,N/a,N/a,N/a,N/a,N/a,N/a,N/a,N/a,N/a,N/a,N/a,N/a,N/a,N/a,N/a,7,N/a,N/a,N/a,N/a,N/a,N/a,N/a,N/a,N/a,N/a,4,N/a,N/a,N/a,N/a,N/a,N/a,N/a,N/a,N/a,N/a,N/a,N/a,N/a,N/a,N/a,N/a,N/a,N/a,N/a,N/a,N/a,N/a,N/a,39,11.3,4,68,0,6,19,8,0.50,3,8,-5,-1.16,+0.09,0,6,8,0,4,4,7,N/a,N/a,0
Riccardo Calafiori,it ITA,DF,Arsenal,22,2002,19,11,983.0,10.9,2,1,3,2,0,0,4,0,0.18,0.09,0.27,0.18,0.27,Matches,N/a,N/a,N/a,N/a,N/a,N/a,N/a,N/a,N/a,N/a,N/a,N/a,N/a,N/a,N/a,10.9,2,10,6,60.0,0.92,0.55,0.20,0.33,0,0,N/a,N/a,N/a,N/a,N/a,N/a,N/a,N/a,N/a,N/a,N/a,N/a,N/a,N/a,1,N/a,N/a,N/a,N/a,N/a,N/a,N/a,N/a,N/a,N/a,N/a,11,N/a,N/a,N/a,N/a,N/a,N/a,N/a,N/a,N/a,N/a,N/a,N/a,N/a,N/a,N/a,N/a,N/a,N/a,N/a,N/a,N/a,N/a,N/a,N/a,N/a,18,N/a,N/a,N/a,N/a,N/a,N/a,N/a,N/a,N/a,N/a,8,N/a,N/a,N/a,N/a,N/a,N/a,N/a,N/a,N/a,N/a,N/a,N/a,N/a,N/a,N/a,N/a,N/a,N/a,N/a,N/a,N/a,N/a,N/a,52,28.7,11,72,3,8,25,3,2.05,27,12,+15,+1.37,+0.63,0,15,6,3,11,8,18,N/a,N/a,0
Richarlison,br BRA,FW,Tottenham,27,1997,15,4,504.0,5.6,4,1,5,4,0,0,2,0,0.71,0.18,0.89,0.71,0.89,Matches,N/a,N/a,N/a,N/a,N/a,N/a,N/a,N/a,N/a,N/a,N/a,N/a,N/a,N/a,N/a,5.6,4,17,7,41.2,3.04,1.25,0.24,0.57,0,0,N/a,N/a,N/a,N/a,N/a,N/a,N/a,N/a,N/a,N/a,N/a,N/a,N/a,N/a,1,N/a,N/a,N/a,N/a,N/a,N/a,N/a,N/a,N/a,N/a,N/a,7,N/a,N/a,N/a,N/a,N/a,N/a,N/a,N/a,N/a,N/a,N/a,N/a,N/a,N/a,N/a,N/a,N/a,N/a,N/a,N/a,N/a,N/a,N/a,N/a,N/a,3,N/a,N/a,N/a,N/a,N/a,N/a,N/a,N/a,N/a,N/a,0,N/a,N/a,N/a,N/a,N/a,N/a,N/a,N/a,N/a,N/a,N/a,N/a,N/a,N/a,N/a,N/a,N/a,N/a,N/a,N/a,N/a,N/a,N/a,34,14.7,4,72,1,11,20,2,0.93,11,9,+2,+0.36,+0.45,0,7,13,3,7,0,3,N/a,N/a,0
Rico Henry,jm JAM,"DF,MF",Brentford,27,1997,5,0,99.0,1.1,0,0,0,0,0,0,0,0,0.00,0.00,0.00,0.00,0.00,Matches,N/a,N/a,N/a,N/a,N/a,N/a,N/a,N/a,N/a,N/a,N/a,N/a,N/a,N/a,N/a,1.1,0,0,0,N/a,0.00,0.00,N/a,N/a,0,0,N/a,N/a,N/a,N/a,N/a,N/a,N/a,N/a,N/a,N/a,N/a,N/a,N/a,N/a,0,N/a,N/a,N/a,N/a,N/a,N/a,N/a,N/a,N/a,N/a,N/a,2,N/a,N/a,N/a,N/a,N/a,N/a,N/a,N/a,N/a,N/a,N/a,N/a,N/a,N/a,N/a,N/a,N/a,N/a,N/a,N/a,N/a,N/a,N/a,N/a,N/a,2,N/a,N/a,N/a,N/a,N/a,N/a,N/a,N/a,N/a,N/a,1,N/a,N/a,N/a,N/a,N/a,N/a,N/a,N/a,N/a,N/a,N/a,N/a,N/a,N/a,N/a,N/a,N/a,N/a,N/a,N/a,N/a,N/a,N/a,20,2.9,0,N/a,0,5,20,5,2.00,4,3,+1,+0.91,+0.69,0,2,2,0,2,1,2,N/a,N/a,0
Rico Lewis,eng ENG,"DF,MF",Manchester City,19,2004,28,21,1893.0,21.0,1,2,3,1,0,0,5,1,0.05,0.10,0.14,0.05,0.14,Matches,N/a,N/a,N/a,N/a,N/a,N/a,N/a,N/a,N/a,N/a,N/a,N/a,N/a,N/a,N/a,21.0,1,10,2,20.0,0.48,0.10,0.10,0.50,0,0,N/a,N/a,N/a,N/a,N/a,N/a,N/a,N/a,N/a,N/a,N/a,N/a,N/a,N/a,2,N/a,N/a,N/a,N/a,N/a,N/a,N/a,N/a,N/a,N/a,N/a,7,N/a,N/a,N/a,N/a,N/a,N/a,N/a,N/a,N/a,N/a,N/a,N/a,N/a,N/a,N/a,N/a,N/a,N/a,N/a,N/a,N/a,N/a,N/a,N/a,N/a,17,N/a,N/a,N/a,N/a,N/a,N/a,N/a,N/a,N/a,N/a,14,N/a,N/a,N/a,N/a,N/a,N/a,N/a,N/a,N/a,N/a,N/a,N/a,N/a,N/a,N/a,N/a,N/a,N/a,N/a,N/a,N/a,N/a,N/a,68,55.4,21,85,14,7,16,8,1.82,41,27,+14,+0.67,-0.16,1,12,34,0,7,14,17,N/a,N/a,0
Robert Sánchez,es ESP,GK,Chelsea,26,1997,32,32,2880.0,32.0,0,0,0,0,0,0,5,0,0.00,0.00,0.00,0.00,0.00,Matches,34,1.06,128,94,73.4,17,9,6,10,31.3,5,4,1,0,20.0,32.0,0,0,0,N/a,0.00,0.00,N/a,N/a,0,0,N/a,N/a,N/a,N/a,N/a,N/a,N/a,N/a,N/a,N/a,N/a,N/a,N/a,N/a,0,N/a,N/a,N/a,N/a,N/a,N/a,N/a,N/a,N/a,N/a,N/a,0,N/a,N/a,N/a,N/a,N/a,N/a,N/a,N/a,N/a,N/a,N/a,N/a,N/a,N/a,N/a,N/a,N/a,N/a,N/a,N/a,N/a,N/a,N/a,N/a,N/a,0,N/a,N/a,N/a,N/a,N/a,N/a,N/a,N/a,N/a,N/a,2,N/a,N/a,N/a,N/a,N/a,N/a,N/a,N/a,N/a,N/a,N/a,N/a,N/a,N/a,N/a,N/a,N/a,N/a,N/a,N/a,N/a,N/a,N/a,90,84.2,32,90,32,0,N/a,6,1.88,52,34,+18,+0.56,+0.06,0,2,4,0,0,2,0,N/a,N/a,0
Robin Olsen,se SWE,GK,Aston Villa,34,1990,4,1,226.0,2.5,0,0,0,0,0,0,0,0,0.00,0.00,0.00,0.00,0.00,Matches,6,2.39,14,8,57.1,1,0,0,1,100.0,1,1,0,0,0.0,2.5,0,0,0,N/a,0.00,0.00,N/a,N/a,0,0,N/a,N/a,N/a,N/a,N/a,N/a,N/a,N/a,N/a,N/a,N/a,N/a,N/a,N/a,0,N/a,N/a,N/a,N/a,N/a,N/a,N/a,N/a,N/a,N/a,N/a,0,N/a,N/a,N/a,N/a,N/a,N/a,N/a,N/a,N/a,N/a,N/a,N/a,N/a,N/a,N/a,N/a,N/a,N/a,N/a,N/a,N/a,N/a,N/a,N/a,N/a,0,N/a,N/a,N/a,N/a,N/a,N/a,N/a,N/a,N/a,N/a,0,N/a,N/a,N/a,N/a,N/a,N/a,N/a,N/a,N/a,N/a,N/a,N/a,N/a,N/a,N/a,N/a,N/a,N/a,N/a,N/a,N/a,N/a,N/a,57,6.6,1,90,1,3,45,26,0.75,2,6,-4,-1.59,-1.90,0,0,0,0,0,0,0,N/a,N/a,0
Rodrigo Bentancur,uy URU,MF,Tottenham,27,1997,26,21,1645.0,18.3,2,0,2,2,0,0,9,0,0.11,0.00,0.11,0.11,0.11,Matches,N/a,N/a,N/a,N/a,N/a,N/a,N/a,N/a,N/a,N/a,N/a,N/a,N/a,N/a,N/a,18.3,2,22,6,27.3,1.20,0.33,0.09,0.33,0,0,N/a,N/a,N/a,N/a,N/a,N/a,N/a,N/a,N/a,N/a,N/a,N/a,N/a,N/a,0,N/a,N/a,N/a,N/a,N/a,N/a,N/a,N/a,N/a,N/a,N/a,4,N/a,N/a,N/a,N/a,N/a,N/a,N/a,N/a,N/a,N/a,N/a,N/a,N/a,N/a,N/a,N/a,N/a,N/a,N/a,N/a,N/a,N/a,N/a,N/a,N/a,22,N/a,N/a,N/a,N/a,N/a,N/a,N/a,N/a,N/a,N/a,38,N/a,N/a,N/a,N/a,N/a,N/a,N/a,N/a,N/a,N/a,N/a,N/a,N/a,N/a,N/a,N/a,N/a,N/a,N/a,N/a,N/a,N/a,N/a,63,48.1,21,75,7,5,15,1,1.04,26,26,0,0.00,+0.05,0,34,10,1,4,38,22,N/a,N/a,0
Rodrigo Muniz,br BRA,FW,Fulham,23,2001,31,8,964.0,10.7,8,1,9,8,0,0,1,0,0.75,0.09,0.84,0.75,0.84,Matches,N/a,N/a,N/a,N/a,N/a,N/a,N/a,N/a,N/a,N/a,N/a,N/a,N/a,N/a,N/a,10.7,8,40,19,47.5,3.73,1.77,0.20,0.42,0,0,N/a,N/a,N/a,N/a,N/a,N/a,N/a,N/a,N/a,N/a,N/a,N/a,N/a,N/a,1,N/a,N/a,N/a,N/a,N/a,N/a,N/a,N/a,N/a,N/a,N/a,1,N/a,N/a,N/a,N/a,N/a,N/a,N/a,N/a,N/a,N/a,N/a,N/a,N/a,N/a,N/a,N/a,N/a,N/a,N/a,N/a,N/a,N/a,N/a,N/a,N/a,6,N/a,N/a,N/a,N/a,N/a,N/a,N/a,N/a,N/a,N/a,4,N/a,N/a,N/a,N/a,N/a,N/a,N/a,N/a,N/a,N/a,N/a,N/a,N/a,N/a,N/a,N/a,N/a,N/a,N/a,N/a,N/a,N/a,N/a,31,28.2,8,72,0,23,17,1,1.55,25,17,+8,+0.75,+1.04,0,11,31,3,1,4,6,N/a,N/a,0
Rodrigo Gomes,pt POR,MF,Wolves,21,2003,25,7,810.0,9.0,2,0,2,2,0,0,0,0,0.22,0.00,0.22,0.22,0.22,Matches,N/a,N/a,N/a,N/a,N/a,N/a,N/a,N/a,N/a,N/a,N/a,N/a,N/a,N/a,N/a,9.0,2,7,3,42.9,0.78,0.33,0.29,0.67,0,0,N/a,N/a,N/a,N/a,N/a,N/a,N/a,N/a,N/a,N/a,N/a,N/a,N/a,N/a,0,N/a,N/a,N/a,N/a,N/a,N/a,N/a,N/a,N/a,N/a,N/a,23,N/a,N/a,N/a,N/a,N/a,N/a,N/a,N/a,N/a,N/a,N/a,N/a,N/a,N/a,N/a,N/a,N/a,N/a,N/a,N/a,N/a,N/a,N/a,N/a,N/a,14,N/a,N/a,N/a,N/a,N/a,N/a,N/a,N/a,N/a,N/a,6,N/a,N/a,N/a,N/a,N/a,N/a,N/a,N/a,N/a,N/a,N/a,N/a,N/a,N/a,N/a,N/a,N/a,N/a,N/a,N/a,N/a,N/a,N/a,32,23.7,7,76,1,18,16,9,1.20,18,20,-2,-0.22,+0.23,0,4,6,0,23,6,14,N/a,N/a,0
Romain Esse,eng ENG,MF,Crystal Palace,19,2005,7,1,138.0,1.5,1,1,2,1,0,0,0,0,0.65,0.65,1.30,0.65,1.30,Matches,N/a,N/a,N/a,N/a,N/a,N/a,N/a,N/a,N/a,N/a,N/a,N/a,N/a,N/a,N/a,1.5,1,1,1,100.0,0.65,0.65,1.00,1.00,0,0,N/a,N/a,N/a,N/a,N/a,N/a,N/a,N/a,N/a,N/a,N/a,N/a,N/a,N/a,1,N/a,N/a,N/a,N/a,N/a,N/a,N/a,N/a,N/a,N/a,N/a,0,N/a,N/a,N/a,N/a,N/a,N/a,N/a,N/a,N/a,N/a,N/a,N/a,N/a,N/a,N/a,N/a,N/a,N/a,N/a,N/a,N/a,N/a,N/a,N/a,N/a,5,N/a,N/a,N/a,N/a,N/a,N/a,N/a,N/a,N/a,N/a,1,N/a,N/a,N/a,N/a,N/a,N/a,N/a,N/a,N/a,N/a,N/a,N/a,N/a,N/a,N/a,N/a,N/a,N/a,N/a,N/a,N/a,N/a,N/a,20,4.0,1,80,0,6,10,8,1.57,5,3,+2,+1.30,+1.36,0,2,3,0,0,1,5,N/a,N/a,0
Roméo Lavia,be BEL,MF,Chelsea,20,2004,16,11,797.0,8.9,0,1,1,0,0,0,4,0,0.00,0.11,0.11,0.00,0.11,Matches,N/a,N/a,N/a,N/a,N/a,N/a,N/a,N/a,N/a,N/a,N/a,N/a,N/a,N/a,N/a,8.9,0,2,0,0.0,0.23,0.00,0.00,N/a,0,0,N/a,N/a,N/a,N/a,N/a,N/a,N/a,N/a,N/a,N/a,N/a,N/a,N/a,N/a,1,N/a,N/a,N/a,N/a,N/a,N/a,N/a,N/a,N/a,N/a,N/a,0,N/a,N/a,N/a,N/a,N/a,N/a,N/a,N/a,N/a,N/a,N/a,N/a,N/a,N/a,N/a,N/a,N/a,N/a,N/a,N/a,N/a,N/a,N/a,N/a,N/a,13,N/a,N/a,N/a,N/a,N/a,N/a,N/a,N/a,N/a,N/a,16,N/a,N/a,N/a,N/a,N/a,N/a,N/a,N/a,N/a,N/a,N/a,N/a,N/a,N/a,N/a,N/a,N/a,N/a,N/a,N/a,N/a,N/a,N/a,50,23.3,11,66,0,5,14,4,1.88,11,11,0,0.00,-0.72,0,16,7,0,0,16,13,N/a,N/a,0
Ross Barkley,eng ENG,MF,Aston Villa,30,1993,20,3,581.0,6.5,3,1,4,3,0,0,3,0,0.46,0.15,0.62,0.46,0.62,Matches,N/a,N/a,N/a,N/a,N/a,N/a,N/a,N/a,N/a,N/a,N/a,N/a,N/a,N/a,N/a,6.5,3,16,6,37.5,2.48,0.93,0.19,0.50,0,0,N/a,N/a,N/a,N/a,N/a,N/a,N/a,N/a,N/a,N/a,N/a,N/a,N/a,N/a,1,N/a,N/a,N/a,N/a,N/a,N/a,N/a,N/a,N/a,N/a,N/a,1,N/a,N/a,N/a,N/a,N/a,N/a,N/a,N/a,N/a,N/a,N/a,N/a,N/a,N/a,N/a,N/a,N/a,N/a,N/a,N/a,N/a,N/a,N/a,N/a,N/a,4,N/a,N/a,N/a,N/a,N/a,N/a,N/a,N/a,N/a,N/a,10,N/a,N/a,N/a,N/a,N/a,N/a,N/a,N/a,N/a,N/a,N/a,N/a,N/a,N/a,N/a,N/a,N/a,N/a,N/a,N/a,N/a,N/a,N/a,29,17.0,3,85,2,17,19,4,1.75,11,10,+1,+0.15,-0.04,0,8,3,0,1,10,4,N/a,N/a,0
Ross Stewart,sct SCO,FW,Southampton,28,1996,12,4,389.0,4.3,1,0,1,1,0,0,1,0,0.23,0.00,0.23,0.23,0.23,Matches,N/a,N/a,N/a,N/a,N/a,N/a,N/a,N/a,N/a,N/a,N/a,N/a,N/a,N/a,N/a,4.3,1,9,2,22.2,2.08,0.46,0.11,0.50,0,0,N/a,N/a,N/a,N/a,N/a,N/a,N/a,N/a,N/a,N/a,N/a,N/a,N/a,N/a,0,N/a,N/a,N/a,N/a,N/a,N/a,N/a,N/a,N/a,N/a,N/a,0,N/a,N/a,N/a,N/a,N/a,N/a,N/a,N/a,N/a,N/a,N/a,N/a,N/a,N/a,N/a,N/a,N/a,N/a,N/a,N/a,N/a,N/a,N/a,N/a,N/a,5,N/a,N/a,N/a,N/a,N/a,N/a,N/a,N/a,N/a,N/a,0,N/a,N/a,N/a,N/a,N/a,N/a,N/a,N/a,N/a,N/a,N/a,N/a,N/a,N/a,N/a,N/a,N/a,N/a,N/a,N/a,N/a,N/a,N/a,32,11.4,4,51,0,8,23,0,0.25,5,9,-4,-0.93,+0.74,0,7,7,1,0,0,5,N/a,N/a,0
Ryan Fraser,sct SCO,"MF,DF",Southampton,30,1994,8,4,306.0,3.4,0,0,0,0,0,0,0,1,0.00,0.00,0.00,0.00,0.00,Matches,N/a,N/a,N/a,N/a,N/a,N/a,N/a,N/a,N/a,N/a,N/a,N/a,N/a,N/a,N/a,3.4,0,1,1,100.0,0.29,0.29,0.00,0.00,0,0,N/a,N/a,N/a,N/a,N/a,N/a,N/a,N/a,N/a,N/a,N/a,N/a,N/a,N/a,0,N/a,N/a,N/a,N/a,N/a,N/a,N/a,N/a,N/a,N/a,N/a,12,N/a,N/a,N/a,N/a,N/a,N/a,N/a,N/a,N/a,N/a,N/a,N/a,N/a,N/a,N/a,N/a,N/a,N/a,N/a,N/a,N/a,N/a,N/a,N/a,N/a,2,N/a,N/a,N/a,N/a,N/a,N/a,N/a,N/a,N/a,N/a,1,N/a,N/a,N/a,N/a,N/a,N/a,N/a,N/a,N/a,N/a,N/a,N/a,N/a,N/a,N/a,N/a,N/a,N/a,N/a,N/a,N/a,N/a,N/a,38,8.9,4,60,0,4,17,5,0.25,4,10,-6,-1.76,-0.20,0,1,4,1,12,1,2,N/a,N/a,0
Ryan Christie,sct SCO,MF,Bournemouth,29,1995,29,27,2117.0,23.5,2,3,5,2,0,0,9,0,0.09,0.13,0.21,0.09,0.21,Matches,N/a,N/a,N/a,N/a,N/a,N/a,N/a,N/a,N/a,N/a,N/a,N/a,N/a,N/a,N/a,23.5,2,33,12,36.4,1.40,0.51,0.06,0.17,0,0,N/a,N/a,N/a,N/a,N/a,N/a,N/a,N/a,N/a,N/a,N/a,N/a,N/a,N/a,3,N/a,N/a,N/a,N/a,N/a,N/a,N/a,N/a,N/a,N/a,N/a,47,N/a,N/a,N/a,N/a,N/a,N/a,N/a,N/a,N/a,N/a,N/a,N/a,N/a,N/a,N/a,N/a,N/a,N/a,N/a,N/a,N/a,N/a,N/a,N/a,N/a,33,N/a,N/a,N/a,N/a,N/a,N/a,N/a,N/a,N/a,N/a,30,N/a,N/a,N/a,N/a,N/a,N/a,N/a,N/a,N/a,N/a,N/a,N/a,N/a,N/a,N/a,N/a,N/a,N/a,N/a,N/a,N/a,N/a,N/a,73,61.9,27,76,10,2,28,0,1.52,40,28,+12,+0.51,+0.51,0,42,31,1,47,30,33,N/a,N/a,0
Ryan Manning,ie IRL,"DF,MF",Southampton,28,1996,24,18,1462.0,16.2,0,1,1,0,0,0,2,0,0.00,0.06,0.06,0.00,0.06,Matches,N/a,N/a,N/a,N/a,N/a,N/a,N/a,N/a,N/a,N/a,N/a,N/a,N/a,N/a,N/a,16.2,0,8,1,12.5,0.49,0.06,0.00,0.00,0,0,N/a,N/a,N/a,N/a,N/a,N/a,N/a,N/a,N/a,N/a,N/a,N/a,N/a,N/a,1,N/a,N/a,N/a,N/a,N/a,N/a,N/a,N/a,N/a,N/a,N/a,84,N/a,N/a,N/a,N/a,N/a,N/a,N/a,N/a,N/a,N/a,N/a,N/a,N/a,N/a,N/a,N/a,N/a,N/a,N/a,N/a,N/a,N/a,N/a,N/a,N/a,18,N/a,N/a,N/a,N/a,N/a,N/a,N/a,N/a,N/a,N/a,17,N/a,N/a,N/a,N/a,N/a,N/a,N/a,N/a,N/a,N/a,N/a,N/a,N/a,N/a,N/a,N/a,N/a,N/a,N/a,N/a,N/a,N/a,N/a,61,42.7,18,77,5,6,14,7,0.29,12,35,-23,-1.42,+0.28,0,19,33,0,84,17,18,N/a,N/a,0
Ryan Yates,eng ENG,MF,Nottingham,26,1997,35,18,1915.0,21.3,2,1,3,2,0,0,10,0,0.09,0.05,0.14,0.09,0.14,Matches,N/a,N/a,N/a,N/a,N/a,N/a,N/a,N/a,N/a,N/a,N/a,N/a,N/a,N/a,N/a,21.3,2,33,9,27.3,1.55,0.42,0.06,0.22,0,0,N/a,N/a,N/a,N/a,N/a,N/a,N/a,N/a,N/a,N/a,N/a,N/a,N/a,N/a,1,N/a,N/a,N/a,N/a,N/a,N/a,N/a,N/a,N/a,N/a,N/a,8,N/a,N/a,N/a,N/a,N/a,N/a,N/a,N/a,N/a,N/a,N/a,N/a,N/a,N/a,N/a,N/a,N/a,N/a,N/a,N/a,N/a,N/a,N/a,N/a,N/a,21,N/a,N/a,N/a,N/a,N/a,N/a,N/a,N/a,N/a,N/a,25,N/a,N/a,N/a,N/a,N/a,N/a,N/a,N/a,N/a,N/a,N/a,N/a,N/a,N/a,N/a,N/a,N/a,N/a,N/a,N/a,N/a,N/a,N/a,55,56.0,18,83,13,17,25,2,1.69,25,27,-2,-0.09,-0.93,0,54,48,7,8,25,21,N/a,N/a,0
Ryan Sessegnon,eng ENG,"MF,DF",Fulham,24,2000,16,7,580.0,6.4,4,2,6,4,0,0,1,0,0.62,0.31,0.93,0.62,0.93,Matches,N/a,N/a,N/a,N/a,N/a,N/a,N/a,N/a,N/a,N/a,N/a,N/a,N/a,N/a,N/a,6.4,4,14,8,57.1,2.17,1.24,0.29,0.50,0,0,N/a,N/a,N/a,N/a,N/a,N/a,N/a,N/a,N/a,N/a,N/a,N/a,N/a,N/a,2,N/a,N/a,N/a,N/a,N/a,N/a,N/a,N/a,N/a,N/a,N/a,15,N/a,N/a,N/a,N/a,N/a,N/a,N/a,N/a,N/a,N/a,N/a,N/a,N/a,N/a,N/a,N/a,N/a,N/a,N/a,N/a,N/a,N/a,N/a,N/a,N/a,12,N/a,N/a,N/a,N/a,N/a,N/a,N/a,N/a,N/a,N/a,4,N/a,N/a,N/a,N/a,N/a,N/a,N/a,N/a,N/a,N/a,N/a,N/a,N/a,N/a,N/a,N/a,N/a,N/a,N/a,N/a,N/a,N/a,N/a,36,17.0,7,73,1,9,7,16,1.56,13,10,+3,+0.47,+0.56,0,20,4,1,15,4,12,N/a,N/a,0
Ryan Gravenberch,nl NED,MF,Liverpool,22,2002,37,37,3160.0,35.1,0,4,4,0,0,0,6,1,0.00,0.11,0.11,0.00,0.11,Matches,N/a,N/a,N/a,N/a,N/a,N/a,N/a,N/a,N/a,N/a,N/a,N/a,N/a,N/a,N/a,35.1,0,20,5,25.0,0.57,0.14,0.00,0.00,0,0,N/a,N/a,N/a,N/a,N/a,N/a,N/a,N/a,N/a,N/a,N/a,N/a,N/a,N/a,4,N/a,N/a,N/a,N/a,N/a,N/a,N/a,N/a,N/a,N/a,N/a,7,N/a,N/a,N/a,N/a,N/a,N/a,N/a,N/a,N/a,N/a,N/a,N/a,N/a,N/a,N/a,N/a,N/a,N/a,N/a,N/a,N/a,N/a,N/a,N/a,N/a,37,N/a,N/a,N/a,N/a,N/a,N/a,N/a,N/a,N/a,N/a,56,N/a,N/a,N/a,N/a,N/a,N/a,N/a,N/a,N/a,N/a,N/a,N/a,N/a,N/a,N/a,N/a,N/a,N/a,N/a,N/a,N/a,N/a,N/a,85,92.4,37,85,27,0,N/a,0,2.27,79,35,+44,+1.25,+0.91,0,47,52,0,7,56,37,N/a,N/a,0
Rúben Dias,pt POR,"DF,MF",Manchester City,27,1997,27,25,2271.0,25.2,0,0,0,0,0,0,4,0,0.00,0.00,0.00,0.00,0.00,Matches,N/a,N/a,N/a,N/a,N/a,N/a,N/a,N/a,N/a,N/a,N/a,N/a,N/a,N/a,N/a,25.2,0,21,7,33.3,0.83,0.28,0.00,0.00,0,0,N/a,N/a,N/a,N/a,N/a,N/a,N/a,N/a,N/a,N/a,N/a,N/a,N/a,N/a,0,N/a,N/a,N/a,N/a,N/a,N/a,N/a,N/a,N/a,N/a,N/a,3,N/a,N/a,N/a,N/a,N/a,N/a,N/a,N/a,N/a,N/a,N/a,N/a,N/a,N/a,N/a,N/a,N/a,N/a,N/a,N/a,N/a,N/a,N/a,N/a,N/a,11,N/a,N/a,N/a,N/a,N/a,N/a,N/a,N/a,N/a,N/a,19,N/a,N/a,N/a,N/a,N/a,N/a,N/a,N/a,N/a,N/a,N/a,N/a,N/a,N/a,N/a,N/a,N/a,N/a,N/a,N/a,N/a,N/a,N/a,84,66.4,25,90,25,2,11,0,2.11,50,21,+29,+1.15,+1.23,0,12,8,0,3,19,11,N/a,N/a,1
Sam Morsy,eg EGY,MF,Ipswich Town,32,1991,33,31,2751.0,30.6,1,1,2,1,0,0,10,0,0.03,0.03,0.07,0.03,0.07,Matches,N/a,N/a,N/a,N/a,N/a,N/a,N/a,N/a,N/a,N/a,N/a,N/a,N/a,N/a,N/a,30.6,1,13,3,23.1,0.43,0.10,0.08,0.33,0,0,N/a,N/a,N/a,N/a,N/a,N/a,N/a,N/a,N/a,N/a,N/a,N/a,N/a,N/a,1,N/a,N/a,N/a,N/a,N/a,N/a,N/a,N/a,N/a,N/a,N/a,15,N/a,N/a,N/a,N/a,N/a,N/a,N/a,N/a,N/a,N/a,N/a,N/a,N/a,N/a,N/a,N/a,N/a,N/a,N/a,N/a,N/a,N/a,N/a,N/a,N/a,39,N/a,N/a,N/a,N/a,N/a,N/a,N/a,N/a,N/a,N/a,28,N/a,N/a,N/a,N/a,N/a,N/a,N/a,N/a,N/a,N/a,N/a,N/a,N/a,N/a,N/a,N/a,N/a,N/a,N/a,N/a,N/a,N/a,N/a,83,80.4,31,88,23,2,16,2,0.64,28,67,-39,-1.28,-0.33,0,48,27,0,15,28,39,N/a,N/a,1
Sam Johnstone,eng ENG,GK,Wolves,31,1993,7,7,630.0,7.0,0,0,0,0,0,0,0,0,0.00,0.00,0.00,0.00,0.00,Matches,17,2.43,40,23,57.5,0,1,6,0,0.0,2,2,0,0,0.0,7.0,0,0,0,N/a,0.00,0.00,N/a,N/a,0,0,N/a,N/a,N/a,N/a,N/a,N/a,N/a,N/a,N/a,N/a,N/a,N/a,N/a,N/a,0,N/a,N/a,N/a,N/a,N/a,N/a,N/a,N/a,N/a,N/a,N/a,0,N/a,N/a,N/a,N/a,N/a,N/a,N/a,N/a,N/a,N/a,N/a,N/a,N/a,N/a,N/a,N/a,N/a,N/a,N/a,N/a,N/a,N/a,N/a,N/a,N/a,0,N/a,N/a,N/a,N/a,N/a,N/a,N/a,N/a,N/a,N/a,0,N/a,N/a,N/a,N/a,N/a,N/a,N/a,N/a,N/a,N/a,N/a,N/a,N/a,N/a,N/a,N/a,N/a,N/a,N/a,N/a,N/a,N/a,N/a,90,18.4,7,90,7,0,N/a,16,0.14,9,17,-8,-1.14,-0.92,0,0,0,0,0,0,0,N/a,N/a,0
Sammie Szmodics,ie IRL,MF,Ipswich Town,28,1995,20,13,992.0,11.0,4,0,4,4,0,0,2,0,0.36,0.00,0.36,0.36,0.36,Matches,N/a,N/a,N/a,N/a,N/a,N/a,N/a,N/a,N/a,N/a,N/a,N/a,N/a,N/a,N/a,11.0,4,21,12,57.1,1.91,1.09,0.19,0.33,0,0,N/a,N/a,N/a,N/a,N/a,N/a,N/a,N/a,N/a,N/a,N/a,N/a,N/a,N/a,0,N/a,N/a,N/a,N/a,N/a,N/a,N/a,N/a,N/a,N/a,N/a,14,N/a,N/a,N/a,N/a,N/a,N/a,N/a,N/a,N/a,N/a,N/a,N/a,N/a,N/a,N/a,N/a,N/a,N/a,N/a,N/a,N/a,N/a,N/a,N/a,N/a,12,N/a,N/a,N/a,N/a,N/a,N/a,N/a,N/a,N/a,N/a,5,N/a,N/a,N/a,N/a,N/a,N/a,N/a,N/a,N/a,N/a,N/a,N/a,N/a,N/a,N/a,N/a,N/a,N/a,N/a,N/a,N/a,N/a,N/a,50,29.0,13,70,0,7,12,2,0.65,11,18,-7,-0.64,+0.81,0,9,8,8,14,5,12,N/a,N/a,0
Sander Berge,no NOR,MF,Fulham,26,1998,31,26,2224.0,24.7,0,0,0,0,0,0,6,0,0.00,0.00,0.00,0.00,0.00,Matches,N/a,N/a,N/a,N/a,N/a,N/a,N/a,N/a,N/a,N/a,N/a,N/a,N/a,N/a,N/a,24.7,0,3,1,33.3,0.12,0.04,0.00,0.00,0,0,N/a,N/a,N/a,N/a,N/a,N/a,N/a,N/a,N/a,N/a,N/a,N/a,N/a,N/a,0,N/a,N/a,N/a,N/a,N/a,N/a,N/a,N/a,N/a,N/a,N/a,3,N/a,N/a,N/a,N/a,N/a,N/a,N/a,N/a,N/a,N/a,N/a,N/a,N/a,N/a,N/a,N/a,N/a,N/a,N/a,N/a,N/a,N/a,N/a,N/a,N/a,32,N/a,N/a,N/a,N/a,N/a,N/a,N/a,N/a,N/a,N/a,21,N/a,N/a,N/a,N/a,N/a,N/a,N/a,N/a,N/a,N/a,N/a,N/a,N/a,N/a,N/a,N/a,N/a,N/a,N/a,N/a,N/a,N/a,N/a,72,65.0,26,81,16,5,23,0,1.48,33,34,-1,-0.04,-0.12,0,30,10,0,3,21,32,N/a,N/a,0
Sandro Tonali,it ITA,MF,Newcastle,24,2000,36,28,2630.0,29.2,4,2,6,4,0,0,5,0,0.14,0.07,0.21,0.14,0.21,Matches,N/a,N/a,N/a,N/a,N/a,N/a,N/a,N/a,N/a,N/a,N/a,N/a,N/a,N/a,N/a,29.2,4,35,12,34.3,1.20,0.41,0.11,0.33,0,0,N/a,N/a,N/a,N/a,N/a,N/a,N/a,N/a,N/a,N/a,N/a,N/a,N/a,N/a,2,N/a,N/a,N/a,N/a,N/a,N/a,N/a,N/a,N/a,N/a,N/a,54,N/a,N/a,N/a,N/a,N/a,N/a,N/a,N/a,N/a,N/a,N/a,N/a,N/a,N/a,N/a,N/a,N/a,N/a,N/a,N/a,N/a,N/a,N/a,N/a,N/a,32,N/a,N/a,N/a,N/a,N/a,N/a,N/a,N/a,N/a,N/a,32,N/a,N/a,N/a,N/a,N/a,N/a,N/a,N/a,N/a,N/a,N/a,N/a,N/a,N/a,N/a,N/a,N/a,N/a,N/a,N/a,N/a,N/a,N/a,73,76.9,28,86,22,8,27,0,1.72,55,34,+21,+0.72,+0.72,0,37,49,2,54,32,32,N/a,N/a,0
Santiago Bueno,uy URU,DF,Wolves,25,1998,29,18,1687.0,18.7,0,0,0,0,0,0,2,0,0.00,0.00,0.00,0.00,0.00,Matches,N/a,N/a,N/a,N/a,N/a,N/a,N/a,N/a,N/a,N/a,N/a,N/a,N/a,N/a,N/a,18.7,0,6,3,50.0,0.32,0.16,0.00,0.00,0,0,N/a,N/a,N/a,N/a,N/a,N/a,N/a,N/a,N/a,N/a,N/a,N/a,N/a,N/a,0,N/a,N/a,N/a,N/a,N/a,N/a,N/a,N/a,N/a,N/a,N/a,0,N/a,N/a,N/a,N/a,N/a,N/a,N/a,N/a,N/a,N/a,N/a,N/a,N/a,N/a,N/a,N/a,N/a,N/a,N/a,N/a,N/a,N/a,N/a,N/a,N/a,20,N/a,N/a,N/a,N/a,N/a,N/a,N/a,N/a,N/a,N/a,13,N/a,N/a,N/a,N/a,N/a,N/a,N/a,N/a,N/a,N/a,N/a,N/a,N/a,N/a,N/a,N/a,N/a,N/a,N/a,N/a,N/a,N/a,N/a,58,49.3,18,87,14,11,12,8,1.31,26,34,-8,-0.43,-0.06,0,27,5,0,0,13,20,N/a,N/a,0
Saša Lukić,rs SRB,MF,Fulham,27,1996,30,28,2344.0,26.0,0,2,2,0,0,0,12,0,0.00,0.08,0.08,0.00,0.08,Matches,N/a,N/a,N/a,N/a,N/a,N/a,N/a,N/a,N/a,N/a,N/a,N/a,N/a,N/a,N/a,26.0,0,18,3,16.7,0.69,0.12,0.00,0.00,0,0,N/a,N/a,N/a,N/a,N/a,N/a,N/a,N/a,N/a,N/a,N/a,N/a,N/a,N/a,2,N/a,N/a,N/a,N/a,N/a,N/a,N/a,N/a,N/a,N/a,N/a,63,N/a,N/a,N/a,N/a,N/a,N/a,N/a,N/a,N/a,N/a,N/a,N/a,N/a,N/a,N/a,N/a,N/a,N/a,N/a,N/a,N/a,N/a,N/a,N/a,N/a,38,N/a,N/a,N/a,N/a,N/a,N/a,N/a,N/a,N/a,N/a,26,N/a,N/a,N/a,N/a,N/a,N/a,N/a,N/a,N/a,N/a,N/a,N/a,N/a,N/a,N/a,N/a,N/a,N/a,N/a,N/a,N/a,N/a,N/a,78,68.5,28,82,10,2,31,0,1.37,37,38,-1,-0.04,-0.12,0,66,26,0,63,26,38,N/a,N/a,0
Sean Longstaff,eng ENG,MF,Newcastle,26,1997,25,8,798.0,8.9,0,0,0,0,0,0,2,0,0.00,0.00,0.00,0.00,0.00,Matches,N/a,N/a,N/a,N/a,N/a,N/a,N/a,N/a,N/a,N/a,N/a,N/a,N/a,N/a,N/a,8.9,0,6,1,16.7,0.68,0.11,0.00,0.00,0,0,N/a,N/a,N/a,N/a,N/a,N/a,N/a,N/a,N/a,N/a,N/a,N/a,N/a,N/a,0,N/a,N/a,N/a,N/a,N/a,N/a,N/a,N/a,N/a,N/a,N/a,5,N/a,N/a,N/a,N/a,N/a,N/a,N/a,N/a,N/a,N/a,N/a,N/a,N/a,N/a,N/a,N/a,N/a,N/a,N/a,N/a,N/a,N/a,N/a,N/a,N/a,15,N/a,N/a,N/a,N/a,N/a,N/a,N/a,N/a,N/a,N/a,7,N/a,N/a,N/a,N/a,N/a,N/a,N/a,N/a,N/a,N/a,N/a,N/a,N/a,N/a,N/a,N/a,N/a,N/a,N/a,N/a,N/a,N/a,N/a,32,23.3,8,72,3,17,13,13,1.88,9,11,-2,-0.23,-1.02,0,9,6,0,5,7,15,N/a,N/a,0
Sepp van den Berg,nl NED,DF,Brentford,22,2001,31,29,2586.0,28.7,0,0,0,0,0,0,3,0,0.00,0.00,0.00,0.00,0.00,Matches,N/a,N/a,N/a,N/a,N/a,N/a,N/a,N/a,N/a,N/a,N/a,N/a,N/a,N/a,N/a,28.7,0,20,6,30.0,0.70,0.21,0.00,0.00,0,0,N/a,N/a,N/a,N/a,N/a,N/a,N/a,N/a,N/a,N/a,N/a,N/a,N/a,N/a,0,N/a,N/a,N/a,N/a,N/a,N/a,N/a,N/a,N/a,N/a,N/a,7,N/a,N/a,N/a,N/a,N/a,N/a,N/a,N/a,N/a,N/a,N/a,N/a,N/a,N/a,N/a,N/a,N/a,N/a,N/a,N/a,N/a,N/a,N/a,N/a,N/a,24,N/a,N/a,N/a,N/a,N/a,N/a,N/a,N/a,N/a,N/a,22,N/a,N/a,N/a,N/a,N/a,N/a,N/a,N/a,N/a,N/a,N/a,N/a,N/a,N/a,N/a,N/a,N/a,N/a,N/a,N/a,N/a,N/a,N/a,83,75.6,29,88,25,2,18,1,1.55,54,49,+5,+0.17,-0.26,0,23,5,1,7,22,24,N/a,N/a,0
Sergio Reguilón,es ESP,DF,Tottenham,27,1996,4,1,196.0,2.2,0,0,0,0,0,0,2,0,0.00,0.00,0.00,0.00,0.00,Matches,N/a,N/a,N/a,N/a,N/a,N/a,N/a,N/a,N/a,N/a,N/a,N/a,N/a,N/a,N/a,2.2,0,2,0,0.0,0.92,0.00,0.00,N/a,0,0,N/a,N/a,N/a,N/a,N/a,N/a,N/a,N/a,N/a,N/a,N/a,N/a,N/a,N/a,0,N/a,N/a,N/a,N/a,N/a,N/a,N/a,N/a,N/a,N/a,N/a,12,N/a,N/a,N/a,N/a,N/a,N/a,N/a,N/a,N/a,N/a,N/a,N/a,N/a,N/a,N/a,N/a,N/a,N/a,N/a,N/a,N/a,N/a,N/a,N/a,N/a,3,N/a,N/a,N/a,N/a,N/a,N/a,N/a,N/a,N/a,N/a,4,N/a,N/a,N/a,N/a,N/a,N/a,N/a,N/a,N/a,N/a,N/a,N/a,N/a,N/a,N/a,N/a,N/a,N/a,N/a,N/a,N/a,N/a,N/a,49,5.7,1,73,0,3,41,10,0.25,0,3,-3,-1.38,-1.43,0,2,6,0,12,4,3,N/a,N/a,0
Simon Adingra,ci CIV,MF,Brighton,22,2002,29,12,1097.0,12.2,2,2,4,2,0,0,0,0,0.16,0.16,0.33,0.16,0.33,Matches,N/a,N/a,N/a,N/a,N/a,N/a,N/a,N/a,N/a,N/a,N/a,N/a,N/a,N/a,N/a,12.2,2,33,8,24.2,2.71,0.66,0.06,0.25,0,0,N/a,N/a,N/a,N/a,N/a,N/a,N/a,N/a,N/a,N/a,N/a,N/a,N/a,N/a,2,N/a,N/a,N/a,N/a,N/a,N/a,N/a,N/a,N/a,N/a,N/a,42,N/a,N/a,N/a,N/a,N/a,N/a,N/a,N/a,N/a,N/a,N/a,N/a,N/a,N/a,N/a,N/a,N/a,N/a,N/a,N/a,N/a,N/a,N/a,N/a,N/a,16,N/a,N/a,N/a,N/a,N/a,N/a,N/a,N/a,N/a,N/a,9,N/a,N/a,N/a,N/a,N/a,N/a,N/a,N/a,N/a,N/a,N/a,N/a,N/a,N/a,N/a,N/a,N/a,N/a,N/a,N/a,N/a,N/a,N/a,38,32.1,12,66,1,17,18,6,1.59,18,23,-5,-0.41,-0.88,0,13,4,4,42,9,16,N/a,N/a,0
Solly March,eng ENG,MF,Brighton,30,1994,8,1,168.0,1.9,0,0,0,0,0,0,2,0,0.00,0.00,0.00,0.00,0.00,Matches,N/a,N/a,N/a,N/a,N/a,N/a,N/a,N/a,N/a,N/a,N/a,N/a,N/a,N/a,N/a,1.9,0,2,0,0.0,1.07,0.00,0.00,N/a,0,0,N/a,N/a,N/a,N/a,N/a,N/a,N/a,N/a,N/a,N/a,N/a,N/a,N/a,N/a,0,N/a,N/a,N/a,N/a,N/a,N/a,N/a,N/a,N/a,N/a,N/a,20,N/a,N/a,N/a,N/a,N/a,N/a,N/a,N/a,N/a,N/a,N/a,N/a,N/a,N/a,N/a,N/a,N/a,N/a,N/a,N/a,N/a,N/a,N/a,N/a,N/a,3,N/a,N/a,N/a,N/a,N/a,N/a,N/a,N/a,N/a,N/a,2,N/a,N/a,N/a,N/a,N/a,N/a,N/a,N/a,N/a,N/a,N/a,N/a,N/a,N/a,N/a,N/a,N/a,N/a,N/a,N/a,N/a,N/a,N/a,21,4.9,1,62,0,7,15,5,1.75,4,3,+1,+0.54,+0.37,0,2,2,3,20,2,3,N/a,N/a,0
Son Heung-min,kr KOR,"FW,MF",Tottenham,32,1992,30,24,2110.0,23.4,7,9,16,6,1,2,1,0,0.30,0.38,0.68,0.26,0.64,Matches,N/a,N/a,N/a,N/a,N/a,N/a,N/a,N/a,N/a,N/a,N/a,N/a,N/a,N/a,N/a,23.4,7,57,26,45.6,2.43,1.11,0.12,0.27,1,2,N/a,N/a,N/a,N/a,N/a,N/a,N/a,N/a,N/a,N/a,N/a,N/a,N/a,N/a,9,N/a,N/a,N/a,N/a,N/a,N/a,N/a,N/a,N/a,N/a,N/a,76,N/a,N/a,N/a,N/a,N/a,N/a,N/a,N/a,N/a,N/a,N/a,N/a,N/a,N/a,N/a,N/a,N/a,N/a,N/a,N/a,N/a,N/a,N/a,N/a,N/a,9,N/a,N/a,N/a,N/a,N/a,N/a,N/a,N/a,N/a,N/a,4,N/a,N/a,N/a,N/a,N/a,N/a,N/a,N/a,N/a,N/a,N/a,N/a,N/a,N/a,N/a,N/a,N/a,N/a,N/a,N/a,N/a,N/a,N/a,70,61.7,24,79,11,6,35,0,1.13,44,35,+9,+0.38,+1.07,0,6,28,12,76,4,9,N/a,N/a,0
Stefan Ortega,de GER,GK,Manchester City,31,1992,13,12,1100.0,12.2,0,0,0,0,0,0,1,0,0.00,0.00,0.00,0.00,0.00,Matches,18,1.47,51,33,64.7,5,4,3,3,25.0,2,2,0,0,0.0,12.2,0,0,0,N/a,0.00,0.00,N/a,N/a,0,0,N/a,N/a,N/a,N/a,N/a,N/a,N/a,N/a,N/a,N/a,N/a,N/a,N/a,N/a,0,N/a,N/a,N/a,N/a,N/a,N/a,N/a,N/a,N/a,N/a,N/a,0,N/a,N/a,N/a,N/a,N/a,N/a,N/a,N/a,N/a,N/a,N/a,N/a,N/a,N/a,N/a,N/a,N/a,N/a,N/a,N/a,N/a,N/a,N/a,N/a,N/a,0,N/a,N/a,N/a,N/a,N/a,N/a,N/a,N/a,N/a,N/a,0,N/a,N/a,N/a,N/a,N/a,N/a,N/a,N/a,N/a,N/a,N/a,N/a,N/a,N/a,N/a,N/a,N/a,N/a,N/a,N/a,N/a,N/a,N/a,85,32.2,12,90,12,1,20,25,1.69,23,18,+5,+0.41,-0.48,0,1,2,0,0,0,0,N/a,N/a,0
Stephy Mavididi,eng ENG,MF,Leicester City,26,1998,30,16,1615.0,17.9,4,1,5,4,0,0,2,0,0.22,0.06,0.28,0.22,0.28,Matches,N/a,N/a,N/a,N/a,N/a,N/a,N/a,N/a,N/a,N/a,N/a,N/a,N/a,N/a,N/a,17.9,4,26,7,26.9,1.45,0.39,0.15,0.57,0,0,N/a,N/a,N/a,N/a,N/a,N/a,N/a,N/a,N/a,N/a,N/a,N/a,N/a,N/a,1,N/a,N/a,N/a,N/a,N/a,N/a,N/a,N/a,N/a,N/a,N/a,70,N/a,N/a,N/a,N/a,N/a,N/a,N/a,N/a,N/a,N/a,N/a,N/a,N/a,N/a,N/a,N/a,N/a,N/a,N/a,N/a,N/a,N/a,N/a,N/a,N/a,20,N/a,N/a,N/a,N/a,N/a,N/a,N/a,N/a,N/a,N/a,8,N/a,N/a,N/a,N/a,N/a,N/a,N/a,N/a,N/a,N/a,N/a,N/a,N/a,N/a,N/a,N/a,N/a,N/a,N/a,N/a,N/a,N/a,N/a,54,47.2,16,81,3,14,23,3,0.50,18,38,-20,-1.11,+0.23,0,18,18,3,70,8,20,N/a,N/a,0
Sven Botman,nl NED,DF,Newcastle,24,2000,8,6,412.0,4.6,0,0,0,0,0,0,1,0,0.00,0.00,0.00,0.00,0.00,Matches,N/a,N/a,N/a,N/a,N/a,N/a,N/a,N/a,N/a,N/a,N/a,N/a,N/a,N/a,N/a,4.6,0,5,2,40.0,1.09,0.44,0.00,0.00,0,0,N/a,N/a,N/a,N/a,N/a,N/a,N/a,N/a,N/a,N/a,N/a,N/a,N/a,N/a,0,N/a,N/a,N/a,N/a,N/a,N/a,N/a,N/a,N/a,N/a,N/a,0,N/a,N/a,N/a,N/a,N/a,N/a,N/a,N/a,N/a,N/a,N/a,N/a,N/a,N/a,N/a,N/a,N/a,N/a,N/a,N/a,N/a,N/a,N/a,N/a,N/a,8,N/a,N/a,N/a,N/a,N/a,N/a,N/a,N/a,N/a,N/a,5,N/a,N/a,N/a,N/a,N/a,N/a,N/a,N/a,N/a,N/a,N/a,N/a,N/a,N/a,N/a,N/a,N/a,N/a,N/a,N/a,N/a,N/a,N/a,52,12.0,6,67,1,2,5,2,1.63,7,4,+3,+0.66,+0.12,0,5,4,0,0,5,8,N/a,N/a,0
Sávio,br BRA,"MF,FW",Manchester City,20,2004,29,21,1766.0,19.6,1,8,9,1,0,0,3,0,0.05,0.41,0.46,0.05,0.46,Matches,N/a,N/a,N/a,N/a,N/a,N/a,N/a,N/a,N/a,N/a,N/a,N/a,N/a,N/a,N/a,19.6,1,55,21,38.2,2.80,1.07,0.02,0.05,0,0,N/a,N/a,N/a,N/a,N/a,N/a,N/a,N/a,N/a,N/a,N/a,N/a,N/a,N/a,8,N/a,N/a,N/a,N/a,N/a,N/a,N/a,N/a,N/a,N/a,N/a,84,N/a,N/a,N/a,N/a,N/a,N/a,N/a,N/a,N/a,N/a,N/a,N/a,N/a,N/a,N/a,N/a,N/a,N/a,N/a,N/a,N/a,N/a,N/a,N/a,N/a,17,N/a,N/a,N/a,N/a,N/a,N/a,N/a,N/a,N/a,N/a,4,N/a,N/a,N/a,N/a,N/a,N/a,N/a,N/a,N/a,N/a,N/a,N/a,N/a,N/a,N/a,N/a,N/a,N/a,N/a,N/a,N/a,N/a,N/a,61,51.6,21,79,7,8,13,7,1.69,32,25,+7,+0.36,-0.79,0,17,28,3,84,4,17,N/a,N/a,0
Séamus Coleman,ie IRL,DF,Everton,35,1988,5,3,215.0,2.4,0,0,0,0,0,0,1,0,0.00,0.00,0.00,0.00,0.00,Matches,N/a,N/a,N/a,N/a,N/a,N/a,N/a,N/a,N/a,N/a,N/a,N/a,N/a,N/a,N/a,2.4,0,1,1,100.0,0.42,0.42,0.00,0.00,0,0,N/a,N/a,N/a,N/a,N/a,N/a,N/a,N/a,N/a,N/a,N/a,N/a,N/a,N/a,0,N/a,N/a,N/a,N/a,N/a,N/a,N/a,N/a,N/a,N/a,N/a,4,N/a,N/a,N/a,N/a,N/a,N/a,N/a,N/a,N/a,N/a,N/a,N/a,N/a,N/a,N/a,N/a,N/a,N/a,N/a,N/a,N/a,N/a,N/a,N/a,N/a,2,N/a,N/a,N/a,N/a,N/a,N/a,N/a,N/a,N/a,N/a,1,N/a,N/a,N/a,N/a,N/a,N/a,N/a,N/a,N/a,N/a,N/a,N/a,N/a,N/a,N/a,N/a,N/a,N/a,N/a,N/a,N/a,N/a,N/a,43,6.3,3,65,1,2,10,13,1.60,4,4,0,0.00,+0.06,0,0,1,0,4,1,2,N/a,N/a,0
Taiwo Awoniyi,ng NGA,FW,Nottingham,26,1997,26,3,416.0,4.6,1,0,1,1,0,0,0,0,0.22,0.00,0.22,0.22,0.22,Matches,N/a,N/a,N/a,N/a,N/a,N/a,N/a,N/a,N/a,N/a,N/a,N/a,N/a,N/a,N/a,4.6,1,10,4,40.0,2.16,0.87,0.10,0.25,0,0,N/a,N/a,N/a,N/a,N/a,N/a,N/a,N/a,N/a,N/a,N/a,N/a,N/a,N/a,0,N/a,N/a,N/a,N/a,N/a,N/a,N/a,N/a,N/a,N/a,N/a,2,N/a,N/a,N/a,N/a,N/a,N/a,N/a,N/a,N/a,N/a,N/a,N/a,N/a,N/a,N/a,N/a,N/a,N/a,N/a,N/a,N/a,N/a,N/a,N/a,N/a,4,N/a,N/a,N/a,N/a,N/a,N/a,N/a,N/a,N/a,N/a,0,N/a,N/a,N/a,N/a,N/a,N/a,N/a,N/a,N/a,N/a,N/a,N/a,N/a,N/a,N/a,N/a,N/a,N/a,N/a,N/a,N/a,N/a,N/a,16,12.2,3,64,0,23,10,7,1.92,5,10,-5,-1.08,-1.59,0,8,10,1,2,0,4,N/a,N/a,0
Tariq Lamptey,gh GHA,"DF,MF",Brighton,23,2000,15,10,860.0,9.6,2,2,4,2,0,0,0,0,0.21,0.21,0.42,0.21,0.42,Matches,N/a,N/a,N/a,N/a,N/a,N/a,N/a,N/a,N/a,N/a,N/a,N/a,N/a,N/a,N/a,9.6,2,6,2,33.3,0.63,0.21,0.33,1.00,0,0,N/a,N/a,N/a,N/a,N/a,N/a,N/a,N/a,N/a,N/a,N/a,N/a,N/a,N/a,2,N/a,N/a,N/a,N/a,N/a,N/a,N/a,N/a,N/a,N/a,N/a,28,N/a,N/a,N/a,N/a,N/a,N/a,N/a,N/a,N/a,N/a,N/a,N/a,N/a,N/a,N/a,N/a,N/a,N/a,N/a,N/a,N/a,N/a,N/a,N/a,N/a,11,N/a,N/a,N/a,N/a,N/a,N/a,N/a,N/a,N/a,N/a,7,N/a,N/a,N/a,N/a,N/a,N/a,N/a,N/a,N/a,N/a,N/a,N/a,N/a,N/a,N/a,N/a,N/a,N/a,N/a,N/a,N/a,N/a,N/a,57,25.1,10,76,5,5,19,10,1.40,14,21,-7,-0.73,-1.22,0,15,10,0,28,7,11,N/a,N/a,0
Taylor Harwood-Bellis,eng ENG,DF,Southampton,22,2002,34,32,2825.0,31.4,1,0,1,1,0,0,9,0,0.03,0.00,0.03,0.03,0.03,Matches,N/a,N/a,N/a,N/a,N/a,N/a,N/a,N/a,N/a,N/a,N/a,N/a,N/a,N/a,N/a,31.4,1,20,8,40.0,0.64,0.25,0.05,0.13,0,0,N/a,N/a,N/a,N/a,N/a,N/a,N/a,N/a,N/a,N/a,N/a,N/a,N/a,N/a,0,N/a,N/a,N/a,N/a,N/a,N/a,N/a,N/a,N/a,N/a,N/a,10,N/a,N/a,N/a,N/a,N/a,N/a,N/a,N/a,N/a,N/a,N/a,N/a,N/a,N/a,N/a,N/a,N/a,N/a,N/a,N/a,N/a,N/a,N/a,N/a,N/a,22,N/a,N/a,N/a,N/a,N/a,N/a,N/a,N/a,N/a,N/a,29,N/a,N/a,N/a,N/a,N/a,N/a,N/a,N/a,N/a,N/a,N/a,N/a,N/a,N/a,N/a,N/a,N/a,N/a,N/a,N/a,N/a,N/a,N/a,83,82.6,32,87,27,2,28,0,0.35,20,65,-45,-1.43,+0.84,0,35,14,0,10,29,22,N/a,N/a,0
Thomas Partey,gh GHA,"MF,DF",Arsenal,31,1993,35,31,2797.0,31.1,4,2,6,4,0,0,4,0,0.13,0.06,0.19,0.13,0.19,Matches,N/a,N/a,N/a,N/a,N/a,N/a,N/a,N/a,N/a,N/a,N/a,N/a,N/a,N/a,N/a,31.1,4,26,9,34.6,0.84,0.29,0.15,0.44,0,0,N/a,N/a,N/a,N/a,N/a,N/a,N/a,N/a,N/a,N/a,N/a,N/a,N/a,N/a,2,N/a,N/a,N/a,N/a,N/a,N/a,N/a,N/a,N/a,N/a,N/a,12,N/a,N/a,N/a,N/a,N/a,N/a,N/a,N/a,N/a,N/a,N/a,N/a,N/a,N/a,N/a,N/a,N/a,N/a,N/a,N/a,N/a,N/a,N/a,N/a,N/a,53,N/a,N/a,N/a,N/a,N/a,N/a,N/a,N/a,N/a,N/a,35,N/a,N/a,N/a,N/a,N/a,N/a,N/a,N/a,N/a,N/a,N/a,N/a,N/a,N/a,N/a,N/a,N/a,N/a,N/a,N/a,N/a,N/a,N/a,80,81.8,31,88,25,4,19,2,1.91,52,30,+22,+0.71,-1.17,0,44,31,1,12,35,53,N/a,N/a,0
Tim Iroegbunam,eng ENG,MF,Everton,21,2003,18,5,574.0,6.4,0,1,1,0,0,0,4,0,0.00,0.16,0.16,0.00,0.16,Matches,N/a,N/a,N/a,N/a,N/a,N/a,N/a,N/a,N/a,N/a,N/a,N/a,N/a,N/a,N/a,6.4,0,5,0,0.0,0.78,0.00,0.00,N/a,0,0,N/a,N/a,N/a,N/a,N/a,N/a,N/a,N/a,N/a,N/a,N/a,N/a,N/a,N/a,1,N/a,N/a,N/a,N/a,N/a,N/a,N/a,N/a,N/a,N/a,N/a,1,N/a,N/a,N/a,N/a,N/a,N/a,N/a,N/a,N/a,N/a,N/a,N/a,N/a,N/a,N/a,N/a,N/a,N/a,N/a,N/a,N/a,N/a,N/a,N/a,N/a,13,N/a,N/a,N/a,N/a,N/a,N/a,N/a,N/a,N/a,N/a,14,N/a,N/a,N/a,N/a,N/a,N/a,N/a,N/a,N/a,N/a,N/a,N/a,N/a,N/a,N/a,N/a,N/a,N/a,N/a,N/a,N/a,N/a,N/a,32,16.8,5,83,3,13,12,4,1.00,9,16,-7,-1.10,-1.26,0,15,12,0,1,14,13,N/a,N/a,0
Timo Werner,de GER,"FW,MF",Tottenham,28,1996,18,4,516.0,5.7,0,3,3,0,0,0,0,0,0.00,0.52,0.52,0.00,0.52,Matches,N/a,N/a,N/a,N/a,N/a,N/a,N/a,N/a,N/a,N/a,N/a,N/a,N/a,N/a,N/a,5.7,0,8,3,37.5,1.40,0.52,0.00,0.00,0,0,N/a,N/a,N/a,N/a,N/a,N/a,N/a,N/a,N/a,N/a,N/a,N/a,N/a,N/a,3,N/a,N/a,N/a,N/a,N/a,N/a,N/a,N/a,N/a,N/a,N/a,27,N/a,N/a,N/a,N/a,N/a,N/a,N/a,N/a,N/a,N/a,N/a,N/a,N/a,N/a,N/a,N/a,N/a,N/a,N/a,N/a,N/a,N/a,N/a,N/a,N/a,4,N/a,N/a,N/a,N/a,N/a,N/a,N/a,N/a,N/a,N/a,2,N/a,N/a,N/a,N/a,N/a,N/a,N/a,N/a,N/a,N/a,N/a,N/a,N/a,N/a,N/a,N/a,N/a,N/a,N/a,N/a,N/a,N/a,N/a,29,15.1,4,71,0,14,17,3,0.83,11,12,-1,-0.17,-0.17,0,3,5,5,27,2,4,N/a,N/a,0
Timothy Castagne,be BEL,"DF,MF",Fulham,28,1995,24,17,1649.0,18.3,0,1,1,0,0,0,1,0,0.00,0.05,0.05,0.00,0.05,Matches,N/a,N/a,N/a,N/a,N/a,N/a,N/a,N/a,N/a,N/a,N/a,N/a,N/a,N/a,N/a,18.3,0,8,3,37.5,0.44,0.16,0.00,0.00,0,0,N/a,N/a,N/a,N/a,N/a,N/a,N/a,N/a,N/a,N/a,N/a,N/a,N/a,N/a,1,N/a,N/a,N/a,N/a,N/a,N/a,N/a,N/a,N/a,N/a,N/a,38,N/a,N/a,N/a,N/a,N/a,N/a,N/a,N/a,N/a,N/a,N/a,N/a,N/a,N/a,N/a,N/a,N/a,N/a,N/a,N/a,N/a,N/a,N/a,N/a,N/a,31,N/a,N/a,N/a,N/a,N/a,N/a,N/a,N/a,N/a,N/a,23,N/a,N/a,N/a,N/a,N/a,N/a,N/a,N/a,N/a,N/a,N/a,N/a,N/a,N/a,N/a,N/a,N/a,N/a,N/a,N/a,N/a,N/a,N/a,69,48.2,17,89,16,7,19,9,1.33,30,28,+2,+0.11,+0.21,0,15,6,1,38,23,31,N/a,N/a,0
Tino Livramento,eng ENG,DF,Newcastle,21,2002,37,32,2840.0,31.6,0,1,1,0,0,0,1,0,0.00,0.03,0.03,0.00,0.03,Matches,N/a,N/a,N/a,N/a,N/a,N/a,N/a,N/a,N/a,N/a,N/a,N/a,N/a,N/a,N/a,31.6,0,6,2,33.3,0.19,0.06,0.00,0.00,0,0,N/a,N/a,N/a,N/a,N/a,N/a,N/a,N/a,N/a,N/a,N/a,N/a,N/a,N/a,1,N/a,N/a,N/a,N/a,N/a,N/a,N/a,N/a,N/a,N/a,N/a,52,N/a,N/a,N/a,N/a,N/a,N/a,N/a,N/a,N/a,N/a,N/a,N/a,N/a,N/a,N/a,N/a,N/a,N/a,N/a,N/a,N/a,N/a,N/a,N/a,N/a,34,N/a,N/a,N/a,N/a,N/a,N/a,N/a,N/a,N/a,N/a,26,N/a,N/a,N/a,N/a,N/a,N/a,N/a,N/a,N/a,N/a,N/a,N/a,N/a,N/a,N/a,N/a,N/a,N/a,N/a,N/a,N/a,N/a,N/a,77,83.0,32,85,25,5,26,0,1.70,58,40,+18,+0.57,+0.10,0,6,35,2,52,26,34,N/a,N/a,0
Toby Collyer,eng ENG,MF,Manchester Utd,20,2004,6,0,179.0,2.0,0,0,0,0,0,0,0,0,0.00,0.00,0.00,0.00,0.00,Matches,N/a,N/a,N/a,N/a,N/a,N/a,N/a,N/a,N/a,N/a,N/a,N/a,N/a,N/a,N/a,2.0,0,1,0,0.0,0.50,0.00,0.00,N/a,0,0,N/a,N/a,N/a,N/a,N/a,N/a,N/a,N/a,N/a,N/a,N/a,N/a,N/a,N/a,0,N/a,N/a,N/a,N/a,N/a,N/a,N/a,N/a,N/a,N/a,N/a,0,N/a,N/a,N/a,N/a,N/a,N/a,N/a,N/a,N/a,N/a,N/a,N/a,N/a,N/a,N/a,N/a,N/a,N/a,N/a,N/a,N/a,N/a,N/a,N/a,N/a,9,N/a,N/a,N/a,N/a,N/a,N/a,N/a,N/a,N/a,N/a,3,N/a,N/a,N/a,N/a,N/a,N/a,N/a,N/a,N/a,N/a,N/a,N/a,N/a,N/a,N/a,N/a,N/a,N/a,N/a,N/a,N/a,N/a,N/a,30,5.2,0,N/a,0,6,30,11,1.67,6,2,+4,+2.01,+2.40,0,2,4,0,0,3,9,N/a,N/a,0
Tom Cairney,sct SCO,MF,Fulham,33,1991,25,3,628.0,7.0,2,0,2,2,0,0,3,1,0.29,0.00,0.29,0.29,0.29,Matches,N/a,N/a,N/a,N/a,N/a,N/a,N/a,N/a,N/a,N/a,N/a,N/a,N/a,N/a,N/a,7.0,2,11,4,36.4,1.58,0.57,0.18,0.50,0,0,N/a,N/a,N/a,N/a,N/a,N/a,N/a,N/a,N/a,N/a,N/a,N/a,N/a,N/a,0,N/a,N/a,N/a,N/a,N/a,N/a,N/a,N/a,N/a,N/a,N/a,20,N/a,N/a,N/a,N/a,N/a,N/a,N/a,N/a,N/a,N/a,N/a,N/a,N/a,N/a,N/a,N/a,N/a,N/a,N/a,N/a,N/a,N/a,N/a,N/a,N/a,4,N/a,N/a,N/a,N/a,N/a,N/a,N/a,N/a,N/a,N/a,4,N/a,N/a,N/a,N/a,N/a,N/a,N/a,N/a,N/a,N/a,N/a,N/a,N/a,N/a,N/a,N/a,N/a,N/a,N/a,N/a,N/a,N/a,N/a,25,18.4,3,70,0,22,19,10,1.20,14,12,+2,+0.29,+0.35,0,8,19,0,20,4,4,N/a,N/a,0
Tommy Doyle,eng ENG,MF,Wolves,22,2001,24,3,488.0,5.4,0,1,1,0,0,0,1,0,0.00,0.18,0.18,0.00,0.18,Matches,N/a,N/a,N/a,N/a,N/a,N/a,N/a,N/a,N/a,N/a,N/a,N/a,N/a,N/a,N/a,5.4,0,9,2,22.2,1.66,0.37,0.00,0.00,0,0,N/a,N/a,N/a,N/a,N/a,N/a,N/a,N/a,N/a,N/a,N/a,N/a,N/a,N/a,1,N/a,N/a,N/a,N/a,N/a,N/a,N/a,N/a,N/a,N/a,N/a,15,N/a,N/a,N/a,N/a,N/a,N/a,N/a,N/a,N/a,N/a,N/a,N/a,N/a,N/a,N/a,N/a,N/a,N/a,N/a,N/a,N/a,N/a,N/a,N/a,N/a,7,N/a,N/a,N/a,N/a,N/a,N/a,N/a,N/a,N/a,N/a,5,N/a,N/a,N/a,N/a,N/a,N/a,N/a,N/a,N/a,N/a,N/a,N/a,N/a,N/a,N/a,N/a,N/a,N/a,N/a,N/a,N/a,N/a,N/a,20,14.3,3,70,1,21,13,9,0.96,7,10,-3,-0.55,-0.18,0,5,5,0,15,5,7,N/a,N/a,0
Tomáš Souček,cz CZE,MF,West Ham,29,1995,35,30,2567.0,28.5,9,1,10,9,0,0,8,0,0.32,0.04,0.35,0.32,0.35,Matches,N/a,N/a,N/a,N/a,N/a,N/a,N/a,N/a,N/a,N/a,N/a,N/a,N/a,N/a,N/a,28.5,9,55,18,32.7,1.93,0.63,0.16,0.50,0,0,N/a,N/a,N/a,N/a,N/a,N/a,N/a,N/a,N/a,N/a,N/a,N/a,N/a,N/a,1,N/a,N/a,N/a,N/a,N/a,N/a,N/a,N/a,N/a,N/a,N/a,13,N/a,N/a,N/a,N/a,N/a,N/a,N/a,N/a,N/a,N/a,N/a,N/a,N/a,N/a,N/a,N/a,N/a,N/a,N/a,N/a,N/a,N/a,N/a,N/a,N/a,22,N/a,N/a,N/a,N/a,N/a,N/a,N/a,N/a,N/a,N/a,20,N/a,N/a,N/a,N/a,N/a,N/a,N/a,N/a,N/a,N/a,N/a,N/a,N/a,N/a,N/a,N/a,N/a,N/a,N/a,N/a,N/a,N/a,N/a,73,75.1,30,81,20,5,27,1,1.23,38,44,-6,-0.21,+0.84,0,47,25,4,13,20,22,N/a,N/a,0
Tosin Adarabioyo,eng ENG,DF,Chelsea,26,1997,22,15,1409.0,15.7,1,1,2,1,0,0,4,0,0.06,0.06,0.13,0.06,0.13,Matches,N/a,N/a,N/a,N/a,N/a,N/a,N/a,N/a,N/a,N/a,N/a,N/a,N/a,N/a,N/a,15.7,1,13,2,15.4,0.83,0.13,0.08,0.50,0,0,N/a,N/a,N/a,N/a,N/a,N/a,N/a,N/a,N/a,N/a,N/a,N/a,N/a,N/a,1,N/a,N/a,N/a,N/a,N/a,N/a,N/a,N/a,N/a,N/a,N/a,0,N/a,N/a,N/a,N/a,N/a,N/a,N/a,N/a,N/a,N/a,N/a,N/a,N/a,N/a,N/a,N/a,N/a,N/a,N/a,N/a,N/a,N/a,N/a,N/a,N/a,13,N/a,N/a,N/a,N/a,N/a,N/a,N/a,N/a,N/a,N/a,10,N/a,N/a,N/a,N/a,N/a,N/a,N/a,N/a,N/a,N/a,N/a,N/a,N/a,N/a,N/a,N/a,N/a,N/a,N/a,N/a,N/a,N/a,N/a,64,41.2,15,84,13,7,20,16,1.86,29,14,+15,+0.96,+0.69,0,8,9,1,0,10,13,N/a,N/a,0
Toti Gomes,pt POR,DF,Wolves,25,1999,31,30,2614.0,29.0,0,1,1,0,0,0,7,0,0.00,0.03,0.03,0.00,0.03,Matches,N/a,N/a,N/a,N/a,N/a,N/a,N/a,N/a,N/a,N/a,N/a,N/a,N/a,N/a,N/a,29.0,0,7,3,42.9,0.24,0.10,0.00,0.00,0,0,N/a,N/a,N/a,N/a,N/a,N/a,N/a,N/a,N/a,N/a,N/a,N/a,N/a,N/a,1,N/a,N/a,N/a,N/a,N/a,N/a,N/a,N/a,N/a,N/a,N/a,13,N/a,N/a,N/a,N/a,N/a,N/a,N/a,N/a,N/a,N/a,N/a,N/a,N/a,N/a,N/a,N/a,N/a,N/a,N/a,N/a,N/a,N/a,N/a,N/a,N/a,43,N/a,N/a,N/a,N/a,N/a,N/a,N/a,N/a,N/a,N/a,26,N/a,N/a,N/a,N/a,N/a,N/a,N/a,N/a,N/a,N/a,N/a,N/a,N/a,N/a,N/a,N/a,N/a,N/a,N/a,N/a,N/a,N/a,N/a,84,76.4,30,87,27,1,14,1,1.32,44,45,-1,-0.03,+1.53,0,24,15,4,13,26,43,N/a,N/a,0
Trent Alexander-Arnold,eng ENG,DF,Liverpool,25,1998,33,28,2365.0,26.3,3,6,9,3,0,0,5,0,0.11,0.23,0.34,0.11,0.34,Matches,N/a,N/a,N/a,N/a,N/a,N/a,N/a,N/a,N/a,N/a,N/a,N/a,N/a,N/a,N/a,26.3,3,45,8,17.8,1.71,0.30,0.07,0.38,0,0,N/a,N/a,N/a,N/a,N/a,N/a,N/a,N/a,N/a,N/a,N/a,N/a,N/a,N/a,6,N/a,N/a,N/a,N/a,N/a,N/a,N/a,N/a,N/a,N/a,N/a,154,N/a,N/a,N/a,N/a,N/a,N/a,N/a,N/a,N/a,N/a,N/a,N/a,N/a,N/a,N/a,N/a,N/a,N/a,N/a,N/a,N/a,N/a,N/a,N/a,N/a,49,N/a,N/a,N/a,N/a,N/a,N/a,N/a,N/a,N/a,N/a,31,N/a,N/a,N/a,N/a,N/a,N/a,N/a,N/a,N/a,N/a,N/a,N/a,N/a,N/a,N/a,N/a,N/a,N/a,N/a,N/a,N/a,N/a,N/a,72,69.2,28,79,12,5,29,1,2.27,67,25,+42,+1.60,+1.34,0,11,9,1,154,31,49,N/a,N/a,0
Trevoh Chalobah,eng ENG,DF,Chelsea,25,1999,13,11,910.0,10.1,0,1,1,0,0,0,2,0,0.00,0.10,0.10,0.00,0.10,Matches,N/a,N/a,N/a,N/a,N/a,N/a,N/a,N/a,N/a,N/a,N/a,N/a,N/a,N/a,N/a,10.1,0,7,3,42.9,0.69,0.30,0.00,0.00,0,0,N/a,N/a,N/a,N/a,N/a,N/a,N/a,N/a,N/a,N/a,N/a,N/a,N/a,N/a,1,N/a,N/a,N/a,N/a,N/a,N/a,N/a,N/a,N/a,N/a,N/a,3,N/a,N/a,N/a,N/a,N/a,N/a,N/a,N/a,N/a,N/a,N/a,N/a,N/a,N/a,N/a,N/a,N/a,N/a,N/a,N/a,N/a,N/a,N/a,N/a,N/a,7,N/a,N/a,N/a,N/a,N/a,N/a,N/a,N/a,N/a,N/a,9,N/a,N/a,N/a,N/a,N/a,N/a,N/a,N/a,N/a,N/a,N/a,N/a,N/a,N/a,N/a,N/a,N/a,N/a,N/a,N/a,N/a,N/a,N/a,70,26.6,11,81,9,2,10,3,1.77,13,12,+1,+0.10,-0.62,0,9,7,0,3,9,7,N/a,N/a,0
Trevoh Chalobah,eng ENG,DF,Crystal Palace,25,1999,12,12,1060.0,11.8,3,0,3,3,0,0,1,0,0.25,0.00,0.25,0.25,0.25,Matches,N/a,N/a,N/a,N/a,N/a,N/a,N/a,N/a,N/a,N/a,N/a,N/a,N/a,N/a,N/a,11.8,3,11,4,36.4,0.93,0.34,0.27,0.75,0,0,N/a,N/a,N/a,N/a,N/a,N/a,N/a,N/a,N/a,N/a,N/a,N/a,N/a,N/a,0,N/a,N/a,N/a,N/a,N/a,N/a,N/a,N/a,N/a,N/a,N/a,7,N/a,N/a,N/a,N/a,N/a,N/a,N/a,N/a,N/a,N/a,N/a,N/a,N/a,N/a,N/a,N/a,N/a,N/a,N/a,N/a,N/a,N/a,N/a,N/a,N/a,15,N/a,N/a,N/a,N/a,N/a,N/a,N/a,N/a,N/a,N/a,20,N/a,N/a,N/a,N/a,N/a,N/a,N/a,N/a,N/a,N/a,N/a,N/a,N/a,N/a,N/a,N/a,N/a,N/a,N/a,N/a,N/a,N/a,N/a,88,31.0,12,88,9,0,N/a,2,1.42,13,13,0,0.00,0.00,0,10,15,1,7,20,15,N/a,N/a,0
Tyler Adams,us USA,MF,Bournemouth,25,1999,28,21,1965.0,21.8,0,3,3,0,0,0,7,0,0.00,0.14,0.14,0.00,0.14,Matches,N/a,N/a,N/a,N/a,N/a,N/a,N/a,N/a,N/a,N/a,N/a,N/a,N/a,N/a,N/a,21.8,0,9,2,22.2,0.41,0.09,0.00,0.00,0,0,N/a,N/a,N/a,N/a,N/a,N/a,N/a,N/a,N/a,N/a,N/a,N/a,N/a,N/a,3,N/a,N/a,N/a,N/a,N/a,N/a,N/a,N/a,N/a,N/a,N/a,2,N/a,N/a,N/a,N/a,N/a,N/a,N/a,N/a,N/a,N/a,N/a,N/a,N/a,N/a,N/a,N/a,N/a,N/a,N/a,N/a,N/a,N/a,N/a,N/a,N/a,56,N/a,N/a,N/a,N/a,N/a,N/a,N/a,N/a,N/a,N/a,30,N/a,N/a,N/a,N/a,N/a,N/a,N/a,N/a,N/a,N/a,N/a,N/a,N/a,N/a,N/a,N/a,N/a,N/a,N/a,N/a,N/a,N/a,N/a,70,57.5,21,85,15,7,26,1,1.46,41,30,+11,+0.50,+0.44,0,46,21,0,2,30,56,N/a,N/a,0
Tyler Fredricson,eng ENG,DF,Manchester Utd,19,2005,2,2,165.0,1.8,0,0,0,0,0,0,0,0,0.00,0.00,0.00,0.00,0.00,Matches,N/a,N/a,N/a,N/a,N/a,N/a,N/a,N/a,N/a,N/a,N/a,N/a,N/a,N/a,N/a,1.8,0,0,0,N/a,0.00,0.00,N/a,N/a,0,0,N/a,N/a,N/a,N/a,N/a,N/a,N/a,N/a,N/a,N/a,N/a,N/a,N/a,N/a,0,N/a,N/a,N/a,N/a,N/a,N/a,N/a,N/a,N/a,N/a,N/a,0,N/a,N/a,N/a,N/a,N/a,N/a,N/a,N/a,N/a,N/a,N/a,N/a,N/a,N/a,N/a,N/a,N/a,N/a,N/a,N/a,N/a,N/a,N/a,N/a,N/a,3,N/a,N/a,N/a,N/a,N/a,N/a,N/a,N/a,N/a,N/a,1,N/a,N/a,N/a,N/a,N/a,N/a,N/a,N/a,N/a,N/a,N/a,N/a,N/a,N/a,N/a,N/a,N/a,N/a,N/a,N/a,N/a,N/a,N/a,83,4.8,2,83,1,0,N/a,6,0.00,1,5,-4,-2.18,-2.02,0,0,2,0,0,1,3,N/a,N/a,0
Tyler Dibling,eng ENG,"MF,FW",Southampton,18,2006,33,20,1874.0,20.8,2,0,2,2,0,0,6,0,0.10,0.00,0.10,0.10,0.10,Matches,N/a,N/a,N/a,N/a,N/a,N/a,N/a,N/a,N/a,N/a,N/a,N/a,N/a,N/a,N/a,20.8,2,28,9,32.1,1.34,0.43,0.07,0.22,0,0,N/a,N/a,N/a,N/a,N/a,N/a,N/a,N/a,N/a,N/a,N/a,N/a,N/a,N/a,0,N/a,N/a,N/a,N/a,N/a,N/a,N/a,N/a,N/a,N/a,N/a,28,N/a,N/a,N/a,N/a,N/a,N/a,N/a,N/a,N/a,N/a,N/a,N/a,N/a,N/a,N/a,N/a,N/a,N/a,N/a,N/a,N/a,N/a,N/a,N/a,N/a,21,N/a,N/a,N/a,N/a,N/a,N/a,N/a,N/a,N/a,N/a,7,N/a,N/a,N/a,N/a,N/a,N/a,N/a,N/a,N/a,N/a,N/a,N/a,N/a,N/a,N/a,N/a,N/a,N/a,N/a,N/a,N/a,N/a,N/a,57,54.8,20,76,8,13,27,1,0.27,16,50,-34,-1.63,-0.12,0,30,51,2,28,7,21,N/a,N/a,0
Tyrell Malacia,nl NED,MF,Manchester Utd,24,1999,3,2,100.0,1.1,0,0,0,0,0,0,1,0,0.00,0.00,0.00,0.00,0.00,Matches,N/a,N/a,N/a,N/a,N/a,N/a,N/a,N/a,N/a,N/a,N/a,N/a,N/a,N/a,N/a,1.1,0,0,0,N/a,0.00,0.00,N/a,N/a,0,0,N/a,N/a,N/a,N/a,N/a,N/a,N/a,N/a,N/a,N/a,N/a,N/a,N/a,N/a,0,N/a,N/a,N/a,N/a,N/a,N/a,N/a,N/a,N/a,N/a,N/a,1,N/a,N/a,N/a,N/a,N/a,N/a,N/a,N/a,N/a,N/a,N/a,N/a,N/a,N/a,N/a,N/a,N/a,N/a,N/a,N/a,N/a,N/a,N/a,N/a,N/a,1,N/a,N/a,N/a,N/a,N/a,N/a,N/a,N/a,N/a,N/a,2,N/a,N/a,N/a,N/a,N/a,N/a,N/a,N/a,N/a,N/a,N/a,N/a,N/a,N/a,N/a,N/a,N/a,N/a,N/a,N/a,N/a,N/a,N/a,33,2.9,2,45,0,1,10,8,1.00,0,1,-1,-0.90,-0.66,0,3,2,0,1,2,1,N/a,N/a,0
Tyrick Mitchell,eng ENG,MF,Crystal Palace,24,1999,37,37,3092.0,34.4,0,5,5,0,0,0,2,0,0.00,0.15,0.15,0.00,0.15,Matches,N/a,N/a,N/a,N/a,N/a,N/a,N/a,N/a,N/a,N/a,N/a,N/a,N/a,N/a,N/a,34.4,0,12,3,25.0,0.35,0.09,0.00,0.00,0,0,N/a,N/a,N/a,N/a,N/a,N/a,N/a,N/a,N/a,N/a,N/a,N/a,N/a,N/a,5,N/a,N/a,N/a,N/a,N/a,N/a,N/a,N/a,N/a,N/a,N/a,107,N/a,N/a,N/a,N/a,N/a,N/a,N/a,N/a,N/a,N/a,N/a,N/a,N/a,N/a,N/a,N/a,N/a,N/a,N/a,N/a,N/a,N/a,N/a,N/a,N/a,53,N/a,N/a,N/a,N/a,N/a,N/a,N/a,N/a,N/a,N/a,21,N/a,N/a,N/a,N/a,N/a,N/a,N/a,N/a,N/a,N/a,N/a,N/a,N/a,N/a,N/a,N/a,N/a,N/a,N/a,N/a,N/a,N/a,N/a,84,90.4,37,84,25,0,N/a,1,1.35,43,46,-3,-0.09,-0.91,0,23,25,2,107,21,53,N/a,N/a,0
Tyrique George,eng ENG,FW,Chelsea,18,2006,8,1,183.0,2.0,1,1,2,1,0,0,1,0,0.49,0.49,0.98,0.49,0.98,Matches,N/a,N/a,N/a,N/a,N/a,N/a,N/a,N/a,N/a,N/a,N/a,N/a,N/a,N/a,N/a,2.0,1,3,1,33.3,1.48,0.49,0.33,1.00,0,0,N/a,N/a,N/a,N/a,N/a,N/a,N/a,N/a,N/a,N/a,N/a,N/a,N/a,N/a,1,N/a,N/a,N/a,N/a,N/a,N/a,N/a,N/a,N/a,N/a,N/a,3,N/a,N/a,N/a,N/a,N/a,N/a,N/a,N/a,N/a,N/a,N/a,N/a,N/a,N/a,N/a,N/a,N/a,N/a,N/a,N/a,N/a,N/a,N/a,N/a,N/a,0,N/a,N/a,N/a,N/a,N/a,N/a,N/a,N/a,N/a,N/a,2,N/a,N/a,N/a,N/a,N/a,N/a,N/a,N/a,N/a,N/a,N/a,N/a,N/a,N/a,N/a,N/a,N/a,N/a,N/a,N/a,N/a,N/a,N/a,23,5.4,1,80,0,7,15,11,2.25,4,0,+4,+1.97,+1.49,0,3,0,2,3,2,0,N/a,N/a,0
Tyrone Mings,eng ENG,DF,Aston Villa,31,1993,14,12,1120.0,12.4,0,0,0,0,0,0,1,0,0.00,0.00,0.00,0.00,0.00,Matches,N/a,N/a,N/a,N/a,N/a,N/a,N/a,N/a,N/a,N/a,N/a,N/a,N/a,N/a,N/a,12.4,0,9,1,11.1,0.72,0.08,0.00,0.00,0,0,N/a,N/a,N/a,N/a,N/a,N/a,N/a,N/a,N/a,N/a,N/a,N/a,N/a,N/a,0,N/a,N/a,N/a,N/a,N/a,N/a,N/a,N/a,N/a,N/a,N/a,1,N/a,N/a,N/a,N/a,N/a,N/a,N/a,N/a,N/a,N/a,N/a,N/a,N/a,N/a,N/a,N/a,N/a,N/a,N/a,N/a,N/a,N/a,N/a,N/a,N/a,6,N/a,N/a,N/a,N/a,N/a,N/a,N/a,N/a,N/a,N/a,7,N/a,N/a,N/a,N/a,N/a,N/a,N/a,N/a,N/a,N/a,N/a,N/a,N/a,N/a,N/a,N/a,N/a,N/a,N/a,N/a,N/a,N/a,N/a,80,32.7,12,81,9,2,73,13,2.29,26,11,+15,+1.21,+1.52,0,4,11,0,1,7,6,N/a,N/a,0
Victor Lindelöf,se SWE,DF,Manchester Utd,30,1994,16,6,704.0,7.8,0,0,0,0,0,0,1,0,0.00,0.00,0.00,0.00,0.00,Matches,N/a,N/a,N/a,N/a,N/a,N/a,N/a,N/a,N/a,N/a,N/a,N/a,N/a,N/a,N/a,7.8,0,0,0,N/a,0.00,0.00,N/a,N/a,0,0,N/a,N/a,N/a,N/a,N/a,N/a,N/a,N/a,N/a,N/a,N/a,N/a,N/a,N/a,0,N/a,N/a,N/a,N/a,N/a,N/a,N/a,N/a,N/a,N/a,N/a,1,N/a,N/a,N/a,N/a,N/a,N/a,N/a,N/a,N/a,N/a,N/a,N/a,N/a,N/a,N/a,N/a,N/a,N/a,N/a,N/a,N/a,N/a,N/a,N/a,N/a,2,N/a,N/a,N/a,N/a,N/a,N/a,N/a,N/a,N/a,N/a,7,N/a,N/a,N/a,N/a,N/a,N/a,N/a,N/a,N/a,N/a,N/a,N/a,N/a,N/a,N/a,N/a,N/a,N/a,N/a,N/a,N/a,N/a,N/a,44,20.6,6,88,5,10,18,7,1.25,10,9,+1,+0.13,+0.49,0,8,1,0,1,7,2,N/a,N/a,0
Victor Bernth Kristiansen,dk DEN,"DF,MF",Leicester City,21,2002,30,29,2482.0,27.6,0,1,1,0,0,0,1,0,0.00,0.04,0.04,0.00,0.04,Matches,N/a,N/a,N/a,N/a,N/a,N/a,N/a,N/a,N/a,N/a,N/a,N/a,N/a,N/a,N/a,27.6,0,3,0,0.0,0.11,0.00,0.00,N/a,0,0,N/a,N/a,N/a,N/a,N/a,N/a,N/a,N/a,N/a,N/a,N/a,N/a,N/a,N/a,1,N/a,N/a,N/a,N/a,N/a,N/a,N/a,N/a,N/a,N/a,N/a,96,N/a,N/a,N/a,N/a,N/a,N/a,N/a,N/a,N/a,N/a,N/a,N/a,N/a,N/a,N/a,N/a,N/a,N/a,N/a,N/a,N/a,N/a,N/a,N/a,N/a,51,N/a,N/a,N/a,N/a,N/a,N/a,N/a,N/a,N/a,N/a,37,N/a,N/a,N/a,N/a,N/a,N/a,N/a,N/a,N/a,N/a,N/a,N/a,N/a,N/a,N/a,N/a,N/a,N/a,N/a,N/a,N/a,N/a,N/a,83,72.6,29,85,20,1,14,5,0.60,19,62,-43,-1.56,-1.18,0,19,18,3,96,37,51,N/a,N/a,1
Virgil van Dijk,nl NED,DF,Liverpool,33,1991,37,37,3330.0,37.0,3,1,4,3,0,0,5,0,0.08,0.03,0.11,0.08,0.11,Matches,N/a,N/a,N/a,N/a,N/a,N/a,N/a,N/a,N/a,N/a,N/a,N/a,N/a,N/a,N/a,37.0,3,26,8,30.8,0.70,0.22,0.12,0.38,0,0,N/a,N/a,N/a,N/a,N/a,N/a,N/a,N/a,N/a,N/a,N/a,N/a,N/a,N/a,1,N/a,N/a,N/a,N/a,N/a,N/a,N/a,N/a,N/a,N/a,N/a,1,N/a,N/a,N/a,N/a,N/a,N/a,N/a,N/a,N/a,N/a,N/a,N/a,N/a,N/a,N/a,N/a,N/a,N/a,N/a,N/a,N/a,N/a,N/a,N/a,N/a,20,N/a,N/a,N/a,N/a,N/a,N/a,N/a,N/a,N/a,N/a,54,N/a,N/a,N/a,N/a,N/a,N/a,N/a,N/a,N/a,N/a,N/a,N/a,N/a,N/a,N/a,N/a,N/a,N/a,N/a,N/a,N/a,N/a,N/a,90,97.4,37,90,37,0,N/a,1,2.27,84,38,+46,+1.24,+2.24,0,17,13,0,1,54,20,N/a,N/a,0
Vitaliy Mykolenko,ua UKR,DF,Everton,25,1999,35,35,3082.0,34.2,1,2,3,1,0,0,4,0,0.03,0.06,0.09,0.03,0.09,Matches,N/a,N/a,N/a,N/a,N/a,N/a,N/a,N/a,N/a,N/a,N/a,N/a,N/a,N/a,N/a,34.2,1,14,1,7.1,0.41,0.03,0.07,1.00,0,0,N/a,N/a,N/a,N/a,N/a,N/a,N/a,N/a,N/a,N/a,N/a,N/a,N/a,N/a,2,N/a,N/a,N/a,N/a,N/a,N/a,N/a,N/a,N/a,N/a,N/a,100,N/a,N/a,N/a,N/a,N/a,N/a,N/a,N/a,N/a,N/a,N/a,N/a,N/a,N/a,N/a,N/a,N/a,N/a,N/a,N/a,N/a,N/a,N/a,N/a,N/a,38,N/a,N/a,N/a,N/a,N/a,N/a,N/a,N/a,N/a,N/a,42,N/a,N/a,N/a,N/a,N/a,N/a,N/a,N/a,N/a,N/a,N/a,N/a,N/a,N/a,N/a,N/a,N/a,N/a,N/a,N/a,N/a,N/a,N/a,88,90.1,35,88,33,0,N/a,0,1.29,38,39,-1,-0.03,+0.24,0,22,34,3,100,42,38,N/a,N/a,0
Vitaly Janelt,de GER,MF,Brentford,26,1998,32,27,2254.0,25.0,1,3,4,1,0,0,3,0,0.04,0.12,0.16,0.04,0.16,Matches,N/a,N/a,N/a,N/a,N/a,N/a,N/a,N/a,N/a,N/a,N/a,N/a,N/a,N/a,N/a,25.0,1,14,4,28.6,0.56,0.16,0.07,0.25,0,0,N/a,N/a,N/a,N/a,N/a,N/a,N/a,N/a,N/a,N/a,N/a,N/a,N/a,N/a,3,N/a,N/a,N/a,N/a,N/a,N/a,N/a,N/a,N/a,N/a,N/a,31,N/a,N/a,N/a,N/a,N/a,N/a,N/a,N/a,N/a,N/a,N/a,N/a,N/a,N/a,N/a,N/a,N/a,N/a,N/a,N/a,N/a,N/a,N/a,N/a,N/a,24,N/a,N/a,N/a,N/a,N/a,N/a,N/a,N/a,N/a,N/a,27,N/a,N/a,N/a,N/a,N/a,N/a,N/a,N/a,N/a,N/a,N/a,N/a,N/a,N/a,N/a,N/a,N/a,N/a,N/a,N/a,N/a,N/a,N/a,70,65.9,27,79,10,5,25,0,1.34,38,37,+1,+0.04,-0.58,0,25,15,1,31,27,24,N/a,N/a,2
Vladimír Coufal,cz CZE,"DF,MF",West Ham,31,1992,22,11,1067.0,11.9,0,0,0,0,0,0,5,0,0.00,0.00,0.00,0.00,0.00,Matches,N/a,N/a,N/a,N/a,N/a,N/a,N/a,N/a,N/a,N/a,N/a,N/a,N/a,N/a,N/a,11.9,0,7,2,28.6,0.59,0.17,0.00,0.00,0,0,N/a,N/a,N/a,N/a,N/a,N/a,N/a,N/a,N/a,N/a,N/a,N/a,N/a,N/a,0,N/a,N/a,N/a,N/a,N/a,N/a,N/a,N/a,N/a,N/a,N/a,28,N/a,N/a,N/a,N/a,N/a,N/a,N/a,N/a,N/a,N/a,N/a,N/a,N/a,N/a,N/a,N/a,N/a,N/a,N/a,N/a,N/a,N/a,N/a,N/a,N/a,16,N/a,N/a,N/a,N/a,N/a,N/a,N/a,N/a,N/a,N/a,8,N/a,N/a,N/a,N/a,N/a,N/a,N/a,N/a,N/a,N/a,N/a,N/a,N/a,N/a,N/a,N/a,N/a,N/a,N/a,N/a,N/a,N/a,N/a,49,31.2,11,78,5,11,19,11,1.00,12,21,-9,-0.76,-0.49,0,22,16,0,28,8,16,N/a,N/a,1
Wataru Endo,jp JPN,MF,Liverpool,31,1993,20,1,273.0,3.0,0,0,0,0,0,0,0,0,0.00,0.00,0.00,0.00,0.00,Matches,N/a,N/a,N/a,N/a,N/a,N/a,N/a,N/a,N/a,N/a,N/a,N/a,N/a,N/a,N/a,3.0,0,0,0,N/a,0.00,0.00,N/a,N/a,0,0,N/a,N/a,N/a,N/a,N/a,N/a,N/a,N/a,N/a,N/a,N/a,N/a,N/a,N/a,0,N/a,N/a,N/a,N/a,N/a,N/a,N/a,N/a,N/a,N/a,N/a,1,N/a,N/a,N/a,N/a,N/a,N/a,N/a,N/a,N/a,N/a,N/a,N/a,N/a,N/a,N/a,N/a,N/a,N/a,N/a,N/a,N/a,N/a,N/a,N/a,N/a,8,N/a,N/a,N/a,N/a,N/a,N/a,N/a,N/a,N/a,N/a,6,N/a,N/a,N/a,N/a,N/a,N/a,N/a,N/a,N/a,N/a,N/a,N/a,N/a,N/a,N/a,N/a,N/a,N/a,N/a,N/a,N/a,N/a,N/a,14,8.0,1,68,0,19,11,17,2.50,4,5,-1,-0.33,-1.65,0,15,7,0,1,6,8,N/a,N/a,0
Welington,br BRA,"MF,DF",Southampton,23,2001,10,6,482.0,5.4,0,0,0,0,0,0,1,0,0.00,0.00,0.00,0.00,0.00,Matches,N/a,N/a,N/a,N/a,N/a,N/a,N/a,N/a,N/a,N/a,N/a,N/a,N/a,N/a,N/a,5.4,0,3,0,0.0,0.56,0.00,0.00,N/a,0,0,N/a,N/a,N/a,N/a,N/a,N/a,N/a,N/a,N/a,N/a,N/a,N/a,N/a,N/a,0,N/a,N/a,N/a,N/a,N/a,N/a,N/a,N/a,N/a,N/a,N/a,17,N/a,N/a,N/a,N/a,N/a,N/a,N/a,N/a,N/a,N/a,N/a,N/a,N/a,N/a,N/a,N/a,N/a,N/a,N/a,N/a,N/a,N/a,N/a,N/a,N/a,10,N/a,N/a,N/a,N/a,N/a,N/a,N/a,N/a,N/a,N/a,5,N/a,N/a,N/a,N/a,N/a,N/a,N/a,N/a,N/a,N/a,N/a,N/a,N/a,N/a,N/a,N/a,N/a,N/a,N/a,N/a,N/a,N/a,N/a,48,14.1,6,73,2,4,11,3,0.60,4,10,-6,-1.12,+0.53,0,6,8,1,17,5,10,N/a,N/a,0
Wes Burns,wls WAL,MF,Ipswich Town,29,1994,18,12,926.0,10.3,0,1,1,0,0,0,1,0,0.00,0.10,0.10,0.00,0.10,Matches,N/a,N/a,N/a,N/a,N/a,N/a,N/a,N/a,N/a,N/a,N/a,N/a,N/a,N/a,N/a,10.3,0,7,1,14.3,0.68,0.10,0.00,0.00,0,0,N/a,N/a,N/a,N/a,N/a,N/a,N/a,N/a,N/a,N/a,N/a,N/a,N/a,N/a,1,N/a,N/a,N/a,N/a,N/a,N/a,N/a,N/a,N/a,N/a,N/a,45,N/a,N/a,N/a,N/a,N/a,N/a,N/a,N/a,N/a,N/a,N/a,N/a,N/a,N/a,N/a,N/a,N/a,N/a,N/a,N/a,N/a,N/a,N/a,N/a,N/a,11,N/a,N/a,N/a,N/a,N/a,N/a,N/a,N/a,N/a,N/a,10,N/a,N/a,N/a,N/a,N/a,N/a,N/a,N/a,N/a,N/a,N/a,N/a,N/a,N/a,N/a,N/a,N/a,N/a,N/a,N/a,N/a,N/a,N/a,51,27.1,12,67,0,6,20,3,0.67,7,23,-16,-1.56,-0.47,0,4,11,0,45,10,11,N/a,N/a,0
Wesley Fofana,fr FRA,DF,Chelsea,23,2000,14,14,1172.0,13.0,0,0,0,0,0,0,7,0,0.00,0.00,0.00,0.00,0.00,Matches,N/a,N/a,N/a,N/a,N/a,N/a,N/a,N/a,N/a,N/a,N/a,N/a,N/a,N/a,N/a,13.0,0,3,0,0.0,0.23,0.00,0.00,N/a,0,0,N/a,N/a,N/a,N/a,N/a,N/a,N/a,N/a,N/a,N/a,N/a,N/a,N/a,N/a,0,N/a,N/a,N/a,N/a,N/a,N/a,N/a,N/a,N/a,N/a,N/a,1,N/a,N/a,N/a,N/a,N/a,N/a,N/a,N/a,N/a,N/a,N/a,N/a,N/a,N/a,N/a,N/a,N/a,N/a,N/a,N/a,N/a,N/a,N/a,N/a,N/a,11,N/a,N/a,N/a,N/a,N/a,N/a,N/a,N/a,N/a,N/a,12,N/a,N/a,N/a,N/a,N/a,N/a,N/a,N/a,N/a,N/a,N/a,N/a,N/a,N/a,N/a,N/a,N/a,N/a,N/a,N/a,N/a,N/a,N/a,84,34.3,14,84,10,0,N/a,1,2.00,25,13,+12,+0.92,+0.56,0,24,16,0,1,12,11,N/a,N/a,0
Wilfred Ndidi,ng NGA,MF,Leicester City,27,1996,28,28,2324.0,25.8,0,5,5,0,0,0,8,0,0.00,0.19,0.19,0.00,0.19,Matches,N/a,N/a,N/a,N/a,N/a,N/a,N/a,N/a,N/a,N/a,N/a,N/a,N/a,N/a,N/a,25.8,0,22,8,36.4,0.85,0.31,0.00,0.00,0,0,N/a,N/a,N/a,N/a,N/a,N/a,N/a,N/a,N/a,N/a,N/a,N/a,N/a,N/a,5,N/a,N/a,N/a,N/a,N/a,N/a,N/a,N/a,N/a,N/a,N/a,30,N/a,N/a,N/a,N/a,N/a,N/a,N/a,N/a,N/a,N/a,N/a,N/a,N/a,N/a,N/a,N/a,N/a,N/a,N/a,N/a,N/a,N/a,N/a,N/a,N/a,48,N/a,N/a,N/a,N/a,N/a,N/a,N/a,N/a,N/a,N/a,27,N/a,N/a,N/a,N/a,N/a,N/a,N/a,N/a,N/a,N/a,N/a,N/a,N/a,N/a,N/a,N/a,N/a,N/a,N/a,N/a,N/a,N/a,N/a,83,68.0,28,83,15,0,N/a,0,0.79,24,47,-23,-0.89,+1.08,0,39,18,3,30,27,48,N/a,N/a,1
Will Hughes,eng ENG,MF,Crystal Palace,29,1995,33,24,2108.0,23.4,0,3,3,0,0,0,11,0,0.00,0.13,0.13,0.00,0.13,Matches,N/a,N/a,N/a,N/a,N/a,N/a,N/a,N/a,N/a,N/a,N/a,N/a,N/a,N/a,N/a,23.4,0,22,1,4.5,0.94,0.04,0.00,0.00,0,0,N/a,N/a,N/a,N/a,N/a,N/a,N/a,N/a,N/a,N/a,N/a,N/a,N/a,N/a,3,N/a,N/a,N/a,N/a,N/a,N/a,N/a,N/a,N/a,N/a,N/a,70,N/a,N/a,N/a,N/a,N/a,N/a,N/a,N/a,N/a,N/a,N/a,N/a,N/a,N/a,N/a,N/a,N/a,N/a,N/a,N/a,N/a,N/a,N/a,N/a,N/a,36,N/a,N/a,N/a,N/a,N/a,N/a,N/a,N/a,N/a,N/a,21,N/a,N/a,N/a,N/a,N/a,N/a,N/a,N/a,N/a,N/a,N/a,N/a,N/a,N/a,N/a,N/a,N/a,N/a,N/a,N/a,N/a,N/a,N/a,64,61.6,24,76,3,9,32,0,1.45,31,30,+1,+0.04,+0.11,0,65,31,0,70,21,36,N/a,N/a,0
William Smallbone,ie IRL,MF,Southampton,24,2000,18,6,690.0,7.7,1,0,1,1,0,0,1,0,0.13,0.00,0.13,0.13,0.13,Matches,N/a,N/a,N/a,N/a,N/a,N/a,N/a,N/a,N/a,N/a,N/a,N/a,N/a,N/a,N/a,7.7,1,7,2,28.6,0.91,0.26,0.14,0.50,0,0,N/a,N/a,N/a,N/a,N/a,N/a,N/a,N/a,N/a,N/a,N/a,N/a,N/a,N/a,0,N/a,N/a,N/a,N/a,N/a,N/a,N/a,N/a,N/a,N/a,N/a,36,N/a,N/a,N/a,N/a,N/a,N/a,N/a,N/a,N/a,N/a,N/a,N/a,N/a,N/a,N/a,N/a,N/a,N/a,N/a,N/a,N/a,N/a,N/a,N/a,N/a,12,N/a,N/a,N/a,N/a,N/a,N/a,N/a,N/a,N/a,N/a,2,N/a,N/a,N/a,N/a,N/a,N/a,N/a,N/a,N/a,N/a,N/a,N/a,N/a,N/a,N/a,N/a,N/a,N/a,N/a,N/a,N/a,N/a,N/a,38,20.2,6,72,2,12,21,2,0.22,4,22,-18,-2.35,-0.96,0,11,3,0,36,2,12,N/a,N/a,0
William Saliba,fr FRA,DF,Arsenal,23,2001,35,35,3039.0,33.8,2,0,2,2,0,0,2,1,0.06,0.00,0.06,0.06,0.06,Matches,N/a,N/a,N/a,N/a,N/a,N/a,N/a,N/a,N/a,N/a,N/a,N/a,N/a,N/a,N/a,33.8,2,6,3,50.0,0.18,0.09,0.33,0.67,0,0,N/a,N/a,N/a,N/a,N/a,N/a,N/a,N/a,N/a,N/a,N/a,N/a,N/a,N/a,0,N/a,N/a,N/a,N/a,N/a,N/a,N/a,N/a,N/a,N/a,N/a,3,N/a,N/a,N/a,N/a,N/a,N/a,N/a,N/a,N/a,N/a,N/a,N/a,N/a,N/a,N/a,N/a,N/a,N/a,N/a,N/a,N/a,N/a,N/a,N/a,N/a,34,N/a,N/a,N/a,N/a,N/a,N/a,N/a,N/a,N/a,N/a,22,N/a,N/a,N/a,N/a,N/a,N/a,N/a,N/a,N/a,N/a,N/a,N/a,N/a,N/a,N/a,N/a,N/a,N/a,N/a,N/a,N/a,N/a,N/a,87,88.9,35,87,32,0,N/a,0,1.97,62,27,+35,+1.04,+1.04,0,28,17,1,3,22,34,N/a,N/a,0
William Osula,dk DEN,FW,Newcastle,20,2003,14,0,134.0,1.5,1,0,1,1,0,0,0,0,0.67,0.00,0.67,0.67,0.67,Matches,N/a,N/a,N/a,N/a,N/a,N/a,N/a,N/a,N/a,N/a,N/a,N/a,N/a,N/a,N/a,1.5,1,4,1,25.0,2.69,0.67,0.25,1.00,0,0,N/a,N/a,N/a,N/a,N/a,N/a,N/a,N/a,N/a,N/a,N/a,N/a,N/a,N/a,0,N/a,N/a,N/a,N/a,N/a,N/a,N/a,N/a,N/a,N/a,N/a,4,N/a,N/a,N/a,N/a,N/a,N/a,N/a,N/a,N/a,N/a,N/a,N/a,N/a,N/a,N/a,N/a,N/a,N/a,N/a,N/a,N/a,N/a,N/a,N/a,N/a,0,N/a,N/a,N/a,N/a,N/a,N/a,N/a,N/a,N/a,N/a,3,N/a,N/a,N/a,N/a,N/a,N/a,N/a,N/a,N/a,N/a,N/a,N/a,N/a,N/a,N/a,N/a,N/a,N/a,N/a,N/a,N/a,N/a,N/a,10,3.9,0,N/a,0,14,10,24,1.29,1,3,-2,-1.34,-1.97,0,4,1,1,4,3,0,N/a,N/a,0
Willian,br BRA,"MF,FW",Fulham,35,1988,10,2,257.0,2.9,0,0,0,0,0,0,0,0,0.00,0.00,0.00,0.00,0.00,Matches,N/a,N/a,N/a,N/a,N/a,N/a,N/a,N/a,N/a,N/a,N/a,N/a,N/a,N/a,N/a,2.9,0,7,0,0.0,2.45,0.00,0.00,N/a,0,0,N/a,N/a,N/a,N/a,N/a,N/a,N/a,N/a,N/a,N/a,N/a,N/a,N/a,N/a,0,N/a,N/a,N/a,N/a,N/a,N/a,N/a,N/a,N/a,N/a,N/a,16,N/a,N/a,N/a,N/a,N/a,N/a,N/a,N/a,N/a,N/a,N/a,N/a,N/a,N/a,N/a,N/a,N/a,N/a,N/a,N/a,N/a,N/a,N/a,N/a,N/a,2,N/a,N/a,N/a,N/a,N/a,N/a,N/a,N/a,N/a,N/a,1,N/a,N/a,N/a,N/a,N/a,N/a,N/a,N/a,N/a,N/a,N/a,N/a,N/a,N/a,N/a,N/a,N/a,N/a,N/a,N/a,N/a,N/a,N/a,26,7.5,2,76,0,8,13,4,1.20,2,3,-1,-0.35,-0.38,0,1,0,0,16,1,2,N/a,N/a,0
Willy Boly,ci CIV,DF,Nottingham,33,1991,6,1,150.0,1.7,0,0,0,0,0,0,1,0,0.00,0.00,0.00,0.00,0.00,Matches,N/a,N/a,N/a,N/a,N/a,N/a,N/a,N/a,N/a,N/a,N/a,N/a,N/a,N/a,N/a,1.7,0,1,1,100.0,0.60,0.60,0.00,0.00,0,0,N/a,N/a,N/a,N/a,N/a,N/a,N/a,N/a,N/a,N/a,N/a,N/a,N/a,N/a,0,N/a,N/a,N/a,N/a,N/a,N/a,N/a,N/a,N/a,N/a,N/a,0,N/a,N/a,N/a,N/a,N/a,N/a,N/a,N/a,N/a,N/a,N/a,N/a,N/a,N/a,N/a,N/a,N/a,N/a,N/a,N/a,N/a,N/a,N/a,N/a,N/a,1,N/a,N/a,N/a,N/a,N/a,N/a,N/a,N/a,N/a,N/a,3,N/a,N/a,N/a,N/a,N/a,N/a,N/a,N/a,N/a,N/a,N/a,N/a,N/a,N/a,N/a,N/a,N/a,N/a,N/a,N/a,N/a,N/a,N/a,25,4.4,1,90,1,5,12,23,2.17,3,1,+2,+1.20,+0.92,0,1,0,0,0,3,1,N/a,N/a,0
Wilson Odobert,fr FRA,"FW,MF",Tottenham,19,2004,16,9,850.0,9.4,1,0,1,1,0,0,0,0,0.11,0.00,0.11,0.11,0.11,Matches,N/a,N/a,N/a,N/a,N/a,N/a,N/a,N/a,N/a,N/a,N/a,N/a,N/a,N/a,N/a,9.4,1,13,4,30.8,1.38,0.42,0.08,0.25,0,0,N/a,N/a,N/a,N/a,N/a,N/a,N/a,N/a,N/a,N/a,N/a,N/a,N/a,N/a,0,N/a,N/a,N/a,N/a,N/a,N/a,N/a,N/a,N/a,N/a,N/a,25,N/a,N/a,N/a,N/a,N/a,N/a,N/a,N/a,N/a,N/a,N/a,N/a,N/a,N/a,N/a,N/a,N/a,N/a,N/a,N/a,N/a,N/a,N/a,N/a,N/a,5,N/a,N/a,N/a,N/a,N/a,N/a,N/a,N/a,N/a,N/a,4,N/a,N/a,N/a,N/a,N/a,N/a,N/a,N/a,N/a,N/a,N/a,N/a,N/a,N/a,N/a,N/a,N/a,N/a,N/a,N/a,N/a,N/a,N/a,53,24.9,9,77,3,7,23,0,0.88,9,20,-11,-1.16,-1.51,0,2,3,1,25,4,5,N/a,N/a,0
Wout Faes,be BEL,DF,Leicester City,26,1998,34,30,2815.0,31.3,1,0,1,1,0,0,4,0,0.03,0.00,0.03,0.03,0.03,Matches,N/a,N/a,N/a,N/a,N/a,N/a,N/a,N/a,N/a,N/a,N/a,N/a,N/a,N/a,N/a,31.3,1,12,1,8.3,0.38,0.03,0.08,1.00,0,0,N/a,N/a,N/a,N/a,N/a,N/a,N/a,N/a,N/a,N/a,N/a,N/a,N/a,N/a,0,N/a,N/a,N/a,N/a,N/a,N/a,N/a,N/a,N/a,N/a,N/a,5,N/a,N/a,N/a,N/a,N/a,N/a,N/a,N/a,N/a,N/a,N/a,N/a,N/a,N/a,N/a,N/a,N/a,N/a,N/a,N/a,N/a,N/a,N/a,N/a,N/a,28,N/a,N/a,N/a,N/a,N/a,N/a,N/a,N/a,N/a,N/a,22,N/a,N/a,N/a,N/a,N/a,N/a,N/a,N/a,N/a,N/a,N/a,N/a,N/a,N/a,N/a,N/a,N/a,N/a,N/a,N/a,N/a,N/a,N/a,83,82.3,30,90,30,4,29,1,0.71,29,63,-34,-1.09,+0.85,0,23,11,1,5,22,28,N/a,N/a,0
Woyo Coulibaly,ml MLI,DF,Leicester City,25,1999,4,1,109.0,1.2,0,0,0,0,0,0,1,0,0.00,0.00,0.00,0.00,0.00,Matches,N/a,N/a,N/a,N/a,N/a,N/a,N/a,N/a,N/a,N/a,N/a,N/a,N/a,N/a,N/a,1.2,0,2,1,50.0,1.65,0.83,0.00,0.00,0,0,N/a,N/a,N/a,N/a,N/a,N/a,N/a,N/a,N/a,N/a,N/a,N/a,N/a,N/a,0,N/a,N/a,N/a,N/a,N/a,N/a,N/a,N/a,N/a,N/a,N/a,0,N/a,N/a,N/a,N/a,N/a,N/a,N/a,N/a,N/a,N/a,N/a,N/a,N/a,N/a,N/a,N/a,N/a,N/a,N/a,N/a,N/a,N/a,N/a,N/a,N/a,4,N/a,N/a,N/a,N/a,N/a,N/a,N/a,N/a,N/a,N/a,5,N/a,N/a,N/a,N/a,N/a,N/a,N/a,N/a,N/a,N/a,N/a,N/a,N/a,N/a,N/a,N/a,N/a,N/a,N/a,N/a,N/a,N/a,N/a,27,3.2,1,45,0,3,21,6,0.75,0,6,-6,-4.95,-3.84,0,2,1,0,0,5,4,N/a,N/a,0
Yankuba Minteh,gm GAM,MF,Brighton,20,2004,32,20,1838.0,20.4,6,4,10,6,0,0,6,0,0.29,0.20,0.49,0.29,0.49,Matches,N/a,N/a,N/a,N/a,N/a,N/a,N/a,N/a,N/a,N/a,N/a,N/a,N/a,N/a,N/a,20.4,6,34,16,47.1,1.66,0.78,0.18,0.38,0,0,N/a,N/a,N/a,N/a,N/a,N/a,N/a,N/a,N/a,N/a,N/a,N/a,N/a,N/a,4,N/a,N/a,N/a,N/a,N/a,N/a,N/a,N/a,N/a,N/a,N/a,90,N/a,N/a,N/a,N/a,N/a,N/a,N/a,N/a,N/a,N/a,N/a,N/a,N/a,N/a,N/a,N/a,N/a,N/a,N/a,N/a,N/a,N/a,N/a,N/a,N/a,36,N/a,N/a,N/a,N/a,N/a,N/a,N/a,N/a,N/a,N/a,12,N/a,N/a,N/a,N/a,N/a,N/a,N/a,N/a,N/a,N/a,N/a,N/a,N/a,N/a,N/a,N/a,N/a,N/a,N/a,N/a,N/a,N/a,N/a,57,53.7,20,78,3,12,24,1,1.59,37,33,+4,+0.20,+0.03,0,21,11,6,90,12,36,N/a,N/a,0
Yasin Ayari,se SWE,MF,Brighton,20,2003,34,22,1965.0,21.8,2,1,3,2,0,0,3,0,0.09,0.05,0.14,0.09,0.14,Matches,N/a,N/a,N/a,N/a,N/a,N/a,N/a,N/a,N/a,N/a,N/a,N/a,N/a,N/a,N/a,21.8,2,28,8,28.6,1.28,0.37,0.07,0.25,0,0,N/a,N/a,N/a,N/a,N/a,N/a,N/a,N/a,N/a,N/a,N/a,N/a,N/a,N/a,1,N/a,N/a,N/a,N/a,N/a,N/a,N/a,N/a,N/a,N/a,N/a,70,N/a,N/a,N/a,N/a,N/a,N/a,N/a,N/a,N/a,N/a,N/a,N/a,N/a,N/a,N/a,N/a,N/a,N/a,N/a,N/a,N/a,N/a,N/a,N/a,N/a,32,N/a,N/a,N/a,N/a,N/a,N/a,N/a,N/a,N/a,N/a,20,N/a,N/a,N/a,N/a,N/a,N/a,N/a,N/a,N/a,N/a,N/a,N/a,N/a,N/a,N/a,N/a,N/a,N/a,N/a,N/a,N/a,N/a,N/a,58,57.5,22,78,8,12,22,2,1.68,31,28,+3,+0.14,-0.11,0,36,26,3,70,20,32,N/a,N/a,0
Yehor Yarmoliuk,ua UKR,MF,Brentford,20,2004,31,15,1450.0,16.1,0,0,0,0,0,0,6,0,0.00,0.00,0.00,0.00,0.00,Matches,N/a,N/a,N/a,N/a,N/a,N/a,N/a,N/a,N/a,N/a,N/a,N/a,N/a,N/a,N/a,16.1,0,9,2,22.2,0.56,0.12,0.00,0.00,0,0,N/a,N/a,N/a,N/a,N/a,N/a,N/a,N/a,N/a,N/a,N/a,N/a,N/a,N/a,0,N/a,N/a,N/a,N/a,N/a,N/a,N/a,N/a,N/a,N/a,N/a,16,N/a,N/a,N/a,N/a,N/a,N/a,N/a,N/a,N/a,N/a,N/a,N/a,N/a,N/a,N/a,N/a,N/a,N/a,N/a,N/a,N/a,N/a,N/a,N/a,N/a,30,N/a,N/a,N/a,N/a,N/a,N/a,N/a,N/a,N/a,N/a,13,N/a,N/a,N/a,N/a,N/a,N/a,N/a,N/a,N/a,N/a,N/a,N/a,N/a,N/a,N/a,N/a,N/a,N/a,N/a,N/a,N/a,N/a,N/a,47,42.4,15,79,6,16,16,7,1.52,27,25,+2,+0.12,-0.20,0,19,13,2,16,13,30,N/a,N/a,0
Yerson Mosquera,co COL,DF,Wolves,23,2001,5,5,441.0,4.9,0,0,0,0,0,0,2,0,0.00,0.00,0.00,0.00,0.00,Matches,N/a,N/a,N/a,N/a,N/a,N/a,N/a,N/a,N/a,N/a,N/a,N/a,N/a,N/a,N/a,4.9,0,2,0,0.0,0.41,0.00,0.00,N/a,0,0,N/a,N/a,N/a,N/a,N/a,N/a,N/a,N/a,N/a,N/a,N/a,N/a,N/a,N/a,0,N/a,N/a,N/a,N/a,N/a,N/a,N/a,N/a,N/a,N/a,N/a,2,N/a,N/a,N/a,N/a,N/a,N/a,N/a,N/a,N/a,N/a,N/a,N/a,N/a,N/a,N/a,N/a,N/a,N/a,N/a,N/a,N/a,N/a,N/a,N/a,N/a,6,N/a,N/a,N/a,N/a,N/a,N/a,N/a,N/a,N/a,N/a,10,N/a,N/a,N/a,N/a,N/a,N/a,N/a,N/a,N/a,N/a,N/a,N/a,N/a,N/a,N/a,N/a,N/a,N/a,N/a,N/a,N/a,N/a,N/a,88,12.9,5,88,4,0,N/a,0,0.20,5,12,-7,-1.43,-1.19,0,6,7,1,2,10,6,N/a,N/a,0
Yoane Wissa,cd COD,FW,Brentford,27,1996,35,34,2919.0,32.4,19,4,23,19,0,0,5,0,0.59,0.12,0.71,0.59,0.71,Matches,N/a,N/a,N/a,N/a,N/a,N/a,N/a,N/a,N/a,N/a,N/a,N/a,N/a,N/a,N/a,32.4,19,90,43,47.8,2.77,1.33,0.21,0.44,0,0,N/a,N/a,N/a,N/a,N/a,N/a,N/a,N/a,N/a,N/a,N/a,N/a,N/a,N/a,4,N/a,N/a,N/a,N/a,N/a,N/a,N/a,N/a,N/a,N/a,N/a,19,N/a,N/a,N/a,N/a,N/a,N/a,N/a,N/a,N/a,N/a,N/a,N/a,N/a,N/a,N/a,N/a,N/a,N/a,N/a,N/a,N/a,N/a,N/a,N/a,N/a,13,N/a,N/a,N/a,N/a,N/a,N/a,N/a,N/a,N/a,N/a,8,N/a,N/a,N/a,N/a,N/a,N/a,N/a,N/a,N/a,N/a,N/a,N/a,N/a,N/a,N/a,N/a,N/a,N/a,N/a,N/a,N/a,N/a,N/a,83,85.4,34,85,23,1,25,0,1.49,56,45,+11,+0.34,+0.70,0,33,51,14,19,8,13,N/a,N/a,0
Youri Tielemans,be BEL,MF,Aston Villa,27,1997,36,35,3026.0,33.6,3,7,10,3,0,1,4,0,0.09,0.21,0.30,0.09,0.30,Matches,N/a,N/a,N/a,N/a,N/a,N/a,N/a,N/a,N/a,N/a,N/a,N/a,N/a,N/a,N/a,33.6,3,41,13,31.7,1.22,0.39,0.07,0.23,0,1,N/a,N/a,N/a,N/a,N/a,N/a,N/a,N/a,N/a,N/a,N/a,N/a,N/a,N/a,7,N/a,N/a,N/a,N/a,N/a,N/a,N/a,N/a,N/a,N/a,N/a,118,N/a,N/a,N/a,N/a,N/a,N/a,N/a,N/a,N/a,N/a,N/a,N/a,N/a,N/a,N/a,N/a,N/a,N/a,N/a,N/a,N/a,N/a,N/a,N/a,N/a,58,N/a,N/a,N/a,N/a,N/a,N/a,N/a,N/a,N/a,N/a,22,N/a,N/a,N/a,N/a,N/a,N/a,N/a,N/a,N/a,N/a,N/a,N/a,N/a,N/a,N/a,N/a,N/a,N/a,N/a,N/a,N/a,N/a,N/a,84,88.5,35,86,27,1,29,0,1.67,53,46,+7,+0.21,+0.21,0,41,56,0,118,22,58,N/a,N/a,0
Yukinari Sugawara,jp JPN,"MF,DF",Southampton,24,2000,30,16,1557.0,17.3,1,1,2,1,0,0,4,0,0.06,0.06,0.12,0.06,0.12,Matches,N/a,N/a,N/a,N/a,N/a,N/a,N/a,N/a,N/a,N/a,N/a,N/a,N/a,N/a,N/a,17.3,1,14,6,42.9,0.81,0.35,0.07,0.17,0,0,N/a,N/a,N/a,N/a,N/a,N/a,N/a,N/a,N/a,N/a,N/a,N/a,N/a,N/a,1,N/a,N/a,N/a,N/a,N/a,N/a,N/a,N/a,N/a,N/a,N/a,70,N/a,N/a,N/a,N/a,N/a,N/a,N/a,N/a,N/a,N/a,N/a,N/a,N/a,N/a,N/a,N/a,N/a,N/a,N/a,N/a,N/a,N/a,N/a,N/a,N/a,16,N/a,N/a,N/a,N/a,N/a,N/a,N/a,N/a,N/a,N/a,9,N/a,N/a,N/a,N/a,N/a,N/a,N/a,N/a,N/a,N/a,N/a,N/a,N/a,N/a,N/a,N/a,N/a,N/a,N/a,N/a,N/a,N/a,N/a,52,45.5,16,76,6,14,24,5,0.33,13,46,-33,-1.91,-0.60,0,15,10,4,70,9,16,N/a,N/a,0
Yves Bissouma,ml MLI,MF,Tottenham,27,1996,28,16,1408.0,15.6,2,0,2,2,0,0,7,0,0.13,0.00,0.13,0.13,0.13,Matches,N/a,N/a,N/a,N/a,N/a,N/a,N/a,N/a,N/a,N/a,N/a,N/a,N/a,N/a,N/a,15.6,2,11,4,36.4,0.70,0.26,0.18,0.50,0,0,N/a,N/a,N/a,N/a,N/a,N/a,N/a,N/a,N/a,N/a,N/a,N/a,N/a,N/a,0,N/a,N/a,N/a,N/a,N/a,N/a,N/a,N/a,N/a,N/a,N/a,2,N/a,N/a,N/a,N/a,N/a,N/a,N/a,N/a,N/a,N/a,N/a,N/a,N/a,N/a,N/a,N/a,N/a,N/a,N/a,N/a,N/a,N/a,N/a,N/a,N/a,29,N/a,N/a,N/a,N/a,N/a,N/a,N/a,N/a,N/a,N/a,16,N/a,N/a,N/a,N/a,N/a,N/a,N/a,N/a,N/a,N/a,N/a,N/a,N/a,N/a,N/a,N/a,N/a,N/a,N/a,N/a,N/a,N/a,N/a,50,41.2,16,72,4,12,21,6,1.11,28,28,0,0.00,+0.04,0,29,18,0,2,16,29,N/a,N/a,0
Álex Moreno,es ESP,DF,Nottingham,31,1993,15,11,955.0,10.6,0,1,1,0,0,0,2,0,0.00,0.09,0.09,0.00,0.09,Matches,N/a,N/a,N/a,N/a,N/a,N/a,N/a,N/a,N/a,N/a,N/a,N/a,N/a,N/a,N/a,10.6,0,6,0,0.0,0.57,0.00,0.00,N/a,0,0,N/a,N/a,N/a,N/a,N/a,N/a,N/a,N/a,N/a,N/a,N/a,N/a,N/a,N/a,1,N/a,N/a,N/a,N/a,N/a,N/a,N/a,N/a,N/a,N/a,N/a,19,N/a,N/a,N/a,N/a,N/a,N/a,N/a,N/a,N/a,N/a,N/a,N/a,N/a,N/a,N/a,N/a,N/a,N/a,N/a,N/a,N/a,N/a,N/a,N/a,N/a,18,N/a,N/a,N/a,N/a,N/a,N/a,N/a,N/a,N/a,N/a,16,N/a,N/a,N/a,N/a,N/a,N/a,N/a,N/a,N/a,N/a,N/a,N/a,N/a,N/a,N/a,N/a,N/a,N/a,N/a,N/a,N/a,N/a,N/a,64,27.9,11,79,3,4,23,12,1.40,11,16,-5,-0.47,-1.09,0,12,6,0,19,16,18,N/a,N/a,0
İlkay Gündoğan,de GER,MF,Manchester City,33,1990,33,25,2223.0,24.7,1,6,7,1,0,0,1,0,0.04,0.24,0.28,0.04,0.28,Matches,N/a,N/a,N/a,N/a,N/a,N/a,N/a,N/a,N/a,N/a,N/a,N/a,N/a,N/a,N/a,24.7,1,27,7,25.9,1.09,0.28,0.04,0.14,0,0,N/a,N/a,N/a,N/a,N/a,N/a,N/a,N/a,N/a,N/a,N/a,N/a,N/a,N/a,6,N/a,N/a,N/a,N/a,N/a,N/a,N/a,N/a,N/a,N/a,N/a,62,N/a,N/a,N/a,N/a,N/a,N/a,N/a,N/a,N/a,N/a,N/a,N/a,N/a,N/a,N/a,N/a,N/a,N/a,N/a,N/a,N/a,N/a,N/a,N/a,N/a,13,N/a,N/a,N/a,N/a,N/a,N/a,N/a,N/a,N/a,N/a,14,N/a,N/a,N/a,N/a,N/a,N/a,N/a,N/a,N/a,N/a,N/a,N/a,N/a,N/a,N/a,N/a,N/a,N/a,N/a,N/a,N/a,N/a,N/a,67,65.0,25,84,12,8,14,4,1.94,53,28,+25,+1.01,+0.79,0,15,27,1,62,14,13,N/a,N/a,0
Łukasz Fabiański,pl POL,GK,West Ham,39,1985,14,13,1160.0,12.9,0,0,0,0,0,0,2,0,0.00,0.00,0.00,0.00,0.00,Matches,21,1.63,71,50,70.4,6,3,4,3,23.1,3,3,0,0,0.0,12.9,0,0,0,N/a,0.00,0.00,N/a,N/a,0,0,N/a,N/a,N/a,N/a,N/a,N/a,N/a,N/a,N/a,N/a,N/a,N/a,N/a,N/a,0,N/a,N/a,N/a,N/a,N/a,N/a,N/a,N/a,N/a,N/a,N/a,0,N/a,N/a,N/a,N/a,N/a,N/a,N/a,N/a,N/a,N/a,N/a,N/a,N/a,N/a,N/a,N/a,N/a,N/a,N/a,N/a,N/a,N/a,N/a,N/a,N/a,0,N/a,N/a,N/a,N/a,N/a,N/a,N/a,N/a,N/a,N/a,0,N/a,N/a,N/a,N/a,N/a,N/a,N/a,N/a,N/a,N/a,N/a,N/a,N/a,N/a,N/a,N/a,N/a,N/a,N/a,N/a,N/a,N/a,N/a,83,33.9,13,86,12,1,45,21,1.50,17,21,-4,-0.31,+0.17,0,2,1,0,0,0,0,N/a,N/a,0
