Player,Nation,Pos,Squad,Age,Born,Playing Time_MP,Playing Time_Starts,Playing Time_Min,Playing Time_90s,Performance_Gls,Performance_Ast,Performance_G+A,Performance_G-PK,Performance_PK,Performance_PKatt,Performance_CrdY,Performance_CrdR,Per 90 Minutes_Gls,Per 90 Minutes_Ast,Per 90 Minutes_G+A,Per 90 Minutes_G-PK,Per 90 Minutes_G+A-PK,Matches,Performance_GA,Performance_GA90,Performance_SoTA,Performance_Saves,Performance_Save%,Performance_W,Performance_D,Performance_L,Performance_CS,Performance_CS%,Penalty Kicks_PKatt,Penalty Kicks_PKA,Penalty Kicks_PKsv,Penalty Kicks_PKm,Penalty Kicks_Save%,90s,Standard_Gls,Standard_Sh,Standard_SoT,Standard_SoT%,Standard_Sh/90,Standard_SoT/90,Standard_G/Sh,Standard_G/SoT,Standard_PK,Standard_PKatt,Total_Cmp,Total_Att,Total_Cmp%,Total_TotDist,Total_PrgDist,Short_Cmp,Short_Att,Short_Cmp%,Medium_Cmp,Medium_Att,Medium_Cmp%,Long_Cmp,Long_Att,Long_Cmp%,Ast,A-xAG,KP,1/3,PPA,CrsPA,Att,Pass Types_Live,Pass Types_Dead,Pass Types_FK,Pass Types_TB,Pass Types_Sw,Pass Types_Crs,Pass Types_TI,Pass Types_CK,Corner Kicks_In,Corner Kicks_Out,Corner Kicks_Str,Outcomes_Cmp,Outcomes_Off,Outcomes_Blocks,SCA_SCA,SCA_SCA90,SCA Types_PassLive,SCA Types_PassDead,SCA Types_TO,SCA Types_Sh,SCA Types_Fld,SCA Types_Def,GCA_GCA,GCA_GCA90,GCA Types_PassLive,GCA Types_PassDead,GCA Types_TO,GCA Types_Sh,GCA Types_Fld,GCA Types_Def,Tackles_Tkl,Tackles_TklW,Tackles_Def 3rd,Tackles_Mid 3rd,Tackles_Att 3rd,Challenges_Tkl,Challenges_Att,Challenges_Tkl%,Challenges_Lost,Blocks_Blocks,Blocks_Sh,Blocks_Pass,Int,Tkl+Int,Clr,Err,Touches_Touches,Touches_Def Pen,Touches_Def 3rd,Touches_Mid 3rd,Touches_Att 3rd,Touches_Att Pen,Touches_Live,Take-Ons_Att,Take-Ons_Succ,Take-Ons_Succ%,Take-Ons_Tkld,Take-Ons_Tkld%,Carries_Carries,Carries_TotDist,Carries_PrgDist,Carries_1/3,Carries_CPA,Carries_Mis,Carries_Dis,Rec,Playing Time_Mn/MP,Playing Time_Min%,Starts_Starts,Starts_Mn/Start,Starts_Compl,Subs_Subs,Subs_Mn/Sub,Subs_unSub,Team Success_PPM,Team Success_onG,Team Success_onGA,Team Success_+/-,Team Success_+/-90,Team Success_On-Off,Performance_2CrdY,Performance_Fls,Performance_Fld,Performance_Off,Performance_Crs,Performance_Int,Performance_TklW,Performance_PKwon,Performance_PKcon,Performance_OG,Cluster,PCA1,PCA2
Aaron Cresswell,eng ENG,DF,West Ham,34,1989,18,10,824.0,9.2,0,0,0,0,0,0,3,0,0.0,0.0,0.0,0.0,0.0,Matches,,,,,,,,,,,,,,,,9.2,0,5,0,0.0,0.55,0.0,0.0,,0,0,,,,,,,,,,,,,,,0,,,,,,,,,,,,37,,,,,,,,,,,,,,,,,,,,,,,,,,8,,,,,,,,,,,8,,,,,,,,,,,,,,,,,,,,,,,,46,24.1,10,76.0,4,8,8.0,13,1.78,8,8,0,0.0,0.55,0,4,2,0,37,8,8,,,0,0,-3.773920585311406,-0.6975244811085958
Aaron Ramsdale,eng ENG,GK,Southampton,26,1998,30,30,2700.0,30.0,0,0,0,0,0,0,2,0,0.0,0.0,0.0,0.0,0.0,Matches,66.0,2.2,189.0,123.0,65.1,2.0,5.0,23.0,3.0,10.0,7.0,5.0,2.0,0.0,28.6,30.0,0,0,0,,0.0,0.0,,,0,0,,,,,,,,,,,,,,,0,,,,,,,,,,,,0,,,,,,,,,,,,,,,,,,,,,,,,,,0,,,,,,,,,,,1,,,,,,,,,,,,,,,,,,,,,,,,90,78.9,30,90.0,30,0,,0,0.37,21,66,-45,-1.5,0.38,0,1,4,0,0,1,0,,,0,3,-0.8738450780452041,-4.155941656602726
Aaron Wan-Bissaka,cd COD,"DF,MF",West Ham,26,1997,36,35,3154.0,35.0,2,5,7,2,0,0,1,0,0.06,0.14,0.2,0.06,0.2,Matches,,,,,,,,,,,,,,,,35.0,2,16,5,31.3,0.46,0.14,0.13,0.4,0,0,,,,,,,,,,,,,,,5,,,,,,,,,,,,76,,,,,,,,,,,,,,,,,,,,,,,,,,49,,,,,,,,,,,61,,,,,,,,,,,,,,,,,,,,,,,,88,92.2,35,89.0,33,1,29.0,1,1.17,44,59,-15,-0.43,-0.09,0,25,28,5,76,61,49,,,1,3,5.646106933927962,-5.508374285222521
Abdoulaye Doucouré,ml MLI,MF,Everton,31,1993,33,31,2564.0,28.5,3,2,5,3,0,0,5,1,0.11,0.07,0.18,0.11,0.18,Matches,,,,,,,,,,,,,,,,28.5,3,31,10,32.3,1.09,0.35,0.1,0.3,0,0,,,,,,,,,,,,,,,2,,,,,,,,,,,,23,,,,,,,,,,,,,,,,,,,,,,,,,,28,,,,,,,,,,,11,,,,,,,,,,,,,,,,,,,,,,,,78,75.0,31,82.0,16,2,12.0,1,1.3,27,33,-6,-0.21,-0.63,1,49,5,10,23,11,28,,,0,3,3.1042411660277245,-2.211663626155745
Abdukodir Khusanov,uz UZB,DF,Manchester City,20,2004,6,6,503.0,5.6,0,0,0,0,0,0,1,0,0.0,0.0,0.0,0.0,0.0,Matches,,,,,,,,,,,,,,,,5.6,0,1,0,0.0,0.18,0.0,0.0,,0,0,,,,,,,,,,,,,,,0,,,,,,,,,,,,1,,,,,,,,,,,,,,,,,,,,,,,,,,4,,,,,,,,,,,3,,,,,,,,,,,,,,,,,,,,,,,,84,14.7,6,84.0,5,0,,5,1.67,8,6,2,0.36,-0.44,0,3,3,0,1,3,4,,,1,0,-4.484220348692621,-0.6534443674003282
Abdul Fatawu Issahaku,gh GHA,"MF,FW",Leicester City,20,2004,11,6,579.0,6.4,0,2,2,0,0,0,0,0,0.0,0.31,0.31,0.0,0.31,Matches,,,,,,,,,,,,,,,,6.4,0,13,5,38.5,2.02,0.78,0.0,0.0,0,0,,,,,,,,,,,,,,,2,,,,,,,,,,,,29,,,,,,,,,,,,,,,,,,,,,,,,,,15,,,,,,,,,,,4,,,,,,,,,,,,,,,,,,,,,,,,53,16.9,6,86.0,5,5,12.0,0,0.91,7,14,-7,-1.09,0.18,0,11,20,2,29,4,15,,,0,0,-2.329511566413357,1.4783941423747549
Adam Lallana,eng ENG,MF,Southampton,36,1988,14,5,361.0,4.0,0,2,2,0,0,0,4,0,0.0,0.5,0.5,0.0,0.5,Matches,,,,,,,,,,,,,,,,4.0,0,3,0,0.0,0.75,0.0,0.0,,0,0,,,,,,,,,,,,,,,2,,,,,,,,,,,,4,,,,,,,,,,,,,,,,,,,,,,,,,,5,,,,,,,,,,,5,,,,,,,,,,,,,,,,,,,,,,,,26,10.6,5,51.0,0,9,12.0,6,0.5,3,8,-5,-1.25,0.37,0,8,8,0,4,5,5,,,0,0,-3.6825183150407206,1.7210168354650157
Adam Smith,eng ENG,DF,Bournemouth,33,1991,25,19,1590.0,17.7,0,0,0,0,0,0,7,0,0.0,0.0,0.0,0.0,0.0,Matches,,,,,,,,,,,,,,,,17.7,0,3,0,0.0,0.17,0.0,0.0,,0,0,,,,,,,,,,,,,,,0,,,,,,,,,,,,33,,,,,,,,,,,,,,,,,,,,,,,,,,14,,,,,,,,,,,15,,,,,,,,,,,,,,,,,,,,,,,,64,46.5,19,75.0,7,6,28.0,1,1.48,25,18,7,0.4,0.15,0,19,12,0,33,15,14,,,0,0,-1.4659341769831218,-2.621010466585666
Adam Webster,eng ENG,DF,Brighton,29,1995,14,11,887.0,9.9,0,0,0,0,0,0,1,0,0.0,0.0,0.0,0.0,0.0,Matches,,,,,,,,,,,,,,,,9.9,0,5,1,20.0,0.51,0.1,0.0,0.0,0,0,,,,,,,,,,,,,,,0,,,,,,,,,,,,2,,,,,,,,,,,,,,,,,,,,,,,,,,7,,,,,,,,,,,20,,,,,,,,,,,,,,,,,,,,,,,,63,25.9,11,77.0,8,3,14.0,7,2.29,26,11,15,1.52,1.81,0,7,2,1,2,20,7,,,0,0,-2.9514804253513196,-1.064172960095733
Adam Armstrong,eng ENG,"FW,MF",Southampton,27,1997,20,15,1248.0,13.9,2,2,4,2,0,1,4,0,0.14,0.14,0.29,0.14,0.29,Matches,,,,,,,,,,,,,,,,13.9,2,26,9,34.6,1.87,0.65,0.08,0.22,0,1,,,,,,,,,,,,,,,2,,,,,,,,,,,,14,,,,,,,,,,,,,,,,,,,,,,,,,,3,,,,,,,,,,,4,,,,,,,,,,,,,,,,,,,,,,,,62,36.5,15,75.0,4,5,25.0,4,0.3,7,35,-28,-2.02,-0.69,0,12,5,9,14,4,3,,,0,2,-0.5486468328542177,1.594664151638402
Adam Wharton,eng ENG,MF,Crystal Palace,20,2004,20,16,1318.0,14.6,0,2,2,0,0,0,2,0,0.0,0.14,0.14,0.0,0.14,Matches,,,,,,,,,,,,,,,,14.6,0,13,5,38.5,0.89,0.34,0.0,0.0,0,0,,,,,,,,,,,,,,,2,,,,,,,,,,,,39,,,,,,,,,,,,,,,,,,,,,,,,,,16,,,,,,,,,,,19,,,,,,,,,,,,,,,,,,,,,,,,66,38.5,16,77.0,3,4,23.0,1,1.25,18,21,-3,-0.2,-0.33,0,12,21,0,39,19,16,,,0,0,-1.0763163973671823,-0.9429340951798704
Adama Traoré,es ESP,MF,Fulham,28,1996,36,18,1772.0,19.7,2,7,9,2,0,0,3,0,0.1,0.36,0.46,0.1,0.46,Matches,,,,,,,,,,,,,,,,19.7,2,39,12,30.8,1.98,0.61,0.05,0.17,0,0,,,,,,,,,,,,,,,7,,,,,,,,,,,,100,,,,,,,,,,,,,,,,,,,,,,,,,,13,,,,,,,,,,,1,,,,,,,,,,,,,,,,,,,,,,,,49,51.8,18,76.0,4,18,23.0,1,1.47,32,28,4,0.2,0.42,0,24,32,1,100,1,13,,,0,2,2.6491232639638542,1.8133349876578155
Albert Grønbaek,dk DEN,"MF,FW",Southampton,23,2001,4,2,143.0,1.6,0,0,0,0,0,0,0,0,0.0,0.0,0.0,0.0,0.0,Matches,,,,,,,,,,,,,,,,1.6,0,2,0,0.0,1.26,0.0,0.0,,0,0,,,,,,,,,,,,,,,0,,,,,,,,,,,,1,,,,,,,,,,,,,,,,,,,,,,,,,,1,,,,,,,,,,,0,,,,,,,,,,,,,,,,,,,,,,,,36,4.2,2,66.0,0,2,6.0,2,0.75,2,3,-1,-0.63,0.99,0,0,1,0,1,0,1,,,0,0,-5.631266370224532,0.9451761397316666
Alejandro Garnacho,ar ARG,MF,Manchester Utd,20,2004,36,23,2199.0,24.4,6,2,8,6,0,0,3,0,0.25,0.08,0.33,0.25,0.33,Matches,,,,,,,,,,,,,,,,24.4,6,84,30,35.7,3.44,1.23,0.07,0.2,0,0,,,,,,,,,,,,,,,2,,,,,,,,,,,,55,,,,,,,,,,,,,,,,,,,,,,,,,,16,,,,,,,,,,,13,,,,,,,,,,,,,,,,,,,,,,,,61,64.3,23,81.0,14,13,26.0,0,1.0,26,36,-10,-0.41,-0.41,0,12,44,10,55,13,16,,,0,1,4.135324181209796,2.007067708340489
Alex McCarthy,eng ENG,GK,Southampton,34,1989,5,5,450.0,5.0,0,0,0,0,0,0,0,0,0.0,0.0,0.0,0.0,0.0,Matches,13.0,2.6,37.0,24.0,64.9,0.0,0.0,5.0,0.0,0.0,2.0,2.0,0.0,0.0,0.0,5.0,0,0,0,,0.0,0.0,,,0,0,,,,,,,,,,,,,,,0,,,,,,,,,,,,0,,,,,,,,,,,,,,,,,,,,,,,,,,0,,,,,,,,,,,0,,,,,,,,,,,,,,,,,,,,,,,,90,13.2,5,90.0,5,0,,33,0.0,3,13,-10,-2.0,-0.48,0,0,1,0,0,0,0,,,0,0,-5.665021459001367,-0.5863363248752725
Alex Iwobi,ng NGA,MF,Fulham,28,1996,38,35,2981.0,33.1,9,6,15,9,0,0,1,0,0.27,0.18,0.45,0.27,0.45,Matches,,,,,,,,,,,,,,,,33.1,9,68,29,42.6,2.05,0.88,0.13,0.31,0,0,,,,,,,,,,,,,,,6,,,,,,,,,,,,127,,,,,,,,,,,,,,,,,,,,,,,,,,26,,,,,,,,,,,13,,,,,,,,,,,,,,,,,,,,,,,,78,87.2,35,83.0,14,3,26.0,0,1.42,40,45,-5,-0.15,-1.18,0,19,18,5,127,13,26,,,0,1,7.181039839679612,1.0754899149694273
Alex Palmer,eng ENG,GK,Ipswich Town,27,1996,13,13,1170.0,13.0,0,0,0,0,0,0,2,0,0.0,0.0,0.0,0.0,0.0,Matches,30.0,2.31,75.0,45.0,60.0,1.0,3.0,9.0,0.0,0.0,1.0,1.0,0.0,0.0,0.0,13.0,0,0,0,,0.0,0.0,,,0,0,,,,,,,,,,,,,,,0,,,,,,,,,,,,0,,,,,,,,,,,,,,,,,,,,,,,,,,0,,,,,,,,,,,0,,,,,,,,,,,,,,,,,,,,,,,,90,34.2,13,90.0,13,0,,0,0.46,13,30,-17,-1.31,-0.15,0,1,4,0,0,0,0,,,0,0,-3.4772577451703697,-1.833856931397711
Alex Scott,eng ENG,MF,Bournemouth,20,2003,20,8,755.0,8.4,0,0,0,0,0,0,3,0,0.0,0.0,0.0,0.0,0.0,Matches,,,,,,,,,,,,,,,,8.4,0,15,7,46.7,1.79,0.83,0.0,0.0,0,0,,,,,,,,,,,,,,,0,,,,,,,,,,,,7,,,,,,,,,,,,,,,,,,,,,,,,,,13,,,,,,,,,,,9,,,,,,,,,,,,,,,,,,,,,,,,38,22.1,8,59.0,0,12,24.0,1,1.35,10,8,2,0.24,-0.1,0,17,26,0,7,9,13,,,0,0,-2.9593299929613215,0.6617829603656139
Alexander Isak,se SWE,FW,Newcastle,24,1999,34,34,2756.0,30.6,23,6,29,19,4,4,1,0,0.75,0.2,0.95,0.62,0.82,Matches,,,,,,,,,,,,,,,,30.6,23,99,46,46.5,3.23,1.5,0.23,0.5,4,4,,,,,,,,,,,,,,,6,,,,,,,,,,,,16,,,,,,,,,,,,,,,,,,,,,,,,,,5,,,,,,,,,,,3,,,,,,,,,,,,,,,,,,,,,,,,81,80.6,34,81.0,15,0,,0,1.88,61,41,20,0.65,0.52,0,28,14,20,16,3,5,,,0,1,13.428444799380742,9.998000120998466
Alexis Mac Allister,ar ARG,MF,Liverpool,25,1998,35,30,2599.0,28.9,5,5,10,5,0,0,6,0,0.17,0.17,0.35,0.17,0.35,Matches,,,,,,,,,,,,,,,,28.9,5,38,14,36.8,1.32,0.48,0.13,0.36,0,0,,,,,,,,,,,,,,,5,,,,,,,,,,,,86,,,,,,,,,,,,,,,,,,,,,,,,,,59,,,,,,,,,,,22,,,,,,,,,,,,,,,,,,,,,,,,74,76.0,30,82.0,17,5,26.0,0,2.34,69,24,45,1.56,1.56,0,62,40,2,86,22,59,,,0,3,6.724883507290655,-1.5365936864173777
Ali Al Hamadi,iq IRQ,FW,Ipswich Town,22,2002,11,0,134.0,1.5,0,0,0,0,0,0,3,0,0.0,0.0,0.0,0.0,0.0,Matches,,,,,,,,,,,,,,,,1.5,0,4,0,0.0,2.69,0.0,0.0,,0,0,,,,,,,,,,,,,,,0,,,,,,,,,,,,0,,,,,,,,,,,,,,,,,,,,,,,,,,0,,,,,,,,,,,0,,,,,,,,,,,,,,,,,,,,,,,,12,3.9,0,,0,11,12.0,2,0.82,1,5,-4,-2.69,-1.54,0,8,3,1,0,0,0,,,0,0,-6.00492258396173,1.896662478157522
Alisson,br BRA,GK,Liverpool,31,1992,28,28,2508.0,27.9,0,0,0,0,0,0,0,0,0.0,0.0,0.0,0.0,0.0,Matches,29.0,1.04,106.0,74.0,72.6,18.0,7.0,3.0,10.0,35.7,1.0,1.0,0.0,0.0,0.0,27.9,0,0,0,,0.0,0.0,,,0,0,,,,,,,,,,,,,,,0,,,,,,,,,,,,0,,,,,,,,,,,,,,,,,,,,,,,,,,0,,,,,,,,,,,0,,,,,,,,,,,,,,,,,,,,,,,,90,73.3,28,90.0,27,0,,0,2.18,64,29,35,1.26,0.27,0,0,2,0,0,0,0,,,0,3,-0.5236620274916203,-3.2568489210081526
Alphonse Areola,fr FRA,GK,West Ham,31,1993,26,25,2260.0,25.1,0,0,0,0,0,0,0,0,0.0,0.0,0.0,0.0,0.0,Matches,41.0,1.63,121.0,80.0,66.1,5.0,7.0,13.0,5.0,20.0,0.0,0.0,0.0,0.0,,25.1,0,0,0,,0.0,0.0,,,0,0,,,,,,,,,,,,,,,0,,,,,,,,,,,,0,,,,,,,,,,,,,,,,,,,,,,,,,,2,,,,,,,,,,,0,,,,,,,,,,,,,,,,,,,,,,,,87,66.1,25,88.0,24,1,55.0,8,0.96,29,41,-12,-0.48,-0.17,0,0,0,0,0,0,2,,,1,0,-1.6842939724351684,-3.197543527862553
Altay Bayındır,tr TUR,GK,Manchester Utd,26,1998,4,4,360.0,4.0,0,0,0,0,0,0,0,0,0.0,0.0,0.0,0.0,0.0,Matches,10.0,2.5,18.0,8.0,44.4,1.0,0.0,3.0,1.0,25.0,0.0,0.0,0.0,0.0,,4.0,0,0,0,,0.0,0.0,,,0,0,,,,,,,,,,,,,,,0,,,,,,,,,,,,0,,,,,,,,,,,,,,,,,,,,,,,,,,0,,,,,,,,,,,0,,,,,,,,,,,,,,,,,,,,,,,,90,10.5,4,90.0,4,0,,27,0.75,6,10,-4,-1.0,-0.82,0,0,1,0,0,0,0,,,0,0,-5.541699090910459,-0.2646309628255453
Amad Diallo,ci CIV,"MF,FW",Manchester Utd,22,2002,26,20,1901.0,21.1,8,6,14,8,0,0,5,0,0.38,0.28,0.66,0.38,0.66,Matches,,,,,,,,,,,,,,,,21.1,8,47,17,36.2,2.23,0.8,0.17,0.47,0,0,,,,,,,,,,,,,,,6,,,,,,,,,,,,43,,,,,,,,,,,,,,,,,,,,,,,,,,31,,,,,,,,,,,10,,,,,,,,,,,,,,,,,,,,,,,,73,55.6,20,87.0,14,6,28.0,2,1.08,28,30,-2,-0.09,0.38,0,20,28,9,43,10,31,,,0,1,5.140740427882172,2.9498714057668405
Amadou Onana,be BEL,MF,Aston Villa,22,2001,26,20,1617.0,18.0,3,0,3,3,0,0,4,0,0.17,0.0,0.17,0.17,0.17,Matches,,,,,,,,,,,,,,,,18.0,3,17,6,35.3,0.95,0.33,0.18,0.5,0,0,,,,,,,,,,,,,,,0,,,,,,,,,,,,2,,,,,,,,,,,,,,,,,,,,,,,,,,29,,,,,,,,,,,26,,,,,,,,,,,,,,,,,,,,,,,,62,47.3,20,74.0,7,6,24.0,2,1.77,25,23,2,0.11,-0.14,0,32,30,0,2,26,29,,,0,3,0.7725959626015805,-0.9040670089960298
Andreas Pereira,br BRA,MF,Fulham,28,1996,33,25,2013.0,22.4,2,4,6,2,0,1,7,0,0.09,0.18,0.27,0.09,0.27,Matches,,,,,,,,,,,,,,,,22.4,2,39,9,23.1,1.74,0.4,0.05,0.22,0,1,,,,,,,,,,,,,,,4,,,,,,,,,,,,173,,,,,,,,,,,,,,,,,,,,,,,,,,12,,,,,,,,,,,9,,,,,,,,,,,,,,,,,,,,,,,,61,58.9,25,74.0,3,8,22.0,2,1.39,32,32,0,0.0,0.0,0,29,24,1,173,9,12,,,0,3,3.126201706172968,-0.020457021329365683
André Onana,cm CMR,GK,Manchester Utd,28,1996,34,34,3060.0,34.0,0,0,0,0,0,0,0,0,0.0,0.0,0.0,0.0,0.0,Matches,44.0,1.29,129.0,88.0,65.9,10.0,9.0,15.0,9.0,26.5,4.0,3.0,1.0,0.0,25.0,34.0,0,0,0,,0.0,0.0,,,0,0,,,,,,,,,,,,,,,0,,,,,,,,,,,,0,,,,,,,,,,,,,,,,,,,,,,,,,,2,,,,,,,,,,,0,,,,,,,,,,,,,,,,,,,,,,,,90,89.5,34,90.0,34,0,,0,1.15,38,44,-6,-0.18,0.82,0,0,2,0,0,0,2,,,0,3,-0.12944860816565448,-4.1611472030551
André,br BRA,MF,Wolves,23,2001,33,31,2472.0,27.5,0,0,0,0,0,0,7,0,0.0,0.0,0.0,0.0,0.0,Matches,,,,,,,,,,,,,,,,27.5,0,10,1,10.0,0.36,0.04,0.0,0.0,0,0,,,,,,,,,,,,,,,0,,,,,,,,,,,,0,,,,,,,,,,,,,,,,,,,,,,,,,,55,,,,,,,,,,,37,,,,,,,,,,,,,,,,,,,,,,,,75,72.3,31,80.0,14,2,3.0,2,1.15,39,46,-7,-0.25,0.5,0,36,34,0,0,37,55,,,0,3,1.6412112759863162,-5.77672227727007
Andrés García,es ESP,"DF,MF",Aston Villa,21,2003,7,5,318.0,3.5,0,0,0,0,0,0,0,0,0.0,0.0,0.0,0.0,0.0,Matches,,,,,,,,,,,,,,,,3.5,0,2,0,0.0,0.57,0.0,0.0,,0,0,,,,,,,,,,,,,,,0,,,,,,,,,,,,18,,,,,,,,,,,,,,,,,,,,,,,,,,5,,,,,,,,,,,2,,,,,,,,,,,,,,,,,,,,,,,,45,9.3,5,58.0,1,2,14.0,9,1.57,7,5,2,0.57,0.42,0,1,0,0,18,2,5,,,0,0,-5.067538664545903,0.5669079592212887
Andy Robertson,sct SCO,DF,Liverpool,30,1994,33,29,2482.0,27.6,0,1,1,0,0,0,3,1,0.0,0.04,0.04,0.0,0.04,Matches,,,,,,,,,,,,,,,,27.6,0,15,3,20.0,0.54,0.11,0.0,0.0,0,0,,,,,,,,,,,,,,,1,,,,,,,,,,,,145,,,,,,,,,,,,,,,,,,,,,,,,,,21,,,,,,,,,,,21,,,,,,,,,,,,,,,,,,,,,,,,75,72.6,29,82.0,16,4,29.0,5,2.27,70,31,39,1.41,0.84,0,11,8,3,145,21,21,,,1,3,2.2105829421434318,-3.7998543094713155
Andy Irving,sct SCO,MF,West Ham,24,2000,10,1,166.0,1.8,0,0,0,0,0,0,2,0,0.0,0.0,0.0,0.0,0.0,Matches,,,,,,,,,,,,,,,,1.8,0,4,2,50.0,2.17,1.08,0.0,0.0,0,0,,,,,,,,,,,,,,,0,,,,,,,,,,,,2,,,,,,,,,,,,,,,,,,,,,,,,,,4,,,,,,,,,,,1,,,,,,,,,,,,,,,,,,,,,,,,17,4.9,1,76.0,0,9,10.0,15,1.1,1,4,-3,-1.63,-1.27,0,6,1,0,2,1,4,,,0,0,-5.353020608020205,1.8900146243241216
Anthony Gordon,eng ENG,"FW,MF",Newcastle,23,2001,34,28,2434.0,27.0,6,5,11,5,1,2,2,0,0.22,0.18,0.41,0.18,0.37,Matches,,,,,,,,,,,,,,,,27.0,6,59,19,32.2,2.18,0.7,0.1,0.32,1,2,,,,,,,,,,,,,,,5,,,,,,,,,,,,130,,,,,,,,,,,,,,,,,,,,,,,,,,17,,,,,,,,,,,6,,,,,,,,,,,,,,,,,,,,,,,,72,71.2,28,81.0,9,6,26.0,0,1.68,43,33,10,0.37,-0.63,0,20,71,8,130,6,17,,,0,1,6.467703973480253,2.212045338168939
Anthony Elanga,se SWE,"MF,FW",Nottingham,22,2002,38,31,2501.0,27.8,6,11,17,6,0,0,1,0,0.22,0.4,0.61,0.22,0.61,Matches,,,,,,,,,,,,,,,,27.8,6,44,24,54.5,1.58,0.86,0.14,0.25,0,0,,,,,,,,,,,,,,,11,,,,,,,,,,,,184,,,,,,,,,,,,,,,,,,,,,,,,,,15,,,,,,,,,,,6,,,,,,,,,,,,,,,,,,,,,,,,66,73.1,31,76.0,12,7,22.0,0,1.71,45,35,10,0.36,0.16,0,9,47,18,184,6,15,,,0,1,7.682308532129842,2.8831581488745126
Antoine Semenyo,gh GHA,MF,Bournemouth,24,2000,37,36,3203.0,35.6,11,5,16,11,0,0,9,0,0.31,0.14,0.45,0.31,0.45,Matches,,,,,,,,,,,,,,,,35.6,11,126,41,32.5,3.54,1.15,0.09,0.27,0,0,,,,,,,,,,,,,,,5,,,,,,,,,,,,58,,,,,,,,,,,,,,,,,,,,,,,,,,36,,,,,,,,,,,9,,,,,,,,,,,,,,,,,,,,,,,,87,93.7,36,88.0,28,1,26.0,0,1.43,53,41,12,0.34,0.34,0,72,37,14,58,9,36,,,0,1,9.950904558849128,1.133834871509541
Antonee Robinson,us USA,"DF,MF",Fulham,26,1997,36,35,3167.0,35.2,0,10,10,0,0,0,8,0,0.0,0.28,0.28,0.0,0.28,Matches,,,,,,,,,,,,,,,,35.2,0,16,2,12.5,0.45,0.06,0.0,0.0,0,0,,,,,,,,,,,,,,,10,,,,,,,,,,,,172,,,,,,,,,,,,,,,,,,,,,,,,,,57,,,,,,,,,,,57,,,,,,,,,,,,,,,,,,,,,,,,88,92.6,35,90.0,34,1,19.0,0,1.42,49,49,0,0.0,0.0,0,31,20,7,172,57,57,,,0,3,7.097656483655829,-5.846113420884904
Antony,br BRA,"FW,MF",Manchester Utd,24,2000,8,0,141.0,1.6,0,0,0,0,0,0,0,0,0.0,0.0,0.0,0.0,0.0,Matches,,,,,,,,,,,,,,,,1.6,0,6,3,50.0,3.83,1.91,0.0,0.0,0,0,,,,,,,,,,,,,,,0,,,,,,,,,,,,5,,,,,,,,,,,,,,,,,,,,,,,,,,3,,,,,,,,,,,2,,,,,,,,,,,,,,,,,,,,,,,,18,4.1,0,,0,8,18.0,11,0.88,5,2,3,1.91,2.27,0,2,5,0,5,2,3,,,0,0,-5.100827453238723,3.5518288644945235
Antonín Kinský,cz CZE,GK,Tottenham,21,2003,6,6,540.0,6.0,0,0,0,0,0,0,0,0,0.0,0.0,0.0,0.0,0.0,Matches,11.0,1.83,35.0,24.0,68.6,1.0,0.0,5.0,1.0,16.7,0.0,0.0,0.0,0.0,,6.0,0,0,0,,0.0,0.0,,,0,0,,,,,,,,,,,,,,,0,,,,,,,,,,,,0,,,,,,,,,,,,,,,,,,,,,,,,,,1,,,,,,,,,,,0,,,,,,,,,,,,,,,,,,,,,,,,90,15.8,6,90.0,6,0,,12,0.5,6,11,-5,-0.83,-0.96,0,0,0,0,0,0,1,,,0,0,-4.981884505241013,-0.5395739387353071
Archie Gray,eng ENG,"DF,MF",Tottenham,18,2006,28,19,1751.0,19.5,0,0,0,0,0,0,1,0,0.0,0.0,0.0,0.0,0.0,Matches,,,,,,,,,,,,,,,,19.5,0,1,1,100.0,0.05,0.05,0.0,0.0,0,0,,,,,,,,,,,,,,,0,,,,,,,,,,,,17,,,,,,,,,,,,,,,,,,,,,,,,,,9,,,,,,,,,,,18,,,,,,,,,,,,,,,,,,,,,,,,63,51.2,19,88.0,17,9,10.0,10,1.11,30,41,-11,-0.57,-1.1,0,17,11,0,17,18,9,,,1,3,-1.3763200948278025,-2.4785197405220463
Arijanet Muric,xk KVX,GK,Ipswich Town,25,1998,18,18,1620.0,18.0,0,0,0,0,0,0,1,0,0.0,0.0,0.0,0.0,0.0,Matches,33.0,1.83,103.0,70.0,68.0,2.0,6.0,10.0,1.0,5.6,3.0,3.0,0.0,0.0,0.0,18.0,0,0,0,,0.0,0.0,,,0,0,,,,,,,,,,,,,,,0,,,,,,,,,,,,0,,,,,,,,,,,,,,,,,,,,,,,,,,0,,,,,,,,,,,0,,,,,,,,,,,,,,,,,,,,,,,,90,47.4,18,90.0,18,0,,8,0.67,17,33,-16,-0.89,0.61,0,0,4,0,0,0,0,,,0,0,-2.8690357950590153,-2.234376794363471
Armando Broja,al ALB,FW,Everton,22,2001,10,4,334.0,3.7,0,0,0,0,0,0,1,0,0.0,0.0,0.0,0.0,0.0,Matches,,,,,,,,,,,,,,,,3.7,0,4,0,0.0,1.08,0.0,0.0,,0,0,,,,,,,,,,,,,,,0,,,,,,,,,,,,1,,,,,,,,,,,,,,,,,,,,,,,,,,1,,,,,,,,,,,1,,,,,,,,,,,,,,,,,,,,,,,,33,9.8,4,58.0,0,6,17.0,3,1.0,1,2,-1,-0.27,-0.24,0,6,4,3,1,1,1,,,0,0,-5.169775272200054,0.9044476908658933
Armel Bella Kotchap,de GER,DF,Southampton,22,2001,4,2,331.0,3.7,0,0,0,0,0,0,0,0,0.0,0.0,0.0,0.0,0.0,Matches,,,,,,,,,,,,,,,,3.7,0,1,0,0.0,0.27,0.0,0.0,,0,0,,,,,,,,,,,,,,,0,,,,,,,,,,,,0,,,,,,,,,,,,,,,,,,,,,,,,,,5,,,,,,,,,,,5,,,,,,,,,,,,,,,,,,,,,,,,83,9.7,2,90.0,2,2,76.0,8,0.0,2,13,-11,-2.99,-1.56,0,3,2,0,0,5,5,,,0,0,-5.281842141585111,-0.34275145271053276
Ashley Young,eng ENG,DF,Everton,39,1985,32,19,1875.0,20.8,1,3,4,1,0,0,7,1,0.05,0.14,0.19,0.05,0.19,Matches,,,,,,,,,,,,,,,,20.8,1,6,3,50.0,0.29,0.14,0.17,0.33,0,0,,,,,,,,,,,,,,,3,,,,,,,,,,,,75,,,,,,,,,,,,,,,,,,,,,,,,,,36,,,,,,,,,,,26,,,,,,,,,,,,,,,,,,,,,,,,59,54.8,19,85.0,14,13,20.0,4,1.34,21,22,-1,-0.05,0.01,0,30,22,0,75,26,36,,,0,3,1.6748167358970094,-2.325001835728286
Axel Disasi,fr FRA,DF,Aston Villa,26,1998,7,5,490.0,5.4,0,0,0,0,0,0,2,0,0.0,0.0,0.0,0.0,0.0,Matches,,,,,,,,,,,,,,,,5.4,0,2,0,0.0,0.37,0.0,0.0,,0,0,,,,,,,,,,,,,,,0,,,,,,,,,,,,1,,,,,,,,,,,,,,,,,,,,,,,,,,5,,,,,,,,,,,4,,,,,,,,,,,,,,,,,,,,,,,,70,14.3,5,90.0,5,2,20.0,4,1.57,8,9,-1,-0.18,-0.43,0,3,2,2,1,4,5,,,0,0,-4.419639305419111,-0.4250470008456705
Axel Disasi,fr FRA,DF,Chelsea,26,1998,6,4,364.0,4.0,1,0,1,1,0,0,1,0,0.25,0.0,0.25,0.25,0.25,Matches,,,,,,,,,,,,,,,,4.0,1,2,1,50.0,0.49,0.25,0.5,1.0,0,0,,,,,,,,,,,,,,,0,,,,,,,,,,,,0,,,,,,,,,,,,,,,,,,,,,,,,,,4,,,,,,,,,,,2,,,,,,,,,,,,,,,,,,,,,,,,61,10.6,4,79.0,2,2,24.0,9,2.17,5,3,2,0.49,-0.07,0,2,0,0,0,2,4,,,0,2,-3.2032635692054408,2.8211540574252196
Axel Tuanzebe,cd COD,DF,Ipswich Town,26,1997,22,20,1710.0,19.0,0,1,1,0,0,0,5,1,0.0,0.05,0.05,0.0,0.05,Matches,,,,,,,,,,,,,,,,19.0,0,4,0,0.0,0.21,0.0,0.0,,0,0,,,,,,,,,,,,,,,1,,,,,,,,,,,,10,,,,,,,,,,,,,,,,,,,,,,,,,,19,,,,,,,,,,,22,,,,,,,,,,,,,,,,,,,,,,,,78,50.0,20,84.0,12,2,14.0,0,0.64,17,37,-20,-1.05,0.32,1,17,12,0,10,22,19,,,1,3,-0.8483968071659381,-3.8395665103907763
Ayden Heaven,eng ENG,DF,Manchester Utd,17,2006,4,2,170.0,1.9,0,0,0,0,0,0,1,0,0.0,0.0,0.0,0.0,0.0,Matches,,,,,,,,,,,,,,,,1.9,0,2,0,0.0,1.06,0.0,0.0,,0,0,,,,,,,,,,,,,,,0,,,,,,,,,,,,0,,,,,,,,,,,,,,,,,,,,,,,,,,3,,,,,,,,,,,4,,,,,,,,,,,,,,,,,,,,,,,,43,5.0,2,58.0,0,2,28.0,4,1.75,1,1,0,0.0,0.28,0,4,4,0,0,4,3,,,0,0,-5.360380097592958,0.9056594350046888
Bart Verbruggen,nl NED,GK,Brighton,21,2002,36,36,3240.0,36.0,0,1,1,0,0,0,5,0,0.0,0.03,0.03,0.0,0.03,Matches,58.0,1.61,140.0,89.0,58.6,14.0,13.0,9.0,7.0,19.4,9.0,9.0,0.0,0.0,0.0,36.0,0,0,0,,0.0,0.0,,,0,0,,,,,,,,,,,,,,,1,,,,,,,,,,,,0,,,,,,,,,,,,,,,,,,,,,,,,,,0,,,,,,,,,,,0,,,,,,,,,,,,,,,,,,,,,,,,90,94.7,36,90.0,36,0,,0,1.53,61,58,3,0.08,-1.92,0,0,2,0,0,0,0,,,0,3,0.8995458210572377,-4.5668230169020685
Ben Mee,eng ENG,DF,Brentford,34,1989,7,2,183.0,2.0,0,0,0,0,0,0,2,0,0.0,0.0,0.0,0.0,0.0,Matches,,,,,,,,,,,,,,,,2.0,0,0,0,,0.0,0.0,,,0,0,,,,,,,,,,,,,,,0,,,,,,,,,,,,0,,,,,,,,,,,,,,,,,,,,,,,,,,2,,,,,,,,,,,4,,,,,,,,,,,,,,,,,,,,,,,,26,5.4,2,84.0,1,5,3.0,28,1.86,1,4,-3,-1.48,-1.81,0,5,0,0,0,4,2,,,0,0,-6.004202990541235,0.3027818955548956
Ben Davies,wls WAL,DF,Tottenham,31,1993,17,14,1331.0,14.8,0,0,0,0,0,0,5,0,0.0,0.0,0.0,0.0,0.0,Matches,,,,,,,,,,,,,,,,14.8,0,5,1,20.0,0.34,0.07,0.0,0.0,0,0,,,,,,,,,,,,,,,0,,,,,,,,,,,,4,,,,,,,,,,,,,,,,,,,,,,,,,,11,,,,,,,,,,,12,,,,,,,,,,,,,,,,,,,,,,,,78,38.9,14,88.0,13,3,33.0,7,1.0,22,26,-4,-0.27,-0.4,0,17,7,0,4,12,11,,,0,0,-2.3040595259988237,-2.270600984419381
Ben Chilwell,eng ENG,MF,Crystal Palace,27,1996,8,1,259.0,2.9,1,0,1,1,0,0,1,0,0.35,0.0,0.35,0.35,0.35,Matches,,,,,,,,,,,,,,,,2.9,1,5,3,60.0,1.74,1.04,0.2,0.33,0,0,,,,,,,,,,,,,,,0,,,,,,,,,,,,7,,,,,,,,,,,,,,,,,,,,,,,,,,6,,,,,,,,,,,6,,,,,,,,,,,,,,,,,,,,,,,,32,7.6,1,90.0,1,7,24.0,4,2.0,6,4,2,0.69,0.75,0,2,3,2,7,6,6,,,0,2,-3.0354398622772236,3.59114714396574
Ben Godfrey,eng ENG,DF,Ipswich Town,26,1998,3,2,159.0,1.8,0,0,0,0,0,0,1,0,0.0,0.0,0.0,0.0,0.0,Matches,,,,,,,,,,,,,,,,1.8,0,0,0,,0.0,0.0,,,0,0,,,,,,,,,,,,,,,0,,,,,,,,,,,,0,,,,,,,,,,,,,,,,,,,,,,,,,,0,,,,,,,,,,,2,,,,,,,,,,,,,,,,,,,,,,,,53,4.6,2,54.0,0,1,51.0,8,0.0,1,10,-9,-5.09,-4.07,0,1,0,0,0,2,0,,,0,0,-6.274339721364311,0.2080077842476248
Ben White,eng ENG,DF,Arsenal,26,1997,17,13,1198.0,13.3,0,2,2,0,0,0,2,0,0.0,0.15,0.15,0.0,0.15,Matches,,,,,,,,,,,,,,,,13.3,0,9,2,22.2,0.68,0.15,0.0,0.0,0,0,,,,,,,,,,,,,,,2,,,,,,,,,,,,17,,,,,,,,,,,,,,,,,,,,,,,,,,15,,,,,,,,,,,16,,,,,,,,,,,,,,,,,,,,,,,,70,35.0,13,86.0,10,4,19.0,3,1.47,20,13,7,0.53,-0.61,0,10,5,1,17,16,15,,,0,0,-1.7079695021795571,-1.0222069860722927
Ben Brereton Díaz,cl CHI,"FW,MF",Southampton,25,1999,10,4,449.0,5.0,0,0,0,0,0,0,1,0,0.0,0.0,0.0,0.0,0.0,Matches,,,,,,,,,,,,,,,,5.0,0,11,1,9.1,2.2,0.2,0.0,0.0,0,0,,,,,,,,,,,,,,,0,,,,,,,,,,,,5,,,,,,,,,,,,,,,,,,,,,,,,,,2,,,,,,,,,,,0,,,,,,,,,,,,,,,,,,,,,,,,45,13.1,4,78.0,2,6,23.0,4,0.2,2,10,-8,-1.6,-0.03,0,4,8,1,5,0,2,,,0,0,-4.79015728476362,0.6876824004178103
Ben Johnson,eng ENG,"MF,DF",Ipswich Town,24,2000,23,14,1354.0,15.0,1,2,3,1,0,0,5,1,0.07,0.13,0.2,0.07,0.2,Matches,,,,,,,,,,,,,,,,15.0,1,7,3,42.9,0.47,0.2,0.14,0.33,0,0,,,,,,,,,,,,,,,2,,,,,,,,,,,,37,,,,,,,,,,,,,,,,,,,,,,,,,,20,,,,,,,,,,,13,,,,,,,,,,,,,,,,,,,,,,,,59,39.6,14,85.0,10,9,19.0,9,0.74,17,36,-19,-1.26,-0.09,1,27,6,1,37,13,20,,,0,3,-0.3912218471972868,-1.0634814225166067
Benoît Badiashile,fr FRA,DF,Chelsea,23,2001,5,3,334.0,3.7,0,0,0,0,0,0,0,0,0.0,0.0,0.0,0.0,0.0,Matches,,,,,,,,,,,,,,,,3.7,0,0,0,,0.0,0.0,,,0,0,,,,,,,,,,,,,,,0,,,,,,,,,,,,1,,,,,,,,,,,,,,,,,,,,,,,,,,6,,,,,,,,,,,6,,,,,,,,,,,,,,,,,,,,,,,,67,9.8,3,88.0,2,2,35.0,17,1.8,7,5,2,0.54,-0.02,0,6,2,0,1,6,6,,,0,0,-5.010293084224155,-0.031278189055819666
Bernardo Silva,pt POR,MF,Manchester City,29,1994,33,29,2670.0,29.7,4,4,8,4,0,0,7,0,0.13,0.13,0.27,0.13,0.27,Matches,,,,,,,,,,,,,,,,29.7,4,32,12,37.5,1.08,0.4,0.13,0.33,0,0,,,,,,,,,,,,,,,4,,,,,,,,,,,,60,,,,,,,,,,,,,,,,,,,,,,,,,,35,,,,,,,,,,,21,,,,,,,,,,,,,,,,,,,,,,,,81,78.1,29,90.0,28,4,15.0,5,1.79,49,36,13,0.44,-1.36,0,27,31,3,60,21,35,,,0,3,4.675556611898576,-2.1299314869375636
Bernd Leno,de GER,GK,Fulham,32,1992,38,38,3420.0,38.0,0,1,1,0,0,0,5,0,0.0,0.03,0.03,0.0,0.03,Matches,54.0,1.42,158.0,107.0,65.8,15.0,9.0,14.0,5.0,13.2,4.0,3.0,1.0,0.0,25.0,38.0,0,0,0,,0.0,0.0,,,0,0,,,,,,,,,,,,,,,1,,,,,,,,,,,,0,,,,,,,,,,,,,,,,,,,,,,,,,,2,,,,,,,,,,,0,,,,,,,,,,,,,,,,,,,,,,,,90,100.0,38,90.0,38,0,,0,1.42,54,54,0,0.0,,0,0,4,0,0,0,2,,,0,3,1.1747544262063623,-4.904229171133512
Beto,gw GNB,FW,Everton,26,1998,30,15,1534.0,17.0,8,0,8,8,0,0,2,0,0.47,0.0,0.47,0.47,0.47,Matches,,,,,,,,,,,,,,,,17.0,8,49,23,46.9,2.87,1.35,0.16,0.35,0,0,,,,,,,,,,,,,,,0,,,,,,,,,,,,4,,,,,,,,,,,,,,,,,,,,,,,,,,7,,,,,,,,,,,4,,,,,,,,,,,,,,,,,,,,,,,,51,44.9,15,82.0,6,15,20.0,8,1.07,23,24,-1,-0.06,-0.01,0,33,23,16,4,4,7,,,0,2,2.417462786962078,4.4747372169734545
Bilal El Khannouss,ma MAR,MF,Leicester City,20,2004,32,27,2182.0,24.2,2,3,5,2,0,0,4,0,0.08,0.12,0.21,0.08,0.21,Matches,,,,,,,,,,,,,,,,24.2,2,30,7,23.3,1.24,0.29,0.07,0.29,0,0,,,,,,,,,,,,,,,3,,,,,,,,,,,,89,,,,,,,,,,,,,,,,,,,,,,,,,,30,,,,,,,,,,,5,,,,,,,,,,,,,,,,,,,,,,,,68,63.8,27,78.0,8,5,16.0,3,0.63,17,54,-37,-1.53,-0.8,0,30,13,1,89,5,30,,,0,3,1.8073177283681006,-1.5111377867135931
Billy Gilmour,sct SCO,MF,Brighton,23,2001,2,1,98.0,1.1,0,0,0,0,0,0,0,0,0.0,0.0,0.0,0.0,0.0,Matches,,,,,,,,,,,,,,,,1.1,0,1,0,0.0,0.92,0.0,0.0,,0,0,,,,,,,,,,,,,,,0,,,,,,,,,,,,1,,,,,,,,,,,,,,,,,,,,,,,,,,4,,,,,,,,,,,0,,,,,,,,,,,,,,,,,,,,,,,,49,2.9,1,89.0,0,1,9.0,0,3.0,2,1,1,0.92,0.76,0,2,3,0,1,0,4,,,0,0,-5.153540334107345,0.7797792558543768
Bobby De Cordova-Reid,jm JAM,"MF,FW",Leicester City,31,1993,23,9,744.0,8.3,1,2,3,1,0,0,2,0,0.12,0.24,0.36,0.12,0.36,Matches,,,,,,,,,,,,,,,,8.3,1,7,3,42.9,0.85,0.36,0.14,0.33,0,0,,,,,,,,,,,,,,,2,,,,,,,,,,,,15,,,,,,,,,,,,,,,,,,,,,,,,,,3,,,,,,,,,,,1,,,,,,,,,,,,,,,,,,,,,,,,32,21.8,9,67.0,0,14,10.0,9,0.65,9,17,-8,-0.97,0.34,0,8,9,4,15,1,3,,,0,2,-2.3698259604463963,2.307845370013067
Boubacar Kamara,fr FRA,"MF,DF",Aston Villa,24,1999,26,20,1726.0,19.2,1,0,1,1,0,0,2,0,0.05,0.0,0.05,0.05,0.05,Matches,,,,,,,,,,,,,,,,19.2,1,10,3,30.0,0.52,0.16,0.1,0.33,0,0,,,,,,,,,,,,,,,0,,,,,,,,,,,,1,,,,,,,,,,,,,,,,,,,,,,,,,,23,,,,,,,,,,,16,,,,,,,,,,,,,,,,,,,,,,,,66,50.5,20,81.0,12,6,16.0,1,1.69,28,22,6,0.31,0.26,0,29,35,0,1,16,23,,,0,3,-0.2696892511822741,-1.9022895655135692
Boubakary Soumaré,fr FRA,MF,Leicester City,25,1999,31,25,2171.0,24.1,0,0,0,0,0,0,8,0,0.0,0.0,0.0,0.0,0.0,Matches,,,,,,,,,,,,,,,,24.1,0,7,0,0.0,0.29,0.0,0.0,,0,0,,,,,,,,,,,,,,,0,,,,,,,,,,,,10,,,,,,,,,,,,,,,,,,,,,,,,,,19,,,,,,,,,,,27,,,,,,,,,,,,,,,,,,,,,,,,70,63.5,25,83.0,19,6,15.0,4,0.65,17,52,-35,-1.45,-0.59,0,24,23,0,10,27,19,,,0,3,-0.3234296538768493,-4.498863318123549
Brajan Gruda,de GER,"MF,FW",Brighton,20,2004,21,8,687.0,7.6,1,4,5,1,0,0,0,0,0.13,0.52,0.66,0.13,0.66,Matches,,,,,,,,,,,,,,,,7.6,1,11,5,45.5,1.44,0.66,0.09,0.2,0,0,,,,,,,,,,,,,,,4,,,,,,,,,,,,29,,,,,,,,,,,,,,,,,,,,,,,,,,8,,,,,,,,,,,2,,,,,,,,,,,,,,,,,,,,,,,,33,20.1,8,64.0,0,13,14.0,7,1.38,14,15,-1,-0.13,-0.39,0,7,12,1,29,2,8,,,0,2,-1.2554805759878147,3.749034923530671
Brennan Johnson,wls WAL,"FW,MF",Tottenham,23,2001,33,24,2177.0,24.2,11,3,14,11,0,0,5,0,0.45,0.12,0.58,0.45,0.58,Matches,,,,,,,,,,,,,,,,24.2,11,54,20,37.0,2.23,0.83,0.2,0.55,0,0,,,,,,,,,,,,,,,3,,,,,,,,,,,,52,,,,,,,,,,,,,,,,,,,,,,,,,,23,,,,,,,,,,,4,,,,,,,,,,,,,,,,,,,,,,,,66,63.7,24,79.0,14,9,31.0,2,1.03,40,38,2,0.08,0.3,0,27,26,12,52,4,23,,,0,1,5.767346155034094,3.3484536992571154
Bruno Fernandes,pt POR,MF,Manchester Utd,29,1994,36,35,3018.0,33.5,8,10,18,5,3,3,5,2,0.24,0.3,0.54,0.15,0.45,Matches,,,,,,,,,,,,,,,,33.5,8,96,29,30.2,2.86,0.86,0.08,0.28,3,3,,,,,,,,,,,,,,,10,,,,,,,,,,,,185,,,,,,,,,,,,,,,,,,,,,,,,,,52,,,,,,,,,,,26,,,,,,,,,,,,,,,,,,,,,,,,84,88.2,35,85.0,28,1,32.0,1,1.17,41,43,-2,-0.06,1.73,1,32,40,2,185,26,52,,,0,1,11.93652965666349,1.0630339691459456
Bruno Guimarães,br BRA,MF,Newcastle,26,1997,38,38,3271.0,36.3,5,6,11,5,0,0,7,0,0.14,0.17,0.3,0.14,0.3,Matches,,,,,,,,,,,,,,,,36.3,5,45,15,33.3,1.24,0.41,0.11,0.33,0,0,,,,,,,,,,,,,,,6,,,,,,,,,,,,29,,,,,,,,,,,,,,,,,,,,,,,,,,47,,,,,,,,,,,28,,,,,,,,,,,,,,,,,,,,,,,,86,95.6,38,86.0,21,0,,0,1.74,67,44,23,0.63,1.84,0,65,107,2,29,28,47,,,0,3,8.096488161946894,-3.157650094336571
Bryan Mbeumo,cm CMR,"MF,FW",Brentford,24,1999,38,38,3414.0,37.9,20,7,27,15,5,6,3,0,0.53,0.18,0.71,0.4,0.58,Matches,,,,,,,,,,,,,,,,37.9,20,85,41,48.2,2.24,1.08,0.24,0.49,5,6,,,,,,,,,,,,,,,7,,,,,,,,,,,,200,,,,,,,,,,,,,,,,,,,,,,,,,,30,,,,,,,,,,,11,,,,,,,,,,,,,,,,,,,,,,,,90,99.8,38,90.0,35,0,,0,1.47,66,55,11,0.29,30.29,0,25,44,11,200,11,30,,,0,1,17.368154945972723,7.081007797136095
Bukayo Saka,eng ENG,"FW,MF",Arsenal,22,2001,25,20,1729.0,19.2,6,10,16,5,1,1,3,0,0.31,0.52,0.83,0.26,0.78,Matches,,,,,,,,,,,,,,,,19.2,6,67,23,34.3,3.49,1.2,0.09,0.26,1,1,,,,,,,,,,,,,,,10,,,,,,,,,,,,115,,,,,,,,,,,,,,,,,,,,,,,,,,15,,,,,,,,,,,3,,,,,,,,,,,,,,,,,,,,,,,,69,50.6,20,79.0,7,5,32.0,0,1.96,38,21,17,0.88,-0.07,0,15,39,7,115,3,15,,,0,1,6.556202797631727,5.335321776136728
Caleb Okoli,it ITA,DF,Leicester City,23,2001,19,12,1125.0,12.5,1,0,1,1,0,0,4,0,0.08,0.0,0.08,0.08,0.08,Matches,,,,,,,,,,,,,,,,12.5,1,4,2,50.0,0.32,0.16,0.25,0.5,0,0,,,,,,,,,,,,,,,0,,,,,,,,,,,,1,,,,,,,,,,,,,,,,,,,,,,,,,,14,,,,,,,,,,,15,,,,,,,,,,,,,,,,,,,,,,,,59,32.9,12,85.0,8,7,16.0,18,0.53,15,25,-10,-0.8,0.65,0,16,9,0,1,15,14,,,0,0,-2.154889410706761,-0.5065857935356298
Callum Wilson,eng ENG,FW,Newcastle,32,1992,18,2,370.0,4.1,0,0,0,0,0,0,1,0,0.0,0.0,0.0,0.0,0.0,Matches,,,,,,,,,,,,,,,,4.1,0,6,1,16.7,1.46,0.24,0.0,0.0,0,0,,,,,,,,,,,,,,,0,,,,,,,,,,,,2,,,,,,,,,,,,,,,,,,,,,,,,,,2,,,,,,,,,,,1,,,,,,,,,,,,,,,,,,,,,,,,21,10.8,2,66.0,0,16,15.0,0,1.5,4,7,-3,-0.73,-1.44,0,4,1,3,2,1,2,,,0,0,-4.933575865257634,1.1754119670650014
Callum Hudson-Odoi,eng ENG,MF,Nottingham,23,2000,31,25,2194.0,24.4,5,2,7,5,0,0,2,0,0.21,0.08,0.29,0.21,0.29,Matches,,,,,,,,,,,,,,,,24.4,5,37,17,45.9,1.52,0.7,0.14,0.29,0,0,,,,,,,,,,,,,,,2,,,,,,,,,,,,80,,,,,,,,,,,,,,,,,,,,,,,,,,16,,,,,,,,,,,13,,,,,,,,,,,,,,,,,,,,,,,,71,64.2,25,81.0,8,6,28.0,1,1.74,37,23,14,0.57,0.72,0,12,25,8,80,13,16,,,0,3,3.2146201218396366,0.8778375133700069
Calvin Bassey,ng NGA,DF,Fulham,24,1999,35,34,3074.0,34.2,1,0,1,1,0,0,7,0,0.03,0.0,0.03,0.03,0.03,Matches,,,,,,,,,,,,,,,,34.2,1,14,4,28.6,0.41,0.12,0.07,0.25,0,0,,,,,,,,,,,,,,,0,,,,,,,,,,,,9,,,,,,,,,,,,,,,,,,,,,,,,,,33,,,,,,,,,,,19,,,,,,,,,,,,,,,,,,,,,,,,88,89.9,34,90.0,34,1,14.0,2,1.51,49,47,2,0.06,0.58,0,26,31,2,9,19,33,,,0,3,2.7150989427861454,-4.973446586259179
Cameron Burgess,au AUS,DF,Ipswich Town,28,1995,18,16,1541.0,17.1,0,2,2,0,0,0,0,0,0.0,0.12,0.12,0.0,0.12,Matches,,,,,,,,,,,,,,,,17.1,0,10,3,30.0,0.58,0.18,0.0,0.0,0,0,,,,,,,,,,,,,,,2,,,,,,,,,,,,0,,,,,,,,,,,,,,,,,,,,,,,,,,13,,,,,,,,,,,10,,,,,,,,,,,,,,,,,,,,,,,,86,45.1,16,90.0,16,2,51.0,5,0.72,19,37,-18,-1.05,0.29,0,6,4,1,0,10,13,,,0,0,-1.5540316544669073,-1.6529813054758564
Cameron Archer,eng ENG,FW,Southampton,23,2001,35,13,1441.0,16.0,2,0,2,2,0,1,0,0,0.12,0.0,0.12,0.12,0.12,Matches,,,,,,,,,,,,,,,,16.0,2,29,11,37.9,1.81,0.69,0.07,0.18,0,1,,,,,,,,,,,,,,,0,,,,,,,,,,,,4,,,,,,,,,,,,,,,,,,,,,,,,,,9,,,,,,,,,,,1,,,,,,,,,,,,,,,,,,,,,,,,41,42.1,13,71.0,0,22,24.0,2,0.26,10,34,-24,-1.5,0.14,0,16,13,8,4,1,9,,,0,2,-1.083104097156029,1.6722328020834452
Caoimhín Kelleher,ie IRL,GK,Liverpool,25,1998,10,10,900.0,10.0,0,0,0,0,0,0,0,0,0.0,0.0,0.0,0.0,0.0,Matches,12.0,1.2,37.0,24.0,67.6,7.0,2.0,1.0,4.0,40.0,1.0,0.0,1.0,0.0,100.0,10.0,0,0,0,,0.0,0.0,,,0,0,,,,,,,,,,,,,,,0,,,,,,,,,,,,0,,,,,,,,,,,,,,,,,,,,,,,,,,0,,,,,,,,,,,0,,,,,,,,,,,,,,,,,,,,,,,,90,26.3,10,90.0,10,0,,27,2.3,22,12,10,1.0,-0.25,0,0,3,0,0,0,0,,,0,0,-4.180783605560708,-0.7757543758108698
Carlos Soler,es ESP,MF,West Ham,27,1997,31,14,1409.0,15.7,1,1,2,1,0,0,6,0,0.06,0.06,0.13,0.06,0.13,Matches,,,,,,,,,,,,,,,,15.7,1,25,9,36.0,1.6,0.57,0.04,0.11,0,0,,,,,,,,,,,,,,,1,,,,,,,,,,,,35,,,,,,,,,,,,,,,,,,,,,,,,,,11,,,,,,,,,,,8,,,,,,,,,,,,,,,,,,,,,,,,45,41.2,14,67.0,1,17,28.0,2,1.16,16,25,-9,-0.57,-0.26,0,26,19,0,35,8,11,,,0,0,-0.8733497110864626,0.1615907539611002
Carlos Alcaraz,ar ARG,MF,Everton,21,2002,15,7,764.0,8.5,2,3,5,2,0,0,4,0,0.24,0.35,0.59,0.24,0.59,Matches,,,,,,,,,,,,,,,,8.5,2,26,11,42.3,3.06,1.3,0.08,0.18,0,0,,,,,,,,,,,,,,,3,,,,,,,,,,,,11,,,,,,,,,,,,,,,,,,,,,,,,,,4,,,,,,,,,,,5,,,,,,,,,,,,,,,,,,,,,,,,51,22.3,7,84.0,2,8,22.0,0,1.47,12,9,3,0.35,0.52,0,13,12,1,11,5,4,,,0,2,-0.4490174195298151,3.950972086382082
Carlos Baleba,cm CMR,MF,Brighton,20,2004,34,31,2661.0,29.6,3,1,4,3,0,0,8,1,0.1,0.03,0.14,0.1,0.14,Matches,,,,,,,,,,,,,,,,29.6,3,44,11,25.0,1.49,0.37,0.07,0.27,0,0,,,,,,,,,,,,,,,1,,,,,,,,,,,,9,,,,,,,,,,,,,,,,,,,,,,,,,,44,,,,,,,,,,,49,,,,,,,,,,,,,,,,,,,,,,,,78,77.8,31,83.0,15,3,27.0,2,1.68,55,39,16,0.54,1.61,1,39,47,0,9,49,44,,,0,3,4.6236134925908745,-4.190282167769793
Carlos Forbs,pt POR,MF,Wolves,20,2004,10,1,239.0,2.7,0,0,0,0,0,0,2,0,0.0,0.0,0.0,0.0,0.0,Matches,,,,,,,,,,,,,,,,2.7,0,2,0,0.0,0.75,0.0,0.0,,0,0,,,,,,,,,,,,,,,0,,,,,,,,,,,,8,,,,,,,,,,,,,,,,,,,,,,,,,,4,,,,,,,,,,,1,,,,,,,,,,,,,,,,,,,,,,,,24,7.0,1,67.0,0,9,19.0,17,0.8,6,9,-3,-1.13,-0.79,0,2,1,0,8,1,4,,,0,0,-5.6957870044999295,0.8506859628577187
Casemiro,br BRA,MF,Manchester Utd,32,1992,24,18,1494.0,16.6,1,0,1,1,0,0,5,0,0.06,0.0,0.06,0.06,0.06,Matches,,,,,,,,,,,,,,,,16.6,1,32,10,31.3,1.93,0.6,0.03,0.1,0,0,,,,,,,,,,,,,,,0,,,,,,,,,,,,20,,,,,,,,,,,,,,,,,,,,,,,,,,52,,,,,,,,,,,15,,,,,,,,,,,,,,,,,,,,,,,,62,43.7,18,76.0,7,6,22.0,14,1.29,18,20,-2,-0.12,0.25,0,20,19,3,20,15,52,,,0,3,-0.17511343003662475,-1.5645948998283883
Charlie Taylor,eng ENG,DF,Southampton,30,1993,8,3,356.0,4.0,0,0,0,0,0,0,1,0,0.0,0.0,0.0,0.0,0.0,Matches,,,,,,,,,,,,,,,,4.0,0,0,0,,0.0,0.0,,,0,0,,,,,,,,,,,,,,,0,,,,,,,,,,,,9,,,,,,,,,,,,,,,,,,,,,,,,,,6,,,,,,,,,,,5,,,,,,,,,,,,,,,,,,,,,,,,45,10.4,3,90.0,3,5,17.0,6,0.13,3,12,-9,-2.28,-0.78,0,2,3,0,9,5,6,,,0,0,-5.184364839324465,-0.4061098155247932
Cheick Doucouré,ml MLI,MF,Crystal Palace,24,2000,13,4,452.0,5.0,0,0,0,0,0,0,1,0,0.0,0.0,0.0,0.0,0.0,Matches,,,,,,,,,,,,,,,,5.0,0,7,0,0.0,1.39,0.0,0.0,,0,0,,,,,,,,,,,,,,,0,,,,,,,,,,,,1,,,,,,,,,,,,,,,,,,,,,,,,,,9,,,,,,,,,,,11,,,,,,,,,,,,,,,,,,,,,,,,35,13.2,4,55.0,0,9,26.0,4,1.38,5,7,-2,-0.4,-0.46,0,7,7,0,1,11,9,,,0,0,-4.652320989321802,0.32875767558274205
Chidozie Obi-Martin,dk DEN,FW,Manchester Utd,16,2007,7,1,165.0,1.8,0,0,0,0,0,0,1,0,0.0,0.0,0.0,0.0,0.0,Matches,,,,,,,,,,,,,,,,1.8,0,5,1,20.0,2.73,0.55,0.0,0.0,0,0,,,,,,,,,,,,,,,0,,,,,,,,,,,,0,,,,,,,,,,,,,,,,,,,,,,,,,,1,,,,,,,,,,,0,,,,,,,,,,,,,,,,,,,,,,,,24,4.8,1,90.0,1,6,13.0,4,1.14,8,5,3,1.64,2.0,0,3,1,0,0,0,1,,,0,0,-4.892725496196115,1.7535133881730811
Chiedozie Ogbene,ie IRL,MF,Ipswich Town,27,1997,5,3,238.0,2.6,0,0,0,0,0,0,0,0,0.0,0.0,0.0,0.0,0.0,Matches,,,,,,,,,,,,,,,,2.6,0,0,0,,0.0,0.0,,,0,0,,,,,,,,,,,,,,,0,,,,,,,,,,,,4,,,,,,,,,,,,,,,,,,,,,,,,,,3,,,,,,,,,,,1,,,,,,,,,,,,,,,,,,,,,,,,48,7.0,3,63.0,0,2,25.0,2,0.6,4,3,1,0.38,1.71,0,2,7,1,4,1,3,,,0,0,-5.226127010028417,0.4731250047082387
Chris Wood,nz NZL,FW,Nottingham,32,1991,36,35,2959.0,32.9,20,3,23,17,3,3,1,0,0.61,0.09,0.7,0.52,0.61,Matches,,,,,,,,,,,,,,,,32.9,20,68,35,51.5,2.07,1.06,0.29,0.57,3,3,,,,,,,,,,,,,,,3,,,,,,,,,,,,1,,,,,,,,,,,,,,,,,,,,,,,,,,5,,,,,,,,,,,6,,,,,,,,,,,,,,,,,,,,,,,,82,86.5,35,84.0,14,1,28.0,0,1.72,52,37,15,0.46,1.04,0,25,24,28,1,6,5,,,0,1,11.110940786294785,7.180481248135907
Chris Richards,us USA,DF,Crystal Palace,24,2000,24,22,1922.0,21.4,1,0,1,1,0,0,4,1,0.05,0.0,0.05,0.05,0.05,Matches,,,,,,,,,,,,,,,,21.4,1,12,6,50.0,0.56,0.28,0.08,0.17,0,0,,,,,,,,,,,,,,,0,,,,,,,,,,,,5,,,,,,,,,,,,,,,,,,,,,,,,,,30,,,,,,,,,,,18,,,,,,,,,,,,,,,,,,,,,,,,80,56.2,22,87.0,18,2,6.0,5,1.54,30,31,-1,-0.05,-0.11,1,11,5,1,5,18,30,,,0,3,0.18567480815138868,-2.8697620686375993
Christian Eriksen,dk DEN,MF,Manchester Utd,32,1992,23,11,1061.0,11.8,1,2,3,0,1,1,4,0,0.08,0.17,0.25,0.0,0.17,Matches,,,,,,,,,,,,,,,,11.8,1,15,2,13.3,1.27,0.17,0.07,0.5,1,1,,,,,,,,,,,,,,,2,,,,,,,,,,,,84,,,,,,,,,,,,,,,,,,,,,,,,,,8,,,,,,,,,,,7,,,,,,,,,,,,,,,,,,,,,,,,46,31.0,11,80.0,5,12,15.0,12,1.13,17,16,1,0.08,0.5,0,8,3,0,84,7,8,,,0,0,-0.8773935372524623,1.184219911106503
Christian Nørgaard,dk DEN,MF,Brentford,30,1994,34,34,2819.0,31.3,5,4,9,5,0,0,8,1,0.16,0.13,0.29,0.16,0.29,Matches,,,,,,,,,,,,,,,,31.3,5,39,16,41.0,1.25,0.51,0.13,0.31,0,0,,,,,,,,,,,,,,,4,,,,,,,,,,,,18,,,,,,,,,,,,,,,,,,,,,,,,,,47,,,,,,,,,,,46,,,,,,,,,,,,,,,,,,,,,,,,83,82.4,34,83.0,22,0,,0,1.59,55,45,10,0.32,0.47,0,44,28,1,18,46,47,,,0,3,6.199353273552945,-3.4166145338586174
Christian Walton,eng ENG,GK,Ipswich Town,28,1995,7,7,630.0,7.0,0,0,0,0,0,0,0,0,0.0,0.0,0.0,0.0,0.0,Matches,19.0,2.71,39.0,20.0,51.3,1.0,1.0,5.0,1.0,14.3,2.0,2.0,0.0,0.0,0.0,7.0,0,0,0,,0.0,0.0,,,0,0,,,,,,,,,,,,,,,0,,,,,,,,,,,,0,,,,,,,,,,,,,,,,,,,,,,,,,,0,,,,,,,,,,,0,,,,,,,,,,,,,,,,,,,,,,,,90,18.4,7,90.0,7,0,,27,0.57,6,19,-13,-1.86,-0.79,0,0,1,0,0,0,0,,,0,0,-5.162813937058998,-0.7894616234610705
Christopher Nkunku,fr FRA,"MF,FW",Chelsea,26,1997,27,9,921.0,10.2,3,2,5,3,0,0,2,0,0.29,0.2,0.49,0.29,0.49,Matches,,,,,,,,,,,,,,,,10.2,3,25,12,48.0,2.44,1.17,0.12,0.25,0,0,,,,,,,,,,,,,,,2,,,,,,,,,,,,6,,,,,,,,,,,,,,,,,,,,,,,,,,8,,,,,,,,,,,7,,,,,,,,,,,,,,,,,,,,,,,,34,26.9,9,74.0,2,18,14.0,6,1.67,16,16,0,0.0,-0.76,0,16,11,3,6,7,8,,,0,2,-0.4123096614455277,3.7660823586533825
Cody Gakpo,nl NED,MF,Liverpool,25,1999,35,23,1935.0,21.5,10,4,14,10,0,0,5,0,0.47,0.19,0.65,0.47,0.65,Matches,,,,,,,,,,,,,,,,21.5,10,57,23,40.4,2.65,1.07,0.18,0.43,0,0,,,,,,,,,,,,,,,4,,,,,,,,,,,,73,,,,,,,,,,,,,,,,,,,,,,,,,,17,,,,,,,,,,,12,,,,,,,,,,,,,,,,,,,,,,,,55,56.6,23,73.0,6,12,21.0,0,2.2,45,25,20,0.93,-0.58,0,20,31,5,73,12,17,,,0,1,5.703484802208626,4.13397171613481
Cole Palmer,eng ENG,MF,Chelsea,22,2002,37,36,3191.0,35.5,15,8,23,11,4,5,7,0,0.42,0.23,0.65,0.31,0.54,Matches,,,,,,,,,,,,,,,,35.5,15,126,51,40.5,3.55,1.44,0.12,0.29,4,5,,,,,,,,,,,,,,,8,,,,,,,,,,,,145,,,,,,,,,,,,,,,,,,,,,,,,,,18,,,,,,,,,,,10,,,,,,,,,,,,,,,,,,,,,,,,86,93.3,36,88.0,26,1,32.0,0,1.86,63,41,22,0.62,1.01,0,15,60,7,145,10,18,,,0,1,14.24101023906792,6.215501524314402
Conor Coady,eng ENG,DF,Leicester City,31,1993,22,19,1714.0,19.0,1,0,1,1,0,0,3,0,0.05,0.0,0.05,0.05,0.05,Matches,,,,,,,,,,,,,,,,19.0,1,2,2,100.0,0.11,0.11,0.5,0.5,0,0,,,,,,,,,,,,,,,0,,,,,,,,,,,,0,,,,,,,,,,,,,,,,,,,,,,,,,,9,,,,,,,,,,,12,,,,,,,,,,,,,,,,,,,,,,,,78,50.1,19,89.0,16,3,7.0,13,0.73,16,42,-26,-1.37,-0.26,0,8,3,1,0,12,9,,,0,0,-1.0938518638438213,-1.2707263876980563
Conor Townsend,eng ENG,DF,Ipswich Town,31,1993,6,3,335.0,3.7,0,1,1,0,0,0,1,0,0.0,0.27,0.27,0.0,0.27,Matches,,,,,,,,,,,,,,,,3.7,0,1,0,0.0,0.27,0.0,0.0,,0,0,,,,,,,,,,,,,,,1,,,,,,,,,,,,12,,,,,,,,,,,,,,,,,,,,,,,,,,7,,,,,,,,,,,5,,,,,,,,,,,,,,,,,,,,,,,,56,9.8,3,87.0,2,3,25.0,26,0.83,5,6,-1,-0.27,1.04,0,2,4,0,12,5,7,,,0,0,-4.549610013458398,0.7901932234639669
Conor Chaplin,eng ENG,"MF,FW",Ipswich Town,27,1997,22,10,857.0,9.5,1,1,2,1,0,0,2,0,0.11,0.11,0.21,0.11,0.21,Matches,,,,,,,,,,,,,,,,9.5,1,16,4,25.0,1.68,0.42,0.06,0.25,0,0,,,,,,,,,,,,,,,1,,,,,,,,,,,,9,,,,,,,,,,,,,,,,,,,,,,,,,,5,,,,,,,,,,,3,,,,,,,,,,,,,,,,,,,,,,,,39,25.1,10,71.0,1,12,13.0,6,0.41,8,20,-12,-1.26,-0.07,0,11,7,0,9,3,5,,,0,0,-2.719763135092444,1.3513612874381848
Conor Bradley,nir NIR,DF,Liverpool,21,2003,19,7,754.0,8.4,0,2,2,0,0,0,4,0,0.0,0.24,0.24,0.0,0.24,Matches,,,,,,,,,,,,,,,,8.4,0,10,3,30.0,1.19,0.36,0.0,0.0,0,0,,,,,,,,,,,,,,,2,,,,,,,,,,,,7,,,,,,,,,,,,,,,,,,,,,,,,,,10,,,,,,,,,,,3,,,,,,,,,,,,,,,,,,,,,,,,40,22.0,7,68.0,1,12,23.0,6,1.84,13,10,3,0.36,-1.06,0,12,14,1,7,3,10,,,0,0,-2.7152030121484723,1.2243926029403183
Craig Dawson,eng ENG,DF,Wolves,34,1990,15,10,971.0,10.8,0,0,0,0,0,0,2,0,0.0,0.0,0.0,0.0,0.0,Matches,,,,,,,,,,,,,,,,10.8,0,5,1,20.0,0.46,0.09,0.0,0.0,0,0,,,,,,,,,,,,,,,0,,,,,,,,,,,,0,,,,,,,,,,,,,,,,,,,,,,,,,,4,,,,,,,,,,,10,,,,,,,,,,,,,,,,,,,,,,,,65,28.4,10,89.0,9,5,17.0,6,0.87,16,25,-9,-0.83,-0.61,0,6,5,2,0,10,4,,,2,0,-3.3649324852846996,-1.7418971011192457
Cristian Romero,ar ARG,DF,Tottenham,26,1998,18,18,1416.0,15.7,1,0,1,1,0,0,3,0,0.06,0.0,0.06,0.06,0.06,Matches,,,,,,,,,,,,,,,,15.7,1,16,8,50.0,1.02,0.51,0.06,0.13,0,0,,,,,,,,,,,,,,,0,,,,,,,,,,,,3,,,,,,,,,,,,,,,,,,,,,,,,,,29,,,,,,,,,,,15,,,,,,,,,,,,,,,,,,,,,,,,79,41.4,18,79.0,13,0,,3,1.11,27,22,5,0.32,0.59,0,14,12,2,3,15,29,,,0,3,-0.6931945890879729,-1.5136182690963287
Crysencio Summerville,nl NED,"MF,FW",West Ham,22,2001,19,7,786.0,8.7,1,1,2,1,0,0,2,0,0.11,0.11,0.23,0.11,0.23,Matches,,,,,,,,,,,,,,,,8.7,1,14,5,35.7,1.6,0.57,0.07,0.2,0,0,,,,,,,,,,,,,,,1,,,,,,,,,,,,21,,,,,,,,,,,,,,,,,,,,,,,,,,7,,,,,,,,,,,0,,,,,,,,,,,,,,,,,,,,,,,,41,23.0,7,67.0,1,12,26.0,1,1.05,13,20,-7,-0.8,-0.49,0,9,23,4,21,0,7,,,0,2,-2.2776324142062494,1.9050740247468636
Curtis Jones,eng ENG,"MF,DF",Liverpool,23,2001,33,19,1712.0,19.0,3,3,6,3,0,0,3,1,0.16,0.16,0.32,0.16,0.32,Matches,,,,,,,,,,,,,,,,19.0,3,34,13,38.2,1.79,0.68,0.09,0.23,0,0,,,,,,,,,,,,,,,3,,,,,,,,,,,,8,,,,,,,,,,,,,,,,,,,,,,,,,,22,,,,,,,,,,,7,,,,,,,,,,,,,,,,,,,,,,,,52,50.1,19,76.0,6,14,19.0,1,2.09,38,26,12,0.63,-1.11,1,18,25,1,8,7,22,,,0,2,1.750153025308166,0.8080948506645655
Daichi Kamada,jp JPN,MF,Crystal Palace,27,1996,34,15,1564.0,17.4,0,0,0,0,0,0,4,1,0.0,0.0,0.0,0.0,0.0,Matches,,,,,,,,,,,,,,,,17.4,0,20,4,20.0,1.15,0.23,0.0,0.0,0,0,,,,,,,,,,,,,,,0,,,,,,,,,,,,32,,,,,,,,,,,,,,,,,,,,,,,,,,29,,,,,,,,,,,18,,,,,,,,,,,,,,,,,,,,,,,,46,45.7,15,81.0,7,19,18.0,1,1.38,25,26,-1,-0.06,-0.11,0,28,21,2,32,18,29,,,0,3,-0.6783738814373826,-2.0993829714570817
Dan Burn,eng ENG,DF,Newcastle,32,1992,37,37,3330.0,37.0,1,1,2,1,0,0,11,0,0.03,0.03,0.05,0.03,0.05,Matches,,,,,,,,,,,,,,,,37.0,1,22,6,27.3,0.59,0.16,0.05,0.17,0,0,,,,,,,,,,,,,,,1,,,,,,,,,,,,3,,,,,,,,,,,,,,,,,,,,,,,,,,25,,,,,,,,,,,27,,,,,,,,,,,,,,,,,,,,,,,,90,97.4,37,90.0,37,0,,0,1.78,68,45,23,0.62,2.62,0,34,12,5,3,27,25,,,2,3,4.0056650035763015,-5.88081601021797
Dango Ouattara,bf BFA,"MF,FW",Bournemouth,22,2002,32,21,2005.0,22.3,7,4,11,7,0,0,3,0,0.31,0.18,0.49,0.31,0.49,Matches,,,,,,,,,,,,,,,,22.3,7,62,20,32.3,2.78,0.9,0.11,0.35,0,0,,,,,,,,,,,,,,,4,,,,,,,,,,,,88,,,,,,,,,,,,,,,,,,,,,,,,,,26,,,,,,,,,,,11,,,,,,,,,,,,,,,,,,,,,,,,63,58.6,21,81.0,7,11,27.0,0,1.56,33,22,11,0.49,0.43,0,16,19,13,88,11,26,,,0,1,4.675927912564731,2.854344014519565
Daniel Bentley,eng ENG,GK,Wolves,31,1993,2,2,180.0,2.0,0,0,0,0,0,0,0,0,0.0,0.0,0.0,0.0,0.0,Matches,4.0,2.0,12.0,8.0,66.7,1.0,0.0,1.0,1.0,50.0,0.0,0.0,0.0,0.0,,2.0,0,0,0,,0.0,0.0,,,0,0,,,,,,,,,,,,,,,0,,,,,,,,,,,,0,,,,,,,,,,,,,,,,,,,,,,,,,,0,,,,,,,,,,,0,,,,,,,,,,,,,,,,,,,,,,,,90,5.3,2,90.0,2,0,,16,1.5,3,4,-1,-0.5,-0.11,0,0,0,0,0,0,0,,,0,0,-5.546003511187695,-0.03332001781323156
Daniel Muñoz,co COL,MF,Crystal Palace,28,1996,37,37,3228.0,35.9,4,5,9,4,0,0,10,0,0.11,0.14,0.25,0.11,0.25,Matches,,,,,,,,,,,,,,,,35.9,4,37,18,48.6,1.03,0.5,0.11,0.22,0,0,,,,,,,,,,,,,,,5,,,,,,,,,,,,74,,,,,,,,,,,,,,,,,,,,,,,,,,77,,,,,,,,,,,43,,,,,,,,,,,,,,,,,,,,,,,,87,94.4,37,87.0,33,0,,0,1.43,48,46,2,0.06,0.99,0,56,19,15,74,43,77,,,0,3,7.94408812515141,-4.546649847630056
Daniel Jebbison,ca CAN,FW,Bournemouth,20,2003,16,0,119.0,1.3,1,0,1,1,0,0,1,0,0.76,0.0,0.76,0.76,0.76,Matches,,,,,,,,,,,,,,,,1.3,1,5,2,40.0,3.78,1.51,0.2,0.5,0,0,,,,,,,,,,,,,,,0,,,,,,,,,,,,3,,,,,,,,,,,,,,,,,,,,,,,,,,3,,,,,,,,,,,1,,,,,,,,,,,,,,,,,,,,,,,,7,3.5,0,,0,16,7.0,4,1.25,7,2,5,3.78,3.59,0,2,4,0,3,1,3,,,0,2,-2.5405968183789307,7.5810508831149965
Danilo Santos,br BRA,MF,Nottingham,23,2001,8,5,275.0,3.1,0,0,0,0,0,0,0,0,0.0,0.0,0.0,0.0,0.0,Matches,,,,,,,,,,,,,,,,3.1,0,0,0,,0.0,0.0,,,0,0,,,,,,,,,,,,,,,0,,,,,,,,,,,,3,,,,,,,,,,,,,,,,,,,,,,,,,,3,,,,,,,,,,,4,,,,,,,,,,,,,,,,,,,,,,,,34,8.0,5,47.0,0,3,13.0,6,2.13,8,4,4,1.31,1.08,0,2,0,0,3,4,3,,,0,0,-5.169310958623808,0.6876896033950293
Danny Welbeck,eng ENG,FW,Brighton,33,1990,30,24,2115.0,23.5,10,4,14,9,1,1,5,0,0.43,0.17,0.6,0.38,0.55,Matches,,,,,,,,,,,,,,,,23.5,10,60,24,40.0,2.55,1.02,0.17,0.42,1,1,,,,,,,,,,,,,,,4,,,,,,,,,,,,3,,,,,,,,,,,,,,,,,,,,,,,,,,16,,,,,,,,,,,5,,,,,,,,,,,,,,,,,,,,,,,,71,61.8,24,84.0,11,6,17.0,0,1.7,41,37,4,0.17,-0.04,0,11,23,4,3,5,16,,,0,1,5.5436168761489535,3.768573376649943
Danny Ings,eng ENG,FW,West Ham,32,1992,15,1,284.0,3.2,1,2,3,1,0,0,0,0,0.32,0.63,0.95,0.32,0.95,Matches,,,,,,,,,,,,,,,,3.2,1,14,5,35.7,4.44,1.58,0.07,0.2,0,0,,,,,,,,,,,,,,,2,,,,,,,,,,,,3,,,,,,,,,,,,,,,,,,,,,,,,,,2,,,,,,,,,,,1,,,,,,,,,,,,,,,,,,,,,,,,19,8.3,1,45.0,0,14,17.0,15,1.07,4,4,0,0.0,0.46,0,0,2,0,3,1,2,,,0,2,-2.3396741588816274,6.680779067496115
Danny Ward,wls WAL,GK,Leicester City,31,1993,2,1,135.0,1.5,0,0,0,0,0,0,0,0,0.0,0.0,0.0,0.0,0.0,Matches,6.0,4.0,10.0,4.0,40.0,0.0,0.0,1.0,0.0,0.0,0.0,0.0,0.0,0.0,,1.5,0,0,0,,0.0,0.0,,,0,0,,,,,,,,,,,,,,,0,,,,,,,,,,,,0,,,,,,,,,,,,,,,,,,,,,,,,,,0,,,,,,,,,,,0,,,,,,,,,,,,,,,,,,,,,,,,68,3.9,1,90.0,1,1,45.0,14,0.0,0,6,-6,-4.0,-2.88,0,0,0,0,0,0,0,,,0,0,-6.182561099142728,0.021135945601481708
Dara O'Shea,ie IRL,DF,Ipswich Town,25,1999,35,35,3122.0,34.7,0,2,2,0,0,0,6,0,0.0,0.06,0.06,0.0,0.06,Matches,,,,,,,,,,,,,,,,34.7,0,22,2,9.1,0.63,0.06,0.0,0.0,0,0,,,,,,,,,,,,,,,2,,,,,,,,,,,,8,,,,,,,,,,,,,,,,,,,,,,,,,,30,,,,,,,,,,,33,,,,,,,,,,,,,,,,,,,,,,,,89,91.3,35,89.0,34,0,,1,0.6,34,75,-41,-1.18,0.33,0,21,25,3,8,33,30,,,0,3,2.656707773567929,-6.02806641233888
Darwin Núñez,uy URU,FW,Liverpool,25,1999,30,8,1133.0,12.6,5,2,7,5,0,0,8,0,0.4,0.16,0.56,0.4,0.56,Matches,,,,,,,,,,,,,,,,12.6,5,34,13,38.2,2.7,1.03,0.15,0.38,0,0,,,,,,,,,,,,,,,2,,,,,,,,,,,,3,,,,,,,,,,,,,,,,,,,,,,,,,,18,,,,,,,,,,,4,,,,,,,,,,,,,,,,,,,,,,,,38,33.1,8,78.0,2,22,23.0,5,2.07,29,21,8,0.64,-0.82,0,27,14,12,3,4,18,,,0,2,1.6043948396292402,4.183350576898996
David Raya,es ESP,GK,Arsenal,28,1995,38,38,3420.0,38.0,0,0,0,0,0,0,3,0,0.0,0.0,0.0,0.0,0.0,Matches,34.0,0.89,120.0,86.0,71.7,20.0,14.0,4.0,13.0,34.2,3.0,3.0,0.0,0.0,0.0,38.0,0,0,0,,0.0,0.0,,,0,0,,,,,,,,,,,,,,,0,,,,,,,,,,,,0,,,,,,,,,,,,,,,,,,,,,,,,,,0,,,,,,,,,,,0,,,,,,,,,,,,,,,,,,,,,,,,90,100.0,38,90.0,38,0,,0,1.95,69,34,35,0.92,,0,1,10,0,0,0,0,,,0,3,1.106374236558075,-4.58656885305931
David Brooks,wls WAL,MF,Bournemouth,27,1997,29,9,960.0,10.7,2,0,2,2,0,0,3,0,0.19,0.0,0.19,0.19,0.19,Matches,,,,,,,,,,,,,,,,10.7,2,25,12,48.0,2.34,1.13,0.08,0.17,0,0,,,,,,,,,,,,,,,0,,,,,,,,,,,,51,,,,,,,,,,,,,,,,,,,,,,,,,,6,,,,,,,,,,,5,,,,,,,,,,,,,,,,,,,,,,,,33,28.1,9,67.0,0,20,18.0,7,1.41,23,12,11,1.03,0.99,0,11,18,0,51,5,6,,,0,2,-1.270395836095009,2.517545966592062
Dean Henderson,eng ENG,GK,Crystal Palace,27,1997,38,38,3420.0,38.0,0,0,0,0,0,0,3,0,0.0,0.0,0.0,0.0,0.0,Matches,51.0,1.34,152.0,102.0,66.4,13.0,14.0,11.0,11.0,28.9,2.0,1.0,1.0,0.0,50.0,38.0,0,1,0,0.0,0.03,0.0,0.0,,0,0,,,,,,,,,,,,,,,0,,,,,,,,,,,,0,,,,,,,,,,,,,,,,,,,,,,,,,,1,,,,,,,,,,,1,,,,,,,,,,,,,,,,,,,,,,,,90,100.0,38,90.0,38,0,,0,1.39,51,51,0,0.0,,0,0,2,0,0,1,1,,,0,3,0.7706204355201544,-4.838634382821563
Dean Huijsen,es ESP,DF,Bournemouth,19,2005,32,26,2427.0,27.0,3,2,5,3,0,0,10,0,0.11,0.07,0.19,0.11,0.19,Matches,,,,,,,,,,,,,,,,27.0,3,18,4,22.2,0.67,0.15,0.17,0.75,0,0,,,,,,,,,,,,,,,2,,,,,,,,,,,,13,,,,,,,,,,,,,,,,,,,,,,,,,,27,,,,,,,,,,,48,,,,,,,,,,,,,,,,,,,,,,,,76,71.0,26,90.0,26,6,15.0,6,1.5,42,31,11,0.41,0.32,0,31,10,2,13,48,27,,,0,3,3.2062061218831,-3.1793694585268444
Declan Rice,eng ENG,MF,Arsenal,25,1999,35,33,2825.0,31.4,4,7,11,4,0,0,7,1,0.13,0.22,0.35,0.13,0.35,Matches,,,,,,,,,,,,,,,,31.4,4,48,15,31.3,1.53,0.48,0.08,0.27,0,0,,,,,,,,,,,,,,,7,,,,,,,,,,,,161,,,,,,,,,,,,,,,,,,,,,,,,,,23,,,,,,,,,,,27,,,,,,,,,,,,,,,,,,,,,,,,81,82.6,33,84.0,23,2,23.0,1,1.91,56,28,28,0.89,-0.17,1,21,16,2,161,27,23,,,0,3,6.56596002827013,-1.6593170454789552
Dejan Kulusevski,se SWE,"MF,FW",Tottenham,24,2000,32,27,2389.0,26.5,7,4,11,7,0,0,3,0,0.26,0.15,0.41,0.26,0.41,Matches,,,,,,,,,,,,,,,,26.5,7,47,18,38.3,1.77,0.68,0.15,0.39,0,0,,,,,,,,,,,,,,,4,,,,,,,,,,,,84,,,,,,,,,,,,,,,,,,,,,,,,,,21,,,,,,,,,,,10,,,,,,,,,,,,,,,,,,,,,,,,75,69.9,27,84.0,22,5,24.0,0,1.06,50,41,9,0.34,1.21,0,48,38,5,84,10,21,,,0,1,5.591779299039008,0.6828362711571551
Destiny Udogie,it ITA,DF,Tottenham,21,2002,25,24,1924.0,21.4,0,1,1,0,0,0,2,0,0.0,0.05,0.05,0.0,0.05,Matches,,,,,,,,,,,,,,,,21.4,0,5,1,20.0,0.23,0.05,0.0,0.0,0,0,,,,,,,,,,,,,,,1,,,,,,,,,,,,19,,,,,,,,,,,,,,,,,,,,,,,,,,45,,,,,,,,,,,21,,,,,,,,,,,,,,,,,,,,,,,,77,56.3,24,80.0,14,1,4.0,5,1.12,36,35,1,0.05,0.17,0,28,38,3,19,21,45,,,1,3,0.49321354508752774,-3.93755725317172
Diego Carlos,br BRA,DF,Aston Villa,31,1993,10,8,830.0,9.2,0,0,0,0,0,0,1,0,0.0,0.0,0.0,0.0,0.0,Matches,,,,,,,,,,,,,,,,9.2,0,4,1,25.0,0.43,0.11,0.0,0.0,0,0,,,,,,,,,,,,,,,0,,,,,,,,,,,,0,,,,,,,,,,,,,,,,,,,,,,,,,,2,,,,,,,,,,,5,,,,,,,,,,,,,,,,,,,,,,,,83,24.3,8,90.0,8,2,55.0,7,1.3,14,15,-1,-0.11,-0.39,0,11,1,1,0,5,2,,,0,0,-3.7144560765111887,-0.7558620812126329
Diego Gómez,py PAR,MF,Brighton,21,2003,16,4,516.0,5.7,1,0,1,1,0,0,0,0,0.17,0.0,0.17,0.17,0.17,Matches,,,,,,,,,,,,,,,,5.7,1,9,3,33.3,1.57,0.52,0.11,0.33,0,0,,,,,,,,,,,,,,,0,,,,,,,,,,,,11,,,,,,,,,,,,,,,,,,,,,,,,,,13,,,,,,,,,,,7,,,,,,,,,,,,,,,,,,,,,,,,32,15.1,4,72.0,0,12,19.0,1,1.88,16,13,3,0.52,0.4,0,8,3,1,11,7,13,,,0,2,-3.006704322382002,2.006060315589499
Diogo Jota,pt POR,FW,Liverpool,27,1996,26,14,1196.0,13.3,6,3,9,6,0,0,2,0,0.45,0.23,0.68,0.45,0.68,Matches,,,,,,,,,,,,,,,,13.3,6,51,13,25.5,3.84,0.98,0.12,0.46,0,0,,,,,,,,,,,,,,,3,,,,,,,,,,,,8,,,,,,,,,,,,,,,,,,,,,,,,,,9,,,,,,,,,,,8,,,,,,,,,,,,,,,,,,,,,,,,46,35.0,14,67.0,2,12,22.0,3,2.12,28,12,16,1.2,0.03,0,23,14,1,8,8,9,,,0,2,1.9735645986468378,4.881987761394663
Diogo Dalot,pt POR,"MF,DF",Manchester Utd,25,1999,33,31,2814.0,31.3,0,3,3,0,0,0,5,0,0.0,0.1,0.1,0.0,0.1,Matches,,,,,,,,,,,,,,,,31.3,0,24,5,20.8,0.77,0.16,0.0,0.0,0,0,,,,,,,,,,,,,,,3,,,,,,,,,,,,64,,,,,,,,,,,,,,,,,,,,,,,,,,38,,,,,,,,,,,35,,,,,,,,,,,,,,,,,,,,,,,,85,82.3,31,89.0,30,2,29.0,0,1.15,34,45,-11,-0.35,-0.5,0,40,9,4,64,35,38,,,0,3,3.1030617245063365,-4.931654206706285
Djed Spence,eng ENG,DF,Tottenham,23,2000,25,19,1792.0,19.9,1,2,3,1,0,0,4,1,0.05,0.1,0.15,0.05,0.15,Matches,,,,,,,,,,,,,,,,19.9,1,10,3,30.0,0.5,0.15,0.1,0.33,0,0,,,,,,,,,,,,,,,2,,,,,,,,,,,,23,,,,,,,,,,,,,,,,,,,,,,,,,,33,,,,,,,,,,,21,,,,,,,,,,,,,,,,,,,,,,,,72,52.4,19,89.0,17,6,16.0,8,1.08,33,39,-6,-0.3,-0.58,1,21,23,2,23,21,33,,,1,3,0.9457217312268856,-2.8075312343493297
Dominic Calvert-Lewin,eng ENG,FW,Everton,27,1997,26,19,1609.0,17.9,3,1,4,3,0,0,2,0,0.17,0.06,0.22,0.17,0.22,Matches,,,,,,,,,,,,,,,,17.9,3,50,20,40.0,2.8,1.12,0.06,0.15,0,0,,,,,,,,,,,,,,,1,,,,,,,,,,,,6,,,,,,,,,,,,,,,,,,,,,,,,,,7,,,,,,,,,,,7,,,,,,,,,,,,,,,,,,,,,,,,62,47.0,19,77.0,8,7,20.0,0,1.27,17,18,-1,-0.06,-0.01,0,27,23,27,6,7,7,,,0,2,1.453041470220457,2.0518134812491615
Dominic Solanke,eng ENG,FW,Tottenham,26,1997,27,25,2201.0,24.5,9,3,12,8,1,1,0,0,0.37,0.12,0.49,0.33,0.45,Matches,,,,,,,,,,,,,,,,24.5,9,60,26,43.3,2.45,1.06,0.15,0.35,1,1,,,,,,,,,,,,,,,3,,,,,,,,,,,,4,,,,,,,,,,,,,,,,,,,,,,,,,,10,,,,,,,,,,,1,,,,,,,,,,,,,,,,,,,,,,,,82,64.4,25,86.0,18,2,21.0,1,0.89,45,43,2,0.08,0.3,0,36,36,5,4,1,10,,,1,1,5.279748608181161,2.901404924046865
Dominik Szoboszlai,hu HUN,MF,Liverpool,23,2000,36,29,2491.0,27.7,6,6,12,6,0,0,6,0,0.22,0.22,0.43,0.22,0.43,Matches,,,,,,,,,,,,,,,,27.7,6,67,23,34.3,2.42,0.83,0.09,0.26,0,0,,,,,,,,,,,,,,,6,,,,,,,,,,,,40,,,,,,,,,,,,,,,,,,,,,,,,,,23,,,,,,,,,,,9,,,,,,,,,,,,,,,,,,,,,,,,69,72.8,29,80.0,17,7,26.0,0,2.22,60,29,31,1.12,-0.24,0,44,24,4,40,9,23,,,0,1,5.906255571972993,1.0729373477975395
Donyell Malen,nl NED,MF,Aston Villa,25,1999,14,2,305.0,3.4,3,0,3,3,0,0,0,0,0.89,0.0,0.89,0.89,0.89,Matches,,,,,,,,,,,,,,,,3.4,3,15,9,60.0,4.43,2.66,0.2,0.33,0,0,,,,,,,,,,,,,,,0,,,,,,,,,,,,8,,,,,,,,,,,,,,,,,,,,,,,,,,4,,,,,,,,,,,0,,,,,,,,,,,,,,,,,,,,,,,,22,8.9,2,62.0,0,12,15.0,3,1.93,7,6,1,0.3,0.12,0,1,5,2,8,0,4,,,0,2,-1.0173553546858134,8.305473980900812
Dwight McNeil,eng ENG,MF,Everton,24,1999,21,15,1371.0,15.2,4,6,10,4,0,0,1,0,0.26,0.39,0.66,0.26,0.66,Matches,,,,,,,,,,,,,,,,15.2,4,24,10,41.7,1.58,0.66,0.17,0.4,0,0,,,,,,,,,,,,,,,6,,,,,,,,,,,,104,,,,,,,,,,,,,,,,,,,,,,,,,,8,,,,,,,,,,,6,,,,,,,,,,,,,,,,,,,,,,,,65,40.1,15,85.0,10,6,15.0,0,1.29,20,24,-4,-0.26,-0.35,0,6,18,1,104,6,8,,,0,2,2.253645239229752,3.0716084758622695
Eberechi Eze,eng ENG,MF,Crystal Palace,26,1998,34,31,2588.0,28.8,8,8,16,7,1,2,1,0,0.28,0.28,0.56,0.24,0.52,Matches,,,,,,,,,,,,,,,,28.8,8,102,29,28.4,3.55,1.01,0.08,0.28,1,2,,,,,,,,,,,,,,,8,,,,,,,,,,,,110,,,,,,,,,,,,,,,,,,,,,,,,,,21,,,,,,,,,,,10,,,,,,,,,,,,,,,,,,,,,,,,76,75.7,31,81.0,13,3,28.0,0,1.5,39,34,5,0.17,0.71,0,13,51,9,110,10,21,,,0,1,8.371216125941743,3.546868056615018
Eddie Nketiah,eng ENG,"FW,MF",Crystal Palace,25,1999,29,9,1034.0,11.5,3,1,4,3,0,0,6,1,0.26,0.09,0.35,0.26,0.35,Matches,,,,,,,,,,,,,,,,11.5,3,43,16,37.2,3.74,1.39,0.07,0.19,0,0,,,,,,,,,,,,,,,1,,,,,,,,,,,,5,,,,,,,,,,,,,,,,,,,,,,,,,,8,,,,,,,,,,,2,,,,,,,,,,,,,,,,,,,,,,,,36,30.2,9,77.0,2,20,17.0,2,1.52,15,17,-2,-0.17,-0.25,1,31,29,5,5,2,8,,,0,2,0.3417679143444602,3.119799343937909
Ederson Moraes,br BRA,GK,Manchester City,30,1993,26,26,2320.0,25.8,0,4,4,0,0,0,4,0,0.0,0.16,0.16,0.0,0.16,Matches,26.0,1.01,80.0,54.0,67.5,16.0,4.0,6.0,10.0,38.5,2.0,2.0,0.0,0.0,0.0,25.8,0,0,0,,0.0,0.0,,,0,0,,,,,,,,,,,,,,,4,,,,,,,,,,,,0,,,,,,,,,,,,,,,,,,,,,,,,,,0,,,,,,,,,,,1,,,,,,,,,,,,,,,,,,,,,,,,89,67.8,26,89.0,25,0,,4,2.0,49,26,23,0.89,0.48,0,1,0,0,0,1,0,,,0,3,0.05912262520138484,-2.3954510032053173
Edmond-Paris Maghoma,eng ENG,MF,Brentford,23,2001,8,0,119.0,1.3,0,0,0,0,0,0,0,0,0.0,0.0,0.0,0.0,0.0,Matches,,,,,,,,,,,,,,,,1.3,0,1,0,0.0,0.76,0.0,0.0,,0,0,,,,,,,,,,,,,,,0,,,,,,,,,,,,3,,,,,,,,,,,,,,,,,,,,,,,,,,1,,,,,,,,,,,1,,,,,,,,,,,,,,,,,,,,,,,,15,3.5,0,,0,8,15.0,15,1.25,3,1,2,1.51,1.32,0,2,4,0,3,1,1,,,0,0,-6.14586784499993,1.9131138550712148
Edson Álvarez,mx MEX,MF,West Ham,26,1997,28,20,1772.0,19.7,0,1,1,0,0,0,9,1,0.0,0.05,0.05,0.0,0.05,Matches,,,,,,,,,,,,,,,,19.7,0,12,1,8.3,0.61,0.05,0.0,0.0,0,0,,,,,,,,,,,,,,,1,,,,,,,,,,,,7,,,,,,,,,,,,,,,,,,,,,,,,,,26,,,,,,,,,,,18,,,,,,,,,,,,,,,,,,,,,,,,63,51.8,20,76.0,4,8,32.0,2,1.25,19,29,-10,-0.51,-0.18,1,42,18,4,7,18,26,,,0,3,-0.13436285989689792,-3.098321627037708
Elliot Anderson,eng ENG,MF,Nottingham,21,2002,37,33,2728.0,30.3,2,6,8,2,0,0,10,0,0.07,0.2,0.26,0.07,0.26,Matches,,,,,,,,,,,,,,,,30.3,2,40,7,17.5,1.32,0.23,0.05,0.29,0,0,,,,,,,,,,,,,,,6,,,,,,,,,,,,86,,,,,,,,,,,,,,,,,,,,,,,,,,55,,,,,,,,,,,29,,,,,,,,,,,,,,,,,,,,,,,,74,79.8,33,79.0,13,4,27.0,0,1.76,49,37,12,0.4,0.4,0,47,57,4,86,29,55,,,0,3,5.921289372289789,-3.2497578579635267
Emerson Palmieri,it ITA,"DF,MF",West Ham,29,1994,31,26,2113.0,23.5,2,1,3,2,0,0,5,0,0.09,0.04,0.13,0.09,0.13,Matches,,,,,,,,,,,,,,,,23.5,2,16,7,43.8,0.68,0.3,0.13,0.29,0,0,,,,,,,,,,,,,,,1,,,,,,,,,,,,62,,,,,,,,,,,,,,,,,,,,,,,,,,31,,,,,,,,,,,22,,,,,,,,,,,,,,,,,,,,,,,,68,61.8,26,77.0,7,5,24.0,4,1.16,32,41,-9,-0.38,0.1,0,25,13,0,62,22,31,,,0,3,1.5316786217665137,-2.2833389921678315
Emi Buendía,ar ARG,"FW,MF",Aston Villa,27,1996,12,0,98.0,1.1,0,0,0,0,0,0,1,0,0.0,0.0,0.0,0.0,0.0,Matches,,,,,,,,,,,,,,,,1.1,0,5,0,0.0,4.59,0.0,0.0,,0,0,,,,,,,,,,,,,,,0,,,,,,,,,,,,0,,,,,,,,,,,,,,,,,,,,,,,,,,5,,,,,,,,,,,0,,,,,,,,,,,,,,,,,,,,,,,,8,2.9,0,,0,12,8.0,11,2.0,0,2,-2,-1.84,-2.08,0,4,6,0,0,0,5,,,0,0,-6.028272740083959,2.428602589193336
Emil Krafth,se SWE,DF,Newcastle,29,1994,12,2,342.0,3.8,0,0,0,0,0,0,2,0,0.0,0.0,0.0,0.0,0.0,Matches,,,,,,,,,,,,,,,,3.8,0,1,0,0.0,0.26,0.0,0.0,,0,0,,,,,,,,,,,,,,,0,,,,,,,,,,,,2,,,,,,,,,,,,,,,,,,,,,,,,,,1,,,,,,,,,,,3,,,,,,,,,,,,,,,,,,,,,,,,29,10.0,2,90.0,2,10,16.0,14,1.92,5,2,3,0.79,0.26,0,5,2,0,2,3,1,,,0,0,-5.154800280101851,0.47619014878996885
Emile Smith Rowe,eng ENG,MF,Fulham,24,2000,34,25,2043.0,22.7,6,3,9,6,0,0,3,0,0.26,0.13,0.4,0.26,0.4,Matches,,,,,,,,,,,,,,,,22.7,6,37,11,29.7,1.63,0.48,0.16,0.55,0,0,,,,,,,,,,,,,,,3,,,,,,,,,,,,16,,,,,,,,,,,,,,,,,,,,,,,,,,18,,,,,,,,,,,11,,,,,,,,,,,,,,,,,,,,,,,,60,59.7,25,73.0,0,9,24.0,0,1.38,29,28,1,0.04,0.11,0,19,15,4,16,11,18,,,0,2,2.7082008536353364,1.536733366181497
Emiliano Martínez,ar ARG,GK,Aston Villa,31,1992,37,37,3194.0,35.5,0,0,0,0,0,0,5,1,0.0,0.0,0.0,0.0,0.0,Matches,47.0,1.32,146.0,99.0,67.8,18.0,9.0,10.0,8.0,21.6,2.0,1.0,1.0,0.0,50.0,35.5,0,0,0,,0.0,0.0,,,0,0,,,,,,,,,,,,,,,0,,,,,,,,,,,,0,,,,,,,,,,,,,,,,,,,,,,,,,,3,,,,,,,,,,,0,,,,,,,,,,,,,,,,,,,,,,,,86,93.4,37,86.0,34,0,,0,1.7,56,45,11,0.31,1.9,0,2,5,0,0,0,3,,,0,3,0.8928739422708114,-4.737093827324014
Emmanuel Agbadou,ci CIV,DF,Wolves,27,1997,16,16,1410.0,15.7,1,0,1,1,0,0,3,0,0.06,0.0,0.06,0.06,0.06,Matches,,,,,,,,,,,,,,,,15.7,1,7,2,28.6,0.45,0.13,0.14,0.5,0,0,,,,,,,,,,,,,,,0,,,,,,,,,,,,2,,,,,,,,,,,,,,,,,,,,,,,,,,19,,,,,,,,,,,12,,,,,,,,,,,,,,,,,,,,,,,,88,41.2,16,88.0,15,0,,0,1.44,20,22,-2,-0.13,0.45,0,8,4,1,2,12,19,,,0,0,-1.2990485980292046,-1.598916120589363
Enes Ünal,tr TUR,FW,Bournemouth,27,1997,17,2,345.0,3.8,2,1,3,2,0,0,2,0,0.52,0.26,0.78,0.52,0.78,Matches,,,,,,,,,,,,,,,,3.8,2,19,7,36.8,4.96,1.83,0.11,0.29,0,0,,,,,,,,,,,,,,,1,,,,,,,,,,,,4,,,,,,,,,,,,,,,,,,,,,,,,,,0,,,,,,,,,,,0,,,,,,,,,,,,,,,,,,,,,,,,20,10.1,2,62.0,0,15,15.0,0,1.65,6,3,3,0.78,0.52,0,6,9,2,4,0,0,,,0,2,-1.4691993545838955,6.790513846340471
Enzo Fernández,ar ARG,MF,Chelsea,23,2001,36,32,2947.0,32.7,6,7,13,6,0,0,8,0,0.18,0.21,0.4,0.18,0.4,Matches,,,,,,,,,,,,,,,,32.7,6,53,20,37.7,1.62,0.61,0.11,0.3,0,0,,,,,,,,,,,,,,,7,,,,,,,,,,,,111,,,,,,,,,,,,,,,,,,,,,,,,,,32,,,,,,,,,,,13,,,,,,,,,,,,,,,,,,,,,,,,82,86.2,32,89.0,26,4,25.0,0,1.75,56,37,19,0.58,0.2,0,52,54,2,111,13,32,,,0,1,7.553655140360391,-0.8120864021673799
Erling Haaland,no NOR,FW,Manchester City,24,2000,31,31,2736.0,30.4,22,3,25,19,3,4,2,0,0.72,0.1,0.82,0.62,0.72,Matches,,,,,,,,,,,,,,,,30.4,22,109,60,55.0,3.59,1.97,0.2,0.37,3,4,,,,,,,,,,,,,,,3,,,,,,,,,,,,3,,,,,,,,,,,,,,,,,,,,,,,,,,6,,,,,,,,,,,5,,,,,,,,,,,,,,,,,,,,,,,,88,80.0,31,88.0,25,0,,1,1.77,58,38,20,0.66,-0.39,0,24,13,4,3,5,6,,,0,1,11.95905088452069,8.81518049545024
Ethan Pinnock,jm JAM,DF,Brentford,31,1993,22,21,1913.0,21.3,2,0,2,2,0,0,2,0,0.09,0.0,0.09,0.09,0.09,Matches,,,,,,,,,,,,,,,,21.3,2,10,6,60.0,0.47,0.28,0.2,0.33,0,0,,,,,,,,,,,,,,,0,,,,,,,,,,,,9,,,,,,,,,,,,,,,,,,,,,,,,,,15,,,,,,,,,,,23,,,,,,,,,,,,,,,,,,,,,,,,87,55.9,21,90.0,20,1,31.0,9,1.5,40,35,5,0.24,0.0,0,8,4,0,9,23,15,,,1,3,0.23531271485453825,-2.1694740810942164
Ethan Nwaneri,eng ENG,"FW,MF",Arsenal,17,2007,26,11,895.0,9.9,4,2,6,4,0,0,1,0,0.4,0.2,0.6,0.4,0.6,Matches,,,,,,,,,,,,,,,,9.9,4,24,9,37.5,2.41,0.91,0.17,0.44,0,0,,,,,,,,,,,,,,,2,,,,,,,,,,,,54,,,,,,,,,,,,,,,,,,,,,,,,,,6,,,,,,,,,,,3,,,,,,,,,,,,,,,,,,,,,,,,34,26.2,11,65.0,1,15,12.0,10,1.85,16,4,12,1.21,0.39,0,10,5,6,54,3,6,,,0,2,0.12963393389734693,5.053335376792263
Evan Ferguson,ie IRL,FW,Brighton,19,2004,13,2,246.0,2.7,1,0,1,1,0,0,0,0,0.37,0.0,0.37,0.37,0.37,Matches,,,,,,,,,,,,,,,,2.7,1,7,2,28.6,2.56,0.73,0.14,0.5,0,0,,,,,,,,,,,,,,,0,,,,,,,,,,,,0,,,,,,,,,,,,,,,,,,,,,,,,,,3,,,,,,,,,,,0,,,,,,,,,,,,,,,,,,,,,,,,19,7.2,2,65.0,0,11,11.0,2,0.92,4,7,-3,-1.1,-1.38,0,3,1,0,0,0,3,,,0,2,-3.8185303394377863,4.019349202785595
Evan Ferguson,ie IRL,FW,West Ham,19,2004,8,1,156.0,1.7,0,0,0,0,0,0,0,0,0.0,0.0,0.0,0.0,0.0,Matches,,,,,,,,,,,,,,,,1.7,0,5,1,20.0,2.88,0.58,0.0,0.0,0,0,,,,,,,,,,,,,,,0,,,,,,,,,,,,0,,,,,,,,,,,,,,,,,,,,,,,,,,1,,,,,,,,,,,1,,,,,,,,,,,,,,,,,,,,,,,,20,4.6,1,45.0,0,7,16.0,4,1.13,0,2,-2,-1.15,-0.77,0,1,2,0,0,1,1,,,0,0,-5.617425268540696,2.100775281679181
Evanilson,br BRA,FW,Bournemouth,24,1999,31,28,2319.0,25.8,10,1,11,10,0,1,1,1,0.39,0.04,0.43,0.39,0.43,Matches,,,,,,,,,,,,,,,,25.8,10,73,32,43.8,2.83,1.24,0.14,0.31,0,1,,,,,,,,,,,,,,,1,,,,,,,,,,,,1,,,,,,,,,,,,,,,,,,,,,,,,,,9,,,,,,,,,,,2,,,,,,,,,,,,,,,,,,,,,,,,75,67.8,28,80.0,7,3,23.0,1,1.45,34,29,5,0.19,-0.38,0,37,53,20,1,2,9,,,0,1,5.678625056245578,3.650100779197783
Ezri Konsa,eng ENG,DF,Aston Villa,26,1997,34,33,2936.0,32.6,2,0,2,2,0,0,1,0,0.06,0.0,0.06,0.06,0.06,Matches,,,,,,,,,,,,,,,,32.6,2,11,5,45.5,0.34,0.15,0.18,0.4,0,0,,,,,,,,,,,,,,,0,,,,,,,,,,,,5,,,,,,,,,,,,,,,,,,,,,,,,,,20,,,,,,,,,,,24,,,,,,,,,,,,,,,,,,,,,,,,86,85.8,33,88.0,32,1,45.0,1,1.76,48,45,3,0.09,-0.65,0,9,47,1,5,24,20,,,0,3,2.482133310206076,-3.7109546154972235
Fabian Schär,ch SUI,DF,Newcastle,32,1991,34,33,2934.0,32.6,4,0,4,4,0,0,9,1,0.12,0.0,0.12,0.12,0.12,Matches,,,,,,,,,,,,,,,,32.6,4,40,11,27.5,1.23,0.34,0.1,0.36,0,0,,,,,,,,,,,,,,,0,,,,,,,,,,,,12,,,,,,,,,,,,,,,,,,,,,,,,,,20,,,,,,,,,,,43,,,,,,,,,,,,,,,,,,,,,,,,86,85.8,33,88.0,29,1,45.0,0,1.65,58,42,16,0.49,-0.44,0,35,16,4,12,43,20,,,0,3,4.3574500037924295,-4.016609109209077
Fabio Carvalho,pt POR,"FW,MF",Brentford,21,2002,19,3,455.0,5.1,2,1,3,2,0,0,1,0,0.4,0.2,0.59,0.4,0.59,Matches,,,,,,,,,,,,,,,,5.1,2,12,6,50.0,2.37,1.19,0.17,0.33,0,0,,,,,,,,,,,,,,,1,,,,,,,,,,,,10,,,,,,,,,,,,,,,,,,,,,,,,,,9,,,,,,,,,,,3,,,,,,,,,,,,,,,,,,,,,,,,24,13.3,3,81.0,0,16,13.0,6,1.47,9,14,-5,-0.99,-1.41,0,5,10,1,10,3,9,,,0,2,-1.9145081316382064,4.687193980397486
Facundo Buonanotte,ar ARG,"MF,FW",Leicester City,19,2004,31,14,1523.0,16.9,5,2,7,5,0,0,8,0,0.3,0.12,0.41,0.3,0.41,Matches,,,,,,,,,,,,,,,,16.9,5,36,12,33.3,2.13,0.71,0.14,0.42,0,0,,,,,,,,,,,,,,,2,,,,,,,,,,,,43,,,,,,,,,,,,,,,,,,,,,,,,,,33,,,,,,,,,,,13,,,,,,,,,,,,,,,,,,,,,,,,49,44.5,14,80.0,6,17,24.0,3,0.52,17,33,-16,-0.95,0.53,0,36,35,3,43,13,33,,,0,2,2.3290806229967775,1.4986339321106807
Federico Chiesa,it ITA,FW,Liverpool,26,1997,6,1,108.0,1.2,0,0,0,0,0,0,0,0,0.0,0.0,0.0,0.0,0.0,Matches,,,,,,,,,,,,,,,,1.2,0,5,2,40.0,4.17,1.67,0.0,0.0,0,0,,,,,,,,,,,,,,,0,,,,,,,,,,,,2,,,,,,,,,,,,,,,,,,,,,,,,,,0,,,,,,,,,,,0,,,,,,,,,,,,,,,,,,,,,,,,18,3.2,1,62.0,0,5,9.0,13,1.5,5,3,2,1.67,0.5,0,3,2,0,2,0,0,,,0,0,-5.071793572047694,2.9511345071609436
Ferdi Kadioglu,tr TUR,"DF,MF",Brighton,24,1999,6,5,385.0,4.3,1,0,1,1,0,0,1,0,0.23,0.0,0.23,0.23,0.23,Matches,,,,,,,,,,,,,,,,4.3,1,4,1,25.0,0.94,0.23,0.25,1.0,0,0,,,,,,,,,,,,,,,0,,,,,,,,,,,,9,,,,,,,,,,,,,,,,,,,,,,,,,,5,,,,,,,,,,,7,,,,,,,,,,,,,,,,,,,,,,,,64,11.3,5,72.0,1,1,23.0,1,1.33,5,8,-3,-0.7,-1.0,0,4,3,1,9,7,5,,,0,2,-3.1985765447953485,2.0050612349479677
Filip Jørgensen,dk DEN,GK,Chelsea,22,2002,6,6,540.0,6.0,0,0,0,0,0,0,0,0,0.0,0.0,0.0,0.0,0.0,Matches,9.0,1.5,29.0,20.0,69.0,3.0,0.0,3.0,1.0,16.7,1.0,1.0,0.0,0.0,0.0,6.0,0,0,0,,0.0,0.0,,,0,0,,,,,,,,,,,,,,,0,,,,,,,,,,,,0,,,,,,,,,,,,,,,,,,,,,,,,,,0,,,,,,,,,,,0,,,,,,,,,,,,,,,,,,,,,,,,90,15.8,6,90.0,6,0,,31,1.5,12,9,3,0.5,-0.06,0,1,1,0,0,0,0,,,0,0,-5.06562304740345,-0.2722572830007899
Flynn Downes,eng ENG,MF,Southampton,25,1999,27,25,2151.0,23.9,1,0,1,1,0,0,12,0,0.04,0.0,0.04,0.04,0.04,Matches,,,,,,,,,,,,,,,,23.9,1,10,3,30.0,0.42,0.13,0.1,0.33,0,0,,,,,,,,,,,,,,,0,,,,,,,,,,,,4,,,,,,,,,,,,,,,,,,,,,,,,,,27,,,,,,,,,,,31,,,,,,,,,,,,,,,,,,,,,,,,80,62.9,25,85.0,18,2,13.0,2,0.33,14,49,-35,-1.46,0.31,0,50,39,0,4,31,27,,,0,3,1.1457820362183284,-4.40852326865063
Fraser Forster,eng ENG,GK,Tottenham,36,1988,7,7,630.0,7.0,0,0,0,0,0,0,0,0,0.0,0.0,0.0,0.0,0.0,Matches,15.0,2.14,42.0,28.0,64.3,1.0,2.0,4.0,1.0,14.3,2.0,2.0,0.0,0.0,0.0,7.0,0,0,0,,0.0,0.0,,,0,0,,,,,,,,,,,,,,,0,,,,,,,,,,,,0,,,,,,,,,,,,,,,,,,,,,,,,,,0,,,,,,,,,,,0,,,,,,,,,,,,,,,,,,,,,,,,90,18.4,7,90.0,7,0,,11,0.71,14,15,-1,-0.14,-0.14,0,0,0,0,0,0,0,,,0,0,-4.595841932598753,-0.8895486483587421
Gabriel Jesus,br BRA,FW,Arsenal,27,1997,17,6,608.0,6.8,3,0,3,3,0,0,4,0,0.44,0.0,0.44,0.44,0.44,Matches,,,,,,,,,,,,,,,,6.8,3,20,8,40.0,2.96,1.18,0.15,0.38,0,0,,,,,,,,,,,,,,,0,,,,,,,,,,,,6,,,,,,,,,,,,,,,,,,,,,,,,,,6,,,,,,,,,,,5,,,,,,,,,,,,,,,,,,,,,,,,36,17.8,6,81.0,2,11,11.0,1,1.94,15,5,10,1.48,0.68,0,14,10,9,6,5,6,,,0,2,-0.8784479559444488,4.254392653233171
Gabriel Magalhães,br BRA,DF,Arsenal,26,1997,28,28,2363.0,26.3,3,1,4,3,0,0,4,0,0.11,0.04,0.15,0.11,0.15,Matches,,,,,,,,,,,,,,,,26.3,3,22,5,22.7,0.84,0.19,0.14,0.6,0,0,,,,,,,,,,,,,,,1,,,,,,,,,,,,9,,,,,,,,,,,,,,,,,,,,,,,,,,15,,,,,,,,,,,16,,,,,,,,,,,,,,,,,,,,,,,,84,69.1,28,84.0,25,0,,0,2.04,50,22,28,1.07,0.47,0,19,19,0,9,16,15,,,0,3,2.0452045797908456,-1.9321242462499826
Gabriel Martinelli,br BRA,"FW,MF",Arsenal,23,2001,33,25,2290.0,25.4,8,4,12,8,0,0,1,0,0.31,0.16,0.47,0.31,0.47,Matches,,,,,,,,,,,,,,,,25.4,8,56,25,44.6,2.2,0.98,0.14,0.32,0,0,,,,,,,,,,,,,,,4,,,,,,,,,,,,90,,,,,,,,,,,,,,,,,,,,,,,,,,15,,,,,,,,,,,4,,,,,,,,,,,,,,,,,,,,,,,,69,67.0,25,81.0,10,8,33.0,2,1.94,45,25,20,0.79,-0.41,0,16,21,8,90,4,15,,,0,1,5.0021886600906855,2.940113753440249
George Hirst,sct SCO,FW,Ipswich Town,25,1999,26,5,661.0,7.3,3,1,4,3,0,0,3,0,0.41,0.14,0.54,0.41,0.54,Matches,,,,,,,,,,,,,,,,7.3,3,14,7,50.0,1.91,0.95,0.21,0.43,0,0,,,,,,,,,,,,,,,1,,,,,,,,,,,,3,,,,,,,,,,,,,,,,,,,,,,,,,,3,,,,,,,,,,,2,,,,,,,,,,,,,,,,,,,,,,,,25,19.3,5,72.0,0,21,14.0,0,0.5,10,16,-6,-0.82,0.49,0,13,12,3,3,2,3,,,0,2,-1.2632183992773467,4.500882000968033
Georginio Rutter,fr FRA,"MF,FW",Brighton,22,2002,28,19,1656.0,18.4,5,3,8,5,0,0,2,0,0.27,0.16,0.43,0.27,0.43,Matches,,,,,,,,,,,,,,,,18.4,5,50,12,24.0,2.72,0.65,0.1,0.42,0,0,,,,,,,,,,,,,,,3,,,,,,,,,,,,9,,,,,,,,,,,,,,,,,,,,,,,,,,14,,,,,,,,,,,11,,,,,,,,,,,,,,,,,,,,,,,,59,48.4,19,76.0,3,9,24.0,0,1.57,32,29,3,0.16,-0.04,0,34,45,7,9,11,14,,,0,2,2.63400231411239,2.193274104955424
Gonçalo Guedes,pt POR,"MF,FW",Wolves,27,1996,29,10,995.0,11.1,2,4,6,2,0,0,1,0,0.18,0.36,0.54,0.18,0.54,Matches,,,,,,,,,,,,,,,,11.1,2,27,8,29.6,2.44,0.72,0.07,0.25,0,0,,,,,,,,,,,,,,,4,,,,,,,,,,,,22,,,,,,,,,,,,,,,,,,,,,,,,,,6,,,,,,,,,,,3,,,,,,,,,,,,,,,,,,,,,,,,34,29.1,10,67.0,1,19,17.0,4,0.93,16,25,-9,-0.81,-0.59,0,14,17,3,22,3,6,,,0,2,-0.3615587352991361,3.340151964067035
Guglielmo Vicario,it ITA,GK,Tottenham,27,1996,24,24,2160.0,24.0,0,0,0,0,0,0,1,0,0.0,0.0,0.0,0.0,0.0,Matches,37.0,1.54,105.0,68.0,64.8,9.0,3.0,12.0,4.0,16.7,1.0,1.0,0.0,0.0,0.0,24.0,0,0,0,,0.0,0.0,,,0,0,,,,,,,,,,,,,,,0,,,,,,,,,,,,0,,,,,,,,,,,,,,,,,,,,,,,,,,0,,,,,,,,,,,1,,,,,,,,,,,,,,,,,,,,,,,,90,63.2,24,90.0,24,0,,2,1.25,43,37,6,0.25,0.75,0,0,2,0,0,1,0,,,0,0,-1.4127684138561982,-3.004098412463284
Guido Rodríguez,ar ARG,MF,West Ham,30,1994,23,16,1149.0,12.8,0,1,1,0,0,0,6,0,0.0,0.08,0.08,0.0,0.08,Matches,,,,,,,,,,,,,,,,12.8,0,8,1,12.5,0.63,0.08,0.0,0.0,0,0,,,,,,,,,,,,,,,1,,,,,,,,,,,,5,,,,,,,,,,,,,,,,,,,,,,,,,,21,,,,,,,,,,,13,,,,,,,,,,,,,,,,,,,,,,,,50,33.6,16,69.0,3,7,5.0,13,1.43,18,19,-1,-0.08,0.52,0,18,12,2,5,13,21,,,0,0,-2.1073866585408076,-1.381550815613256
Hamza Choudhury,bd BAN,MF,Leicester City,26,1997,4,1,131.0,1.5,0,0,0,0,0,0,0,0,0.0,0.0,0.0,0.0,0.0,Matches,,,,,,,,,,,,,,,,1.5,0,0,0,,0.0,0.0,,,0,0,,,,,,,,,,,,,,,0,,,,,,,,,,,,5,,,,,,,,,,,,,,,,,,,,,,,,,,1,,,,,,,,,,,5,,,,,,,,,,,,,,,,,,,,,,,,33,3.8,1,58.0,0,3,24.0,11,0.25,0,5,-5,-3.44,-2.29,0,1,0,0,5,5,1,,,0,0,-6.268087103190083,0.48108840792588364
Harrison Reed,eng ENG,MF,Fulham,29,1995,12,0,108.0,1.2,0,0,0,0,0,0,2,0,0.0,0.0,0.0,0.0,0.0,Matches,,,,,,,,,,,,,,,,1.2,0,3,2,66.7,2.5,1.67,0.0,0.0,0,0,,,,,,,,,,,,,,,0,,,,,,,,,,,,6,,,,,,,,,,,,,,,,,,,,,,,,,,2,,,,,,,,,,,1,,,,,,,,,,,,,,,,,,,,,,,,9,3.2,0,,0,12,9.0,14,1.75,1,3,-2,-1.67,-1.72,0,6,2,0,6,1,2,,,0,0,-5.639969222978668,3.0787332305684902
Harry Maguire,eng ENG,DF,Manchester Utd,31,1993,27,19,1758.0,19.5,1,0,1,1,0,0,7,0,0.05,0.0,0.05,0.05,0.05,Matches,,,,,,,,,,,,,,,,19.5,1,15,7,46.7,0.77,0.36,0.07,0.14,0,0,,,,,,,,,,,,,,,0,,,,,,,,,,,,3,,,,,,,,,,,,,,,,,,,,,,,,,,16,,,,,,,,,,,37,,,,,,,,,,,,,,,,,,,,,,,,65,51.4,19,82.0,13,8,26.0,3,1.07,20,27,-7,-0.36,-0.2,0,18,11,3,3,37,16,,,0,3,-0.17288574161326128,-2.463633848126179
Harry Toffolo,eng ENG,DF,Nottingham,28,1995,4,1,137.0,1.5,0,0,0,0,0,0,1,0,0.0,0.0,0.0,0.0,0.0,Matches,,,,,,,,,,,,,,,,1.5,0,1,0,0.0,0.66,0.0,0.0,,0,0,,,,,,,,,,,,,,,0,,,,,,,,,,,,4,,,,,,,,,,,,,,,,,,,,,,,,,,3,,,,,,,,,,,1,,,,,,,,,,,,,,,,,,,,,,,,34,4.0,1,90.0,1,3,16.0,20,2.5,2,2,0,0.0,-0.33,0,1,0,0,4,1,3,,,0,0,-5.6925262490844615,0.7327142444803277
Harry Winks,eng ENG,MF,Leicester City,28,1996,22,17,1538.0,17.1,0,2,2,0,0,0,4,0,0.0,0.12,0.12,0.0,0.12,Matches,,,,,,,,,,,,,,,,17.1,0,10,4,40.0,0.59,0.23,0.0,0.0,0,0,,,,,,,,,,,,,,,2,,,,,,,,,,,,33,,,,,,,,,,,,,,,,,,,,,,,,,,10,,,,,,,,,,,8,,,,,,,,,,,,,,,,,,,,,,,,70,45.0,17,80.0,12,5,34.0,3,0.45,17,34,-17,-0.99,0.44,0,9,13,0,33,8,10,,,0,0,-1.2315949735601808,-1.417013472182203
Harry Wilson,wls WAL,"MF,FW",Fulham,27,1997,25,12,1162.0,12.9,6,1,7,6,0,0,2,0,0.46,0.08,0.54,0.46,0.54,Matches,,,,,,,,,,,,,,,,12.9,6,43,17,39.5,3.33,1.32,0.14,0.35,0,0,,,,,,,,,,,,,,,1,,,,,,,,,,,,41,,,,,,,,,,,,,,,,,,,,,,,,,,15,,,,,,,,,,,6,,,,,,,,,,,,,,,,,,,,,,,,46,34.0,12,77.0,1,13,18.0,3,1.28,23,21,2,0.15,0.23,0,12,22,1,41,6,15,,,0,2,1.420504238778859,4.295474997190709
Harry Clarke,eng ENG,DF,Ipswich Town,23,2001,7,4,379.0,4.2,0,0,0,0,0,0,3,1,0.0,0.0,0.0,0.0,0.0,Matches,,,,,,,,,,,,,,,,4.2,0,1,1,100.0,0.24,0.24,0.0,0.0,0,0,,,,,,,,,,,,,,,0,,,,,,,,,,,,5,,,,,,,,,,,,,,,,,,,,,,,,,,3,,,,,,,,,,,3,,,,,,,,,,,,,,,,,,,,,,,,54,11.1,4,85.0,3,3,14.0,5,0.43,4,9,-5,-1.19,0.03,1,5,1,0,5,3,3,,,0,0,-4.345633498522684,0.0944794030565914
Harry Amass,eng ENG,MF,Manchester Utd,17,2007,5,4,346.0,3.8,0,0,0,0,0,0,0,0,0.0,0.0,0.0,0.0,0.0,Matches,,,,,,,,,,,,,,,,3.8,0,3,0,0.0,0.78,0.0,0.0,,0,0,,,,,,,,,,,,,,,0,,,,,,,,,,,,9,,,,,,,,,,,,,,,,,,,,,,,,,,2,,,,,,,,,,,2,,,,,,,,,,,,,,,,,,,,,,,,69,10.1,4,81.0,3,1,22.0,8,0.6,5,9,-4,-1.04,-0.86,0,2,4,1,9,2,2,,,0,0,-5.066250796655075,0.16403531293954712
Harvey Barnes,eng ENG,"FW,MF",Newcastle,26,1997,33,17,1755.0,19.5,9,4,13,9,0,0,0,0,0.46,0.21,0.67,0.46,0.67,Matches,,,,,,,,,,,,,,,,19.5,9,63,21,33.3,3.23,1.08,0.14,0.43,0,0,,,,,,,,,,,,,,,4,,,,,,,,,,,,47,,,,,,,,,,,,,,,,,,,,,,,,,,9,,,,,,,,,,,6,,,,,,,,,,,,,,,,,,,,,,,,53,51.3,17,80.0,6,16,25.0,1,1.82,34,23,11,0.56,0.02,0,15,23,5,47,6,9,,,0,1,4.166873074451951,5.062961666435215
Harvey Elliott,eng ENG,MF,Liverpool,21,2003,18,2,371.0,4.1,1,2,3,1,0,0,1,0,0.24,0.49,0.73,0.24,0.73,Matches,,,,,,,,,,,,,,,,4.1,1,17,4,23.5,4.12,0.97,0.06,0.25,0,0,,,,,,,,,,,,,,,2,,,,,,,,,,,,12,,,,,,,,,,,,,,,,,,,,,,,,,,3,,,,,,,,,,,1,,,,,,,,,,,,,,,,,,,,,,,,21,10.8,2,79.0,1,16,13.0,12,2.06,11,6,5,1.21,0.03,0,0,1,1,12,1,3,,,0,2,-2.1374488087824663,5.337863684276768
Hwang Hee-chan,kr KOR,"MF,FW",Wolves,28,1996,21,5,661.0,7.3,2,0,2,2,0,0,0,0,0.27,0.0,0.27,0.27,0.27,Matches,,,,,,,,,,,,,,,,7.3,2,5,3,60.0,0.68,0.41,0.4,0.67,0,0,,,,,,,,,,,,,,,0,,,,,,,,,,,,7,,,,,,,,,,,,,,,,,,,,,,,,,,4,,,,,,,,,,,3,,,,,,,,,,,,,,,,,,,,,,,,31,19.3,5,69.0,1,16,20.0,8,0.86,8,19,-11,-1.5,-1.37,0,6,9,0,7,3,4,,,0,2,-2.8242585471675006,2.9069827700146447
Hákon Valdimarsson,is ISL,GK,Brentford,22,2001,2,1,145.0,1.6,0,0,0,0,0,0,0,0,0.0,0.0,0.0,0.0,0.0,Matches,2.0,1.24,5.0,3.0,60.0,0.0,0.0,1.0,1.0,100.0,0.0,0.0,0.0,0.0,,1.6,0,0,0,,0.0,0.0,,,0,0,,,,,,,,,,,,,,,0,,,,,,,,,,,,0,,,,,,,,,,,,,,,,,,,,,,,,,,0,,,,,,,,,,,0,,,,,,,,,,,,,,,,,,,,,,,,73,4.2,1,90.0,1,1,55.0,36,0.5,0,2,-2,-1.24,-1.54,0,0,0,0,0,0,0,,,0,0,-6.316944981690128,0.4974571509632297
Ian Maatsen,nl NED,DF,Aston Villa,22,2002,29,10,1139.0,12.7,1,2,3,1,0,0,2,0,0.08,0.16,0.24,0.08,0.24,Matches,,,,,,,,,,,,,,,,12.7,1,19,5,26.3,1.5,0.4,0.05,0.2,0,0,,,,,,,,,,,,,,,2,,,,,,,,,,,,51,,,,,,,,,,,,,,,,,,,,,,,,,,18,,,,,,,,,,,18,,,,,,,,,,,,,,,,,,,,,,,,39,33.3,10,78.0,6,19,19.0,8,1.76,23,16,7,0.55,0.55,0,11,9,3,51,18,18,,,0,2,-0.7640700683481242,0.8162881323846093
Ibrahim Sangaré,ci CIV,MF,Nottingham,26,1997,13,7,590.0,6.6,0,1,1,0,0,0,3,0,0.0,0.15,0.15,0.0,0.15,Matches,,,,,,,,,,,,,,,,6.6,0,1,1,100.0,0.15,0.15,0.0,0.0,0,0,,,,,,,,,,,,,,,1,,,,,,,,,,,,2,,,,,,,,,,,,,,,,,,,,,,,,,,13,,,,,,,,,,,7,,,,,,,,,,,,,,,,,,,,,,,,45,17.3,7,72.0,1,6,14.0,5,1.46,11,6,5,0.76,0.54,0,16,8,0,2,7,13,,,0,0,-3.1947415967559243,0.570663021110454
Ibrahima Konaté,fr FRA,DF,Liverpool,25,1999,31,30,2560.0,28.4,1,2,3,1,0,0,5,0,0.04,0.07,0.11,0.04,0.11,Matches,,,,,,,,,,,,,,,,28.4,1,19,4,21.1,0.67,0.14,0.05,0.25,0,0,,,,,,,,,,,,,,,2,,,,,,,,,,,,0,,,,,,,,,,,,,,,,,,,,,,,,,,28,,,,,,,,,,,19,,,,,,,,,,,,,,,,,,,,,,,,83,74.9,30,84.0,24,1,45.0,1,2.26,60,28,32,1.13,-0.24,0,27,20,0,0,19,28,,,0,3,2.2717861249197697,-3.302259726663148
Idrissa Gueye,sn SEN,MF,Everton,34,1989,37,35,3063.0,34.0,0,3,3,0,0,0,9,0,0.0,0.09,0.09,0.0,0.09,Matches,,,,,,,,,,,,,,,,34.0,0,27,5,18.5,0.79,0.15,0.0,0.0,0,0,,,,,,,,,,,,,,,3,,,,,,,,,,,,7,,,,,,,,,,,,,,,,,,,,,,,,,,76,,,,,,,,,,,46,,,,,,,,,,,,,,,,,,,,,,,,83,89.6,35,86.0,25,2,21.0,0,1.27,37,39,-2,-0.06,-0.06,0,55,46,0,7,46,76,,,0,3,4.538355587301837,-6.800943518797676
Igor,br BRA,DF,Brighton,26,1998,13,10,961.0,10.7,0,0,0,0,0,0,4,0,0.0,0.0,0.0,0.0,0.0,Matches,,,,,,,,,,,,,,,,10.7,0,1,0,0.0,0.09,0.0,0.0,,0,0,,,,,,,,,,,,,,,0,,,,,,,,,,,,4,,,,,,,,,,,,,,,,,,,,,,,,,,5,,,,,,,,,,,4,,,,,,,,,,,,,,,,,,,,,,,,74,28.1,10,84.0,8,3,39.0,10,1.54,17,17,0,0.0,-0.26,0,9,7,0,4,4,5,,,0,0,-3.532487300220623,-1.1951805725637126
Igor Thiago,br BRA,FW,Brentford,23,2001,8,1,175.0,1.9,0,0,0,0,0,0,0,0,0.0,0.0,0.0,0.0,0.0,Matches,,,,,,,,,,,,,,,,1.9,0,2,0,0.0,1.03,0.0,0.0,,0,0,,,,,,,,,,,,,,,0,,,,,,,,,,,,2,,,,,,,,,,,,,,,,,,,,,,,,,,3,,,,,,,,,,,1,,,,,,,,,,,,,,,,,,,,,,,,22,5.1,1,72.0,0,7,15.0,0,1.75,3,4,-1,-0.51,-0.79,0,3,3,1,2,1,3,,,0,0,-5.429377520547092,1.0207546483858003
Iliman Ndiaye,sn SEN,"MF,FW",Everton,24,2000,33,29,2430.0,27.0,9,0,9,7,2,2,3,0,0.33,0.0,0.33,0.26,0.26,Matches,,,,,,,,,,,,,,,,27.0,9,37,17,45.9,1.37,0.63,0.24,0.53,2,2,,,,,,,,,,,,,,,0,,,,,,,,,,,,37,,,,,,,,,,,,,,,,,,,,,,,,,,27,,,,,,,,,,,19,,,,,,,,,,,,,,,,,,,,,,,,74,71.1,29,80.0,14,4,29.0,0,1.24,32,24,8,0.3,1.21,0,24,52,5,37,19,27,,,0,1,5.662783307503658,1.6818848065470928
Illia Zabarnyi,ua UKR,DF,Bournemouth,21,2002,36,35,3109.0,34.5,0,1,1,0,0,0,4,1,0.0,0.03,0.03,0.0,0.03,Matches,,,,,,,,,,,,,,,,34.5,0,12,1,8.3,0.35,0.03,0.0,0.0,0,0,,,,,,,,,,,,,,,1,,,,,,,,,,,,6,,,,,,,,,,,,,,,,,,,,,,,,,,35,,,,,,,,,,,39,,,,,,,,,,,,,,,,,,,,,,,,86,90.9,35,88.0,30,1,45.0,0,1.53,53,41,12,0.35,0.35,0,20,7,0,6,39,35,,,0,3,2.4723885060817086,-5.893327496001775
Ismaila Sarr,sn SEN,MF,Crystal Palace,26,1998,38,30,2711.0,30.1,8,6,14,8,0,0,4,0,0.27,0.2,0.46,0.27,0.46,Matches,,,,,,,,,,,,,,,,30.1,8,59,29,49.2,1.96,0.96,0.14,0.28,0,0,,,,,,,,,,,,,,,6,,,,,,,,,,,,55,,,,,,,,,,,,,,,,,,,,,,,,,,11,,,,,,,,,,,8,,,,,,,,,,,,,,,,,,,,,,,,71,79.3,30,84.0,13,8,22.0,0,1.39,42,39,3,0.1,0.48,0,14,55,11,55,8,11,,,0,1,6.408827410197687,2.046897851855608
Issa Diop,ma MAR,DF,Fulham,27,1997,21,15,1339.0,14.9,0,0,0,0,0,0,2,0,0.0,0.0,0.0,0.0,0.0,Matches,,,,,,,,,,,,,,,,14.9,0,5,2,40.0,0.34,0.13,0.0,0.0,0,0,,,,,,,,,,,,,,,0,,,,,,,,,,,,1,,,,,,,,,,,,,,,,,,,,,,,,,,12,,,,,,,,,,,9,,,,,,,,,,,,,,,,,,,,,,,,64,39.2,15,86.0,13,6,8.0,9,1.52,19,19,0,0.0,0.0,0,10,4,0,1,9,12,,,1,0,-2.5489350799562076,-1.7742017871402955
Jack Stephens,eng ENG,DF,Southampton,30,1994,19,17,1389.0,15.4,1,0,1,1,0,0,2,2,0.06,0.0,0.06,0.06,0.06,Matches,,,,,,,,,,,,,,,,15.4,1,4,2,50.0,0.26,0.13,0.25,0.5,0,0,,,,,,,,,,,,,,,0,,,,,,,,,,,,1,,,,,,,,,,,,,,,,,,,,,,,,,,20,,,,,,,,,,,12,,,,,,,,,,,,,,,,,,,,,,,,73,40.6,17,81.0,12,2,6.0,4,0.53,8,28,-20,-1.3,0.48,0,13,4,1,1,12,20,,,0,0,-1.3901056417854654,-1.6030915632755045
Jack Grealish,eng ENG,"MF,FW",Manchester City,28,1995,20,7,721.0,8.0,1,1,2,1,0,0,3,0,0.12,0.12,0.25,0.12,0.25,Matches,,,,,,,,,,,,,,,,8.0,1,15,5,33.3,1.87,0.62,0.07,0.2,0,0,,,,,,,,,,,,,,,1,,,,,,,,,,,,20,,,,,,,,,,,,,,,,,,,,,,,,,,4,,,,,,,,,,,2,,,,,,,,,,,,,,,,,,,,,,,,36,21.1,7,81.0,2,13,12.0,12,2.0,17,10,7,0.87,0.17,0,5,25,0,20,2,4,,,0,2,-2.322032605163034,2.0817189026487357
Jack Harrison,eng ENG,"MF,FW",Everton,27,1996,34,24,2076.0,23.1,1,0,1,1,0,0,0,0,0.04,0.0,0.04,0.04,0.04,Matches,,,,,,,,,,,,,,,,23.1,1,29,7,24.1,1.26,0.3,0.03,0.14,0,0,,,,,,,,,,,,,,,0,,,,,,,,,,,,131,,,,,,,,,,,,,,,,,,,,,,,,,,23,,,,,,,,,,,9,,,,,,,,,,,,,,,,,,,,,,,,61,60.7,24,76.0,8,10,26.0,4,1.21,20,27,-7,-0.3,-0.64,0,13,28,4,131,9,23,,,0,3,0.5985291877098532,-1.5156323574731025
Jack Taylor,ie IRL,MF,Ipswich Town,26,1998,32,4,860.0,9.6,1,0,1,1,0,0,4,0,0.1,0.0,0.1,0.1,0.1,Matches,,,,,,,,,,,,,,,,9.6,1,19,4,21.1,1.99,0.42,0.05,0.25,0,0,,,,,,,,,,,,,,,0,,,,,,,,,,,,7,,,,,,,,,,,,,,,,,,,,,,,,,,11,,,,,,,,,,,9,,,,,,,,,,,,,,,,,,,,,,,,27,25.1,4,79.0,0,28,19.0,1,0.5,7,20,-13,-1.36,-0.2,0,16,5,0,7,9,11,,,0,0,-2.8531626804501578,1.0459038838110133
Jack Clarke,eng ENG,MF,Ipswich Town,23,2000,32,12,1181.0,13.1,0,4,4,0,0,0,2,0,0.0,0.3,0.3,0.0,0.3,Matches,,,,,,,,,,,,,,,,13.1,0,17,2,11.8,1.3,0.15,0.0,0.0,0,0,,,,,,,,,,,,,,,4,,,,,,,,,,,,14,,,,,,,,,,,,,,,,,,,,,,,,,,18,,,,,,,,,,,7,,,,,,,,,,,,,,,,,,,,,,,,37,34.5,12,66.0,1,20,19.0,3,0.59,14,31,-17,-1.3,-0.13,0,16,23,3,14,7,18,,,0,0,-1.2481049788845686,0.48454451364647627
Jack Hinshelwood,eng ENG,"MF,DF",Brighton,19,2005,26,22,1842.0,20.5,5,2,7,5,0,0,5,0,0.24,0.1,0.34,0.24,0.34,Matches,,,,,,,,,,,,,,,,20.5,5,18,10,55.6,0.88,0.49,0.28,0.5,0,0,,,,,,,,,,,,,,,2,,,,,,,,,,,,28,,,,,,,,,,,,,,,,,,,,,,,,,,19,,,,,,,,,,,11,,,,,,,,,,,,,,,,,,,,,,,,71,53.9,22,82.0,12,4,11.0,0,1.73,39,30,9,0.44,0.55,0,18,9,0,28,11,19,,,0,2,2.2423811375293012,0.7130644966299153
Jacob Murphy,eng ENG,"FW,MF",Newcastle,29,1995,35,31,2360.0,26.2,8,12,20,8,0,0,4,0,0.31,0.46,0.76,0.31,0.76,Matches,,,,,,,,,,,,,,,,26.2,8,43,15,34.9,1.64,0.57,0.19,0.53,0,0,,,,,,,,,,,,,,,12,,,,,,,,,,,,119,,,,,,,,,,,,,,,,,,,,,,,,,,18,,,,,,,,,,,11,,,,,,,,,,,,,,,,,,,,,,,,67,69.0,31,72.0,6,4,30.0,2,1.69,53,31,22,0.84,0.92,0,11,14,3,119,11,18,,,0,1,7.314003855601253,3.102747709062117
Jacob Greaves,eng ENG,DF,Ipswich Town,23,2000,25,25,2205.0,24.5,1,0,1,1,0,0,5,0,0.04,0.0,0.04,0.04,0.04,Matches,,,,,,,,,,,,,,,,24.5,1,10,4,40.0,0.41,0.16,0.1,0.25,0,0,,,,,,,,,,,,,,,0,,,,,,,,,,,,1,,,,,,,,,,,,,,,,,,,,,,,,,,22,,,,,,,,,,,21,,,,,,,,,,,,,,,,,,,,,,,,88,64.5,25,88.0,24,0,,2,0.4,19,53,-34,-1.39,-0.5,0,16,21,1,1,21,22,,,0,3,0.2725998661047375,-3.6751592311382044
Jacob Ramsey,eng ENG,MF,Aston Villa,23,2001,29,19,1623.0,18.0,1,3,4,1,0,0,4,1,0.06,0.17,0.22,0.06,0.22,Matches,,,,,,,,,,,,,,,,18.0,1,19,4,21.1,1.05,0.22,0.05,0.25,0,0,,,,,,,,,,,,,,,3,,,,,,,,,,,,11,,,,,,,,,,,,,,,,,,,,,,,,,,15,,,,,,,,,,,8,,,,,,,,,,,,,,,,,,,,,,,,56,47.5,19,68.0,2,10,34.0,0,1.79,25,26,-1,-0.06,-0.46,1,13,28,5,11,8,15,,,0,3,0.3243948203654416,-0.31922327817333784
Jaden Philogene Bidace,eng ENG,MF,Aston Villa,22,2002,11,2,332.0,3.7,0,0,0,0,0,0,4,1,0.0,0.0,0.0,0.0,0.0,Matches,,,,,,,,,,,,,,,,3.7,0,7,0,0.0,1.9,0.0,0.0,,0,0,,,,,,,,,,,,,,,0,,,,,,,,,,,,4,,,,,,,,,,,,,,,,,,,,,,,,,,5,,,,,,,,,,,3,,,,,,,,,,,,,,,,,,,,,,,,30,9.7,2,78.0,1,9,20.0,3,1.64,2,5,-3,-0.81,-1.1,1,13,8,1,4,3,5,,,0,0,-4.483472937353745,0.3290325843958533
Jaden Philogene Bidace,eng ENG,MF,Ipswich Town,22,2002,10,5,474.0,5.3,2,0,2,2,0,0,1,0,0.38,0.0,0.38,0.38,0.38,Matches,,,,,,,,,,,,,,,,5.3,2,12,6,50.0,2.28,1.14,0.17,0.33,0,0,,,,,,,,,,,,,,,0,,,,,,,,,,,,13,,,,,,,,,,,,,,,,,,,,,,,,,,7,,,,,,,,,,,8,,,,,,,,,,,,,,,,,,,,,,,,47,13.9,5,81.0,2,5,14.0,1,0.4,3,17,-14,-2.66,-1.68,0,8,10,1,13,8,7,,,0,2,-2.460738163727025,3.1048889402532747
Jadon Sancho,eng ENG,MF,Chelsea,24,2000,31,19,1764.0,19.6,3,4,7,3,0,0,2,0,0.15,0.2,0.36,0.15,0.36,Matches,,,,,,,,,,,,,,,,19.6,3,24,8,33.3,1.22,0.41,0.13,0.38,0,0,,,,,,,,,,,,,,,4,,,,,,,,,,,,24,,,,,,,,,,,,,,,,,,,,,,,,,,7,,,,,,,,,,,2,,,,,,,,,,,,,,,,,,,,,,,,57,51.6,19,76.0,7,12,27.0,1,1.84,35,24,11,0.56,0.02,0,6,11,6,24,2,7,,,0,2,1.1852995351605828,1.6563558688227324
Jahmai Simpson-Pusey,eng ENG,DF,Manchester City,18,2005,2,1,96.0,1.1,0,0,0,0,0,0,1,0,0.0,0.0,0.0,0.0,0.0,Matches,,,,,,,,,,,,,,,,1.1,0,0,0,,0.0,0.0,,,0,0,,,,,,,,,,,,,,,0,,,,,,,,,,,,0,,,,,,,,,,,,,,,,,,,,,,,,,,0,,,,,,,,,,,0,,,,,,,,,,,,,,,,,,,,,,,,48,2.8,1,90.0,1,1,6.0,8,0.5,1,2,-1,-0.94,-1.72,0,0,1,0,0,0,0,,,0,0,-5.902287564402636,0.4492529587896498
Jake O'Brien,ie IRL,DF,Everton,23,2001,20,17,1571.0,17.5,2,0,2,2,0,0,5,0,0.11,0.0,0.11,0.11,0.11,Matches,,,,,,,,,,,,,,,,17.5,2,6,3,50.0,0.34,0.17,0.33,0.67,0,0,,,,,,,,,,,,,,,0,,,,,,,,,,,,18,,,,,,,,,,,,,,,,,,,,,,,,,,17,,,,,,,,,,,4,,,,,,,,,,,,,,,,,,,,,,,,79,45.9,17,90.0,16,3,15.0,17,1.4,24,17,7,0.4,0.84,0,13,4,3,18,4,17,,,0,2,-0.6303925369915705,-0.3566977326281285
Jakub Kiwior,pl POL,DF,Arsenal,24,2000,17,10,1122.0,12.5,1,0,1,1,0,0,1,0,0.08,0.0,0.08,0.08,0.08,Matches,,,,,,,,,,,,,,,,12.5,1,3,1,33.3,0.24,0.08,0.33,1.0,0,0,,,,,,,,,,,,,,,0,,,,,,,,,,,,2,,,,,,,,,,,,,,,,,,,,,,,,,,8,,,,,,,,,,,6,,,,,,,,,,,,,,,,,,,,,,,,66,32.8,10,90.0,10,7,32.0,20,1.82,19,15,4,0.32,-0.89,0,10,4,1,2,6,8,,,0,0,-2.3725754210350365,0.4503165061091586
Jakub Stolarczyk,pl POL,GK,Leicester City,23,2000,10,10,900.0,10.0,0,0,0,0,0,0,1,0,0.0,0.0,0.0,0.0,0.0,Matches,16.0,1.6,44.0,28.0,63.6,3.0,1.0,6.0,2.0,20.0,0.0,0.0,0.0,0.0,,10.0,0,0,0,,0.0,0.0,,,0,0,,,,,,,,,,,,,,,0,,,,,,,,,,,,0,,,,,,,,,,,,,,,,,,,,,,,,,,1,,,,,,,,,,,0,,,,,,,,,,,,,,,,,,,,,,,,90,26.3,10,90.0,10,0,,11,1.0,10,16,-6,-0.6,0.86,0,0,0,0,0,0,1,,,0,0,-4.162578125061341,-1.0631676409750184
James Milner,eng ENG,MF,Brighton,38,1986,4,3,170.0,1.9,0,0,0,0,0,0,1,0,0.0,0.0,0.0,0.0,0.0,Matches,,,,,,,,,,,,,,,,1.9,0,2,1,50.0,1.06,0.53,0.0,0.0,0,0,,,,,,,,,,,,,,,0,,,,,,,,,,,,8,,,,,,,,,,,,,,,,,,,,,,,,,,2,,,,,,,,,,,2,,,,,,,,,,,,,,,,,,,,,,,,43,5.0,3,56.0,0,1,1.0,0,2.5,3,1,2,1.06,0.92,0,3,1,0,8,2,2,,,0,0,-4.8461111770545635,1.1475673177654528
James Tarkowski,eng ENG,DF,Everton,31,1992,33,33,2922.0,32.5,1,1,2,1,0,0,6,0,0.03,0.03,0.06,0.03,0.06,Matches,,,,,,,,,,,,,,,,32.5,1,15,4,26.7,0.46,0.12,0.07,0.25,0,0,,,,,,,,,,,,,,,1,,,,,,,,,,,,1,,,,,,,,,,,,,,,,,,,,,,,,,,40,,,,,,,,,,,37,,,,,,,,,,,,,,,,,,,,,,,,89,85.4,33,89.0,31,0,,0,1.15,34,38,-4,-0.12,-0.48,0,35,29,1,1,37,40,,,0,3,2.8041334109732197,-5.451373988911555
James Ward-Prowse,eng ENG,MF,Nottingham,29,1994,9,5,400.0,4.4,0,1,1,0,0,0,2,1,0.0,0.23,0.23,0.0,0.23,Matches,,,,,,,,,,,,,,,,4.4,0,2,1,50.0,0.45,0.23,0.0,0.0,0,0,,,,,,,,,,,,,,,1,,,,,,,,,,,,19,,,,,,,,,,,,,,,,,,,,,,,,,,1,,,,,,,,,,,5,,,,,,,,,,,,,,,,,,,,,,,,44,11.7,5,75.0,2,4,6.0,9,1.56,4,7,-3,-0.68,-1.12,1,7,2,0,19,5,1,,,0,0,-3.834554180354084,0.7857119747160751
James Ward-Prowse,eng ENG,MF,West Ham,29,1994,15,12,1039.0,11.5,1,1,2,1,0,0,2,0,0.09,0.09,0.17,0.09,0.17,Matches,,,,,,,,,,,,,,,,11.5,1,12,4,33.3,1.04,0.35,0.08,0.25,0,0,,,,,,,,,,,,,,,1,,,,,,,,,,,,48,,,,,,,,,,,,,,,,,,,,,,,,,,14,,,,,,,,,,,8,,,,,,,,,,,,,,,,,,,,,,,,69,30.4,12,80.0,6,3,25.0,1,1.07,12,11,1,0.09,0.73,0,10,4,0,48,8,14,,,0,0,-1.6539673849923817,0.1916562703367316
James Maddison,eng ENG,MF,Tottenham,27,1996,31,21,1809.0,20.1,9,7,16,9,0,0,6,0,0.45,0.35,0.8,0.45,0.8,Matches,,,,,,,,,,,,,,,,20.1,9,39,17,43.6,1.94,0.85,0.23,0.53,0,0,,,,,,,,,,,,,,,7,,,,,,,,,,,,96,,,,,,,,,,,,,,,,,,,,,,,,,,19,,,,,,,,,,,10,,,,,,,,,,,,,,,,,,,,,,,,58,52.9,21,75.0,1,10,24.0,1,1.1,38,32,6,0.3,0.69,0,32,64,4,96,10,19,,,0,1,6.294424320054321,4.1019578463614135
James Bree,eng ENG,"DF,MF",Southampton,26,1997,17,13,1075.0,11.9,0,1,1,0,0,0,0,0,0.0,0.08,0.08,0.0,0.08,Matches,,,,,,,,,,,,,,,,11.9,0,4,1,25.0,0.33,0.08,0.0,0.0,0,0,,,,,,,,,,,,,,,1,,,,,,,,,,,,29,,,,,,,,,,,,,,,,,,,,,,,,,,13,,,,,,,,,,,5,,,,,,,,,,,,,,,,,,,,,,,,63,31.4,13,78.0,7,4,15.0,15,0.29,8,31,-23,-1.93,-0.51,0,4,5,0,29,5,13,,,0,0,-3.2444691496720326,-0.9837942788248613
James Justin,eng ENG,"DF,MF",Leicester City,26,1998,36,34,2912.0,32.4,2,2,4,2,0,0,6,0,0.06,0.06,0.12,0.06,0.12,Matches,,,,,,,,,,,,,,,,32.4,2,25,7,28.0,0.77,0.22,0.08,0.29,0,0,,,,,,,,,,,,,,,2,,,,,,,,,,,,57,,,,,,,,,,,,,,,,,,,,,,,,,,38,,,,,,,,,,,44,,,,,,,,,,,,,,,,,,,,,,,,81,85.1,34,84.0,23,2,27.0,1,0.67,31,68,-37,-1.14,0.63,0,28,44,2,57,44,38,,,0,3,4.048139488925154,-4.936600251373618
James Garner,eng ENG,"MF,DF",Everton,23,2001,21,17,1594.0,17.7,0,1,1,0,0,0,5,0,0.0,0.06,0.06,0.0,0.06,Matches,,,,,,,,,,,,,,,,17.7,0,12,4,33.3,0.68,0.23,0.0,0.0,0,0,,,,,,,,,,,,,,,1,,,,,,,,,,,,55,,,,,,,,,,,,,,,,,,,,,,,,,,32,,,,,,,,,,,20,,,,,,,,,,,,,,,,,,,,,,,,76,46.6,17,87.0,11,4,28.0,1,1.57,21,19,2,0.11,0.31,0,20,15,0,55,20,32,,,0,3,-0.33125481538466495,-2.4283506807632453
James Hill,eng ENG,DF,Bournemouth,22,2002,10,6,448.0,5.0,0,1,1,0,0,0,1,0,0.0,0.2,0.2,0.0,0.2,Matches,,,,,,,,,,,,,,,,5.0,0,6,0,0.0,1.21,0.0,0.0,,0,0,,,,,,,,,,,,,,,1,,,,,,,,,,,,10,,,,,,,,,,,,,,,,,,,,,,,,,,8,,,,,,,,,,,7,,,,,,,,,,,,,,,,,,,,,,,,45,13.1,6,68.0,1,4,11.0,21,1.3,7,9,-2,-0.4,-0.83,0,7,5,0,10,7,8,,,0,0,-4.318572817510354,0.8077161555022854
James Mcatee,eng ENG,MF,Manchester City,21,2002,15,3,349.0,3.9,3,0,3,3,0,0,1,0,0.77,0.0,0.77,0.77,0.77,Matches,,,,,,,,,,,,,,,,3.9,3,12,4,33.3,3.09,1.03,0.25,0.75,0,0,,,,,,,,,,,,,,,0,,,,,,,,,,,,8,,,,,,,,,,,,,,,,,,,,,,,,,,1,,,,,,,,,,,2,,,,,,,,,,,,,,,,,,,,,,,,23,10.2,3,66.0,0,12,13.0,20,2.33,9,6,3,0.77,0.04,0,6,3,0,8,2,1,,,0,2,-1.8069485085082437,6.727134851708784
Jamie Vardy,eng ENG,FW,Leicester City,37,1987,35,35,2823.0,31.4,9,4,13,8,1,2,5,0,0.29,0.13,0.41,0.26,0.38,Matches,,,,,,,,,,,,,,,,31.4,9,58,26,44.8,1.85,0.83,0.16,0.35,1,2,,,,,,,,,,,,,,,4,,,,,,,,,,,,11,,,,,,,,,,,,,,,,,,,,,,,,,,12,,,,,,,,,,,5,,,,,,,,,,,,,,,,,,,,,,,,81,82.5,35,81.0,20,0,,0,0.71,28,68,-40,-1.28,-0.22,0,27,23,27,11,5,12,,,0,1,7.073025905476214,1.8503979721404888
Jan Bednarek,pl POL,DF,Southampton,28,1996,30,30,2531.0,28.1,2,0,2,2,0,0,7,0,0.07,0.0,0.07,0.07,0.07,Matches,,,,,,,,,,,,,,,,28.1,2,5,3,60.0,0.18,0.11,0.4,0.67,0,0,,,,,,,,,,,,,,,0,,,,,,,,,,,,1,,,,,,,,,,,,,,,,,,,,,,,,,,19,,,,,,,,,,,55,,,,,,,,,,,,,,,,,,,,,,,,84,74.0,30,84.0,26,0,,0,0.37,19,57,-38,-1.35,0.88,0,31,13,0,1,55,19,,,0,3,2.1865028031570004,-4.571054371633131
Jan Paul van Hecke,nl NED,DF,Brighton,24,2000,34,33,2958.0,32.9,1,1,2,1,0,0,8,1,0.03,0.03,0.06,0.03,0.06,Matches,,,,,,,,,,,,,,,,32.9,1,17,5,29.4,0.52,0.15,0.06,0.2,0,0,,,,,,,,,,,,,,,1,,,,,,,,,,,,11,,,,,,,,,,,,,,,,,,,,,,,,,,29,,,,,,,,,,,25,,,,,,,,,,,,,,,,,,,,,,,,87,86.5,33,89.0,30,1,9.0,0,1.59,55,46,9,0.27,0.66,1,25,24,0,11,25,29,,,0,3,3.118061301556205,-5.069623622372713
Jannik Vestergaard,dk DEN,DF,Leicester City,31,1992,18,16,1391.0,15.5,0,0,0,0,0,0,5,0,0.0,0.0,0.0,0.0,0.0,Matches,,,,,,,,,,,,,,,,15.5,0,3,2,66.7,0.19,0.13,0.0,0.0,0,0,,,,,,,,,,,,,,,0,,,,,,,,,,,,0,,,,,,,,,,,,,,,,,,,,,,,,,,10,,,,,,,,,,,15,,,,,,,,,,,,,,,,,,,,,,,,77,40.7,16,81.0,10,2,51.0,2,0.5,7,35,-28,-1.81,-0.97,0,12,4,0,0,15,10,,,1,0,-2.3819698926870356,-2.4908765265877966
Jarell Quansah,eng ENG,DF,Liverpool,21,2003,13,4,495.0,5.5,0,0,0,0,0,0,2,0,0.0,0.0,0.0,0.0,0.0,Matches,,,,,,,,,,,,,,,,5.5,0,1,0,0.0,0.18,0.0,0.0,,0,0,,,,,,,,,,,,,,,0,,,,,,,,,,,,2,,,,,,,,,,,,,,,,,,,,,,,,,,8,,,,,,,,,,,7,,,,,,,,,,,,,,,,,,,,,,,,38,14.5,4,79.0,3,9,20.0,25,2.08,13,12,1,0.18,-1.17,0,9,1,0,2,7,8,,,1,0,-4.839098072571108,-0.21217048501141395
Jarrad Branthwaite,eng ENG,DF,Everton,22,2002,30,28,2511.0,27.9,0,1,1,0,0,0,4,0,0.0,0.04,0.04,0.0,0.04,Matches,,,,,,,,,,,,,,,,27.9,0,10,3,30.0,0.36,0.11,0.0,0.0,0,0,,,,,,,,,,,,,,,1,,,,,,,,,,,,6,,,,,,,,,,,,,,,,,,,,,,,,,,21,,,,,,,,,,,24,,,,,,,,,,,,,,,,,,,,,,,,84,73.4,28,89.0,27,2,4.0,0,1.33,34,28,6,0.22,1.01,0,12,18,2,6,24,21,,,0,3,0.8150709486609318,-3.921029572996484
Jarrod Bowen,eng ENG,"MF,FW",West Ham,27,1996,34,34,2973.0,33.0,13,8,21,12,1,1,1,0,0.39,0.24,0.64,0.36,0.61,Matches,,,,,,,,,,,,,,,,33.0,13,87,37,42.5,2.63,1.12,0.15,0.35,1,1,,,,,,,,,,,,,,,8,,,,,,,,,,,,106,,,,,,,,,,,,,,,,,,,,,,,,,,25,,,,,,,,,,,16,,,,,,,,,,,,,,,,,,,,,,,,87,86.9,34,87.0,27,0,,0,1.15,41,50,-9,-0.27,1.14,0,20,51,10,106,16,25,,,0,1,10.31081148621039,3.131397202857882
Jason Steele,eng ENG,GK,Brighton,33,1990,2,2,180.0,2.0,0,0,0,0,0,0,0,0,0.0,0.0,0.0,0.0,0.0,Matches,1.0,0.5,4.0,3.0,75.0,2.0,0.0,0.0,1.0,50.0,0.0,0.0,0.0,0.0,,2.0,0,0,0,,0.0,0.0,,,0,0,,,,,,,,,,,,,,,0,,,,,,,,,,,,0,,,,,,,,,,,,,,,,,,,,,,,,,,0,,,,,,,,,,,0,,,,,,,,,,,,,,,,,,,,,,,,90,5.3,2,90.0,2,0,,24,3.0,5,1,4,2.0,1.92,0,0,1,0,0,0,0,,,0,0,-5.297195788183601,0.24557425331911148
Jay Robinson,eng ENG,MF,Southampton,17,2007,4,1,137.0,1.5,0,0,0,0,0,0,0,0,0.0,0.0,0.0,0.0,0.0,Matches,,,,,,,,,,,,,,,,1.5,0,1,1,100.0,0.66,0.66,0.0,0.0,0,0,,,,,,,,,,,,,,,0,,,,,,,,,,,,1,,,,,,,,,,,,,,,,,,,,,,,,,,1,,,,,,,,,,,0,,,,,,,,,,,,,,,,,,,,,,,,34,4.0,1,78.0,0,3,20.0,1,0.0,1,2,-1,-0.66,0.96,0,3,1,0,1,0,1,,,0,0,-5.25318764909884,1.6833704508476819
Jean-Clair Todibo,fr FRA,DF,West Ham,24,1999,27,20,1825.0,20.3,0,0,0,0,0,0,3,0,0.0,0.0,0.0,0.0,0.0,Matches,,,,,,,,,,,,,,,,20.3,0,5,0,0.0,0.25,0.0,0.0,,0,0,,,,,,,,,,,,,,,0,,,,,,,,,,,,3,,,,,,,,,,,,,,,,,,,,,,,,,,26,,,,,,,,,,,23,,,,,,,,,,,,,,,,,,,,,,,,68,53.4,20,80.0,9,7,31.0,5,1.37,30,32,-2,-0.1,0.69,0,16,6,0,3,23,26,,,0,3,-1.2028662167631905,-3.1854892822574636
Jean-Philippe Mateta,fr FRA,FW,Crystal Palace,27,1997,37,33,2648.0,29.4,14,2,16,12,2,2,2,0,0.48,0.07,0.54,0.41,0.48,Matches,,,,,,,,,,,,,,,,29.4,14,69,33,47.8,2.35,1.12,0.2,0.42,2,2,,,,,,,,,,,,,,,2,,,,,,,,,,,,26,,,,,,,,,,,,,,,,,,,,,,,,,,12,,,,,,,,,,,2,,,,,,,,,,,,,,,,,,,,,,,,72,77.4,33,78.0,17,4,19.0,0,1.35,43,37,6,0.2,0.9,0,27,29,22,26,2,12,,,0,1,8.364224554508775,5.031112714966577
Jean-Ricner Bellegarde,ht HAI,MF,Wolves,26,1998,35,20,1677.0,18.6,2,7,9,2,0,0,3,0,0.11,0.38,0.48,0.11,0.48,Matches,,,,,,,,,,,,,,,,18.6,2,22,5,22.7,1.18,0.27,0.09,0.4,0,0,,,,,,,,,,,,,,,7,,,,,,,,,,,,42,,,,,,,,,,,,,,,,,,,,,,,,,,23,,,,,,,,,,,8,,,,,,,,,,,,,,,,,,,,,,,,48,49.0,20,69.0,1,15,20.0,2,1.09,30,31,-1,-0.05,0.67,0,31,46,1,42,8,23,,,0,2,2.3657721274296253,1.0222024112957067
Jefferson Lerma,co COL,"MF,DF",Crystal Palace,29,1994,33,26,2274.0,25.3,0,1,1,0,0,0,9,0,0.0,0.04,0.04,0.0,0.04,Matches,,,,,,,,,,,,,,,,25.3,0,26,8,30.8,1.03,0.32,0.0,0.0,0,0,,,,,,,,,,,,,,,1,,,,,,,,,,,,12,,,,,,,,,,,,,,,,,,,,,,,,,,19,,,,,,,,,,,41,,,,,,,,,,,,,,,,,,,,,,,,69,66.5,26,79.0,18,7,31.0,1,1.42,35,36,-1,-0.04,-0.12,0,35,39,0,12,41,19,,,0,3,1.5908435313906777,-4.040246044325624
Jeffrey Schlupp,gh GHA,"DF,FW",Crystal Palace,31,1992,12,0,103.0,1.1,0,0,0,0,0,0,0,0,0.0,0.0,0.0,0.0,0.0,Matches,,,,,,,,,,,,,,,,1.1,0,4,2,50.0,3.5,1.75,0.0,0.0,0,0,,,,,,,,,,,,,,,0,,,,,,,,,,,,4,,,,,,,,,,,,,,,,,,,,,,,,,,0,,,,,,,,,,,0,,,,,,,,,,,,,,,,,,,,,,,,9,3.0,0,,0,12,9.0,12,0.75,2,3,-1,-0.87,-0.9,0,1,0,0,4,0,0,,,0,0,-5.777327705777542,3.371578221792495
Jens Cajuste,se SWE,MF,Ipswich Town,24,1999,30,25,1959.0,21.8,1,1,2,1,0,0,2,0,0.05,0.05,0.09,0.05,0.09,Matches,,,,,,,,,,,,,,,,21.8,1,12,1,8.3,0.55,0.05,0.08,1.0,0,0,,,,,,,,,,,,,,,1,,,,,,,,,,,,10,,,,,,,,,,,,,,,,,,,,,,,,,,22,,,,,,,,,,,29,,,,,,,,,,,,,,,,,,,,,,,,65,57.3,25,76.0,3,5,14.0,3,0.67,24,46,-22,-1.01,0.47,0,23,22,0,10,29,22,,,0,3,0.3522794314524756,-2.51104816460737
Jeremy Doku,be BEL,"MF,FW",Manchester City,22,2002,29,16,1516.0,16.8,3,6,9,3,0,0,1,0,0.18,0.36,0.53,0.18,0.53,Matches,,,,,,,,,,,,,,,,16.8,3,29,9,31.0,1.72,0.53,0.1,0.33,0,0,,,,,,,,,,,,,,,6,,,,,,,,,,,,59,,,,,,,,,,,,,,,,,,,,,,,,,,23,,,,,,,,,,,3,,,,,,,,,,,,,,,,,,,,,,,,52,44.3,16,81.0,6,13,17.0,4,1.9,34,14,20,1.19,0.81,0,10,33,5,59,3,23,,,0,2,2.3057454518610383,2.57578281556222
Jeremy Monga,eng ENG,FW,Leicester City,15,2009,7,0,112.0,1.2,0,0,0,0,0,0,0,0,0.0,0.0,0.0,0.0,0.0,Matches,,,,,,,,,,,,,,,,1.2,0,3,1,33.3,2.41,0.8,0.0,0.0,0,0,,,,,,,,,,,,,,,0,,,,,,,,,,,,4,,,,,,,,,,,,,,,,,,,,,,,,,,1,,,,,,,,,,,0,,,,,,,,,,,,,,,,,,,,,,,,16,3.3,0,,0,7,16.0,0,1.0,2,3,-1,-0.8,0.45,0,0,5,0,4,0,1,,,0,0,-5.724337039026868,2.704963840068563
Jesper Lindstrøm,dk DEN,MF,Everton,24,2000,25,15,1239.0,13.8,0,1,1,0,0,0,2,0,0.0,0.07,0.07,0.0,0.07,Matches,,,,,,,,,,,,,,,,13.8,0,28,10,35.7,2.03,0.73,0.0,0.0,0,0,,,,,,,,,,,,,,,1,,,,,,,,,,,,72,,,,,,,,,,,,,,,,,,,,,,,,,,24,,,,,,,,,,,13,,,,,,,,,,,,,,,,,,,,,,,,50,36.2,15,67.0,1,10,23.0,3,1.2,15,14,1,0.07,0.2,0,15,10,1,72,13,24,,,0,0,-1.1139986771490646,-0.15593235833563557
Joachim Andersen,dk DEN,DF,Fulham,28,1996,29,29,2583.0,28.7,0,0,0,0,0,0,6,1,0.0,0.0,0.0,0.0,0.0,Matches,,,,,,,,,,,,,,,,28.7,0,19,5,26.3,0.66,0.17,0.0,0.0,0,0,,,,,,,,,,,,,,,0,,,,,,,,,,,,12,,,,,,,,,,,,,,,,,,,,,,,,,,16,,,,,,,,,,,33,,,,,,,,,,,,,,,,,,,,,,,,89,75.5,29,89.0,28,0,,2,1.45,43,44,-1,-0.03,-0.14,0,18,19,0,12,33,16,,,1,3,1.2903929613884033,-5.209963219355724
Joe Lumley,eng ENG,GK,Southampton,29,1995,3,3,270.0,3.0,0,0,0,0,0,0,0,0,0.0,0.0,0.0,0.0,0.0,Matches,7.0,2.33,20.0,13.0,65.0,0.0,1.0,2.0,0.0,0.0,0.0,0.0,0.0,0.0,,3.0,0,0,0,,0.0,0.0,,,0,0,,,,,,,,,,,,,,,0,,,,,,,,,,,,0,,,,,,,,,,,,,,,,,,,,,,,,,,0,,,,,,,,,,,0,,,,,,,,,,,,,,,,,,,,,,,,90,7.9,3,90.0,3,0,,5,0.33,2,7,-5,-1.67,-0.1,0,0,0,0,0,0,0,,,0,0,-5.371474562214916,-0.3373829670765605
Joe Aribo,ng NGA,MF,Southampton,28,1996,32,21,2013.0,22.4,3,0,3,3,0,0,1,0,0.13,0.0,0.13,0.13,0.13,Matches,,,,,,,,,,,,,,,,22.4,3,17,7,41.2,0.76,0.31,0.18,0.43,0,0,,,,,,,,,,,,,,,0,,,,,,,,,,,,10,,,,,,,,,,,,,,,,,,,,,,,,,,34,,,,,,,,,,,20,,,,,,,,,,,,,,,,,,,,,,,,63,58.9,21,79.0,8,11,32.0,6,0.34,17,56,-39,-1.74,-0.4,0,20,27,1,10,20,34,,,0,3,0.6472985501438303,-1.6640278864888163
Joe Gomez,eng ENG,DF,Liverpool,27,1997,9,6,519.0,5.8,0,0,0,0,0,0,1,0,0.0,0.0,0.0,0.0,0.0,Matches,,,,,,,,,,,,,,,,5.8,0,3,2,66.7,0.52,0.35,0.0,0.0,0,0,,,,,,,,,,,,,,,0,,,,,,,,,,,,1,,,,,,,,,,,,,,,,,,,,,,,,,,10,,,,,,,,,,,7,,,,,,,,,,,,,,,,,,,,,,,,58,15.2,6,77.0,4,3,19.0,10,2.56,17,8,9,1.56,0.44,0,2,3,0,1,7,10,,,0,0,-3.875186253478664,0.26822895349903786
Joe Willock,eng ENG,MF,Newcastle,24,1999,32,11,1086.0,12.1,0,2,2,0,0,0,4,0,0.0,0.17,0.17,0.0,0.17,Matches,,,,,,,,,,,,,,,,12.1,0,18,3,16.7,1.49,0.25,0.0,0.0,0,0,,,,,,,,,,,,,,,2,,,,,,,,,,,,17,,,,,,,,,,,,,,,,,,,,,,,,,,18,,,,,,,,,,,7,,,,,,,,,,,,,,,,,,,,,,,,34,31.8,11,62.0,0,21,19.0,1,1.59,20,16,4,0.33,-0.32,0,22,13,3,17,7,18,,,0,0,-1.6493997856561233,0.4243764149003173
Joelinton,br BRA,"MF,FW",Newcastle,27,1996,29,29,2393.0,26.6,4,3,7,4,0,0,10,0,0.15,0.11,0.26,0.15,0.26,Matches,,,,,,,,,,,,,,,,26.6,4,45,14,31.1,1.69,0.53,0.09,0.29,0,0,,,,,,,,,,,,,,,3,,,,,,,,,,,,16,,,,,,,,,,,,,,,,,,,,,,,,,,35,,,,,,,,,,,20,,,,,,,,,,,,,,,,,,,,,,,,83,70.0,29,83.0,18,0,,0,1.83,51,32,19,0.71,0.54,0,58,34,7,16,20,35,,,0,3,4.711700237539068,-1.8148366283318396
John Stones,eng ENG,DF,Manchester City,30,1994,11,6,548.0,6.1,2,0,2,2,0,0,1,0,0.33,0.0,0.33,0.33,0.33,Matches,,,,,,,,,,,,,,,,6.1,2,2,2,100.0,0.33,0.33,1.0,1.0,0,0,,,,,,,,,,,,,,,0,,,,,,,,,,,,0,,,,,,,,,,,,,,,,,,,,,,,,,,3,,,,,,,,,,,4,,,,,,,,,,,,,,,,,,,,,,,,50,16.0,6,74.0,3,5,21.0,4,2.0,14,11,3,0.49,-0.29,0,2,2,0,0,4,3,,,0,2,-1.7832538229655852,3.861017483087986
John McGinn,sct SCO,MF,Aston Villa,29,1994,34,27,2223.0,24.7,1,4,5,1,0,0,7,0,0.04,0.16,0.2,0.04,0.2,Matches,,,,,,,,,,,,,,,,24.7,1,31,5,16.1,1.26,0.2,0.03,0.2,0,0,,,,,,,,,,,,,,,4,,,,,,,,,,,,60,,,,,,,,,,,,,,,,,,,,,,,,,,23,,,,,,,,,,,11,,,,,,,,,,,,,,,,,,,,,,,,65,65.0,27,77.0,11,7,21.0,0,1.76,33,34,-1,-0.04,-0.64,0,43,69,3,60,11,23,,,0,3,2.8383866209093838,-1.97834690172994
Jonny Evans,nir NIR,DF,Manchester Utd,36,1988,7,3,315.0,3.5,0,0,0,0,0,0,1,0,0.0,0.0,0.0,0.0,0.0,Matches,,,,,,,,,,,,,,,,3.5,0,2,1,50.0,0.57,0.29,0.0,0.0,0,0,,,,,,,,,,,,,,,0,,,,,,,,,,,,0,,,,,,,,,,,,,,,,,,,,,,,,,,6,,,,,,,,,,,5,,,,,,,,,,,,,,,,,,,,,,,,45,9.2,3,77.0,1,4,21.0,10,2.43,8,2,6,1.71,2.18,0,5,6,0,0,5,6,,,0,0,-4.504476478597291,0.666728469974947
Jordan Ayew,gh GHA,MF,Leicester City,32,1991,30,19,1638.0,18.2,5,0,5,4,1,1,5,0,0.27,0.0,0.27,0.22,0.22,Matches,,,,,,,,,,,,,,,,18.2,5,32,10,31.3,1.76,0.55,0.16,0.5,1,1,,,,,,,,,,,,,,,0,,,,,,,,,,,,57,,,,,,,,,,,,,,,,,,,,,,,,,,14,,,,,,,,,,,11,,,,,,,,,,,,,,,,,,,,,,,,55,47.9,19,77.0,4,11,16.0,6,0.77,17,41,-24,-1.32,-0.16,0,30,58,7,57,11,14,,,0,2,2.232436478501035,1.274135351934271
Jordan Pickford,eng ENG,GK,Everton,30,1994,38,38,3420.0,38.0,0,1,1,0,0,0,7,0,0.0,0.03,0.03,0.0,0.03,Matches,44.0,1.16,163.0,119.0,73.0,11.0,15.0,12.0,12.0,31.6,2.0,0.0,2.0,0.0,100.0,38.0,0,0,0,,0.0,0.0,,,0,0,,,,,,,,,,,,,,,1,,,,,,,,,,,,0,,,,,,,,,,,,,,,,,,,,,,,,,,1,,,,,,,,,,,1,,,,,,,,,,,,,,,,,,,,,,,,90,100.0,38,90.0,38,0,,0,1.26,42,44,-2,-0.05,,0,0,7,0,0,1,1,,,0,3,1.045167051801052,-4.843647485483843
Jorge Cuenca,es ESP,DF,Fulham,24,1999,8,4,351.0,3.9,0,0,0,0,0,0,0,0,0.0,0.0,0.0,0.0,0.0,Matches,,,,,,,,,,,,,,,,3.9,0,1,0,0.0,0.26,0.0,0.0,,0,0,,,,,,,,,,,,,,,0,,,,,,,,,,,,1,,,,,,,,,,,,,,,,,,,,,,,,,,2,,,,,,,,,,,2,,,,,,,,,,,,,,,,,,,,,,,,44,10.3,4,87.0,3,4,1.0,18,1.5,5,8,-3,-0.77,-0.86,0,2,2,0,1,2,2,,,0,0,-5.4154564513163015,0.2019574251832976
Jorginho,it ITA,MF,Arsenal,32,1991,15,9,704.0,7.8,0,0,0,0,0,0,5,0,0.0,0.0,0.0,0.0,0.0,Matches,,,,,,,,,,,,,,,,7.8,0,2,0,0.0,0.26,0.0,0.0,,0,0,,,,,,,,,,,,,,,0,,,,,,,,,,,,1,,,,,,,,,,,,,,,,,,,,,,,,,,4,,,,,,,,,,,7,,,,,,,,,,,,,,,,,,,,,,,,47,20.6,9,72.0,3,6,9.0,19,2.0,14,7,7,0.89,-0.03,0,15,17,0,1,7,4,,,0,0,-3.9694939291335447,-0.6045552632314274
Joshua Zirkzee,nl NED,"FW,MF",Manchester Utd,23,2001,32,14,1402.0,15.6,3,1,4,3,0,0,2,0,0.19,0.06,0.26,0.19,0.26,Matches,,,,,,,,,,,,,,,,15.6,3,28,11,39.3,1.8,0.71,0.11,0.27,0,0,,,,,,,,,,,,,,,1,,,,,,,,,,,,3,,,,,,,,,,,,,,,,,,,,,,,,,,8,,,,,,,,,,,6,,,,,,,,,,,,,,,,,,,,,,,,44,41.0,14,72.0,4,18,22.0,0,1.19,26,24,2,0.13,0.66,0,9,13,3,3,6,8,,,0,2,-0.27098140149751154,1.8882972214887932
Joshua Acheampong,eng ENG,DF,Chelsea,18,2006,4,2,170.0,1.9,0,0,0,0,0,0,1,0,0.0,0.0,0.0,0.0,0.0,Matches,,,,,,,,,,,,,,,,1.9,0,2,0,0.0,1.06,0.0,0.0,,0,0,,,,,,,,,,,,,,,0,,,,,,,,,,,,0,,,,,,,,,,,,,,,,,,,,,,,,,,1,,,,,,,,,,,1,,,,,,,,,,,,,,,,,,,,,,,,43,5.0,2,80.0,1,2,5.0,19,2.0,2,3,-1,-0.53,-1.14,0,1,1,0,0,1,1,,,0,0,-5.754721604487392,0.850040440880721
Joshua King,eng ENG,MF,Fulham,17,2007,8,1,130.0,1.4,0,0,0,0,0,0,0,0,0.0,0.0,0.0,0.0,0.0,Matches,,,,,,,,,,,,,,,,1.4,0,3,0,0.0,2.08,0.0,0.0,,0,0,,,,,,,,,,,,,,,0,,,,,,,,,,,,2,,,,,,,,,,,,,,,,,,,,,,,,,,5,,,,,,,,,,,1,,,,,,,,,,,,,,,,,,,,,,,,16,3.8,1,61.0,0,7,10.0,15,1.38,3,0,3,2.08,2.16,0,3,2,0,2,1,5,,,0,0,-5.5468527071844,1.6954430822085358
José Sá,pt POR,GK,Wolves,31,1993,29,29,2609.0,29.0,0,0,0,0,0,0,2,0,0.0,0.0,0.0,0.0,0.0,Matches,48.0,1.66,117.0,69.0,59.0,11.0,5.0,13.0,7.0,24.1,7.0,5.0,2.0,0.0,28.6,29.0,0,0,0,,0.0,0.0,,,0,0,,,,,,,,,,,,,,,0,,,,,,,,,,,,0,,,,,,,,,,,,,,,,,,,,,,,,,,2,,,,,,,,,,,0,,,,,,,,,,,,,,,,,,,,,,,,90,76.3,29,90.0,28,0,,4,1.31,42,48,-6,-0.21,0.79,0,4,9,0,0,0,2,,,0,3,-0.5961554157330523,-3.815543880510226
Jota Silva,pt POR,MF,Nottingham,24,1999,31,5,854.0,9.5,3,1,4,3,0,0,5,0,0.32,0.11,0.42,0.32,0.42,Matches,,,,,,,,,,,,,,,,9.5,3,23,7,30.4,2.42,0.74,0.13,0.43,0,0,,,,,,,,,,,,,,,1,,,,,,,,,,,,21,,,,,,,,,,,,,,,,,,,,,,,,,,16,,,,,,,,,,,11,,,,,,,,,,,,,,,,,,,,,,,,28,25.0,5,68.0,0,26,20.0,6,1.71,16,16,0,0.0,-0.42,0,24,23,8,21,11,16,,,0,2,-0.28017530395169826,3.358233268594382
João Félix,pt POR,MF,Chelsea,24,1999,12,3,369.0,4.1,1,1,2,1,0,0,2,0,0.24,0.24,0.49,0.24,0.49,Matches,,,,,,,,,,,,,,,,4.1,1,20,6,30.0,4.88,1.46,0.05,0.17,0,0,,,,,,,,,,,,,,,1,,,,,,,,,,,,0,,,,,,,,,,,,,,,,,,,,,,,,,,3,,,,,,,,,,,3,,,,,,,,,,,,,,,,,,,,,,,,31,10.8,3,75.0,1,9,16.0,8,2.25,10,4,6,1.46,1.02,0,6,17,1,0,3,3,,,0,2,-2.230840123124379,4.592798424658385
João Gomes,br BRA,MF,Wolves,23,2001,36,35,2974.0,33.0,3,1,4,3,0,0,11,1,0.09,0.03,0.12,0.09,0.12,Matches,,,,,,,,,,,,,,,,33.0,3,35,7,20.0,1.06,0.21,0.09,0.43,0,0,,,,,,,,,,,,,,,1,,,,,,,,,,,,29,,,,,,,,,,,,,,,,,,,,,,,,,,78,,,,,,,,,,,25,,,,,,,,,,,,,,,,,,,,,,,,83,87.0,35,84.0,18,1,45.0,0,1.08,45,58,-13,-0.39,0.01,1,70,46,1,29,25,78,,,0,3,5.569932245939255,-5.5194518741937495
João Pedro,br BRA,"FW,MF",Brighton,22,2001,27,23,1948.0,21.6,10,6,16,5,5,5,4,1,0.46,0.28,0.74,0.23,0.51,Matches,,,,,,,,,,,,,,,,21.6,10,47,20,42.6,2.17,0.92,0.21,0.5,5,5,,,,,,,,,,,,,,,6,,,,,,,,,,,,22,,,,,,,,,,,,,,,,,,,,,,,,,,12,,,,,,,,,,,8,,,,,,,,,,,,,,,,,,,,,,,,72,57.0,23,81.0,12,4,23.0,0,1.48,33,27,6,0.28,0.22,0,27,45,2,22,8,12,,,0,1,8.256029782906545,6.354311856537257
Joël Veltman,nl NED,DF,Brighton,32,1992,21,19,1697.0,18.9,0,0,0,0,0,0,5,0,0.0,0.0,0.0,0.0,0.0,Matches,,,,,,,,,,,,,,,,18.9,0,6,1,16.7,0.32,0.05,0.0,0.0,0,0,,,,,,,,,,,,,,,0,,,,,,,,,,,,24,,,,,,,,,,,,,,,,,,,,,,,,,,29,,,,,,,,,,,20,,,,,,,,,,,,,,,,,,,,,,,,81,49.6,19,86.0,14,2,27.0,3,1.81,32,24,8,0.42,0.48,0,27,44,0,24,20,29,,,0,3,-0.2985022248293067,-3.4539130696207665
Joško Gvardiol,hr CRO,DF,Manchester City,22,2002,37,36,3277.0,36.4,5,0,5,5,0,0,2,0,0.14,0.0,0.14,0.14,0.14,Matches,,,,,,,,,,,,,,,,36.4,5,40,12,30.0,1.1,0.33,0.13,0.42,0,0,,,,,,,,,,,,,,,0,,,,,,,,,,,,22,,,,,,,,,,,,,,,,,,,,,,,,,,38,,,,,,,,,,,42,,,,,,,,,,,,,,,,,,,,,,,,89,95.8,36,90.0,33,1,45.0,1,1.92,70,41,29,0.8,1.43,0,16,27,3,22,42,38,,,0,3,5.243093498090831,-3.7201764271929645
Julian Araujo,mx MEX,DF,Bournemouth,22,2001,12,7,497.0,5.5,0,0,0,0,0,0,2,0,0.0,0.0,0.0,0.0,0.0,Matches,,,,,,,,,,,,,,,,5.5,0,0,0,,0.0,0.0,,,0,0,,,,,,,,,,,,,,,0,,,,,,,,,,,,9,,,,,,,,,,,,,,,,,,,,,,,,,,5,,,,,,,,,,,5,,,,,,,,,,,,,,,,,,,,,,,,41,14.5,7,62.0,0,5,12.0,7,1.08,2,10,-8,-1.45,-2.06,0,7,2,1,9,5,5,,,0,0,-4.956068768573106,-0.12774151808176187
Julio Enciso,py PAR,MF,Brighton,20,2004,12,2,294.0,3.3,0,0,0,0,0,0,0,0,0.0,0.0,0.0,0.0,0.0,Matches,,,,,,,,,,,,,,,,3.3,0,20,11,55.0,6.12,3.37,0.0,0.0,0,0,,,,,,,,,,,,,,,0,,,,,,,,,,,,20,,,,,,,,,,,,,,,,,,,,,,,,,,0,,,,,,,,,,,0,,,,,,,,,,,,,,,,,,,,,,,,25,8.6,2,67.0,0,10,16.0,7,1.5,3,4,-1,-0.31,-0.54,0,3,7,0,20,0,0,,,0,2,-3.8941571325681523,4.202253917805651
Julio Enciso,py PAR,MF,Ipswich Town,20,2004,13,12,869.0,9.7,2,3,5,2,0,0,3,0,0.21,0.31,0.52,0.21,0.52,Matches,,,,,,,,,,,,,,,,9.7,2,32,11,34.4,3.31,1.14,0.06,0.18,0,0,,,,,,,,,,,,,,,3,,,,,,,,,,,,20,,,,,,,,,,,,,,,,,,,,,,,,,,9,,,,,,,,,,,1,,,,,,,,,,,,,,,,,,,,,,,,67,25.4,12,71.0,2,1,12.0,0,0.46,9,18,-9,-0.93,0.37,0,9,21,0,20,1,9,,,0,2,-0.4445027517272971,3.092638080276826
Jurriën Timber,nl NED,DF,Arsenal,23,2001,30,27,2417.0,26.9,1,3,4,1,0,0,7,0,0.04,0.11,0.15,0.04,0.15,Matches,,,,,,,,,,,,,,,,26.9,1,14,4,28.6,0.52,0.15,0.07,0.25,0,0,,,,,,,,,,,,,,,3,,,,,,,,,,,,28,,,,,,,,,,,,,,,,,,,,,,,,,,36,,,,,,,,,,,24,,,,,,,,,,,,,,,,,,,,,,,,81,70.7,27,87.0,18,3,25.0,2,2.0,52,21,31,1.15,0.8,0,30,29,7,28,24,36,,,0,3,2.8991926616224615,-2.961554886419357
Justin Kluivert,nl NED,MF,Bournemouth,25,1999,34,29,2340.0,26.0,12,6,18,6,6,6,8,0,0.46,0.23,0.69,0.23,0.46,Matches,,,,,,,,,,,,,,,,26.0,12,63,29,46.0,2.42,1.12,0.19,0.41,6,6,,,,,,,,,,,,,,,6,,,,,,,,,,,,86,,,,,,,,,,,,,,,,,,,,,,,,,,9,,,,,,,,,,,13,,,,,,,,,,,,,,,,,,,,,,,,69,68.4,29,74.0,5,5,40.0,0,1.5,36,29,7,0.27,-0.15,0,46,33,6,86,13,9,,,0,1,10.690265231221238,7.006978774344215
Justin Devenny,nir NIR,MF,Crystal Palace,20,2003,23,4,507.0,5.6,1,1,2,1,0,0,1,0,0.18,0.18,0.36,0.18,0.36,Matches,,,,,,,,,,,,,,,,5.6,1,10,6,60.0,1.78,1.07,0.1,0.17,0,0,,,,,,,,,,,,,,,1,,,,,,,,,,,,18,,,,,,,,,,,,,,,,,,,,,,,,,,11,,,,,,,,,,,0,,,,,,,,,,,,,,,,,,,,,,,,22,14.8,4,68.0,0,19,12.0,7,1.65,8,8,0,0.0,0.0,0,9,0,1,18,0,11,,,0,2,-2.712770712326737,3.566428826710944
Jáder Durán,co COL,FW,Aston Villa,20,2003,20,4,638.0,7.1,7,0,7,7,0,0,3,1,0.99,0.0,0.99,0.99,0.99,Matches,,,,,,,,,,,,,,,,7.1,7,31,15,48.4,4.37,2.12,0.23,0.47,0,0,,,,,,,,,,,,,,,0,,,,,,,,,,,,3,,,,,,,,,,,,,,,,,,,,,,,,,,7,,,,,,,,,,,0,,,,,,,,,,,,,,,,,,,,,,,,32,18.7,4,60.0,0,16,25.0,1,1.5,12,12,0,0.0,-0.23,0,14,15,5,3,0,7,,,0,2,1.3110057362583982,8.636480635138136
Jørgen Strand Larsen,no NOR,FW,Wolves,24,2000,35,30,2587.0,28.7,14,4,18,14,0,0,4,0,0.49,0.14,0.63,0.49,0.63,Matches,,,,,,,,,,,,,,,,28.7,14,54,34,63.0,1.88,1.18,0.26,0.41,0,0,,,,,,,,,,,,,,,4,,,,,,,,,,,,6,,,,,,,,,,,,,,,,,,,,,,,,,,7,,,,,,,,,,,5,,,,,,,,,,,,,,,,,,,,,,,,74,75.6,30,80.0,11,5,35.0,0,1.11,42,52,-10,-0.35,0.19,0,46,19,16,6,5,7,,,0,1,7.352465800268076,4.176599791220632
Kai Havertz,de GER,FW,Arsenal,25,1999,23,21,1875.0,20.8,9,3,12,9,0,0,5,0,0.43,0.14,0.58,0.43,0.58,Matches,,,,,,,,,,,,,,,,20.8,9,53,21,39.6,2.54,1.01,0.17,0.43,0,0,,,,,,,,,,,,,,,3,,,,,,,,,,,,11,,,,,,,,,,,,,,,,,,,,,,,,,,8,,,,,,,,,,,5,,,,,,,,,,,,,,,,,,,,,,,,82,54.8,21,88.0,18,2,18.0,1,2.13,40,20,20,0.96,0.09,0,38,23,14,11,5,8,,,0,1,4.779984547956984,3.5488886322812627
Kalvin Phillips,eng ENG,MF,Ipswich Town,28,1995,19,14,1237.0,13.7,0,0,0,0,0,0,6,1,0.0,0.0,0.0,0.0,0.0,Matches,,,,,,,,,,,,,,,,13.7,0,11,2,18.2,0.8,0.15,0.0,0.0,0,0,,,,,,,,,,,,,,,0,,,,,,,,,,,,20,,,,,,,,,,,,,,,,,,,,,,,,,,20,,,,,,,,,,,18,,,,,,,,,,,,,,,,,,,,,,,,65,36.2,14,82.0,6,5,19.0,6,0.68,12,29,-17,-1.24,-0.04,1,28,21,0,20,18,20,,,0,0,-1.708020919740574,-2.628066762714126
Kamaldeen Sulemana,gh GHA,"FW,MF",Southampton,22,2002,26,17,1402.0,15.6,1,1,2,1,0,0,2,0,0.06,0.06,0.13,0.06,0.13,Matches,,,,,,,,,,,,,,,,15.6,1,29,8,27.6,1.86,0.51,0.03,0.13,0,0,,,,,,,,,,,,,,,1,,,,,,,,,,,,26,,,,,,,,,,,,,,,,,,,,,,,,,,16,,,,,,,,,,,5,,,,,,,,,,,,,,,,,,,,,,,,54,41.0,17,74.0,5,9,16.0,2,0.27,11,36,-25,-1.6,-0.04,0,22,11,3,26,5,16,,,0,0,-1.0785370961284115,-0.1525763407748448
Kaoru Mitoma,jp JPN,MF,Brighton,27,1997,36,28,2603.0,28.9,10,4,14,10,0,0,1,0,0.35,0.14,0.48,0.35,0.48,Matches,,,,,,,,,,,,,,,,28.9,10,57,27,47.4,1.97,0.93,0.18,0.37,0,0,,,,,,,,,,,,,,,4,,,,,,,,,,,,72,,,,,,,,,,,,,,,,,,,,,,,,,,27,,,,,,,,,,,12,,,,,,,,,,,,,,,,,,,,,,,,72,76.1,28,85.0,14,8,29.0,0,1.64,53,40,13,0.45,1.11,0,40,24,5,72,12,27,,,0,1,6.6621675933767746,1.948162690746429
Kasey McAteer,ie IRL,MF,Leicester City,22,2001,18,9,852.0,9.5,1,1,2,1,0,0,3,0,0.11,0.11,0.21,0.11,0.21,Matches,,,,,,,,,,,,,,,,9.5,1,13,7,53.8,1.37,0.74,0.08,0.14,0,0,,,,,,,,,,,,,,,1,,,,,,,,,,,,21,,,,,,,,,,,,,,,,,,,,,,,,,,15,,,,,,,,,,,2,,,,,,,,,,,,,,,,,,,,,,,,47,24.9,9,78.0,1,9,16.0,2,0.78,10,16,-6,-0.63,0.8,0,18,15,3,21,2,15,,,0,2,-1.857072648324234,1.417965338085591
Keane Lewis-Potter,eng ENG,"DF,MF",Brentford,23,2001,38,36,3093.0,34.4,1,3,4,1,0,0,7,0,0.03,0.09,0.12,0.03,0.12,Matches,,,,,,,,,,,,,,,,34.4,1,28,14,50.0,0.81,0.41,0.04,0.07,0,0,,,,,,,,,,,,,,,3,,,,,,,,,,,,75,,,,,,,,,,,,,,,,,,,,,,,,,,27,,,,,,,,,,,20,,,,,,,,,,,,,,,,,,,,,,,,81,90.4,36,85.0,26,2,17.0,0,1.47,58,49,9,0.26,0.26,0,18,31,4,75,20,27,,,0,3,4.283869568847256,-3.7211738692054497
Kenny Tete,nl NED,DF,Fulham,28,1995,22,21,1774.0,19.7,0,2,2,0,0,0,5,0,0.0,0.1,0.1,0.0,0.1,Matches,,,,,,,,,,,,,,,,19.7,0,24,2,8.3,1.22,0.1,0.0,0.0,0,0,,,,,,,,,,,,,,,2,,,,,,,,,,,,38,,,,,,,,,,,,,,,,,,,,,,,,,,38,,,,,,,,,,,30,,,,,,,,,,,,,,,,,,,,,,,,81,51.9,21,84.0,15,1,9.0,2,1.36,24,26,-2,-0.1,-0.21,0,35,16,1,38,30,38,,,0,3,0.6626021274565467,-3.436971774684017
Kepa Arrizabalaga,es ESP,GK,Bournemouth,29,1994,31,31,2790.0,31.0,0,0,0,0,0,0,3,0,0.0,0.0,0.0,0.0,0.0,Matches,39.0,1.26,136.0,97.0,71.3,13.0,7.0,11.0,8.0,25.8,4.0,4.0,0.0,0.0,0.0,31.0,0,1,0,0.0,0.03,0.0,0.0,,0,0,,,,,,,,,,,,,,,0,,,,,,,,,,,,0,,,,,,,,,,,,,,,,,,,,,,,,,,0,,,,,,,,,,,0,,,,,,,,,,,,,,,,,,,,,,,,90,81.6,31,90.0,31,0,,1,1.48,50,39,11,0.35,0.21,0,2,6,0,0,0,0,,,0,3,-0.19380595789713603,-3.903737772716367
Kevin De Bruyne,be BEL,"MF,FW",Manchester City,33,1991,28,19,1702.0,18.9,4,7,11,4,0,0,2,0,0.21,0.37,0.58,0.21,0.58,Matches,,,,,,,,,,,,,,,,18.9,4,57,18,31.6,3.01,0.95,0.07,0.22,0,0,,,,,,,,,,,,,,,7,,,,,,,,,,,,144,,,,,,,,,,,,,,,,,,,,,,,,,,9,,,,,,,,,,,7,,,,,,,,,,,,,,,,,,,,,,,,61,49.8,19,83.0,7,9,15.0,5,1.82,41,19,22,1.16,0.85,0,17,18,5,144,7,9,,,0,1,4.0818805464048955,3.0763914678039175
Kevin Danso,at AUT,DF,Tottenham,25,1998,10,9,842.0,9.4,0,0,0,0,0,0,0,0,0.0,0.0,0.0,0.0,0.0,Matches,,,,,,,,,,,,,,,,9.4,0,7,3,42.9,0.75,0.32,0.0,0.0,0,0,,,,,,,,,,,,,,,0,,,,,,,,,,,,1,,,,,,,,,,,,,,,,,,,,,,,,,,4,,,,,,,,,,,6,,,,,,,,,,,,,,,,,,,,,,,,84,24.6,9,89.0,8,1,45.0,0,0.8,11,18,-7,-0.75,-0.96,0,9,13,0,1,6,4,,,0,0,-3.407564333407991,-0.6631689578893128
Kevin Schade,de GER,"MF,FW",Brentford,22,2001,38,26,2293.0,25.5,11,2,13,11,0,0,3,0,0.43,0.08,0.51,0.43,0.51,Matches,,,,,,,,,,,,,,,,25.5,11,55,27,49.1,2.16,1.06,0.2,0.41,0,0,,,,,,,,,,,,,,,2,,,,,,,,,,,,39,,,,,,,,,,,,,,,,,,,,,,,,,,26,,,,,,,,,,,5,,,,,,,,,,,,,,,,,,,,,,,,60,67.0,26,79.0,6,12,21.0,0,1.47,45,34,11,0.43,0.59,0,21,38,13,39,5,26,,,0,1,5.846788146593464,3.4636719898290464
Kieran Trippier,eng ENG,DF,Newcastle,33,1990,25,14,1309.0,14.5,0,3,3,0,0,0,1,0,0.0,0.21,0.21,0.0,0.21,Matches,,,,,,,,,,,,,,,,14.5,0,4,0,0.0,0.28,0.0,0.0,,0,0,,,,,,,,,,,,,,,3,,,,,,,,,,,,83,,,,,,,,,,,,,,,,,,,,,,,,,,22,,,,,,,,,,,11,,,,,,,,,,,,,,,,,,,,,,,,52,38.3,14,77.0,2,11,21.0,6,1.6,29,18,11,0.76,0.33,0,16,11,2,83,11,22,,,0,0,-0.8679832241001839,-0.8160201144602235
Kieran Tierney,sct SCO,DF,Arsenal,27,1997,13,2,259.0,2.9,1,0,1,1,0,0,0,0,0.35,0.0,0.35,0.35,0.35,Matches,,,,,,,,,,,,,,,,2.9,1,2,1,50.0,0.69,0.35,0.5,1.0,0,0,,,,,,,,,,,,,,,0,,,,,,,,,,,,14,,,,,,,,,,,,,,,,,,,,,,,,,,5,,,,,,,,,,,3,,,,,,,,,,,,,,,,,,,,,,,,20,7.6,2,62.0,0,11,12.0,13,2.08,3,1,2,0.69,-0.24,0,1,2,2,14,3,5,,,0,2,-3.324474499348838,4.184220108117959
Kiernan Dewsbury-Hall,eng ENG,MF,Chelsea,25,1998,13,2,264.0,2.9,0,1,1,0,0,0,0,0,0.0,0.34,0.34,0.0,0.34,Matches,,,,,,,,,,,,,,,,2.9,0,1,0,0.0,0.34,0.0,0.0,,0,0,,,,,,,,,,,,,,,1,,,,,,,,,,,,2,,,,,,,,,,,,,,,,,,,,,,,,,,5,,,,,,,,,,,1,,,,,,,,,,,,,,,,,,,,,,,,20,7.7,2,67.0,0,11,12.0,13,2.15,6,3,3,1.02,0.51,0,4,6,0,2,1,5,,,0,0,-4.5157433375954055,2.041180243762048
Kobbie Mainoo,eng ENG,MF,Manchester Utd,19,2005,25,19,1651.0,18.3,0,0,0,0,0,0,5,0,0.0,0.0,0.0,0.0,0.0,Matches,,,,,,,,,,,,,,,,18.3,0,15,2,13.3,0.82,0.11,0.0,0.0,0,0,,,,,,,,,,,,,,,0,,,,,,,,,,,,7,,,,,,,,,,,,,,,,,,,,,,,,,,28,,,,,,,,,,,19,,,,,,,,,,,,,,,,,,,,,,,,66,48.3,19,76.0,8,6,35.0,1,1.0,19,27,-8,-0.44,-0.33,0,27,21,3,7,19,28,,,0,3,-0.9765812601665423,-2.6072113810599604
Konstantinos Mavropanos,gr GRE,DF,West Ham,26,1997,33,21,2045.0,22.7,0,0,0,0,0,0,6,1,0.0,0.0,0.0,0.0,0.0,Matches,,,,,,,,,,,,,,,,22.7,0,18,5,27.8,0.79,0.22,0.0,0.0,0,0,,,,,,,,,,,,,,,0,,,,,,,,,,,,2,,,,,,,,,,,,,,,,,,,,,,,,,,23,,,,,,,,,,,39,,,,,,,,,,,,,,,,,,,,,,,,62,59.8,21,85.0,17,12,22.0,3,1.15,22,38,-16,-0.7,-0.7,1,17,16,3,2,39,23,,,0,3,0.19030102615680483,-3.9635735156547884
Kosta Nedeljković,rs SRB,DF,Aston Villa,18,2005,5,0,126.0,1.4,0,0,0,0,0,0,0,0,0.0,0.0,0.0,0.0,0.0,Matches,,,,,,,,,,,,,,,,1.4,0,0,0,,0.0,0.0,,,0,0,,,,,,,,,,,,,,,0,,,,,,,,,,,,1,,,,,,,,,,,,,,,,,,,,,,,,,,4,,,,,,,,,,,1,,,,,,,,,,,,,,,,,,,,,,,,25,3.7,0,,0,5,25.0,11,1.2,0,4,-4,-2.86,-3.16,0,0,1,0,1,1,4,,,0,0,-6.623857247254219,1.355077242645777
Kostas Tsimikas,gr GRE,DF,Liverpool,28,1996,18,9,837.0,9.3,0,1,1,0,0,0,2,0,0.0,0.11,0.11,0.0,0.11,Matches,,,,,,,,,,,,,,,,9.3,0,4,2,50.0,0.43,0.22,0.0,0.0,0,0,,,,,,,,,,,,,,,1,,,,,,,,,,,,64,,,,,,,,,,,,,,,,,,,,,,,,,,19,,,,,,,,,,,10,,,,,,,,,,,,,,,,,,,,,,,,47,24.5,9,76.0,4,9,17.0,16,2.17,13,8,5,0.54,-0.86,0,9,6,1,64,10,19,,,0,0,-2.662383131439147,-0.027034359391628137
Kristoffer Ajer,no NOR,DF,Brentford,26,1998,24,17,1438.0,16.0,0,0,0,0,0,0,5,0,0.0,0.0,0.0,0.0,0.0,Matches,,,,,,,,,,,,,,,,16.0,0,9,3,33.3,0.56,0.19,0.0,0.0,0,0,,,,,,,,,,,,,,,0,,,,,,,,,,,,14,,,,,,,,,,,,,,,,,,,,,,,,,,19,,,,,,,,,,,11,,,,,,,,,,,,,,,,,,,,,,,,60,42.0,17,79.0,5,7,14.0,2,1.33,20,25,-5,-0.31,-0.95,0,13,6,2,14,11,19,,,0,0,-1.8761699273665893,-1.8352254038625537
Kyle Walker,eng ENG,DF,Manchester City,34,1990,15,9,970.0,10.8,0,0,0,0,0,0,3,0,0.0,0.0,0.0,0.0,0.0,Matches,,,,,,,,,,,,,,,,10.8,0,5,2,40.0,0.46,0.19,0.0,0.0,0,0,,,,,,,,,,,,,,,0,,,,,,,,,,,,14,,,,,,,,,,,,,,,,,,,,,,,,,,10,,,,,,,,,,,3,,,,,,,,,,,,,,,,,,,,,,,,65,28.4,9,89.0,8,6,29.0,2,1.4,13,21,-8,-0.74,-2.06,0,6,4,1,14,3,10,,,0,0,-3.2649145768728993,-0.9786201155472448
Kyle Walker-Peters,eng ENG,"MF,DF",Southampton,27,1997,33,33,2918.0,32.4,0,2,2,0,0,0,5,0,0.0,0.06,0.06,0.0,0.06,Matches,,,,,,,,,,,,,,,,32.4,0,20,6,30.0,0.62,0.19,0.0,0.0,0,0,,,,,,,,,,,,,,,2,,,,,,,,,,,,50,,,,,,,,,,,,,,,,,,,,,,,,,,32,,,,,,,,,,,19,,,,,,,,,,,,,,,,,,,,,,,,88,85.3,33,88.0,29,0,,2,0.3,23,77,-54,-1.67,-0.59,0,28,52,2,50,19,32,,,0,3,2.567349349042944,-5.257209808142297
Lamare Bogarde,nl NED,"DF,MF",Aston Villa,20,2004,8,5,476.0,5.3,0,0,0,0,0,0,2,0,0.0,0.0,0.0,0.0,0.0,Matches,,,,,,,,,,,,,,,,5.3,0,1,1,100.0,0.19,0.19,0.0,0.0,0,0,,,,,,,,,,,,,,,0,,,,,,,,,,,,0,,,,,,,,,,,,,,,,,,,,,,,,,,6,,,,,,,,,,,1,,,,,,,,,,,,,,,,,,,,,,,,60,13.9,5,77.0,2,3,30.0,14,1.5,10,11,-1,-0.19,-0.43,0,8,11,0,0,1,6,,,0,0,-4.3543520319937405,0.5211030164647342
Leandro Trossard,be BEL,FW,Arsenal,29,1994,38,28,2546.0,28.3,8,7,15,8,0,0,4,1,0.28,0.25,0.53,0.28,0.53,Matches,,,,,,,,,,,,,,,,28.3,8,72,22,30.6,2.55,0.78,0.11,0.36,0,0,,,,,,,,,,,,,,,7,,,,,,,,,,,,80,,,,,,,,,,,,,,,,,,,,,,,,,,18,,,,,,,,,,,10,,,,,,,,,,,,,,,,,,,,,,,,67,74.4,28,82.0,14,10,25.0,0,1.95,51,26,25,0.88,-0.15,1,27,46,6,80,10,18,,,0,1,7.034364240972091,1.9103047636724986
Leif Davis,eng ENG,DF,Ipswich Town,24,1999,33,32,2743.0,30.5,1,2,3,1,0,0,5,1,0.03,0.07,0.1,0.03,0.1,Matches,,,,,,,,,,,,,,,,30.5,1,16,2,12.5,0.52,0.07,0.06,0.5,0,0,,,,,,,,,,,,,,,2,,,,,,,,,,,,157,,,,,,,,,,,,,,,,,,,,,,,,,,28,,,,,,,,,,,25,,,,,,,,,,,,,,,,,,,,,,,,83,80.2,32,85.0,27,1,10.0,0,0.52,29,69,-40,-1.31,-0.51,0,26,31,5,157,25,28,,,0,3,3.5409981190506317,-4.619712765338894
Leny Yoro,fr FRA,DF,Manchester Utd,18,2005,21,12,1165.0,12.9,0,0,0,0,0,0,5,0,0.0,0.0,0.0,0.0,0.0,Matches,,,,,,,,,,,,,,,,12.9,0,5,1,20.0,0.39,0.08,0.0,0.0,0,0,,,,,,,,,,,,,,,0,,,,,,,,,,,,1,,,,,,,,,,,,,,,,,,,,,,,,,,11,,,,,,,,,,,17,,,,,,,,,,,,,,,,,,,,,,,,55,34.1,12,78.0,5,9,26.0,0,0.81,17,24,-7,-0.54,-0.42,0,9,2,1,1,17,11,,,0,0,-2.7831542256474378,-1.5064810352352813
Leon Bailey,jm JAM,MF,Aston Villa,26,1997,24,14,1139.0,12.7,1,2,3,1,0,0,3,0,0.08,0.16,0.24,0.08,0.24,Matches,,,,,,,,,,,,,,,,12.7,1,28,6,21.4,2.21,0.47,0.04,0.17,0,0,,,,,,,,,,,,,,,2,,,,,,,,,,,,34,,,,,,,,,,,,,,,,,,,,,,,,,,4,,,,,,,,,,,4,,,,,,,,,,,,,,,,,,,,,,,,47,33.3,14,65.0,2,10,23.0,5,1.54,22,19,3,0.24,0.08,0,12,18,3,34,4,4,,,0,2,-1.0729251166574856,1.351873074524992
Lesley Ugochukwu,fr FRA,MF,Southampton,20,2004,26,18,1655.0,18.4,1,1,2,1,0,0,7,0,0.05,0.05,0.11,0.05,0.11,Matches,,,,,,,,,,,,,,,,18.4,1,10,1,10.0,0.54,0.05,0.1,1.0,0,0,,,,,,,,,,,,,,,1,,,,,,,,,,,,6,,,,,,,,,,,,,,,,,,,,,,,,,,22,,,,,,,,,,,14,,,,,,,,,,,,,,,,,,,,,,,,64,48.4,18,77.0,4,8,33.0,6,0.42,13,39,-26,-1.41,0.32,0,31,16,0,6,14,22,,,0,3,-0.5244285930536047,-1.579466551421889
Levi Colwill,eng ENG,DF,Chelsea,21,2003,35,35,3149.0,35.0,2,1,3,2,0,0,9,0,0.06,0.03,0.09,0.06,0.09,Matches,,,,,,,,,,,,,,,,35.0,2,17,4,23.5,0.49,0.11,0.12,0.5,0,0,,,,,,,,,,,,,,,1,,,,,,,,,,,,12,,,,,,,,,,,,,,,,,,,,,,,,,,35,,,,,,,,,,,32,,,,,,,,,,,,,,,,,,,,,,,,90,92.1,35,90.0,34,0,,2,1.77,56,41,15,0.43,-1.56,0,46,21,4,12,32,35,,,0,3,4.0268859679762325,-5.007582694294504
Lewis Dunk,eng ENG,DF,Brighton,32,1991,25,23,2083.0,23.1,0,0,0,0,0,0,5,0,0.0,0.0,0.0,0.0,0.0,Matches,,,,,,,,,,,,,,,,23.1,0,12,3,25.0,0.52,0.13,0.0,0.0,0,0,,,,,,,,,,,,,,,0,,,,,,,,,,,,5,,,,,,,,,,,,,,,,,,,,,,,,,,11,,,,,,,,,,,12,,,,,,,,,,,,,,,,,,,,,,,,83,60.9,23,89.0,21,2,24.0,2,1.24,33,42,-9,-0.39,-1.47,0,7,11,2,5,12,11,,,1,3,-0.667168255118211,-3.536392140703375
Lewis Cook,eng ENG,"MF,DF",Bournemouth,27,1997,36,32,2978.0,33.1,1,3,4,1,0,0,8,1,0.03,0.09,0.12,0.03,0.12,Matches,,,,,,,,,,,,,,,,33.1,1,14,4,28.6,0.42,0.12,0.07,0.25,0,0,,,,,,,,,,,,,,,3,,,,,,,,,,,,132,,,,,,,,,,,,,,,,,,,,,,,,,,42,,,,,,,,,,,45,,,,,,,,,,,,,,,,,,,,,,,,83,87.1,32,89.0,30,4,31.0,0,1.39,47,43,4,0.12,-1.51,0,48,10,3,132,45,42,,,0,3,4.800570879894394,-5.47791210816841
Lewis Hall,eng ENG,DF,Newcastle,19,2004,27,24,2189.0,24.3,0,4,4,0,0,0,3,0,0.0,0.16,0.16,0.0,0.16,Matches,,,,,,,,,,,,,,,,24.3,0,11,1,9.1,0.45,0.04,0.0,0.0,0,0,,,,,,,,,,,,,,,4,,,,,,,,,,,,110,,,,,,,,,,,,,,,,,,,,,,,,,,40,,,,,,,,,,,17,,,,,,,,,,,,,,,,,,,,,,,,81,64.0,24,87.0,18,3,30.0,0,1.63,44,31,13,0.53,-0.05,0,9,21,1,110,17,40,,,0,3,1.9454257381548465,-3.0410976103750693
Lewis Miley,eng ENG,MF,Newcastle,18,2006,14,1,313.0,3.5,1,0,1,1,0,0,0,0,0.29,0.0,0.29,0.29,0.29,Matches,,,,,,,,,,,,,,,,3.5,1,3,2,66.7,0.86,0.58,0.33,0.5,0,0,,,,,,,,,,,,,,,0,,,,,,,,,,,,0,,,,,,,,,,,,,,,,,,,,,,,,,,11,,,,,,,,,,,2,,,,,,,,,,,,,,,,,,,,,,,,22,9.2,1,90.0,1,13,17.0,12,2.14,6,4,2,0.58,0.02,0,3,1,0,0,2,11,,,0,2,-3.454812646275689,3.5071117631362787
Liam Delap,eng ENG,FW,Ipswich Town,21,2003,37,32,2593.0,28.8,12,2,14,10,2,2,12,0,0.42,0.07,0.49,0.35,0.42,Matches,,,,,,,,,,,,,,,,28.8,12,68,32,47.1,2.36,1.11,0.18,0.38,2,2,,,,,,,,,,,,,,,2,,,,,,,,,,,,5,,,,,,,,,,,,,,,,,,,,,,,,,,8,,,,,,,,,,,2,,,,,,,,,,,,,,,,,,,,,,,,70,75.8,32,78.0,3,5,18.0,0,0.59,25,58,-33,-1.15,0.27,0,72,51,14,5,2,8,,,0,1,7.845908449614011,3.590946738617468
Lisandro Martínez,ar ARG,DF,Manchester Utd,26,1998,20,20,1751.0,19.5,2,1,3,2,0,0,7,0,0.1,0.05,0.15,0.1,0.15,Matches,,,,,,,,,,,,,,,,19.5,2,17,6,35.3,0.87,0.31,0.12,0.33,0,0,,,,,,,,,,,,,,,1,,,,,,,,,,,,9,,,,,,,,,,,,,,,,,,,,,,,,,,24,,,,,,,,,,,31,,,,,,,,,,,,,,,,,,,,,,,,88,51.2,20,88.0,17,0,,2,1.35,25,27,-2,-0.1,0.33,0,22,7,0,9,31,24,,,0,3,0.7549208256381611,-2.29150498997573
Lloyd Kelly,eng ENG,DF,Newcastle,25,1998,10,4,303.0,3.4,0,1,1,0,0,0,2,0,0.0,0.3,0.3,0.0,0.3,Matches,,,,,,,,,,,,,,,,3.4,0,3,0,0.0,0.89,0.0,0.0,,0,0,,,,,,,,,,,,,,,1,,,,,,,,,,,,1,,,,,,,,,,,,,,,,,,,,,,,,,,4,,,,,,,,,,,1,,,,,,,,,,,,,,,,,,,,,,,,30,8.9,4,68.0,1,6,6.0,14,1.6,2,6,-4,-1.19,-1.91,0,5,5,1,1,1,4,,,0,0,-4.660670434800253,1.4971528590203804
Lucas Digne,fr FRA,DF,Aston Villa,31,1993,32,28,2351.0,26.1,0,4,4,0,0,0,4,0,0.0,0.15,0.15,0.0,0.15,Matches,,,,,,,,,,,,,,,,26.1,0,13,3,23.1,0.5,0.11,0.0,0.0,0,0,,,,,,,,,,,,,,,4,,,,,,,,,,,,140,,,,,,,,,,,,,,,,,,,,,,,,,,36,,,,,,,,,,,22,,,,,,,,,,,,,,,,,,,,,,,,73,68.7,28,80.0,13,4,30.0,6,1.59,35,36,-1,-0.04,-0.71,0,21,16,7,140,22,36,,,0,3,2.4882132241323554,-3.1962048008340718
Lucas Paquetá,br BRA,"MF,FW",West Ham,26,1997,33,27,2380.0,26.4,4,0,4,2,2,2,10,0,0.15,0.0,0.15,0.08,0.08,Matches,,,,,,,,,,,,,,,,26.4,4,41,6,14.6,1.55,0.23,0.1,0.67,2,2,,,,,,,,,,,,,,,0,,,,,,,,,,,,29,,,,,,,,,,,,,,,,,,,,,,,,,,36,,,,,,,,,,,17,,,,,,,,,,,,,,,,,,,,,,,,72,69.6,27,82.0,16,6,29.0,1,0.94,34,50,-16,-0.61,-0.61,0,53,62,5,29,17,36,,,0,3,4.607030562314846,-1.4880406347339898
Lucas Bergvall,se SWE,MF,Tottenham,18,2006,27,11,1212.0,13.5,0,1,1,0,0,0,3,0,0.0,0.07,0.07,0.0,0.07,Matches,,,,,,,,,,,,,,,,13.5,0,12,2,16.7,0.89,0.15,0.0,0.0,0,0,,,,,,,,,,,,,,,1,,,,,,,,,,,,21,,,,,,,,,,,,,,,,,,,,,,,,,,18,,,,,,,,,,,21,,,,,,,,,,,,,,,,,,,,,,,,45,35.4,11,81.0,6,16,20.0,7,1.11,28,25,3,0.22,0.39,0,20,17,0,21,21,18,,,0,0,-1.688584507930201,-1.1358286203591106
Luis Díaz,co COL,"FW,MF",Liverpool,27,1997,36,28,2399.0,26.7,13,5,18,13,0,0,2,0,0.49,0.19,0.68,0.49,0.68,Matches,,,,,,,,,,,,,,,,26.7,13,71,30,42.3,2.66,1.13,0.18,0.43,0,0,,,,,,,,,,,,,,,5,,,,,,,,,,,,32,,,,,,,,,,,,,,,,,,,,,,,,,,27,,,,,,,,,,,7,,,,,,,,,,,,,,,,,,,,,,,,67,70.1,28,79.0,7,8,24.0,2,2.25,67,21,46,1.73,1.81,0,48,31,10,32,7,27,,,0,1,8.025927153319875,4.464414090175327
Luis Sinisterra,co COL,MF,Bournemouth,25,1999,12,1,236.0,2.6,1,1,2,1,0,0,0,0,0.38,0.38,0.76,0.38,0.76,Matches,,,,,,,,,,,,,,,,2.6,1,13,6,46.2,4.96,2.29,0.08,0.17,0,0,,,,,,,,,,,,,,,1,,,,,,,,,,,,7,,,,,,,,,,,,,,,,,,,,,,,,,,1,,,,,,,,,,,1,,,,,,,,,,,,,,,,,,,,,,,,20,6.9,1,62.0,0,11,16.0,1,1.25,5,4,1,0.38,0.07,0,4,2,1,7,1,1,,,0,2,-2.240672690642338,6.546362921131908
Luis Guilherme,br BRA,MF,West Ham,18,2006,12,1,150.0,1.7,0,0,0,0,0,0,0,0,0.0,0.0,0.0,0.0,0.0,Matches,,,,,,,,,,,,,,,,1.7,0,4,1,25.0,2.4,0.6,0.0,0.0,0,0,,,,,,,,,,,,,,,0,,,,,,,,,,,,8,,,,,,,,,,,,,,,,,,,,,,,,,,0,,,,,,,,,,,3,,,,,,,,,,,,,,,,,,,,,,,,13,4.4,1,45.0,0,11,10.0,22,0.5,2,5,-3,-1.8,-1.44,0,0,4,0,8,3,0,,,0,0,-5.9954619675423135,2.119610900832532
Luke Shaw,eng ENG,DF,Manchester Utd,29,1995,7,4,349.0,3.9,0,0,0,0,0,0,1,0,0.0,0.0,0.0,0.0,0.0,Matches,,,,,,,,,,,,,,,,3.9,0,1,0,0.0,0.26,0.0,0.0,,0,0,,,,,,,,,,,,,,,0,,,,,,,,,,,,10,,,,,,,,,,,,,,,,,,,,,,,,,,3,,,,,,,,,,,2,,,,,,,,,,,,,,,,,,,,,,,,50,10.2,4,67.0,1,3,28.0,1,0.71,3,5,-2,-0.52,-0.28,0,3,1,0,10,2,3,,,1,0,-5.0847215198413815,-0.07175376845176262
Luke Woolfenden,eng ENG,DF,Ipswich Town,25,1998,15,12,1187.0,13.2,0,0,0,0,0,0,2,0,0.0,0.0,0.0,0.0,0.0,Matches,,,,,,,,,,,,,,,,13.2,0,1,0,0.0,0.08,0.0,0.0,,0,0,,,,,,,,,,,,,,,0,,,,,,,,,,,,0,,,,,,,,,,,,,,,,,,,,,,,,,,6,,,,,,,,,,,21,,,,,,,,,,,,,,,,,,,,,,,,79,34.7,12,90.0,11,3,36.0,13,0.47,12,28,-16,-1.21,0.0,0,5,2,1,0,21,6,,,0,0,-3.2572627422438987,-2.1808652398864963
Luke Thomas,eng ENG,DF,Leicester City,23,2001,14,13,1110.0,12.3,0,0,0,0,0,0,3,0,0.0,0.0,0.0,0.0,0.0,Matches,,,,,,,,,,,,,,,,12.3,0,5,0,0.0,0.41,0.0,0.0,,0,0,,,,,,,,,,,,,,,0,,,,,,,,,,,,28,,,,,,,,,,,,,,,,,,,,,,,,,,25,,,,,,,,,,,20,,,,,,,,,,,,,,,,,,,,,,,,79,32.5,13,85.0,9,1,4.0,11,0.57,8,23,-15,-1.22,0.03,0,16,10,0,28,20,25,,,0,0,-2.6325270528270903,-2.535231309951828
Mads Roerslev,dk DEN,DF,Brentford,25,1999,19,11,1101.0,12.2,0,2,2,0,0,0,2,0,0.0,0.16,0.16,0.0,0.16,Matches,,,,,,,,,,,,,,,,12.2,0,5,2,40.0,0.41,0.16,0.0,0.0,0,0,,,,,,,,,,,,,,,2,,,,,,,,,,,,30,,,,,,,,,,,,,,,,,,,,,,,,,,8,,,,,,,,,,,4,,,,,,,,,,,,,,,,,,,,,,,,58,32.2,11,88.0,9,8,16.0,4,1.21,19,20,-1,-0.08,-0.47,0,6,10,0,30,4,8,,,0,0,-2.211557954949369,-0.2608881687000761
Mads Hermansen,dk DEN,GK,Leicester City,24,2000,27,27,2385.0,26.5,0,0,0,0,0,0,1,0,0.0,0.0,0.0,0.0,0.0,Matches,58.0,2.19,160.0,102.0,63.8,3.0,6.0,18.0,1.0,3.7,4.0,3.0,1.0,0.0,25.0,26.5,0,0,0,,0.0,0.0,,,0,0,,,,,,,,,,,,,,,0,,,,,,,,,,,,0,,,,,,,,,,,,,,,,,,,,,,,,,,1,,,,,,,,,,,0,,,,,,,,,,,,,,,,,,,,,,,,88,69.7,27,88.0,26,0,,0,0.56,23,58,-35,-1.32,-0.28,0,0,3,0,0,0,1,,,0,3,-1.4235401825809322,-3.5497084843029705
Malo Gusto,fr FRA,DF,Chelsea,21,2003,32,19,1862.0,20.7,0,1,1,0,0,0,4,0,0.0,0.05,0.05,0.0,0.05,Matches,,,,,,,,,,,,,,,,20.7,0,22,5,22.7,1.06,0.24,0.0,0.0,0,0,,,,,,,,,,,,,,,1,,,,,,,,,,,,54,,,,,,,,,,,,,,,,,,,,,,,,,,31,,,,,,,,,,,25,,,,,,,,,,,,,,,,,,,,,,,,58,54.4,19,84.0,14,13,20.0,1,1.66,39,26,13,0.63,0.17,0,20,20,2,54,25,31,,,0,3,0.5545952297882705,-2.4811726837143837
Manuel Akanji,ch SUI,"DF,MF",Manchester City,29,1995,26,23,2014.0,22.4,0,0,0,0,0,0,3,0,0.0,0.0,0.0,0.0,0.0,Matches,,,,,,,,,,,,,,,,22.4,0,15,2,13.3,0.67,0.09,0.0,0.0,0,0,,,,,,,,,,,,,,,0,,,,,,,,,,,,11,,,,,,,,,,,,,,,,,,,,,,,,,,11,,,,,,,,,,,9,,,,,,,,,,,,,,,,,,,,,,,,77,58.9,23,86.0,20,3,12.0,2,2.04,46,28,18,0.8,0.16,0,17,9,0,11,9,11,,,0,3,-0.5760227522482272,-2.810999247211351
Manuel Ugarte,uy URU,MF,Manchester Utd,23,2001,29,22,1785.0,19.8,1,2,3,1,0,0,11,0,0.05,0.1,0.15,0.05,0.15,Matches,,,,,,,,,,,,,,,,19.8,1,19,4,21.1,0.96,0.2,0.05,0.25,0,0,,,,,,,,,,,,,,,2,,,,,,,,,,,,7,,,,,,,,,,,,,,,,,,,,,,,,,,50,,,,,,,,,,,26,,,,,,,,,,,,,,,,,,,,,,,,62,52.2,22,75.0,8,7,20.0,3,1.17,24,33,-9,-0.45,-0.4,0,41,33,0,7,26,50,,,1,3,1.4208872892763067,-3.166602141374087
Marc Cucurella,es ESP,DF,Chelsea,26,1998,36,33,2988.0,33.2,5,1,6,5,0,0,10,1,0.15,0.03,0.18,0.15,0.18,Matches,,,,,,,,,,,,,,,,33.2,5,24,12,50.0,0.72,0.36,0.21,0.42,0,0,,,,,,,,,,,,,,,1,,,,,,,,,,,,29,,,,,,,,,,,,,,,,,,,,,,,,,,46,,,,,,,,,,,26,,,,,,,,,,,,,,,,,,,,,,,,83,87.4,33,88.0,27,3,24.0,0,1.89,60,38,22,0.66,0.87,1,37,38,3,29,26,46,,,0,3,5.6468970889566,-3.5442946547205856
Marc Guéhi,eng ENG,DF,Crystal Palace,24,2000,34,34,3059.0,34.0,3,2,5,3,0,0,9,1,0.09,0.06,0.15,0.09,0.15,Matches,,,,,,,,,,,,,,,,34.0,3,15,7,46.7,0.44,0.21,0.2,0.43,0,0,,,,,,,,,,,,,,,2,,,,,,,,,,,,13,,,,,,,,,,,,,,,,,,,,,,,,,,32,,,,,,,,,,,29,,,,,,,,,,,,,,,,,,,,,,,,90,89.4,34,90.0,33,0,,0,1.35,42,42,0,0.0,0.0,1,23,27,1,13,29,32,,,3,3,4.326374493644226,-5.010623112532225
Marco Asensio,es ESP,MF,Aston Villa,28,1996,13,9,743.0,8.3,3,1,4,3,0,2,2,0,0.36,0.12,0.48,0.36,0.48,Matches,,,,,,,,,,,,,,,,8.3,3,24,11,45.8,2.91,1.33,0.13,0.27,0,2,,,,,,,,,,,,,,,1,,,,,,,,,,,,38,,,,,,,,,,,,,,,,,,,,,,,,,,5,,,,,,,,,,,2,,,,,,,,,,,,,,,,,,,,,,,,57,21.7,9,72.0,3,4,23.0,0,2.0,18,8,10,1.21,1.31,0,11,8,2,38,2,5,,,0,2,0.1697366626208687,4.636364878224771
Marcos Senesi,ar ARG,DF,Bournemouth,27,1997,17,13,1106.0,12.3,0,0,0,0,0,0,5,0,0.0,0.0,0.0,0.0,0.0,Matches,,,,,,,,,,,,,,,,12.3,0,2,0,0.0,0.16,0.0,0.0,,0,0,,,,,,,,,,,,,,,0,,,,,,,,,,,,11,,,,,,,,,,,,,,,,,,,,,,,,,,19,,,,,,,,,,,14,,,,,,,,,,,,,,,,,,,,,,,,65,32.3,13,80.0,7,4,17.0,4,1.47,19,17,2,0.16,-0.23,0,22,8,1,11,14,19,,,0,0,-2.494678577665186,-2.060927773492842
Marcus Rashford,eng ENG,"FW,MF",Aston Villa,26,1997,10,4,444.0,4.9,2,2,4,1,1,1,0,0,0.41,0.41,0.81,0.2,0.61,Matches,,,,,,,,,,,,,,,,4.9,2,19,7,36.8,3.85,1.42,0.11,0.29,1,1,,,,,,,,,,,,,,,2,,,,,,,,,,,,28,,,,,,,,,,,,,,,,,,,,,,,,,,7,,,,,,,,,,,1,,,,,,,,,,,,,,,,,,,,,,,,44,13.0,4,68.0,0,6,29.0,0,2.0,7,6,1,0.2,0.02,0,1,3,1,28,1,7,,,0,2,-0.7565746437698639,5.916718133806539
Marcus Rashford,eng ENG,MF,Manchester Utd,26,1997,15,12,978.0,10.9,4,1,5,4,0,0,2,0,0.37,0.09,0.46,0.37,0.46,Matches,,,,,,,,,,,,,,,,10.9,4,16,9,56.3,1.47,0.83,0.25,0.44,0,0,,,,,,,,,,,,,,,1,,,,,,,,,,,,27,,,,,,,,,,,,,,,,,,,,,,,,,,4,,,,,,,,,,,5,,,,,,,,,,,,,,,,,,,,,,,,65,28.6,12,74.0,4,3,31.0,1,1.27,15,9,6,0.55,1.14,0,8,7,7,27,5,4,,,0,2,-0.07170363383280516,3.480906959458024
Marcus Tavernier,eng ENG,MF,Bournemouth,25,1999,29,20,1939.0,21.5,3,5,8,3,0,0,6,0,0.14,0.23,0.37,0.14,0.37,Matches,,,,,,,,,,,,,,,,21.5,3,57,17,29.8,2.65,0.79,0.05,0.18,0,0,,,,,,,,,,,,,,,5,,,,,,,,,,,,108,,,,,,,,,,,,,,,,,,,,,,,,,,22,,,,,,,,,,,4,,,,,,,,,,,,,,,,,,,,,,,,67,56.7,20,85.0,11,9,26.0,0,1.45,29,29,0,0.0,-0.73,0,34,28,4,108,4,22,,,0,3,3.486295913498662,0.9361802600891892
Mario Lemina,ga GAB,"MF,DF",Wolves,30,1993,17,15,1364.0,15.2,1,3,4,1,0,0,4,0,0.07,0.2,0.26,0.07,0.26,Matches,,,,,,,,,,,,,,,,15.2,1,18,5,27.8,1.19,0.33,0.06,0.2,0,0,,,,,,,,,,,,,,,3,,,,,,,,,,,,10,,,,,,,,,,,,,,,,,,,,,,,,,,33,,,,,,,,,,,26,,,,,,,,,,,,,,,,,,,,,,,,80,39.9,15,87.0,13,2,30.0,0,0.53,22,39,-17,-1.12,-1.21,0,17,8,4,10,26,33,,,0,3,0.32409339410222243,-1.5662962590293619
Mark Flekken,nl NED,GK,Brentford,31,1993,37,37,3275.0,36.4,0,2,2,0,0,0,1,0,0.0,0.05,0.05,0.0,0.05,Matches,55.0,1.51,207.0,152.0,73.4,16.0,8.0,13.0,8.0,21.6,1.0,1.0,0.0,0.0,0.0,36.4,0,0,0,,0.0,0.0,,,0,0,,,,,,,,,,,,,,,2,,,,,,,,,,,,0,,,,,,,,,,,,,,,,,,,,,,,,,,4,,,,,,,,,,,0,,,,,,,,,,,,,,,,,,,,,,,,89,95.8,37,89.0,36,0,,0,1.51,66,55,11,0.3,1.54,0,0,3,0,0,0,4,,,0,3,1.3226754126810376,-4.411379463002507
Mark Travers,ie IRL,GK,Bournemouth,25,1999,5,5,450.0,5.0,0,0,0,0,0,0,0,0,0.0,0.0,0.0,0.0,0.0,Matches,5.0,1.0,25.0,20.0,80.0,2.0,2.0,1.0,1.0,20.0,0.0,0.0,0.0,0.0,,5.0,0,0,0,,0.0,0.0,,,0,0,,,,,,,,,,,,,,,0,,,,,,,,,,,,0,,,,,,,,,,,,,,,,,,,,,,,,,,0,,,,,,,,,,,0,,,,,,,,,,,,,,,,,,,,,,,,90,13.2,5,90.0,5,0,,18,1.6,6,5,1,0.2,-0.13,0,0,1,0,0,0,0,,,0,0,-5.0732270842795835,-0.2328920487064793
Marshall Munetsi,zw ZIM,"MF,FW",Wolves,28,1996,14,12,1078.0,12.0,2,1,3,2,0,0,0,0,0.17,0.08,0.25,0.17,0.25,Matches,,,,,,,,,,,,,,,,12.0,2,22,7,31.8,1.84,0.58,0.09,0.29,0,0,,,,,,,,,,,,,,,1,,,,,,,,,,,,10,,,,,,,,,,,,,,,,,,,,,,,,,,11,,,,,,,,,,,6,,,,,,,,,,,,,,,,,,,,,,,,77,31.5,12,84.0,9,2,35.0,0,1.64,18,11,7,0.58,1.43,0,18,10,3,10,6,11,,,0,2,-0.8706582305796666,1.2334802028115535
Martin Dúbravka,sk SVK,GK,Newcastle,35,1989,10,10,900.0,10.0,0,0,0,0,0,0,0,0,0.0,0.0,0.0,0.0,0.0,Matches,12.0,1.2,41.0,29.0,70.7,7.0,0.0,3.0,5.0,50.0,0.0,0.0,0.0,0.0,,10.0,0,0,0,,0.0,0.0,,,0,0,,,,,,,,,,,,,,,0,,,,,,,,,,,,0,,,,,,,,,,,,,,,,,,,,,,,,,,0,,,,,,,,,,,0,,,,,,,,,,,,,,,,,,,,,,,,90,26.3,10,90.0,10,0,,24,2.1,23,12,11,1.1,0.74,0,0,1,0,0,0,0,,,0,0,-4.088602161846973,-0.9384204216726414
Martin Ødegaard,no NOR,MF,Arsenal,25,1998,30,26,2325.0,25.8,3,8,11,2,1,1,4,0,0.12,0.31,0.43,0.08,0.39,Matches,,,,,,,,,,,,,,,,25.8,3,49,17,34.7,1.9,0.66,0.06,0.18,1,1,,,,,,,,,,,,,,,8,,,,,,,,,,,,86,,,,,,,,,,,,,,,,,,,,,,,,,,8,,,,,,,,,,,6,,,,,,,,,,,,,,,,,,,,,,,,78,68.0,26,86.0,14,4,23.0,0,2.0,50,21,29,1.12,0.63,0,12,23,1,86,6,8,,,0,1,4.8081951994054215,1.4689348117311527
Mason Mount,eng ENG,"MF,FW",Manchester Utd,25,1999,17,8,622.0,6.9,1,0,1,1,0,0,3,0,0.14,0.0,0.14,0.14,0.14,Matches,,,,,,,,,,,,,,,,6.9,1,20,9,45.0,2.89,1.3,0.05,0.11,0,0,,,,,,,,,,,,,,,0,,,,,,,,,,,,13,,,,,,,,,,,,,,,,,,,,,,,,,,5,,,,,,,,,,,4,,,,,,,,,,,,,,,,,,,,,,,,37,18.2,8,53.0,0,9,22.0,3,0.88,2,11,-9,-1.3,-1.27,0,16,9,1,13,4,5,,,0,0,-2.9950808704025604,2.300164632556737
Massimo Luongo,au AUS,MF,Ipswich Town,31,1992,11,2,201.0,2.2,0,0,0,0,0,0,0,0,0.0,0.0,0.0,0.0,0.0,Matches,,,,,,,,,,,,,,,,2.2,0,0,0,,0.0,0.0,,,0,0,,,,,,,,,,,,,,,0,,,,,,,,,,,,1,,,,,,,,,,,,,,,,,,,,,,,,,,6,,,,,,,,,,,3,,,,,,,,,,,,,,,,,,,,,,,,18,5.9,2,68.0,0,9,7.0,11,0.55,1,7,-6,-2.69,-1.57,0,1,2,0,1,3,6,,,0,0,-5.960356095816127,0.41270588697858174
Mateo Kovačić,hr CRO,"MF,DF",Manchester City,30,1994,31,25,2198.0,24.4,6,2,8,6,0,0,5,1,0.25,0.08,0.33,0.25,0.33,Matches,,,,,,,,,,,,,,,,24.4,6,45,12,26.7,1.84,0.49,0.13,0.5,0,0,,,,,,,,,,,,,,,2,,,,,,,,,,,,0,,,,,,,,,,,,,,,,,,,,,,,,,,39,,,,,,,,,,,22,,,,,,,,,,,,,,,,,,,,,,,,71,64.3,25,82.0,12,6,26.0,2,1.94,50,28,22,0.9,0.46,0,24,26,0,0,22,39,,,0,3,3.903241269570039,-0.4684640903159512
Mateus Fernandes,pt POR,MF,Southampton,20,2004,36,34,2909.0,32.3,2,4,6,2,0,0,8,0,0.06,0.12,0.19,0.06,0.19,Matches,,,,,,,,,,,,,,,,32.3,2,42,14,33.3,1.3,0.43,0.05,0.14,0,0,,,,,,,,,,,,,,,4,,,,,,,,,,,,113,,,,,,,,,,,,,,,,,,,,,,,,,,50,,,,,,,,,,,25,,,,,,,,,,,,,,,,,,,,,,,,81,85.1,34,84.0,19,2,30.0,0,0.33,25,66,-41,-1.27,2.08,0,46,54,4,113,25,50,,,0,3,5.425955093308872,-3.8730075323087387
Matheus Cunha,br BRA,MF,Wolves,25,1999,33,29,2597.0,28.9,15,6,21,15,0,0,4,0,0.52,0.21,0.73,0.52,0.73,Matches,,,,,,,,,,,,,,,,28.9,15,110,44,40.0,3.81,1.52,0.14,0.34,0,0,,,,,,,,,,,,,,,6,,,,,,,,,,,,143,,,,,,,,,,,,,,,,,,,,,,,,,,23,,,,,,,,,,,14,,,,,,,,,,,,,,,,,,,,,,,,79,75.9,29,85.0,19,4,31.0,0,0.97,41,54,-13,-0.45,-0.23,0,43,71,8,143,14,23,,,0,1,10.492760056148136,4.286949702598432
Matheus Nunes,pt POR,"DF,MF",Manchester City,25,1998,26,19,1674.0,18.6,1,6,7,1,0,0,4,0,0.05,0.32,0.38,0.05,0.38,Matches,,,,,,,,,,,,,,,,18.6,1,9,4,44.4,0.48,0.22,0.11,0.25,0,0,,,,,,,,,,,,,,,6,,,,,,,,,,,,45,,,,,,,,,,,,,,,,,,,,,,,,,,21,,,,,,,,,,,14,,,,,,,,,,,,,,,,,,,,,,,,64,48.9,19,86.0,16,7,5.0,9,2.08,33,19,14,0.75,0.03,0,30,20,6,45,14,21,,,0,3,1.7772784289538168,-0.18234462506821295
Mathias Jensen,dk DEN,MF,Brentford,28,1996,24,8,862.0,9.6,0,2,2,0,0,0,2,0,0.0,0.21,0.21,0.0,0.21,Matches,,,,,,,,,,,,,,,,9.6,0,6,1,16.7,0.63,0.1,0.0,0.0,0,0,,,,,,,,,,,,,,,2,,,,,,,,,,,,33,,,,,,,,,,,,,,,,,,,,,,,,,,9,,,,,,,,,,,7,,,,,,,,,,,,,,,,,,,,,,,,36,25.2,8,73.0,2,16,17.0,0,1.71,20,17,3,0.31,0.1,0,7,10,0,33,7,9,,,0,0,-2.4586118224831814,0.4708186696940916
Mathys Tel,fr FRA,FW,Tottenham,19,2005,13,11,911.0,10.1,2,1,3,1,1,1,2,0,0.2,0.1,0.3,0.1,0.2,Matches,,,,,,,,,,,,,,,,10.1,2,23,9,39.1,2.27,0.89,0.09,0.22,1,1,,,,,,,,,,,,,,,1,,,,,,,,,,,,32,,,,,,,,,,,,,,,,,,,,,,,,,,5,,,,,,,,,,,2,,,,,,,,,,,,,,,,,,,,,,,,70,26.6,11,82.0,6,2,4.0,1,0.77,10,20,-10,-0.99,-1.31,0,15,16,1,32,2,5,,,0,2,-0.853541621177659,2.247187793647315
Mats Wieffer,nl NED,"DF,MF",Brighton,24,1999,25,10,1015.0,11.3,1,3,4,1,0,0,6,0,0.09,0.27,0.35,0.09,0.35,Matches,,,,,,,,,,,,,,,,11.3,1,9,4,44.4,0.8,0.35,0.11,0.25,0,0,,,,,,,,,,,,,,,3,,,,,,,,,,,,14,,,,,,,,,,,,,,,,,,,,,,,,,,34,,,,,,,,,,,16,,,,,,,,,,,,,,,,,,,,,,,,41,29.7,10,79.0,5,15,15.0,3,1.6,25,22,3,0.27,0.12,0,23,10,1,14,16,34,,,0,2,-0.19002326086740973,0.40620035487482903
Matt Doherty,ie IRL,"DF,MF",Wolves,32,1992,30,25,2109.0,23.4,2,1,3,2,0,0,6,0,0.09,0.04,0.13,0.09,0.13,Matches,,,,,,,,,,,,,,,,23.4,2,10,3,30.0,0.43,0.13,0.2,0.67,0,0,,,,,,,,,,,,,,,1,,,,,,,,,,,,22,,,,,,,,,,,,,,,,,,,,,,,,,,21,,,,,,,,,,,22,,,,,,,,,,,,,,,,,,,,,,,,70,61.7,25,83.0,16,5,9.0,8,1.33,26,38,-12,-0.51,-0.31,0,18,11,2,22,22,21,,,1,3,0.9968259953130312,-2.487635220381038
Matt O'Riley,dk DEN,MF,Brighton,23,2000,21,11,938.0,10.4,2,2,4,1,1,1,1,0,0.19,0.19,0.38,0.1,0.29,Matches,,,,,,,,,,,,,,,,10.4,2,22,7,31.8,2.11,0.67,0.09,0.29,1,1,,,,,,,,,,,,,,,2,,,,,,,,,,,,50,,,,,,,,,,,,,,,,,,,,,,,,,,8,,,,,,,,,,,13,,,,,,,,,,,,,,,,,,,,,,,,45,27.4,11,68.0,0,10,19.0,3,1.48,17,20,-3,-0.29,-0.65,0,16,13,2,50,13,8,,,1,2,-0.20298007245621075,2.394161343078432
Matthijs de Ligt,nl NED,DF,Manchester Utd,24,1999,29,25,2123.0,23.6,2,0,2,2,0,0,3,0,0.08,0.0,0.08,0.08,0.08,Matches,,,,,,,,,,,,,,,,23.6,2,18,10,55.6,0.76,0.42,0.11,0.2,0,0,,,,,,,,,,,,,,,0,,,,,,,,,,,,6,,,,,,,,,,,,,,,,,,,,,,,,,,22,,,,,,,,,,,32,,,,,,,,,,,,,,,,,,,,,,,,73,62.1,25,82.0,16,4,19.0,1,1.28,32,36,-4,-0.17,0.25,0,16,12,2,6,32,22,,,0,3,1.0121908097924586,-2.4088724233942567
Matty Cash,pl POL,DF,Aston Villa,26,1997,27,24,2070.0,23.0,1,1,2,1,0,0,7,0,0.04,0.04,0.09,0.04,0.09,Matches,,,,,,,,,,,,,,,,23.0,1,13,6,46.2,0.57,0.26,0.08,0.17,0,0,,,,,,,,,,,,,,,1,,,,,,,,,,,,40,,,,,,,,,,,,,,,,,,,,,,,,,,31,,,,,,,,,,,22,,,,,,,,,,,,,,,,,,,,,,,,77,60.5,24,82.0,16,3,38.0,2,1.78,35,22,13,0.57,0.97,0,27,20,1,40,22,31,,,0,3,1.3484413772048032,-2.708370171338562
Matz Sels,be BEL,GK,Nottingham,32,1992,38,38,3420.0,38.0,0,0,0,0,0,0,4,0,0.0,0.0,0.0,0.0,0.0,Matches,46.0,1.21,163.0,119.0,71.8,19.0,8.0,11.0,13.0,34.2,3.0,3.0,0.0,0.0,0.0,38.0,0,0,0,,0.0,0.0,,,0,0,,,,,,,,,,,,,,,0,,,,,,,,,,,,0,,,,,,,,,,,,,,,,,,,,,,,,,,1,,,,,,,,,,,0,,,,,,,,,,,,,,,,,,,,,,,,90,100.0,38,90.0,38,0,,0,1.71,58,46,12,0.32,,0,1,8,0,0,0,1,,,0,3,0.9895401551044771,-4.881965148643979
Max Kilman,eng ENG,DF,West Ham,27,1997,38,38,3348.0,37.2,0,1,1,0,0,0,5,0,0.0,0.03,0.03,0.0,0.03,Matches,,,,,,,,,,,,,,,,37.2,0,13,3,23.1,0.35,0.08,0.0,0.0,0,0,,,,,,,,,,,,,,,1,,,,,,,,,,,,4,,,,,,,,,,,,,,,,,,,,,,,,,,26,,,,,,,,,,,36,,,,,,,,,,,,,,,,,,,,,,,,88,97.9,38,88.0,37,0,,0,1.13,45,62,-17,-0.46,-1.71,0,23,13,2,4,36,26,,,0,3,2.6382571584254695,-6.3247389495636455
Maxence Lacroix,fr FRA,DF,Crystal Palace,24,2000,35,35,3116.0,34.6,1,1,2,1,0,0,5,0,0.03,0.03,0.06,0.03,0.06,Matches,,,,,,,,,,,,,,,,34.6,1,30,6,20.0,0.87,0.17,0.03,0.17,0,0,,,,,,,,,,,,,,,1,,,,,,,,,,,,7,,,,,,,,,,,,,,,,,,,,,,,,,,42,,,,,,,,,,,54,,,,,,,,,,,,,,,,,,,,,,,,89,91.1,35,89.0,32,0,,0,1.49,49,45,4,0.12,1.3,0,34,19,1,7,54,42,,,0,3,3.7735315910620413,-6.014237848194418
Michael Keane,eng ENG,DF,Everton,31,1993,14,11,1049.0,11.7,3,0,3,3,0,0,5,0,0.26,0.0,0.26,0.26,0.26,Matches,,,,,,,,,,,,,,,,11.7,3,10,4,40.0,0.86,0.34,0.3,0.75,0,0,,,,,,,,,,,,,,,0,,,,,,,,,,,,1,,,,,,,,,,,,,,,,,,,,,,,,,,10,,,,,,,,,,,13,,,,,,,,,,,,,,,,,,,,,,,,75,30.7,11,90.0,11,3,20.0,22,1.29,12,20,-8,-0.69,-0.91,0,9,0,0,1,13,10,,,0,2,-1.46770334411627,0.9089790092422395
Michael Kayode,it ITA,DF,Brentford,20,2004,12,6,528.0,5.9,0,1,1,0,0,0,2,0,0.0,0.17,0.17,0.0,0.17,Matches,,,,,,,,,,,,,,,,5.9,0,2,0,0.0,0.34,0.0,0.0,,0,0,,,,,,,,,,,,,,,1,,,,,,,,,,,,10,,,,,,,,,,,,,,,,,,,,,,,,,,11,,,,,,,,,,,7,,,,,,,,,,,,,,,,,,,,,,,,44,15.4,6,78.0,1,6,11.0,1,1.83,15,5,10,1.7,1.74,0,8,3,0,10,7,11,,,0,0,-3.458929974369943,0.43345502025740484
Michail Antonio,jm JAM,FW,West Ham,34,1990,14,11,836.0,9.3,1,1,2,1,0,0,1,0,0.11,0.11,0.22,0.11,0.22,Matches,,,,,,,,,,,,,,,,9.3,1,19,4,21.1,2.05,0.43,0.05,0.25,0,0,,,,,,,,,,,,,,,1,,,,,,,,,,,,25,,,,,,,,,,,,,,,,,,,,,,,,,,2,,,,,,,,,,,0,,,,,,,,,,,,,,,,,,,,,,,,60,24.4,11,66.0,0,3,37.0,0,1.07,13,18,-5,-0.54,-0.16,0,12,7,4,25,0,2,,,0,0,-2.2537291996086077,1.4454999307301586
Micky van de Ven,nl NED,DF,Tottenham,23,2001,13,12,1015.0,11.3,0,2,2,0,0,0,4,0,0.0,0.18,0.18,0.0,0.18,Matches,,,,,,,,,,,,,,,,11.3,0,6,2,33.3,0.53,0.18,0.0,0.0,0,0,,,,,,,,,,,,,,,2,,,,,,,,,,,,0,,,,,,,,,,,,,,,,,,,,,,,,,,7,,,,,,,,,,,9,,,,,,,,,,,,,,,,,,,,,,,,78,29.7,12,82.0,7,1,30.0,6,1.08,22,17,5,0.44,0.67,0,10,9,0,0,9,7,,,0,0,-2.1625141920763076,-0.4848824265182686
Miguel Almirón,py PAR,FW,Newcastle,30,1994,9,1,157.0,1.7,0,0,0,0,0,0,0,0,0.0,0.0,0.0,0.0,0.0,Matches,,,,,,,,,,,,,,,,1.7,0,6,2,33.3,3.44,1.15,0.0,0.0,0,0,,,,,,,,,,,,,,,0,,,,,,,,,,,,0,,,,,,,,,,,,,,,,,,,,,,,,,,2,,,,,,,,,,,0,,,,,,,,,,,,,,,,,,,,,,,,17,4.6,1,67.0,0,8,11.0,14,1.56,1,3,-2,-1.15,-1.78,0,1,3,2,0,0,2,,,0,0,-5.409367502708455,2.3599057759519004
Mikel Merino,es ESP,"MF,FW",Arsenal,28,1996,28,17,1586.0,17.6,7,2,9,7,0,0,4,1,0.4,0.11,0.51,0.4,0.51,Matches,,,,,,,,,,,,,,,,17.6,7,38,15,39.5,2.16,0.85,0.18,0.47,0,0,,,,,,,,,,,,,,,2,,,,,,,,,,,,12,,,,,,,,,,,,,,,,,,,,,,,,,,28,,,,,,,,,,,16,,,,,,,,,,,,,,,,,,,,,,,,57,46.4,17,83.0,11,11,16.0,0,1.79,28,17,11,0.62,-0.55,1,41,23,7,12,16,28,,,0,2,3.54944803799878,2.1925763746551956
Mikey Moore,eng ENG,"MF,FW",Tottenham,16,2007,10,3,366.0,4.1,0,1,1,0,0,0,0,0,0.0,0.25,0.25,0.0,0.25,Matches,,,,,,,,,,,,,,,,4.1,0,3,1,33.3,0.74,0.25,0.0,0.0,0,0,,,,,,,,,,,,,,,1,,,,,,,,,,,,16,,,,,,,,,,,,,,,,,,,,,,,,,,0,,,,,,,,,,,1,,,,,,,,,,,,,,,,,,,,,,,,37,10.7,3,64.0,0,7,25.0,8,1.0,4,5,-1,-0.25,-0.25,0,3,7,3,16,1,0,,,0,0,-4.3346811606906535,2.059137241068982
Mikkel Damsgaard,dk DEN,MF,Brentford,24,2000,38,34,2911.0,32.3,2,10,12,2,0,0,2,0,0.06,0.31,0.37,0.06,0.37,Matches,,,,,,,,,,,,,,,,32.3,2,35,7,20.0,1.08,0.22,0.06,0.29,0,0,,,,,,,,,,,,,,,10,,,,,,,,,,,,147,,,,,,,,,,,,,,,,,,,,,,,,,,44,,,,,,,,,,,29,,,,,,,,,,,,,,,,,,,,,,,,77,85.1,34,83.0,11,4,23.0,0,1.47,58,41,17,0.53,1.94,0,18,27,6,147,29,44,,,0,3,6.524901875113279,-2.0798360894088095
Milos Kerkez,hu HUN,DF,Bournemouth,20,2003,38,38,3336.0,37.1,2,5,7,2,0,0,4,0,0.05,0.13,0.19,0.05,0.19,Matches,,,,,,,,,,,,,,,,37.1,2,19,5,26.3,0.51,0.13,0.11,0.4,0,0,,,,,,,,,,,,,,,5,,,,,,,,,,,,141,,,,,,,,,,,,,,,,,,,,,,,,,,26,,,,,,,,,,,41,,,,,,,,,,,,,,,,,,,,,,,,88,97.5,38,88.0,32,0,,0,1.47,52,45,7,0.19,-5.17,0,30,50,3,141,41,26,,,0,3,5.782316844171629,-4.582399246197641
Mohamed Salah,eg EGY,MF,Liverpool,32,1992,38,38,3371.0,37.5,29,18,47,20,9,9,1,0,0.77,0.48,1.25,0.53,1.01,Matches,,,,,,,,,,,,,,,,37.5,29,130,61,46.9,3.47,1.63,0.22,0.48,9,9,,,,,,,,,,,,,,,18,,,,,,,,,,,,79,,,,,,,,,,,,,,,,,,,,,,,,,,11,,,,,,,,,,,9,,,,,,,,,,,,,,,,,,,,,,,,89,98.6,38,89.0,29,0,,0,2.21,85,40,45,1.2,1.2,0,25,39,18,79,9,11,,,0,1,22.847968817450834,14.533054954516812
Mohammed Kudus,gh GHA,"MF,FW",West Ham,23,2000,32,31,2590.0,28.8,5,3,8,5,0,0,2,1,0.17,0.1,0.28,0.17,0.28,Matches,,,,,,,,,,,,,,,,28.8,5,75,22,29.3,2.61,0.76,0.07,0.23,0,0,,,,,,,,,,,,,,,3,,,,,,,,,,,,81,,,,,,,,,,,,,,,,,,,,,,,,,,23,,,,,,,,,,,4,,,,,,,,,,,,,,,,,,,,,,,,81,75.7,31,83.0,14,1,19.0,0,1.13,33,45,-12,-0.42,0.02,0,39,64,18,81,4,23,,,0,1,5.482310685645225,0.08497367705127319
Moisés Caicedo,ec ECU,"MF,DF",Chelsea,22,2001,38,38,3351.0,37.2,1,2,3,1,0,0,11,0,0.03,0.05,0.08,0.03,0.08,Matches,,,,,,,,,,,,,,,,37.2,1,20,3,15.0,0.54,0.08,0.05,0.33,0,0,,,,,,,,,,,,,,,2,,,,,,,,,,,,10,,,,,,,,,,,,,,,,,,,,,,,,,,74,,,,,,,,,,,47,,,,,,,,,,,,,,,,,,,,,,,,88,98.0,38,88.0,33,0,,0,1.82,62,42,20,0.54,-0.77,0,69,58,0,10,47,74,,,0,3,5.842043129472309,-7.284318021947167
Morato,br BRA,DF,Nottingham,23,2001,26,6,907.0,10.1,0,0,0,0,0,0,5,0,0.0,0.0,0.0,0.0,0.0,Matches,,,,,,,,,,,,,,,,10.1,0,2,1,50.0,0.2,0.1,0.0,0.0,0,0,,,,,,,,,,,,,,,0,,,,,,,,,,,,0,,,,,,,,,,,,,,,,,,,,,,,,,,14,,,,,,,,,,,9,,,,,,,,,,,,,,,,,,,,,,,,35,26.5,6,84.0,4,20,20.0,8,2.15,19,14,5,0.5,0.25,0,11,2,0,0,9,14,,,0,0,-3.2744991644590042,-0.3405472180075358
Morgan Gibbs-White,eng ENG,MF,Nottingham,24,2000,34,34,2803.0,31.1,7,8,15,7,0,0,11,1,0.22,0.26,0.48,0.22,0.48,Matches,,,,,,,,,,,,,,,,31.1,7,61,22,36.1,1.96,0.71,0.11,0.32,0,0,,,,,,,,,,,,,,,8,,,,,,,,,,,,46,,,,,,,,,,,,,,,,,,,,,,,,,,21,,,,,,,,,,,22,,,,,,,,,,,,,,,,,,,,,,,,82,82.0,34,82.0,13,0,,0,1.74,49,34,15,0.48,0.92,1,38,40,7,46,22,21,,,0,1,7.627857155233895,-0.12486486927584763
Morgan Rogers,eng ENG,MF,Aston Villa,22,2002,37,37,3114.0,34.6,8,10,18,8,0,0,10,0,0.23,0.29,0.52,0.23,0.52,Matches,,,,,,,,,,,,,,,,34.6,8,55,20,36.4,1.59,0.58,0.15,0.4,0,0,,,,,,,,,,,,,,,10,,,,,,,,,,,,28,,,,,,,,,,,,,,,,,,,,,,,,,,22,,,,,,,,,,,6,,,,,,,,,,,,,,,,,,,,,,,,84,91.1,37,84.0,19,0,,0,1.7,52,40,12,0.35,1.82,0,49,51,2,28,6,22,,,0,1,8.173112096961038,0.36472519307856677
Murillo,br BRA,DF,Nottingham,22,2002,36,36,3188.0,35.4,2,0,2,2,0,0,6,0,0.06,0.0,0.06,0.06,0.06,Matches,,,,,,,,,,,,,,,,35.4,2,25,6,24.0,0.71,0.17,0.08,0.33,0,0,,,,,,,,,,,,,,,0,,,,,,,,,,,,14,,,,,,,,,,,,,,,,,,,,,,,,,,39,,,,,,,,,,,36,,,,,,,,,,,,,,,,,,,,,,,,89,93.2,36,89.0,33,0,,0,1.69,50,44,6,0.17,-2.16,0,27,7,0,14,36,39,,,0,3,3.337917790525251,-5.281984867308341
Mykhailo Mudryk,ua UKR,MF,Chelsea,23,2001,7,1,151.0,1.7,0,0,0,0,0,0,0,0,0.0,0.0,0.0,0.0,0.0,Matches,,,,,,,,,,,,,,,,1.7,0,1,1,100.0,0.6,0.6,0.0,0.0,0,0,,,,,,,,,,,,,,,0,,,,,,,,,,,,7,,,,,,,,,,,,,,,,,,,,,,,,,,2,,,,,,,,,,,0,,,,,,,,,,,,,,,,,,,,,,,,22,4.4,1,45.0,0,6,18.0,5,1.86,4,2,2,1.19,0.67,0,2,2,1,7,0,2,,,0,0,-5.130677436915803,2.1503425346795173
Myles Lewis-Skelly,eng ENG,DF,Arsenal,17,2006,23,15,1369.0,15.2,1,0,1,1,0,0,3,2,0.07,0.0,0.07,0.07,0.07,Matches,,,,,,,,,,,,,,,,15.2,1,3,1,33.3,0.2,0.07,0.33,1.0,0,0,,,,,,,,,,,,,,,0,,,,,,,,,,,,10,,,,,,,,,,,,,,,,,,,,,,,,,,13,,,,,,,,,,,7,,,,,,,,,,,,,,,,,,,,,,,,60,40.0,15,80.0,7,8,20.0,9,1.96,26,16,10,0.66,-0.44,0,11,47,0,10,7,13,,,0,2,-0.7685070930006027,-0.32801132970213154
Nathan Aké,nl NED,DF,Manchester City,29,1995,10,8,678.0,7.5,0,0,0,0,0,0,0,0,0.0,0.0,0.0,0.0,0.0,Matches,,,,,,,,,,,,,,,,7.5,0,3,0,0.0,0.4,0.0,0.0,,0,0,,,,,,,,,,,,,,,0,,,,,,,,,,,,1,,,,,,,,,,,,,,,,,,,,,,,,,,6,,,,,,,,,,,3,,,,,,,,,,,,,,,,,,,,,,,,68,19.8,8,79.0,2,2,24.0,9,1.4,11,11,0,0.0,-0.92,0,2,0,0,1,3,6,,,0,0,-4.46269375196515,-0.4603957910228974
Nathan Broadhead,wls WAL,MF,Ipswich Town,26,1998,18,7,702.0,7.8,2,0,2,2,0,0,1,0,0.26,0.0,0.26,0.26,0.26,Matches,,,,,,,,,,,,,,,,7.8,2,13,8,61.5,1.67,1.03,0.15,0.25,0,0,,,,,,,,,,,,,,,0,,,,,,,,,,,,9,,,,,,,,,,,,,,,,,,,,,,,,,,4,,,,,,,,,,,4,,,,,,,,,,,,,,,,,,,,,,,,39,20.5,7,74.0,1,11,17.0,7,0.44,12,12,0,0.0,1.52,0,4,13,2,9,4,4,,,0,2,-2.3282096201368816,2.8962167884146335
Nathan Collins,ie IRL,DF,Brentford,23,2001,38,38,3420.0,38.0,2,3,5,2,0,0,5,0,0.05,0.08,0.13,0.05,0.13,Matches,,,,,,,,,,,,,,,,38.0,2,17,6,35.3,0.45,0.16,0.12,0.33,0,0,,,,,,,,,,,,,,,3,,,,,,,,,,,,8,,,,,,,,,,,,,,,,,,,,,,,,,,24,,,,,,,,,,,34,,,,,,,,,,,,,,,,,,,,,,,,90,100.0,38,90.0,38,0,,0,1.47,66,57,9,0.24,,0,28,31,6,8,34,24,,,0,3,4.81575315767504,-4.822147109446157
Nathan Patterson,sct SCO,DF,Everton,22,2001,10,3,347.0,3.9,0,1,1,0,0,0,1,0,0.0,0.26,0.26,0.0,0.26,Matches,,,,,,,,,,,,,,,,3.9,0,1,0,0.0,0.26,0.0,0.0,,0,0,,,,,,,,,,,,,,,1,,,,,,,,,,,,14,,,,,,,,,,,,,,,,,,,,,,,,,,6,,,,,,,,,,,2,,,,,,,,,,,,,,,,,,,,,,,,35,10.1,3,73.0,0,7,18.0,18,1.2,4,6,-2,-0.52,-0.52,0,5,1,0,14,2,6,,,0,0,-4.704439188166488,1.2923361483541131
Nathan Wood-Gordon,eng ENG,DF,Southampton,22,2002,11,9,773.0,8.6,0,0,0,0,0,0,2,0,0.0,0.0,0.0,0.0,0.0,Matches,,,,,,,,,,,,,,,,8.6,0,2,0,0.0,0.23,0.0,0.0,,0,0,,,,,,,,,,,,,,,0,,,,,,,,,,,,3,,,,,,,,,,,,,,,,,,,,,,,,,,7,,,,,,,,,,,4,,,,,,,,,,,,,,,,,,,,,,,,70,22.6,9,77.0,6,2,42.0,14,0.09,3,20,-17,-1.98,-0.52,0,9,4,0,3,4,7,,,0,0,-4.435316002588606,-0.9310963300908576
Nathaniel Clyne,eng ENG,"DF,MF",Crystal Palace,33,1991,13,5,483.0,5.4,0,0,0,0,0,0,1,0,0.0,0.0,0.0,0.0,0.0,Matches,,,,,,,,,,,,,,,,5.4,0,2,0,0.0,0.37,0.0,0.0,,0,0,,,,,,,,,,,,,,,0,,,,,,,,,,,,7,,,,,,,,,,,,,,,,,,,,,,,,,,8,,,,,,,,,,,3,,,,,,,,,,,,,,,,,,,,,,,,37,14.1,5,70.0,1,8,16.0,24,1.31,4,11,-7,-1.3,-1.52,0,2,2,0,7,3,8,,,0,0,-5.322540435020564,0.044529492284733206
Neco Williams,wls WAL,"DF,MF",Nottingham,23,2001,35,28,2594.0,28.8,1,3,4,1,0,0,7,0,0.03,0.1,0.14,0.03,0.14,Matches,,,,,,,,,,,,,,,,28.8,1,37,7,18.9,1.28,0.24,0.03,0.14,0,0,,,,,,,,,,,,,,,3,,,,,,,,,,,,60,,,,,,,,,,,,,,,,,,,,,,,,,,57,,,,,,,,,,,30,,,,,,,,,,,,,,,,,,,,,,,,74,75.8,28,88.0,23,7,17.0,3,1.77,47,31,16,0.56,0.99,0,24,43,2,60,30,57,,,0,3,3.8676950736191427,-3.854427321894313
Neto,br BRA,GK,Bournemouth,35,1989,2,2,180.0,2.0,0,0,0,0,0,0,0,0,0.0,0.0,0.0,0.0,0.0,Matches,2.0,1.0,13.0,11.0,84.6,0.0,2.0,0.0,0.0,0.0,0.0,0.0,0.0,0.0,,2.0,0,0,0,,0.0,0.0,,,0,0,,,,,,,,,,,,,,,0,,,,,,,,,,,,0,,,,,,,,,,,,,,,,,,,,,,,,,,0,,,,,,,,,,,0,,,,,,,,,,,,,,,,,,,,,,,,90,5.3,2,90.0,2,0,,0,1.0,2,2,0,0.0,-0.33,0,0,2,0,0,0,0,,,0,0,-5.244697518945999,-0.19391418897678148
Nick Pope,eng ENG,GK,Newcastle,32,1992,28,28,2520.0,28.0,0,0,0,0,0,0,2,0,0.0,0.0,0.0,0.0,0.0,Matches,35.0,1.25,122.0,87.0,71.3,13.0,6.0,9.0,8.0,28.6,2.0,1.0,1.0,0.0,50.0,28.0,0,0,0,,0.0,0.0,,,0,0,,,,,,,,,,,,,,,0,,,,,,,,,,,,0,,,,,,,,,,,,,,,,,,,,,,,,,,0,,,,,,,,,,,1,,,,,,,,,,,,,,,,,,,,,,,,90,73.7,28,90.0,28,0,,3,1.61,45,35,10,0.36,-0.74,0,2,5,0,0,1,0,,,0,3,-0.8025902039344466,-3.546856816130869
Niclas Füllkrug,de GER,FW,West Ham,31,1993,18,6,790.0,8.8,3,2,5,3,0,0,2,0,0.34,0.23,0.57,0.34,0.57,Matches,,,,,,,,,,,,,,,,8.8,3,16,7,43.8,1.82,0.8,0.19,0.43,0,0,,,,,,,,,,,,,,,2,,,,,,,,,,,,1,,,,,,,,,,,,,,,,,,,,,,,,,,2,,,,,,,,,,,1,,,,,,,,,,,,,,,,,,,,,,,,44,23.1,6,74.0,1,12,29.0,1,0.94,16,18,-2,-0.23,0.25,0,21,6,10,1,1,2,,,0,2,-0.6077073545504501,4.164887455615141
Nico O'Reilly,eng ENG,DF,Manchester City,19,2005,9,6,528.0,5.9,2,0,2,2,0,0,0,0,0.34,0.0,0.34,0.34,0.34,Matches,,,,,,,,,,,,,,,,5.9,2,8,3,37.5,1.36,0.51,0.25,0.67,0,0,,,,,,,,,,,,,,,0,,,,,,,,,,,,8,,,,,,,,,,,,,,,,,,,,,,,,,,4,,,,,,,,,,,4,,,,,,,,,,,,,,,,,,,,,,,,59,15.4,6,82.0,4,3,13.0,21,2.56,12,3,9,1.53,0.94,0,6,4,1,8,4,4,,,0,2,-2.541373976054599,3.271820735902887
Nicolas Jackson,sn SEN,FW,Chelsea,23,2001,30,28,2220.0,24.7,10,5,15,10,0,0,7,1,0.41,0.2,0.61,0.41,0.61,Matches,,,,,,,,,,,,,,,,24.7,10,76,35,46.1,3.08,1.42,0.13,0.29,0,0,,,,,,,,,,,,,,,5,,,,,,,,,,,,3,,,,,,,,,,,,,,,,,,,,,,,,,,11,,,,,,,,,,,3,,,,,,,,,,,,,,,,,,,,,,,,74,64.9,28,76.0,5,2,41.0,1,1.8,42,23,19,0.77,0.62,0,35,29,23,3,3,11,,,0,1,6.797997706430035,4.44279586231922
Nicolás Domínguez,ar ARG,MF,Nottingham,26,1998,34,23,1963.0,21.8,0,1,1,0,0,0,9,0,0.0,0.05,0.05,0.0,0.05,Matches,,,,,,,,,,,,,,,,21.8,0,21,9,42.9,0.96,0.41,0.0,0.0,0,0,,,,,,,,,,,,,,,1,,,,,,,,,,,,8,,,,,,,,,,,,,,,,,,,,,,,,,,48,,,,,,,,,,,28,,,,,,,,,,,,,,,,,,,,,,,,58,57.4,23,73.0,5,11,26.0,3,1.76,31,27,4,0.18,-0.31,0,33,18,1,8,28,48,,,0,3,0.9450205946938501,-3.120463973290956
Nicolás González,es ESP,MF,Manchester City,22,2002,11,9,760.0,8.4,1,0,1,1,0,0,3,0,0.12,0.0,0.12,0.12,0.12,Matches,,,,,,,,,,,,,,,,8.4,1,9,2,22.2,1.07,0.24,0.11,0.5,0,0,,,,,,,,,,,,,,,0,,,,,,,,,,,,1,,,,,,,,,,,,,,,,,,,,,,,,,,4,,,,,,,,,,,8,,,,,,,,,,,,,,,,,,,,,,,,69,22.2,9,82.0,5,2,12.0,3,2.27,17,7,10,1.18,0.58,0,13,5,0,1,8,4,,,0,0,-2.555441691381378,0.6694680687823892
Nikola Milenković,rs SRB,DF,Nottingham,26,1997,37,37,3330.0,37.0,5,2,7,5,0,0,4,0,0.14,0.05,0.19,0.14,0.19,Matches,,,,,,,,,,,,,,,,37.0,5,29,8,27.6,0.78,0.22,0.17,0.63,0,0,,,,,,,,,,,,,,,2,,,,,,,,,,,,0,,,,,,,,,,,,,,,,,,,,,,,,,,28,,,,,,,,,,,25,,,,,,,,,,,,,,,,,,,,,,,,90,97.4,37,90.0,37,0,,0,1.73,57,45,12,0.32,0.32,0,20,5,2,0,25,28,,,0,3,4.685189280152135,-3.303790892071623
Noni Madueke,eng ENG,MF,Chelsea,22,2002,32,27,2033.0,22.6,7,3,10,7,0,0,3,0,0.31,0.13,0.44,0.31,0.44,Matches,,,,,,,,,,,,,,,,22.6,7,80,32,40.0,3.54,1.42,0.09,0.22,0,0,,,,,,,,,,,,,,,3,,,,,,,,,,,,63,,,,,,,,,,,,,,,,,,,,,,,,,,18,,,,,,,,,,,8,,,,,,,,,,,,,,,,,,,,,,,,64,59.4,27,73.0,6,5,14.0,1,1.97,38,28,10,0.44,-0.27,0,22,24,5,63,8,18,,,0,1,4.65407409342827,2.927763098961953
Noussair Mazraoui,ma MAR,"DF,MF",Manchester Utd,26,1997,37,34,2838.0,31.5,0,1,1,0,0,0,3,0,0.0,0.03,0.03,0.0,0.03,Matches,,,,,,,,,,,,,,,,31.5,0,13,3,23.1,0.41,0.1,0.0,0.0,0,0,,,,,,,,,,,,,,,1,,,,,,,,,,,,23,,,,,,,,,,,,,,,,,,,,,,,,,,71,,,,,,,,,,,35,,,,,,,,,,,,,,,,,,,,,,,,77,83.0,34,81.0,20,3,24.0,0,1.14,23,43,-20,-0.63,-2.18,0,38,25,4,23,35,71,,,0,3,2.5068415801511676,-5.895742091708269
Nélson Semedo,pt POR,"MF,DF",Wolves,30,1993,34,32,2886.0,32.1,0,4,4,0,0,0,8,0,0.0,0.12,0.12,0.0,0.12,Matches,,,,,,,,,,,,,,,,32.1,0,18,7,38.9,0.56,0.22,0.0,0.0,0,0,,,,,,,,,,,,,,,4,,,,,,,,,,,,63,,,,,,,,,,,,,,,,,,,,,,,,,,38,,,,,,,,,,,23,,,,,,,,,,,,,,,,,,,,,,,,85,84.4,32,88.0,21,2,34.0,0,1.24,48,49,-1,-0.03,2.33,0,48,30,4,63,23,38,,,0,3,3.9537867135744924,-4.5587269644283035
Odsonne Édouard,fr FRA,MF,Crystal Palace,26,1998,2,1,115.0,1.3,0,0,0,0,0,0,0,0,0.0,0.0,0.0,0.0,0.0,Matches,,,,,,,,,,,,,,,,1.3,0,5,1,20.0,3.91,0.78,0.0,0.0,0,0,,,,,,,,,,,,,,,0,,,,,,,,,,,,1,,,,,,,,,,,,,,,,,,,,,,,,,,0,,,,,,,,,,,0,,,,,,,,,,,,,,,,,,,,,,,,58,3.4,1,70.0,0,1,45.0,0,0.0,1,2,-1,-0.78,-0.81,0,4,0,2,1,0,0,,,0,0,-5.17179513761681,1.7869777421108384
Ola Aina,ng NGA,DF,Nottingham,27,1996,35,35,2995.0,33.3,2,1,3,2,0,0,5,0,0.06,0.03,0.09,0.06,0.09,Matches,,,,,,,,,,,,,,,,33.3,2,11,2,18.2,0.33,0.06,0.18,1.0,0,0,,,,,,,,,,,,,,,1,,,,,,,,,,,,59,,,,,,,,,,,,,,,,,,,,,,,,,,41,,,,,,,,,,,31,,,,,,,,,,,,,,,,,,,,,,,,86,87.6,35,86.0,28,0,,0,1.77,55,39,16,0.48,1.33,0,23,35,2,59,31,41,,,0,3,4.130853909588374,-4.501431312627681
Oleksandr Zinchenko,ua UKR,"DF,MF",Arsenal,27,1996,15,5,527.0,5.9,0,1,1,0,0,0,1,0,0.0,0.17,0.17,0.0,0.17,Matches,,,,,,,,,,,,,,,,5.9,0,10,0,0.0,1.71,0.0,0.0,,0,0,,,,,,,,,,,,,,,1,,,,,,,,,,,,13,,,,,,,,,,,,,,,,,,,,,,,,,,0,,,,,,,,,,,5,,,,,,,,,,,,,,,,,,,,,,,,35,15.4,5,72.0,1,10,17.0,16,1.87,9,1,8,1.37,0.53,0,8,3,1,13,5,0,,,0,0,-4.074631568174553,1.3541900188919134
Oliver Skipp,eng ENG,MF,Leicester City,23,2000,24,10,1129.0,12.5,0,0,0,0,0,0,8,0,0.0,0.0,0.0,0.0,0.0,Matches,,,,,,,,,,,,,,,,12.5,0,5,1,20.0,0.4,0.08,0.0,0.0,0,0,,,,,,,,,,,,,,,0,,,,,,,,,,,,5,,,,,,,,,,,,,,,,,,,,,,,,,,4,,,,,,,,,,,12,,,,,,,,,,,,,,,,,,,,,,,,47,33.0,10,74.0,3,14,28.0,11,0.79,12,26,-14,-1.12,0.18,0,21,13,0,5,12,4,,,0,0,-3.08129424169432,-1.1845031081586699
Oliver Scarles,eng ENG,"MF,DF",West Ham,18,2005,15,7,665.0,7.4,0,0,0,0,0,0,1,0,0.0,0.0,0.0,0.0,0.0,Matches,,,,,,,,,,,,,,,,7.4,0,3,0,0.0,0.41,0.0,0.0,,0,0,,,,,,,,,,,,,,,0,,,,,,,,,,,,15,,,,,,,,,,,,,,,,,,,,,,,,,,9,,,,,,,,,,,11,,,,,,,,,,,,,,,,,,,,,,,,44,19.4,7,70.0,2,8,22.0,6,1.13,6,9,-3,-0.41,0.02,0,5,2,1,15,11,9,,,0,0,-4.257975027827595,-0.25775773424588877
Ollie Watkins,eng ENG,FW,Aston Villa,28,1995,38,31,2598.0,28.9,16,8,24,14,2,2,2,0,0.55,0.28,0.83,0.48,0.76,Matches,,,,,,,,,,,,,,,,28.9,16,84,40,47.6,2.91,1.39,0.19,0.4,2,2,,,,,,,,,,,,,,,8,,,,,,,,,,,,7,,,,,,,,,,,,,,,,,,,,,,,,,,7,,,,,,,,,,,7,,,,,,,,,,,,,,,,,,,,,,,,68,76.0,31,78.0,11,7,25.0,0,1.74,48,40,8,0.28,0.39,0,29,33,16,7,7,7,,,0,1,10.382793120497414,7.14559221306193
Omar Marmoush,eg EGY,"MF,FW",Manchester City,25,1999,16,14,1175.0,13.1,7,0,7,7,0,0,0,0,0.54,0.0,0.54,0.54,0.54,Matches,,,,,,,,,,,,,,,,13.1,7,49,17,34.7,3.75,1.3,0.14,0.41,0,0,,,,,,,,,,,,,,,0,,,,,,,,,,,,29,,,,,,,,,,,,,,,,,,,,,,,,,,8,,,,,,,,,,,6,,,,,,,,,,,,,,,,,,,,,,,,73,34.4,14,82.0,4,2,15.0,0,2.06,26,12,14,1.07,0.51,0,15,20,10,29,6,8,,,0,2,1.949766741864836,4.714549258827917
Omari Hutchinson,eng ENG,MF,Ipswich Town,20,2003,31,30,2583.0,28.7,3,2,5,3,0,0,5,0,0.1,0.07,0.17,0.1,0.17,Matches,,,,,,,,,,,,,,,,28.7,3,45,19,42.2,1.57,0.66,0.07,0.16,0,0,,,,,,,,,,,,,,,2,,,,,,,,,,,,81,,,,,,,,,,,,,,,,,,,,,,,,,,13,,,,,,,,,,,11,,,,,,,,,,,,,,,,,,,,,,,,83,75.5,30,85.0,18,1,24.0,1,0.55,25,61,-36,-1.25,-0.18,0,31,46,6,81,11,13,,,0,3,3.439598936232309,-1.6504150933054942
Orel Mangala,be BEL,MF,Everton,26,1998,19,14,1261.0,14.0,1,0,1,1,0,0,2,0,0.07,0.0,0.07,0.07,0.07,Matches,,,,,,,,,,,,,,,,14.0,1,16,6,37.5,1.14,0.43,0.06,0.17,0,0,,,,,,,,,,,,,,,0,,,,,,,,,,,,6,,,,,,,,,,,,,,,,,,,,,,,,,,8,,,,,,,,,,,21,,,,,,,,,,,,,,,,,,,,,,,,66,36.9,14,84.0,10,5,18.0,0,1.21,13,10,3,0.21,0.42,0,24,17,2,6,21,8,,,0,0,-1.4130792989648637,-0.6765133962418513
Pablo Sarabia,es ESP,MF,Wolves,32,1992,23,7,814.0,9.0,3,2,5,3,0,0,3,0,0.33,0.22,0.55,0.33,0.55,Matches,,,,,,,,,,,,,,,,9.0,3,17,8,47.1,1.88,0.88,0.18,0.38,0,0,,,,,,,,,,,,,,,2,,,,,,,,,,,,45,,,,,,,,,,,,,,,,,,,,,,,,,,9,,,,,,,,,,,4,,,,,,,,,,,,,,,,,,,,,,,,35,23.8,7,63.0,0,16,23.0,7,1.25,14,19,-5,-0.55,-0.21,0,16,15,5,45,4,9,,,0,2,-0.39083357326787455,3.9206710040581734
Pape Matar Sarr,sn SEN,MF,Tottenham,21,2002,36,22,1913.0,21.3,3,2,5,3,0,0,6,0,0.14,0.09,0.24,0.14,0.24,Matches,,,,,,,,,,,,,,,,21.3,3,34,13,38.2,1.6,0.61,0.09,0.23,0,0,,,,,,,,,,,,,,,2,,,,,,,,,,,,14,,,,,,,,,,,,,,,,,,,,,,,,,,36,,,,,,,,,,,27,,,,,,,,,,,,,,,,,,,,,,,,53,55.9,22,70.0,6,14,27.0,2,0.97,33,38,-5,-0.24,-0.47,0,33,35,2,14,27,36,,,0,3,2.3283379410014744,-0.8622200426933407
Patrick Dorgu,dk DEN,MF,Manchester Utd,19,2004,12,10,842.0,9.4,0,0,0,0,0,0,3,1,0.0,0.0,0.0,0.0,0.0,Matches,,,,,,,,,,,,,,,,9.4,0,10,2,20.0,1.07,0.21,0.0,0.0,0,0,,,,,,,,,,,,,,,0,,,,,,,,,,,,37,,,,,,,,,,,,,,,,,,,,,,,,,,23,,,,,,,,,,,3,,,,,,,,,,,,,,,,,,,,,,,,70,24.6,10,77.0,6,2,34.0,0,0.75,7,11,-4,-0.43,-0.22,0,17,28,3,37,3,23,,,0,0,-2.5072329918027028,-0.9347787646662806
Patson Daka,zm ZAM,"MF,FW",Leicester City,25,1998,23,6,736.0,8.2,1,0,1,1,0,0,0,0,0.12,0.0,0.12,0.12,0.12,Matches,,,,,,,,,,,,,,,,8.2,1,15,4,26.7,1.83,0.49,0.07,0.25,0,0,,,,,,,,,,,,,,,0,,,,,,,,,,,,3,,,,,,,,,,,,,,,,,,,,,,,,,,10,,,,,,,,,,,1,,,,,,,,,,,,,,,,,,,,,,,,32,21.5,6,72.0,1,17,18.0,4,0.61,7,16,-9,-1.1,0.17,0,15,19,3,3,1,10,,,0,0,-3.082212254272152,1.632038379291009
Pau Torres,es ESP,DF,Aston Villa,27,1997,24,23,2020.0,22.4,0,0,0,0,0,0,2,0,0.0,0.0,0.0,0.0,0.0,Matches,,,,,,,,,,,,,,,,22.4,0,8,3,37.5,0.36,0.13,0.0,0.0,0,0,,,,,,,,,,,,,,,0,,,,,,,,,,,,4,,,,,,,,,,,,,,,,,,,,,,,,,,15,,,,,,,,,,,9,,,,,,,,,,,,,,,,,,,,,,,,84,59.1,23,87.0,22,1,21.0,4,1.58,30,33,-3,-0.13,-0.78,0,8,7,0,4,9,15,,,0,3,-1.0245358746049247,-2.9156292622518394
Paul Onuachu,ng NGA,FW,Southampton,30,1994,25,11,1050.0,11.7,4,1,5,4,0,0,4,0,0.34,0.09,0.43,0.34,0.43,Matches,,,,,,,,,,,,,,,,11.7,4,34,15,44.1,2.91,1.29,0.12,0.27,0,0,,,,,,,,,,,,,,,1,,,,,,,,,,,,0,,,,,,,,,,,,,,,,,,,,,,,,,,2,,,,,,,,,,,1,,,,,,,,,,,,,,,,,,,,,,,,42,30.7,11,72.0,4,14,19.0,3,0.36,11,26,-15,-1.29,0.42,0,28,16,10,0,1,2,,,0,2,0.04339990348906539,3.70746381599013
Pedro Neto,pt POR,"MF,FW",Chelsea,24,2000,35,24,2269.0,25.2,4,6,10,4,0,0,8,0,0.16,0.24,0.4,0.16,0.4,Matches,,,,,,,,,,,,,,,,25.2,4,59,17,28.8,2.34,0.67,0.07,0.24,0,0,,,,,,,,,,,,,,,6,,,,,,,,,,,,149,,,,,,,,,,,,,,,,,,,,,,,,,,10,,,,,,,,,,,8,,,,,,,,,,,,,,,,,,,,,,,,65,66.3,24,82.0,15,11,27.0,1,1.71,40,25,15,0.59,0.13,0,21,33,3,149,8,10,,,0,1,4.7713608749290595,1.052611138958883
Pedro Porro,es ESP,DF,Tottenham,24,1999,33,28,2610.0,29.0,2,6,8,2,0,0,5,0,0.07,0.21,0.28,0.07,0.28,Matches,,,,,,,,,,,,,,,,29.0,2,39,8,20.5,1.34,0.28,0.05,0.25,0,0,,,,,,,,,,,,,,,6,,,,,,,,,,,,200,,,,,,,,,,,,,,,,,,,,,,,,,,45,,,,,,,,,,,31,,,,,,,,,,,,,,,,,,,,,,,,79,76.3,28,89.0,24,5,26.0,5,1.12,54,47,7,0.24,1.13,0,25,33,1,200,31,45,,,0,3,5.686520778548476,-2.9449493690613413
Pervis Estupiñán,ec ECU,DF,Brighton,26,1998,30,26,2402.0,26.7,1,1,2,1,0,0,5,0,0.04,0.04,0.07,0.04,0.07,Matches,,,,,,,,,,,,,,,,26.7,1,28,9,32.1,1.05,0.34,0.04,0.11,0,0,,,,,,,,,,,,,,,1,,,,,,,,,,,,119,,,,,,,,,,,,,,,,,,,,,,,,,,44,,,,,,,,,,,39,,,,,,,,,,,,,,,,,,,,,,,,80,70.2,26,88.0,22,4,27.0,1,1.57,47,44,3,0.11,-0.24,0,36,20,3,119,39,44,,,0,3,3.3113371819267017,-4.198144674236374
Phil Foden,eng ENG,"MF,FW",Manchester City,24,2000,28,20,1777.0,19.7,7,2,9,7,0,0,2,0,0.35,0.1,0.46,0.35,0.46,Matches,,,,,,,,,,,,,,,,19.7,7,54,16,29.6,2.73,0.81,0.13,0.44,0,0,,,,,,,,,,,,,,,2,,,,,,,,,,,,81,,,,,,,,,,,,,,,,,,,,,,,,,,5,,,,,,,,,,,9,,,,,,,,,,,,,,,,,,,,,,,,63,52.0,20,81.0,10,8,20.0,5,1.54,30,24,6,0.3,-0.9,0,5,35,3,81,9,5,,,0,2,2.934682601488371,2.9059439860843765
Philip Billing,dk DEN,MF,Bournemouth,28,1996,10,1,184.0,2.0,0,0,0,0,0,0,1,0,0.0,0.0,0.0,0.0,0.0,Matches,,,,,,,,,,,,,,,,2.0,0,5,1,20.0,2.45,0.49,0.0,0.0,0,0,,,,,,,,,,,,,,,0,,,,,,,,,,,,10,,,,,,,,,,,,,,,,,,,,,,,,,,6,,,,,,,,,,,5,,,,,,,,,,,,,,,,,,,,,,,,18,5.4,1,72.0,0,9,12.0,3,1.9,5,4,1,0.49,0.18,0,3,2,0,10,5,6,,,0,0,-4.869021271725464,1.4374011271565745
Radu Drăgușin,ro ROU,DF,Tottenham,22,2002,16,14,1252.0,13.9,0,0,0,0,0,0,1,0,0.0,0.0,0.0,0.0,0.0,Matches,,,,,,,,,,,,,,,,13.9,0,5,1,20.0,0.36,0.07,0.0,0.0,0,0,,,,,,,,,,,,,,,0,,,,,,,,,,,,1,,,,,,,,,,,,,,,,,,,,,,,,,,6,,,,,,,,,,,13,,,,,,,,,,,,,,,,,,,,,,,,78,36.6,14,83.0,11,2,43.0,7,0.88,25,29,-4,-0.29,-0.41,0,6,10,0,1,13,6,,,0,0,-2.7268150979705723,-1.7110265576386134
Raheem Sterling,eng ENG,"FW,MF",Arsenal,29,1994,17,7,499.0,5.5,0,2,2,0,0,0,1,0,0.0,0.36,0.36,0.0,0.36,Matches,,,,,,,,,,,,,,,,5.5,0,11,0,0.0,1.98,0.0,0.0,,0,0,,,,,,,,,,,,,,,2,,,,,,,,,,,,16,,,,,,,,,,,,,,,,,,,,,,,,,,4,,,,,,,,,,,1,,,,,,,,,,,,,,,,,,,,,,,,29,14.6,7,56.0,0,10,11.0,12,2.0,12,4,8,1.44,0.61,0,12,8,4,16,1,4,,,0,0,-3.1920820488110264,2.1611206988549934
Ramón Sosa,py PAR,MF,Nottingham,24,1999,19,1,295.0,3.3,1,0,1,1,0,0,1,0,0.31,0.0,0.31,0.31,0.31,Matches,,,,,,,,,,,,,,,,3.3,1,11,5,45.5,3.36,1.53,0.09,0.2,0,0,,,,,,,,,,,,,,,0,,,,,,,,,,,,8,,,,,,,,,,,,,,,,,,,,,,,,,,3,,,,,,,,,,,4,,,,,,,,,,,,,,,,,,,,,,,,16,8.6,1,67.0,0,18,13.0,13,1.58,3,5,-2,-0.61,-1.01,0,6,8,3,8,4,3,,,0,2,-3.482703608132914,4.337200705495937
Rasmus Højlund,dk DEN,FW,Manchester Utd,21,2003,32,23,2004.0,22.3,4,0,4,4,0,0,2,0,0.18,0.0,0.18,0.18,0.18,Matches,,,,,,,,,,,,,,,,22.3,4,32,13,40.6,1.44,0.58,0.13,0.31,0,0,,,,,,,,,,,,,,,0,,,,,,,,,,,,7,,,,,,,,,,,,,,,,,,,,,,,,,,1,,,,,,,,,,,2,,,,,,,,,,,,,,,,,,,,,,,,63,58.6,23,78.0,7,9,24.0,2,1.03,17,31,-14,-0.63,-0.88,0,18,28,13,7,2,1,,,0,2,0.8004323390765723,0.9862790671864903
Rayan Aït-Nouri,dz ALG,"MF,DF",Wolves,23,2001,37,37,3109.0,34.5,4,7,11,4,0,0,7,1,0.12,0.2,0.32,0.12,0.32,Matches,,,,,,,,,,,,,,,,34.5,4,36,13,36.1,1.04,0.38,0.11,0.31,0,0,,,,,,,,,,,,,,,7,,,,,,,,,,,,94,,,,,,,,,,,,,,,,,,,,,,,,,,55,,,,,,,,,,,24,,,,,,,,,,,,,,,,,,,,,,,,84,90.9,37,84.0,18,0,,0,1.05,46,66,-20,-0.58,-2.03,1,30,46,6,94,24,55,,,0,3,7.119519251499826,-3.420069041594892
Raúl Jiménez,mx MEX,FW,Fulham,33,1991,38,30,2494.0,27.7,12,3,15,9,3,3,4,0,0.43,0.11,0.54,0.32,0.43,Matches,,,,,,,,,,,,,,,,27.7,12,96,33,34.4,3.46,1.19,0.13,0.36,3,3,,,,,,,,,,,,,,,3,,,,,,,,,,,,22,,,,,,,,,,,,,,,,,,,,,,,,,,24,,,,,,,,,,,11,,,,,,,,,,,,,,,,,,,,,,,,66,72.9,30,78.0,9,8,18.0,0,1.42,31,37,-6,-0.22,-0.8,0,39,41,15,22,11,24,,,0,1,8.684820737907447,4.833390664283728
Reece James,eng ENG,"DF,MF",Chelsea,24,1999,19,12,1063.0,11.8,1,1,2,1,0,0,1,0,0.08,0.08,0.17,0.08,0.17,Matches,,,,,,,,,,,,,,,,11.8,1,11,3,27.3,0.93,0.25,0.09,0.33,0,0,,,,,,,,,,,,,,,1,,,,,,,,,,,,43,,,,,,,,,,,,,,,,,,,,,,,,,,9,,,,,,,,,,,14,,,,,,,,,,,,,,,,,,,,,,,,56,31.1,12,76.0,5,7,22.0,4,1.63,13,14,-1,-0.08,-0.92,0,8,11,0,43,14,9,,,0,0,-1.8220557208755208,0.2968406885460935
Reiss Nelson,eng ENG,MF,Fulham,24,1999,11,5,487.0,5.4,1,1,2,1,0,0,1,0,0.18,0.18,0.37,0.18,0.37,Matches,,,,,,,,,,,,,,,,5.4,1,12,6,50.0,2.22,1.11,0.08,0.17,0,0,,,,,,,,,,,,,,,1,,,,,,,,,,,,25,,,,,,,,,,,,,,,,,,,,,,,,,,5,,,,,,,,,,,5,,,,,,,,,,,,,,,,,,,,,,,,44,14.2,5,73.0,0,6,21.0,0,1.64,5,9,-4,-0.74,-0.86,0,6,9,1,25,5,5,,,0,2,-2.5399917290425043,3.002958758531479
Renato Veiga,pt POR,MF,Chelsea,21,2003,7,1,181.0,2.0,0,0,0,0,0,0,2,0,0.0,0.0,0.0,0.0,0.0,Matches,,,,,,,,,,,,,,,,2.0,0,3,1,33.3,1.49,0.5,0.0,0.0,0,0,,,,,,,,,,,,,,,0,,,,,,,,,,,,0,,,,,,,,,,,,,,,,,,,,,,,,,,6,,,,,,,,,,,1,,,,,,,,,,,,,,,,,,,,,,,,26,5.3,1,90.0,1,6,15.0,13,2.14,2,2,0,0.0,-0.58,0,6,1,1,0,1,6,,,0,0,-5.13204046342767,1.3286154513423052
Ricardo Pereira,pt POR,DF,Leicester City,30,1993,10,4,388.0,4.3,0,0,0,0,0,0,1,0,0.0,0.0,0.0,0.0,0.0,Matches,,,,,,,,,,,,,,,,4.3,0,2,1,50.0,0.46,0.23,0.0,0.0,0,0,,,,,,,,,,,,,,,0,,,,,,,,,,,,4,,,,,,,,,,,,,,,,,,,,,,,,,,7,,,,,,,,,,,4,,,,,,,,,,,,,,,,,,,,,,,,39,11.3,4,68.0,0,6,19.0,8,0.5,3,8,-5,-1.16,0.09,0,6,8,0,4,4,7,,,0,0,-4.879674465979071,0.43575962254149775
Riccardo Calafiori,it ITA,DF,Arsenal,22,2002,19,11,983.0,10.9,2,1,3,2,0,0,4,0,0.18,0.09,0.27,0.18,0.27,Matches,,,,,,,,,,,,,,,,10.9,2,10,6,60.0,0.92,0.55,0.2,0.33,0,0,,,,,,,,,,,,,,,1,,,,,,,,,,,,11,,,,,,,,,,,,,,,,,,,,,,,,,,18,,,,,,,,,,,8,,,,,,,,,,,,,,,,,,,,,,,,52,28.7,11,72.0,3,8,25.0,3,2.05,27,12,15,1.37,0.63,0,15,6,3,11,8,18,,,0,2,-0.7856313457769692,1.6247279766071099
Richarlison,br BRA,FW,Tottenham,27,1997,15,4,504.0,5.6,4,1,5,4,0,0,2,0,0.71,0.18,0.89,0.71,0.89,Matches,,,,,,,,,,,,,,,,5.6,4,17,7,41.2,3.04,1.25,0.24,0.57,0,0,,,,,,,,,,,,,,,1,,,,,,,,,,,,7,,,,,,,,,,,,,,,,,,,,,,,,,,3,,,,,,,,,,,0,,,,,,,,,,,,,,,,,,,,,,,,34,14.7,4,72.0,1,11,20.0,2,0.93,11,9,2,0.36,0.45,0,7,13,3,7,0,3,,,0,2,-0.35602932243589475,6.726476719063607
Rico Henry,jm JAM,"DF,MF",Brentford,27,1997,5,0,99.0,1.1,0,0,0,0,0,0,0,0,0.0,0.0,0.0,0.0,0.0,Matches,,,,,,,,,,,,,,,,1.1,0,0,0,,0.0,0.0,,,0,0,,,,,,,,,,,,,,,0,,,,,,,,,,,,2,,,,,,,,,,,,,,,,,,,,,,,,,,2,,,,,,,,,,,1,,,,,,,,,,,,,,,,,,,,,,,,20,2.9,0,,0,5,20.0,5,2.0,4,3,1,0.91,0.69,0,2,2,0,2,1,2,,,0,0,-6.007086235452254,1.5315227389168398
Rico Lewis,eng ENG,"DF,MF",Manchester City,19,2004,28,21,1893.0,21.0,1,2,3,1,0,0,5,1,0.05,0.1,0.14,0.05,0.14,Matches,,,,,,,,,,,,,,,,21.0,1,10,2,20.0,0.48,0.1,0.1,0.5,0,0,,,,,,,,,,,,,,,2,,,,,,,,,,,,7,,,,,,,,,,,,,,,,,,,,,,,,,,17,,,,,,,,,,,14,,,,,,,,,,,,,,,,,,,,,,,,68,55.4,21,85.0,14,7,16.0,8,1.82,41,27,14,0.67,-0.16,1,12,34,0,7,14,17,,,0,3,0.7102427960594219,-1.8287994790551154
Robert Sánchez,es ESP,GK,Chelsea,26,1997,32,32,2880.0,32.0,0,0,0,0,0,0,5,0,0.0,0.0,0.0,0.0,0.0,Matches,34.0,1.06,128.0,94.0,73.4,17.0,9.0,6.0,10.0,31.3,5.0,4.0,1.0,0.0,20.0,32.0,0,0,0,,0.0,0.0,,,0,0,,,,,,,,,,,,,,,0,,,,,,,,,,,,0,,,,,,,,,,,,,,,,,,,,,,,,,,0,,,,,,,,,,,2,,,,,,,,,,,,,,,,,,,,,,,,90,84.2,32,90.0,32,0,,6,1.88,52,34,18,0.56,0.06,0,2,4,0,0,2,0,,,0,3,-0.028470535124214186,-4.010411839232218
Robin Olsen,se SWE,GK,Aston Villa,34,1990,4,1,226.0,2.5,0,0,0,0,0,0,0,0,0.0,0.0,0.0,0.0,0.0,Matches,6.0,2.39,14.0,8.0,57.1,1.0,0.0,0.0,1.0,100.0,1.0,1.0,0.0,0.0,0.0,2.5,0,0,0,,0.0,0.0,,,0,0,,,,,,,,,,,,,,,0,,,,,,,,,,,,0,,,,,,,,,,,,,,,,,,,,,,,,,,0,,,,,,,,,,,0,,,,,,,,,,,,,,,,,,,,,,,,57,6.6,1,90.0,1,3,45.0,26,0.75,2,6,-4,-1.59,-1.9,0,0,0,0,0,0,0,,,0,0,-6.086964487709708,0.27175992816408484
Rodrigo Bentancur,uy URU,MF,Tottenham,27,1997,26,21,1645.0,18.3,2,0,2,2,0,0,9,0,0.11,0.0,0.11,0.11,0.11,Matches,,,,,,,,,,,,,,,,18.3,2,22,6,27.3,1.2,0.33,0.09,0.33,0,0,,,,,,,,,,,,,,,0,,,,,,,,,,,,4,,,,,,,,,,,,,,,,,,,,,,,,,,22,,,,,,,,,,,38,,,,,,,,,,,,,,,,,,,,,,,,63,48.1,21,75.0,7,5,15.0,1,1.04,26,26,0,0.0,0.05,0,34,10,1,4,38,22,,,0,3,0.5557880646489349,-2.1771853893456576
Rodrigo Muniz,br BRA,FW,Fulham,23,2001,31,8,964.0,10.7,8,1,9,8,0,0,1,0,0.75,0.09,0.84,0.75,0.84,Matches,,,,,,,,,,,,,,,,10.7,8,40,19,47.5,3.73,1.77,0.2,0.42,0,0,,,,,,,,,,,,,,,1,,,,,,,,,,,,1,,,,,,,,,,,,,,,,,,,,,,,,,,6,,,,,,,,,,,4,,,,,,,,,,,,,,,,,,,,,,,,31,28.2,8,72.0,0,23,17.0,1,1.55,25,17,8,0.75,1.04,0,11,31,3,1,4,6,,,0,2,2.1152046874958064,7.475624504820392
Rodrigo Gomes,pt POR,MF,Wolves,21,2003,25,7,810.0,9.0,2,0,2,2,0,0,0,0,0.22,0.0,0.22,0.22,0.22,Matches,,,,,,,,,,,,,,,,9.0,2,7,3,42.9,0.78,0.33,0.29,0.67,0,0,,,,,,,,,,,,,,,0,,,,,,,,,,,,23,,,,,,,,,,,,,,,,,,,,,,,,,,14,,,,,,,,,,,6,,,,,,,,,,,,,,,,,,,,,,,,32,23.7,7,76.0,1,18,16.0,9,1.2,18,20,-2,-0.22,0.23,0,4,6,0,23,6,14,,,0,2,-2.1896702662188146,2.1569128508681312
Romain Esse,eng ENG,MF,Crystal Palace,19,2005,7,1,138.0,1.5,1,1,2,1,0,0,0,0,0.65,0.65,1.3,0.65,1.3,Matches,,,,,,,,,,,,,,,,1.5,1,1,1,100.0,0.65,0.65,1.0,1.0,0,0,,,,,,,,,,,,,,,1,,,,,,,,,,,,0,,,,,,,,,,,,,,,,,,,,,,,,,,5,,,,,,,,,,,1,,,,,,,,,,,,,,,,,,,,,,,,20,4.0,1,80.0,0,6,10.0,8,1.57,5,3,2,1.3,1.36,0,2,3,0,0,1,5,,,0,2,-0.7443739243855585,8.39446233630737
Roméo Lavia,be BEL,MF,Chelsea,20,2004,16,11,797.0,8.9,0,1,1,0,0,0,4,0,0.0,0.11,0.11,0.0,0.11,Matches,,,,,,,,,,,,,,,,8.9,0,2,0,0.0,0.23,0.0,0.0,,0,0,,,,,,,,,,,,,,,1,,,,,,,,,,,,0,,,,,,,,,,,,,,,,,,,,,,,,,,13,,,,,,,,,,,16,,,,,,,,,,,,,,,,,,,,,,,,50,23.3,11,66.0,0,5,14.0,4,1.88,11,11,0,0.0,-0.72,0,16,7,0,0,16,13,,,0,0,-3.128622155324639,-0.6862614406363452
Ross Barkley,eng ENG,MF,Aston Villa,30,1993,20,3,581.0,6.5,3,1,4,3,0,0,3,0,0.46,0.15,0.62,0.46,0.62,Matches,,,,,,,,,,,,,,,,6.5,3,16,6,37.5,2.48,0.93,0.19,0.5,0,0,,,,,,,,,,,,,,,1,,,,,,,,,,,,1,,,,,,,,,,,,,,,,,,,,,,,,,,4,,,,,,,,,,,10,,,,,,,,,,,,,,,,,,,,,,,,29,17.0,3,85.0,2,17,19.0,4,1.75,11,10,1,0.15,-0.04,0,8,3,0,1,10,4,,,0,2,-1.2314360455492581,4.527905898744085
Ross Stewart,sct SCO,FW,Southampton,28,1996,12,4,389.0,4.3,1,0,1,1,0,0,1,0,0.23,0.0,0.23,0.23,0.23,Matches,,,,,,,,,,,,,,,,4.3,1,9,2,22.2,2.08,0.46,0.11,0.5,0,0,,,,,,,,,,,,,,,0,,,,,,,,,,,,0,,,,,,,,,,,,,,,,,,,,,,,,,,5,,,,,,,,,,,0,,,,,,,,,,,,,,,,,,,,,,,,32,11.4,4,51.0,0,8,23.0,0,0.25,5,9,-4,-0.93,0.74,0,7,7,1,0,0,5,,,0,0,-3.7237718816498213,2.6741347239202855
Ryan Fraser,sct SCO,"MF,DF",Southampton,30,1994,8,4,306.0,3.4,0,0,0,0,0,0,0,1,0.0,0.0,0.0,0.0,0.0,Matches,,,,,,,,,,,,,,,,3.4,0,1,1,100.0,0.29,0.29,0.0,0.0,0,0,,,,,,,,,,,,,,,0,,,,,,,,,,,,12,,,,,,,,,,,,,,,,,,,,,,,,,,2,,,,,,,,,,,1,,,,,,,,,,,,,,,,,,,,,,,,38,8.9,4,60.0,0,4,17.0,5,0.25,4,10,-6,-1.76,-0.2,0,1,4,1,12,1,2,,,0,0,-4.9262569998134556,0.8526604663410011
Ryan Christie,sct SCO,MF,Bournemouth,29,1995,29,27,2117.0,23.5,2,3,5,2,0,0,9,0,0.09,0.13,0.21,0.09,0.21,Matches,,,,,,,,,,,,,,,,23.5,2,33,12,36.4,1.4,0.51,0.06,0.17,0,0,,,,,,,,,,,,,,,3,,,,,,,,,,,,47,,,,,,,,,,,,,,,,,,,,,,,,,,33,,,,,,,,,,,30,,,,,,,,,,,,,,,,,,,,,,,,73,61.9,27,76.0,10,2,28.0,0,1.52,40,28,12,0.51,0.51,0,42,31,1,47,30,33,,,0,3,3.2336554840410616,-2.2187948069868937
Ryan Manning,ie IRL,"DF,MF",Southampton,28,1996,24,18,1462.0,16.2,0,1,1,0,0,0,2,0,0.0,0.06,0.06,0.0,0.06,Matches,,,,,,,,,,,,,,,,16.2,0,8,1,12.5,0.49,0.06,0.0,0.0,0,0,,,,,,,,,,,,,,,1,,,,,,,,,,,,84,,,,,,,,,,,,,,,,,,,,,,,,,,18,,,,,,,,,,,17,,,,,,,,,,,,,,,,,,,,,,,,61,42.7,18,77.0,5,6,14.0,7,0.29,12,35,-23,-1.42,0.28,0,19,33,0,84,17,18,,,0,0,-1.2113414994076852,-2.2131332385177176
Ryan Yates,eng ENG,MF,Nottingham,26,1997,35,18,1915.0,21.3,2,1,3,2,0,0,10,0,0.09,0.05,0.14,0.09,0.14,Matches,,,,,,,,,,,,,,,,21.3,2,33,9,27.3,1.55,0.42,0.06,0.22,0,0,,,,,,,,,,,,,,,1,,,,,,,,,,,,8,,,,,,,,,,,,,,,,,,,,,,,,,,21,,,,,,,,,,,25,,,,,,,,,,,,,,,,,,,,,,,,55,56.0,18,83.0,13,17,25.0,2,1.69,25,27,-2,-0.09,-0.93,0,54,48,7,8,25,21,,,0,3,1.810210231622925,-1.472790412137917
Ryan Sessegnon,eng ENG,"MF,DF",Fulham,24,2000,16,7,580.0,6.4,4,2,6,4,0,0,1,0,0.62,0.31,0.93,0.62,0.93,Matches,,,,,,,,,,,,,,,,6.4,4,14,8,57.1,2.17,1.24,0.29,0.5,0,0,,,,,,,,,,,,,,,2,,,,,,,,,,,,15,,,,,,,,,,,,,,,,,,,,,,,,,,12,,,,,,,,,,,4,,,,,,,,,,,,,,,,,,,,,,,,36,17.0,7,73.0,1,9,7.0,16,1.56,13,10,3,0.47,0.56,0,20,4,1,15,4,12,,,0,2,0.08561194263543094,6.2624604028138915
Ryan Gravenberch,nl NED,MF,Liverpool,22,2002,37,37,3160.0,35.1,0,4,4,0,0,0,6,1,0.0,0.11,0.11,0.0,0.11,Matches,,,,,,,,,,,,,,,,35.1,0,20,5,25.0,0.57,0.14,0.0,0.0,0,0,,,,,,,,,,,,,,,4,,,,,,,,,,,,7,,,,,,,,,,,,,,,,,,,,,,,,,,37,,,,,,,,,,,56,,,,,,,,,,,,,,,,,,,,,,,,85,92.4,37,85.0,27,0,,0,2.27,79,35,44,1.25,0.91,0,47,52,0,7,56,37,,,0,3,5.130288872680401,-6.1066524343683595
Rúben Dias,pt POR,"DF,MF",Manchester City,27,1997,27,25,2271.0,25.2,0,0,0,0,0,0,4,0,0.0,0.0,0.0,0.0,0.0,Matches,,,,,,,,,,,,,,,,25.2,0,21,7,33.3,0.83,0.28,0.0,0.0,0,0,,,,,,,,,,,,,,,0,,,,,,,,,,,,3,,,,,,,,,,,,,,,,,,,,,,,,,,11,,,,,,,,,,,19,,,,,,,,,,,,,,,,,,,,,,,,84,66.4,25,90.0,25,2,11.0,0,2.11,50,21,29,1.15,1.23,0,12,8,0,3,19,11,,,1,3,0.34534205783211164,-3.332719430512965
Sam Morsy,eg EGY,MF,Ipswich Town,32,1991,33,31,2751.0,30.6,1,1,2,1,0,0,10,0,0.03,0.03,0.07,0.03,0.07,Matches,,,,,,,,,,,,,,,,30.6,1,13,3,23.1,0.43,0.1,0.08,0.33,0,0,,,,,,,,,,,,,,,1,,,,,,,,,,,,15,,,,,,,,,,,,,,,,,,,,,,,,,,39,,,,,,,,,,,28,,,,,,,,,,,,,,,,,,,,,,,,83,80.4,31,88.0,23,2,16.0,2,0.64,28,67,-39,-1.28,-0.33,0,48,27,0,15,28,39,,,1,3,2.5700497420609296,-5.6532040994165875
Sam Johnstone,eng ENG,GK,Wolves,31,1993,7,7,630.0,7.0,0,0,0,0,0,0,0,0,0.0,0.0,0.0,0.0,0.0,Matches,17.0,2.43,40.0,23.0,57.5,0.0,1.0,6.0,0.0,0.0,2.0,2.0,0.0,0.0,0.0,7.0,0,0,0,,0.0,0.0,,,0,0,,,,,,,,,,,,,,,0,,,,,,,,,,,,0,,,,,,,,,,,,,,,,,,,,,,,,,,0,,,,,,,,,,,0,,,,,,,,,,,,,,,,,,,,,,,,90,18.4,7,90.0,7,0,,16,0.14,9,17,-8,-1.14,-0.92,0,0,0,0,0,0,0,,,0,0,-4.911105049983661,-0.8823446959117169
Sammie Szmodics,ie IRL,MF,Ipswich Town,28,1995,20,13,992.0,11.0,4,0,4,4,0,0,2,0,0.36,0.0,0.36,0.36,0.36,Matches,,,,,,,,,,,,,,,,11.0,4,21,12,57.1,1.91,1.09,0.19,0.33,0,0,,,,,,,,,,,,,,,0,,,,,,,,,,,,14,,,,,,,,,,,,,,,,,,,,,,,,,,12,,,,,,,,,,,5,,,,,,,,,,,,,,,,,,,,,,,,50,29.0,13,70.0,0,7,12.0,2,0.65,11,18,-7,-0.64,0.81,0,9,8,8,14,5,12,,,0,2,-0.5003820885377914,3.092149972836274
Sander Berge,no NOR,MF,Fulham,26,1998,31,26,2224.0,24.7,0,0,0,0,0,0,6,0,0.0,0.0,0.0,0.0,0.0,Matches,,,,,,,,,,,,,,,,24.7,0,3,1,33.3,0.12,0.04,0.0,0.0,0,0,,,,,,,,,,,,,,,0,,,,,,,,,,,,3,,,,,,,,,,,,,,,,,,,,,,,,,,32,,,,,,,,,,,21,,,,,,,,,,,,,,,,,,,,,,,,72,65.0,26,81.0,16,5,23.0,0,1.48,33,34,-1,-0.04,-0.12,0,30,10,0,3,21,32,,,0,3,0.131425367039326,-4.084367971477449
Sandro Tonali,it ITA,MF,Newcastle,24,2000,36,28,2630.0,29.2,4,2,6,4,0,0,5,0,0.14,0.07,0.21,0.14,0.21,Matches,,,,,,,,,,,,,,,,29.2,4,35,12,34.3,1.2,0.41,0.11,0.33,0,0,,,,,,,,,,,,,,,2,,,,,,,,,,,,54,,,,,,,,,,,,,,,,,,,,,,,,,,32,,,,,,,,,,,32,,,,,,,,,,,,,,,,,,,,,,,,73,76.9,28,86.0,22,8,27.0,0,1.72,55,34,21,0.72,0.72,0,37,49,2,54,32,32,,,0,3,4.600780660044461,-2.2528537345087876
Santiago Bueno,uy URU,DF,Wolves,25,1998,29,18,1687.0,18.7,0,0,0,0,0,0,2,0,0.0,0.0,0.0,0.0,0.0,Matches,,,,,,,,,,,,,,,,18.7,0,6,3,50.0,0.32,0.16,0.0,0.0,0,0,,,,,,,,,,,,,,,0,,,,,,,,,,,,0,,,,,,,,,,,,,,,,,,,,,,,,,,20,,,,,,,,,,,13,,,,,,,,,,,,,,,,,,,,,,,,58,49.3,18,87.0,14,11,12.0,8,1.31,26,34,-8,-0.43,-0.06,0,27,5,0,0,13,20,,,0,0,-1.490591558536906,-2.2952953310709088
Saša Lukić,rs SRB,MF,Fulham,27,1996,30,28,2344.0,26.0,0,2,2,0,0,0,12,0,0.0,0.08,0.08,0.0,0.08,Matches,,,,,,,,,,,,,,,,26.0,0,18,3,16.7,0.69,0.12,0.0,0.0,0,0,,,,,,,,,,,,,,,2,,,,,,,,,,,,63,,,,,,,,,,,,,,,,,,,,,,,,,,38,,,,,,,,,,,26,,,,,,,,,,,,,,,,,,,,,,,,78,68.5,28,82.0,10,2,31.0,0,1.37,37,38,-1,-0.04,-0.12,0,66,26,0,63,26,38,,,0,3,2.437624203244513,-4.568694799272696
Sean Longstaff,eng ENG,MF,Newcastle,26,1997,25,8,798.0,8.9,0,0,0,0,0,0,2,0,0.0,0.0,0.0,0.0,0.0,Matches,,,,,,,,,,,,,,,,8.9,0,6,1,16.7,0.68,0.11,0.0,0.0,0,0,,,,,,,,,,,,,,,0,,,,,,,,,,,,5,,,,,,,,,,,,,,,,,,,,,,,,,,15,,,,,,,,,,,7,,,,,,,,,,,,,,,,,,,,,,,,32,23.3,8,72.0,3,17,13.0,13,1.88,9,11,-2,-0.23,-1.02,0,9,6,0,5,7,15,,,0,0,-3.9028735510760986,-0.15602463692273622
Sepp van den Berg,nl NED,DF,Brentford,22,2001,31,29,2586.0,28.7,0,0,0,0,0,0,3,0,0.0,0.0,0.0,0.0,0.0,Matches,,,,,,,,,,,,,,,,28.7,0,20,6,30.0,0.7,0.21,0.0,0.0,0,0,,,,,,,,,,,,,,,0,,,,,,,,,,,,7,,,,,,,,,,,,,,,,,,,,,,,,,,24,,,,,,,,,,,22,,,,,,,,,,,,,,,,,,,,,,,,83,75.6,29,88.0,25,2,18.0,1,1.55,54,49,5,0.17,-0.26,0,23,5,1,7,22,24,,,0,3,1.0988109424287393,-4.248110212076053
Sergio Reguilón,es ESP,DF,Tottenham,27,1996,4,1,196.0,2.2,0,0,0,0,0,0,2,0,0.0,0.0,0.0,0.0,0.0,Matches,,,,,,,,,,,,,,,,2.2,0,2,0,0.0,0.92,0.0,0.0,,0,0,,,,,,,,,,,,,,,0,,,,,,,,,,,,12,,,,,,,,,,,,,,,,,,,,,,,,,,3,,,,,,,,,,,4,,,,,,,,,,,,,,,,,,,,,,,,49,5.7,1,73.0,0,3,41.0,10,0.25,0,3,-3,-1.38,-1.43,0,2,6,0,12,4,3,,,0,0,-5.545293290118228,0.3999886034382488
Simon Adingra,ci CIV,MF,Brighton,22,2002,29,12,1097.0,12.2,2,2,4,2,0,0,0,0,0.16,0.16,0.33,0.16,0.33,Matches,,,,,,,,,,,,,,,,12.2,2,33,8,24.2,2.71,0.66,0.06,0.25,0,0,,,,,,,,,,,,,,,2,,,,,,,,,,,,42,,,,,,,,,,,,,,,,,,,,,,,,,,16,,,,,,,,,,,9,,,,,,,,,,,,,,,,,,,,,,,,38,32.1,12,66.0,1,17,18.0,6,1.59,18,23,-5,-0.41,-0.88,0,13,4,4,42,9,16,,,0,2,-0.626834687254528,2.242270426464628
Solly March,eng ENG,MF,Brighton,30,1994,8,1,168.0,1.9,0,0,0,0,0,0,2,0,0.0,0.0,0.0,0.0,0.0,Matches,,,,,,,,,,,,,,,,1.9,0,2,0,0.0,1.07,0.0,0.0,,0,0,,,,,,,,,,,,,,,0,,,,,,,,,,,,20,,,,,,,,,,,,,,,,,,,,,,,,,,3,,,,,,,,,,,2,,,,,,,,,,,,,,,,,,,,,,,,21,4.9,1,62.0,0,7,15.0,5,1.75,4,3,1,0.54,0.37,0,2,2,3,20,2,3,,,0,0,-5.180195338131111,1.0331183943602058
Son Heung-min,kr KOR,"FW,MF",Tottenham,32,1992,30,24,2110.0,23.4,7,9,16,6,1,2,1,0,0.3,0.38,0.68,0.26,0.64,Matches,,,,,,,,,,,,,,,,23.4,7,57,26,45.6,2.43,1.11,0.12,0.27,1,2,,,,,,,,,,,,,,,9,,,,,,,,,,,,76,,,,,,,,,,,,,,,,,,,,,,,,,,9,,,,,,,,,,,4,,,,,,,,,,,,,,,,,,,,,,,,70,61.7,24,79.0,11,6,35.0,0,1.13,44,35,9,0.38,1.07,0,6,28,12,76,4,9,,,0,1,6.7295777888465835,4.713900965052626
Stefan Ortega,de GER,GK,Manchester City,31,1992,13,12,1100.0,12.2,0,0,0,0,0,0,1,0,0.0,0.0,0.0,0.0,0.0,Matches,18.0,1.47,51.0,33.0,64.7,5.0,4.0,3.0,3.0,25.0,2.0,2.0,0.0,0.0,0.0,12.2,0,0,0,,0.0,0.0,,,0,0,,,,,,,,,,,,,,,0,,,,,,,,,,,,0,,,,,,,,,,,,,,,,,,,,,,,,,,0,,,,,,,,,,,0,,,,,,,,,,,,,,,,,,,,,,,,85,32.2,12,90.0,12,1,20.0,25,1.69,23,18,5,0.41,-0.48,0,1,2,0,0,0,0,,,0,0,-3.8603129882011156,-1.2122840070832552
Stephy Mavididi,eng ENG,MF,Leicester City,26,1998,30,16,1615.0,17.9,4,1,5,4,0,0,2,0,0.22,0.06,0.28,0.22,0.28,Matches,,,,,,,,,,,,,,,,17.9,4,26,7,26.9,1.45,0.39,0.15,0.57,0,0,,,,,,,,,,,,,,,1,,,,,,,,,,,,70,,,,,,,,,,,,,,,,,,,,,,,,,,20,,,,,,,,,,,8,,,,,,,,,,,,,,,,,,,,,,,,54,47.2,16,81.0,3,14,23.0,3,0.5,18,38,-20,-1.11,0.23,0,18,18,3,70,8,20,,,0,2,0.8228455124971535,0.8986990754247527
Sven Botman,nl NED,DF,Newcastle,24,2000,8,6,412.0,4.6,0,0,0,0,0,0,1,0,0.0,0.0,0.0,0.0,0.0,Matches,,,,,,,,,,,,,,,,4.6,0,5,2,40.0,1.09,0.44,0.0,0.0,0,0,,,,,,,,,,,,,,,0,,,,,,,,,,,,0,,,,,,,,,,,,,,,,,,,,,,,,,,8,,,,,,,,,,,5,,,,,,,,,,,,,,,,,,,,,,,,52,12.0,6,67.0,1,2,5.0,2,1.63,7,4,3,0.66,0.12,0,5,4,0,0,5,8,,,0,0,-4.322349243208773,0.5555852648786589
Sávio,br BRA,"MF,FW",Manchester City,20,2004,29,21,1766.0,19.6,1,8,9,1,0,0,3,0,0.05,0.41,0.46,0.05,0.46,Matches,,,,,,,,,,,,,,,,19.6,1,55,21,38.2,2.8,1.07,0.02,0.05,0,0,,,,,,,,,,,,,,,8,,,,,,,,,,,,84,,,,,,,,,,,,,,,,,,,,,,,,,,17,,,,,,,,,,,4,,,,,,,,,,,,,,,,,,,,,,,,61,51.6,21,79.0,7,8,13.0,7,1.69,32,25,7,0.36,-0.79,0,17,28,3,84,4,17,,,0,2,2.9638394580225826,1.8565373623308565
Séamus Coleman,ie IRL,DF,Everton,35,1988,5,3,215.0,2.4,0,0,0,0,0,0,1,0,0.0,0.0,0.0,0.0,0.0,Matches,,,,,,,,,,,,,,,,2.4,0,1,1,100.0,0.42,0.42,0.0,0.0,0,0,,,,,,,,,,,,,,,0,,,,,,,,,,,,4,,,,,,,,,,,,,,,,,,,,,,,,,,2,,,,,,,,,,,1,,,,,,,,,,,,,,,,,,,,,,,,43,6.3,3,65.0,1,2,10.0,13,1.6,4,4,0,0.0,0.06,0,0,1,0,4,1,2,,,0,0,-5.13445125097341,1.1495632205121313
Taiwo Awoniyi,ng NGA,FW,Nottingham,26,1997,26,3,416.0,4.6,1,0,1,1,0,0,0,0,0.22,0.0,0.22,0.22,0.22,Matches,,,,,,,,,,,,,,,,4.6,1,10,4,40.0,2.16,0.87,0.1,0.25,0,0,,,,,,,,,,,,,,,0,,,,,,,,,,,,2,,,,,,,,,,,,,,,,,,,,,,,,,,4,,,,,,,,,,,0,,,,,,,,,,,,,,,,,,,,,,,,16,12.2,3,64.0,0,23,10.0,7,1.92,5,10,-5,-1.08,-1.59,0,8,10,1,2,0,4,,,0,2,-3.67813842708526,3.2822537181335374
Tariq Lamptey,gh GHA,"DF,MF",Brighton,23,2000,15,10,860.0,9.6,2,2,4,2,0,0,0,0,0.21,0.21,0.42,0.21,0.42,Matches,,,,,,,,,,,,,,,,9.6,2,6,2,33.3,0.63,0.21,0.33,1.0,0,0,,,,,,,,,,,,,,,2,,,,,,,,,,,,28,,,,,,,,,,,,,,,,,,,,,,,,,,11,,,,,,,,,,,7,,,,,,,,,,,,,,,,,,,,,,,,57,25.1,10,76.0,5,5,19.0,10,1.4,14,21,-7,-0.73,-1.22,0,15,10,0,28,7,11,,,0,2,-1.1274697042737611,2.168527229224919
Taylor Harwood-Bellis,eng ENG,DF,Southampton,22,2002,34,32,2825.0,31.4,1,0,1,1,0,0,9,0,0.03,0.0,0.03,0.03,0.03,Matches,,,,,,,,,,,,,,,,31.4,1,20,8,40.0,0.64,0.25,0.05,0.13,0,0,,,,,,,,,,,,,,,0,,,,,,,,,,,,10,,,,,,,,,,,,,,,,,,,,,,,,,,22,,,,,,,,,,,29,,,,,,,,,,,,,,,,,,,,,,,,83,82.6,32,87.0,27,2,28.0,0,0.35,20,65,-45,-1.43,0.84,0,35,14,0,10,29,22,,,0,3,1.889961013936612,-4.861158232668744
Thomas Partey,gh GHA,"MF,DF",Arsenal,31,1993,35,31,2797.0,31.1,4,2,6,4,0,0,4,0,0.13,0.06,0.19,0.13,0.19,Matches,,,,,,,,,,,,,,,,31.1,4,26,9,34.6,0.84,0.29,0.15,0.44,0,0,,,,,,,,,,,,,,,2,,,,,,,,,,,,12,,,,,,,,,,,,,,,,,,,,,,,,,,53,,,,,,,,,,,35,,,,,,,,,,,,,,,,,,,,,,,,80,81.8,31,88.0,25,4,19.0,2,1.91,52,30,22,0.71,-1.17,0,44,31,1,12,35,53,,,0,3,4.552298792254408,-3.4593765352309136
Tim Iroegbunam,eng ENG,MF,Everton,21,2003,18,5,574.0,6.4,0,1,1,0,0,0,4,0,0.0,0.16,0.16,0.0,0.16,Matches,,,,,,,,,,,,,,,,6.4,0,5,0,0.0,0.78,0.0,0.0,,0,0,,,,,,,,,,,,,,,1,,,,,,,,,,,,1,,,,,,,,,,,,,,,,,,,,,,,,,,13,,,,,,,,,,,14,,,,,,,,,,,,,,,,,,,,,,,,32,16.8,5,83.0,3,13,12.0,4,1.0,9,16,-7,-1.1,-1.26,0,15,12,0,1,14,13,,,0,0,-3.4925800893982117,-0.12271053960126571
Timo Werner,de GER,"FW,MF",Tottenham,28,1996,18,4,516.0,5.7,0,3,3,0,0,0,0,0,0.0,0.52,0.52,0.0,0.52,Matches,,,,,,,,,,,,,,,,5.7,0,8,3,37.5,1.4,0.52,0.0,0.0,0,0,,,,,,,,,,,,,,,3,,,,,,,,,,,,27,,,,,,,,,,,,,,,,,,,,,,,,,,4,,,,,,,,,,,2,,,,,,,,,,,,,,,,,,,,,,,,29,15.1,4,71.0,0,14,17.0,3,0.83,11,12,-1,-0.17,-0.17,0,3,5,5,27,2,4,,,0,2,-2.5962343636358747,2.900931590959593
Timothy Castagne,be BEL,"DF,MF",Fulham,28,1995,24,17,1649.0,18.3,0,1,1,0,0,0,1,0,0.0,0.05,0.05,0.0,0.05,Matches,,,,,,,,,,,,,,,,18.3,0,8,3,37.5,0.44,0.16,0.0,0.0,0,0,,,,,,,,,,,,,,,1,,,,,,,,,,,,38,,,,,,,,,,,,,,,,,,,,,,,,,,31,,,,,,,,,,,23,,,,,,,,,,,,,,,,,,,,,,,,69,48.2,17,89.0,16,7,19.0,9,1.33,30,28,2,0.11,0.21,0,15,6,1,38,23,31,,,0,3,-0.6828171134616742,-2.6026737765952177
Tino Livramento,eng ENG,DF,Newcastle,21,2002,37,32,2840.0,31.6,0,1,1,0,0,0,1,0,0.0,0.03,0.03,0.0,0.03,Matches,,,,,,,,,,,,,,,,31.6,0,6,2,33.3,0.19,0.06,0.0,0.0,0,0,,,,,,,,,,,,,,,1,,,,,,,,,,,,52,,,,,,,,,,,,,,,,,,,,,,,,,,34,,,,,,,,,,,26,,,,,,,,,,,,,,,,,,,,,,,,77,83.0,32,85.0,25,5,26.0,0,1.7,58,40,18,0.57,0.1,0,6,35,2,52,26,34,,,0,3,2.168507022051566,-4.515064960748574
Toby Collyer,eng ENG,MF,Manchester Utd,20,2004,6,0,179.0,2.0,0,0,0,0,0,0,0,0,0.0,0.0,0.0,0.0,0.0,Matches,,,,,,,,,,,,,,,,2.0,0,1,0,0.0,0.5,0.0,0.0,,0,0,,,,,,,,,,,,,,,0,,,,,,,,,,,,0,,,,,,,,,,,,,,,,,,,,,,,,,,9,,,,,,,,,,,3,,,,,,,,,,,,,,,,,,,,,,,,30,5.2,0,,0,6,30.0,11,1.67,6,2,4,2.01,2.4,0,2,4,0,0,3,9,,,0,0,-5.643883204415385,1.5445822891853649
Tom Cairney,sct SCO,MF,Fulham,33,1991,25,3,628.0,7.0,2,0,2,2,0,0,3,1,0.29,0.0,0.29,0.29,0.29,Matches,,,,,,,,,,,,,,,,7.0,2,11,4,36.4,1.58,0.57,0.18,0.5,0,0,,,,,,,,,,,,,,,0,,,,,,,,,,,,20,,,,,,,,,,,,,,,,,,,,,,,,,,4,,,,,,,,,,,4,,,,,,,,,,,,,,,,,,,,,,,,25,18.4,3,70.0,0,22,19.0,10,1.2,14,12,2,0.29,0.35,0,8,19,0,20,4,4,,,0,2,-2.298039098014611,2.8877891155808104
Tommy Doyle,eng ENG,MF,Wolves,22,2001,24,3,488.0,5.4,0,1,1,0,0,0,1,0,0.0,0.18,0.18,0.0,0.18,Matches,,,,,,,,,,,,,,,,5.4,0,9,2,22.2,1.66,0.37,0.0,0.0,0,0,,,,,,,,,,,,,,,1,,,,,,,,,,,,15,,,,,,,,,,,,,,,,,,,,,,,,,,7,,,,,,,,,,,5,,,,,,,,,,,,,,,,,,,,,,,,20,14.3,3,70.0,1,21,13.0,9,0.96,7,10,-3,-0.55,-0.18,0,5,5,0,15,5,7,,,0,0,-3.9924483746218735,1.6913593591583294
Tomáš Souček,cz CZE,MF,West Ham,29,1995,35,30,2567.0,28.5,9,1,10,9,0,0,8,0,0.32,0.04,0.35,0.32,0.35,Matches,,,,,,,,,,,,,,,,28.5,9,55,18,32.7,1.93,0.63,0.16,0.5,0,0,,,,,,,,,,,,,,,1,,,,,,,,,,,,13,,,,,,,,,,,,,,,,,,,,,,,,,,22,,,,,,,,,,,20,,,,,,,,,,,,,,,,,,,,,,,,73,75.1,30,81.0,20,5,27.0,1,1.23,38,44,-6,-0.21,0.84,0,47,25,4,13,20,22,,,0,3,5.203235999278004,-0.046920070014601724
Tosin Adarabioyo,eng ENG,DF,Chelsea,26,1997,22,15,1409.0,15.7,1,1,2,1,0,0,4,0,0.06,0.06,0.13,0.06,0.13,Matches,,,,,,,,,,,,,,,,15.7,1,13,2,15.4,0.83,0.13,0.08,0.5,0,0,,,,,,,,,,,,,,,1,,,,,,,,,,,,0,,,,,,,,,,,,,,,,,,,,,,,,,,13,,,,,,,,,,,10,,,,,,,,,,,,,,,,,,,,,,,,64,41.2,15,84.0,13,7,20.0,16,1.86,29,14,15,0.96,0.69,0,8,9,1,0,10,13,,,0,0,-1.2993512171464479,-0.5039156361655867
Toti Gomes,pt POR,DF,Wolves,25,1999,31,30,2614.0,29.0,0,1,1,0,0,0,7,0,0.0,0.03,0.03,0.0,0.03,Matches,,,,,,,,,,,,,,,,29.0,0,7,3,42.9,0.24,0.1,0.0,0.0,0,0,,,,,,,,,,,,,,,1,,,,,,,,,,,,13,,,,,,,,,,,,,,,,,,,,,,,,,,43,,,,,,,,,,,26,,,,,,,,,,,,,,,,,,,,,,,,84,76.4,30,87.0,27,1,14.0,1,1.32,44,45,-1,-0.03,1.53,0,24,15,4,13,26,43,,,0,3,1.9567247232628102,-5.020184168987265
Trent Alexander-Arnold,eng ENG,DF,Liverpool,25,1998,33,28,2365.0,26.3,3,6,9,3,0,0,5,0,0.11,0.23,0.34,0.11,0.34,Matches,,,,,,,,,,,,,,,,26.3,3,45,8,17.8,1.71,0.3,0.07,0.38,0,0,,,,,,,,,,,,,,,6,,,,,,,,,,,,154,,,,,,,,,,,,,,,,,,,,,,,,,,49,,,,,,,,,,,31,,,,,,,,,,,,,,,,,,,,,,,,72,69.2,28,79.0,12,5,29.0,1,2.27,67,25,42,1.6,1.34,0,11,9,1,154,31,49,,,0,3,5.405369615472071,-1.4886009927362955
Trevoh Chalobah,eng ENG,DF,Chelsea,25,1999,13,11,910.0,10.1,0,1,1,0,0,0,2,0,0.0,0.1,0.1,0.0,0.1,Matches,,,,,,,,,,,,,,,,10.1,0,7,3,42.9,0.69,0.3,0.0,0.0,0,0,,,,,,,,,,,,,,,1,,,,,,,,,,,,3,,,,,,,,,,,,,,,,,,,,,,,,,,7,,,,,,,,,,,9,,,,,,,,,,,,,,,,,,,,,,,,70,26.6,11,81.0,9,2,10.0,3,1.77,13,12,1,0.1,-0.62,0,9,7,0,3,9,7,,,0,0,-2.786987191809632,-0.3851134404356913
Trevoh Chalobah,eng ENG,DF,Crystal Palace,25,1999,12,12,1060.0,11.8,3,0,3,3,0,0,1,0,0.25,0.0,0.25,0.25,0.25,Matches,,,,,,,,,,,,,,,,11.8,3,11,4,36.4,0.93,0.34,0.27,0.75,0,0,,,,,,,,,,,,,,,0,,,,,,,,,,,,7,,,,,,,,,,,,,,,,,,,,,,,,,,15,,,,,,,,,,,20,,,,,,,,,,,,,,,,,,,,,,,,88,31.0,12,88.0,9,0,,2,1.42,13,13,0,0.0,0.0,0,10,15,1,7,20,15,,,0,2,-0.7203144924522431,0.6165856018668429
Tyler Adams,us USA,MF,Bournemouth,25,1999,28,21,1965.0,21.8,0,3,3,0,0,0,7,0,0.0,0.14,0.14,0.0,0.14,Matches,,,,,,,,,,,,,,,,21.8,0,9,2,22.2,0.41,0.09,0.0,0.0,0,0,,,,,,,,,,,,,,,3,,,,,,,,,,,,2,,,,,,,,,,,,,,,,,,,,,,,,,,56,,,,,,,,,,,30,,,,,,,,,,,,,,,,,,,,,,,,70,57.5,21,85.0,15,7,26.0,1,1.46,41,30,11,0.5,0.44,0,46,21,0,2,30,56,,,0,3,1.6211015588344966,-3.883876278841327
Tyler Fredricson,eng ENG,DF,Manchester Utd,19,2005,2,2,165.0,1.8,0,0,0,0,0,0,0,0,0.0,0.0,0.0,0.0,0.0,Matches,,,,,,,,,,,,,,,,1.8,0,0,0,,0.0,0.0,,,0,0,,,,,,,,,,,,,,,0,,,,,,,,,,,,0,,,,,,,,,,,,,,,,,,,,,,,,,,3,,,,,,,,,,,1,,,,,,,,,,,,,,,,,,,,,,,,83,4.8,2,83.0,1,0,,6,0.0,1,5,-4,-2.18,-2.02,0,0,2,0,0,1,3,,,0,0,-5.710267017254471,-0.07248193219562417
Tyler Dibling,eng ENG,"MF,FW",Southampton,18,2006,33,20,1874.0,20.8,2,0,2,2,0,0,6,0,0.1,0.0,0.1,0.1,0.1,Matches,,,,,,,,,,,,,,,,20.8,2,28,9,32.1,1.34,0.43,0.07,0.22,0,0,,,,,,,,,,,,,,,0,,,,,,,,,,,,28,,,,,,,,,,,,,,,,,,,,,,,,,,21,,,,,,,,,,,7,,,,,,,,,,,,,,,,,,,,,,,,57,54.8,20,76.0,8,13,27.0,1,0.27,16,50,-34,-1.63,-0.12,0,30,51,2,28,7,21,,,0,3,0.5291125250276657,-1.1515249632180076
Tyrell Malacia,nl NED,MF,Manchester Utd,24,1999,3,2,100.0,1.1,0,0,0,0,0,0,1,0,0.0,0.0,0.0,0.0,0.0,Matches,,,,,,,,,,,,,,,,1.1,0,0,0,,0.0,0.0,,,0,0,,,,,,,,,,,,,,,0,,,,,,,,,,,,1,,,,,,,,,,,,,,,,,,,,,,,,,,1,,,,,,,,,,,2,,,,,,,,,,,,,,,,,,,,,,,,33,2.9,2,45.0,0,1,10.0,8,1.0,0,1,-1,-0.9,-0.66,0,3,2,0,1,2,1,,,0,0,-6.001074059947476,0.7820873647226212
Tyrick Mitchell,eng ENG,MF,Crystal Palace,24,1999,37,37,3092.0,34.4,0,5,5,0,0,0,2,0,0.0,0.15,0.15,0.0,0.15,Matches,,,,,,,,,,,,,,,,34.4,0,12,3,25.0,0.35,0.09,0.0,0.0,0,0,,,,,,,,,,,,,,,5,,,,,,,,,,,,107,,,,,,,,,,,,,,,,,,,,,,,,,,53,,,,,,,,,,,21,,,,,,,,,,,,,,,,,,,,,,,,84,90.4,37,84.0,25,0,,1,1.35,43,46,-3,-0.09,-0.91,0,23,25,2,107,21,53,,,0,3,4.014377657632173,-4.865340235274233
Tyrique George,eng ENG,FW,Chelsea,18,2006,8,1,183.0,2.0,1,1,2,1,0,0,1,0,0.49,0.49,0.98,0.49,0.98,Matches,,,,,,,,,,,,,,,,2.0,1,3,1,33.3,1.48,0.49,0.33,1.0,0,0,,,,,,,,,,,,,,,1,,,,,,,,,,,,3,,,,,,,,,,,,,,,,,,,,,,,,,,0,,,,,,,,,,,2,,,,,,,,,,,,,,,,,,,,,,,,23,5.4,1,80.0,0,7,15.0,11,2.25,4,0,4,1.97,1.49,0,3,0,2,3,2,0,,,0,2,-1.9566278247196052,6.42173587310838
Tyrone Mings,eng ENG,DF,Aston Villa,31,1993,14,12,1120.0,12.4,0,0,0,0,0,0,1,0,0.0,0.0,0.0,0.0,0.0,Matches,,,,,,,,,,,,,,,,12.4,0,9,1,11.1,0.72,0.08,0.0,0.0,0,0,,,,,,,,,,,,,,,0,,,,,,,,,,,,1,,,,,,,,,,,,,,,,,,,,,,,,,,6,,,,,,,,,,,7,,,,,,,,,,,,,,,,,,,,,,,,80,32.7,12,81.0,9,2,73.0,13,2.29,26,11,15,1.21,1.52,0,4,11,0,1,7,6,,,0,0,-2.905074880882348,-0.8889180063661805
Victor Lindelöf,se SWE,DF,Manchester Utd,30,1994,16,6,704.0,7.8,0,0,0,0,0,0,1,0,0.0,0.0,0.0,0.0,0.0,Matches,,,,,,,,,,,,,,,,7.8,0,0,0,,0.0,0.0,,,0,0,,,,,,,,,,,,,,,0,,,,,,,,,,,,1,,,,,,,,,,,,,,,,,,,,,,,,,,2,,,,,,,,,,,7,,,,,,,,,,,,,,,,,,,,,,,,44,20.6,6,88.0,5,10,18.0,7,1.25,10,9,1,0.13,0.49,0,8,1,0,1,7,2,,,0,0,-4.365645938771222,-0.42558070107388585
Victor Bernth Kristiansen,dk DEN,"DF,MF",Leicester City,21,2002,30,29,2482.0,27.6,0,1,1,0,0,0,1,0,0.0,0.04,0.04,0.0,0.04,Matches,,,,,,,,,,,,,,,,27.6,0,3,0,0.0,0.11,0.0,0.0,,0,0,,,,,,,,,,,,,,,1,,,,,,,,,,,,96,,,,,,,,,,,,,,,,,,,,,,,,,,51,,,,,,,,,,,37,,,,,,,,,,,,,,,,,,,,,,,,83,72.6,29,85.0,20,1,14.0,5,0.6,19,62,-43,-1.56,-1.18,0,19,18,3,96,37,51,,,1,3,1.4436041360993106,-5.776821036275899
Virgil van Dijk,nl NED,DF,Liverpool,33,1991,37,37,3330.0,37.0,3,1,4,3,0,0,5,0,0.08,0.03,0.11,0.08,0.11,Matches,,,,,,,,,,,,,,,,37.0,3,26,8,30.8,0.7,0.22,0.12,0.38,0,0,,,,,,,,,,,,,,,1,,,,,,,,,,,,1,,,,,,,,,,,,,,,,,,,,,,,,,,20,,,,,,,,,,,54,,,,,,,,,,,,,,,,,,,,,,,,90,97.4,37,90.0,37,0,,1,2.27,84,38,46,1.24,2.24,0,17,13,0,1,54,20,,,0,3,4.732179503515123,-5.010518404228557
Vitaliy Mykolenko,ua UKR,DF,Everton,25,1999,35,35,3082.0,34.2,1,2,3,1,0,0,4,0,0.03,0.06,0.09,0.03,0.09,Matches,,,,,,,,,,,,,,,,34.2,1,14,1,7.1,0.41,0.03,0.07,1.0,0,0,,,,,,,,,,,,,,,2,,,,,,,,,,,,100,,,,,,,,,,,,,,,,,,,,,,,,,,38,,,,,,,,,,,42,,,,,,,,,,,,,,,,,,,,,,,,88,90.1,35,88.0,33,0,,0,1.29,38,39,-1,-0.03,0.24,0,22,34,3,100,42,38,,,0,3,4.176942898575265,-5.188436951135637
Vitaly Janelt,de GER,MF,Brentford,26,1998,32,27,2254.0,25.0,1,3,4,1,0,0,3,0,0.04,0.12,0.16,0.04,0.16,Matches,,,,,,,,,,,,,,,,25.0,1,14,4,28.6,0.56,0.16,0.07,0.25,0,0,,,,,,,,,,,,,,,3,,,,,,,,,,,,31,,,,,,,,,,,,,,,,,,,,,,,,,,24,,,,,,,,,,,27,,,,,,,,,,,,,,,,,,,,,,,,70,65.9,27,79.0,10,5,25.0,0,1.34,38,37,1,0.04,-0.58,0,25,15,1,31,27,24,,,2,3,1.6705894889828554,-3.0251275414330263
Vladimír Coufal,cz CZE,"DF,MF",West Ham,31,1992,22,11,1067.0,11.9,0,0,0,0,0,0,5,0,0.0,0.0,0.0,0.0,0.0,Matches,,,,,,,,,,,,,,,,11.9,0,7,2,28.6,0.59,0.17,0.0,0.0,0,0,,,,,,,,,,,,,,,0,,,,,,,,,,,,28,,,,,,,,,,,,,,,,,,,,,,,,,,16,,,,,,,,,,,8,,,,,,,,,,,,,,,,,,,,,,,,49,31.2,11,78.0,5,11,19.0,11,1.0,12,21,-9,-0.76,-0.49,0,22,16,0,28,8,16,,,1,0,-2.739439071953239,-1.4546216433179373
Wataru Endo,jp JPN,MF,Liverpool,31,1993,20,1,273.0,3.0,0,0,0,0,0,0,0,0,0.0,0.0,0.0,0.0,0.0,Matches,,,,,,,,,,,,,,,,3.0,0,0,0,,0.0,0.0,,,0,0,,,,,,,,,,,,,,,0,,,,,,,,,,,,1,,,,,,,,,,,,,,,,,,,,,,,,,,8,,,,,,,,,,,6,,,,,,,,,,,,,,,,,,,,,,,,14,8.0,1,68.0,0,19,11.0,17,2.5,4,5,-1,-0.33,-1.65,0,15,7,0,1,6,8,,,0,0,-5.333724824828628,0.6666525196357773
Welington,br BRA,"MF,DF",Southampton,23,2001,10,6,482.0,5.4,0,0,0,0,0,0,1,0,0.0,0.0,0.0,0.0,0.0,Matches,,,,,,,,,,,,,,,,5.4,0,3,0,0.0,0.56,0.0,0.0,,0,0,,,,,,,,,,,,,,,0,,,,,,,,,,,,17,,,,,,,,,,,,,,,,,,,,,,,,,,10,,,,,,,,,,,5,,,,,,,,,,,,,,,,,,,,,,,,48,14.1,6,73.0,2,4,11.0,3,0.6,4,10,-6,-1.12,0.53,0,6,8,1,17,5,10,,,0,0,-4.489995663247872,-0.22741658665714098
Wes Burns,wls WAL,MF,Ipswich Town,29,1994,18,12,926.0,10.3,0,1,1,0,0,0,1,0,0.0,0.1,0.1,0.0,0.1,Matches,,,,,,,,,,,,,,,,10.3,0,7,1,14.3,0.68,0.1,0.0,0.0,0,0,,,,,,,,,,,,,,,1,,,,,,,,,,,,45,,,,,,,,,,,,,,,,,,,,,,,,,,11,,,,,,,,,,,10,,,,,,,,,,,,,,,,,,,,,,,,51,27.1,12,67.0,0,6,20.0,3,0.67,7,23,-16,-1.56,-0.47,0,4,11,0,45,10,11,,,0,0,-3.02746595620828,-0.5709738681283543
Wesley Fofana,fr FRA,DF,Chelsea,23,2000,14,14,1172.0,13.0,0,0,0,0,0,0,7,0,0.0,0.0,0.0,0.0,0.0,Matches,,,,,,,,,,,,,,,,13.0,0,3,0,0.0,0.23,0.0,0.0,,0,0,,,,,,,,,,,,,,,0,,,,,,,,,,,,1,,,,,,,,,,,,,,,,,,,,,,,,,,11,,,,,,,,,,,12,,,,,,,,,,,,,,,,,,,,,,,,84,34.3,14,84.0,10,0,,1,2.0,25,13,12,0.92,0.56,0,24,16,0,1,12,11,,,0,0,-2.1111845952721646,-2.2156278305696553
Wilfred Ndidi,ng NGA,MF,Leicester City,27,1996,28,28,2324.0,25.8,0,5,5,0,0,0,8,0,0.0,0.19,0.19,0.0,0.19,Matches,,,,,,,,,,,,,,,,25.8,0,22,8,36.4,0.85,0.31,0.0,0.0,0,0,,,,,,,,,,,,,,,5,,,,,,,,,,,,30,,,,,,,,,,,,,,,,,,,,,,,,,,48,,,,,,,,,,,27,,,,,,,,,,,,,,,,,,,,,,,,83,68.0,28,83.0,15,0,,0,0.79,24,47,-23,-0.89,1.08,0,39,18,3,30,27,48,,,1,3,2.8035999101013065,-4.100325304374798
Will Hughes,eng ENG,MF,Crystal Palace,29,1995,33,24,2108.0,23.4,0,3,3,0,0,0,11,0,0.0,0.13,0.13,0.0,0.13,Matches,,,,,,,,,,,,,,,,23.4,0,22,1,4.5,0.94,0.04,0.0,0.0,0,0,,,,,,,,,,,,,,,3,,,,,,,,,,,,70,,,,,,,,,,,,,,,,,,,,,,,,,,36,,,,,,,,,,,21,,,,,,,,,,,,,,,,,,,,,,,,64,61.6,24,76.0,3,9,32.0,0,1.45,31,30,1,0.04,0.11,0,65,31,0,70,21,36,,,0,3,1.9858206283863509,-3.366661613006138
William Smallbone,ie IRL,MF,Southampton,24,2000,18,6,690.0,7.7,1,0,1,1,0,0,1,0,0.13,0.0,0.13,0.13,0.13,Matches,,,,,,,,,,,,,,,,7.7,1,7,2,28.6,0.91,0.26,0.14,0.5,0,0,,,,,,,,,,,,,,,0,,,,,,,,,,,,36,,,,,,,,,,,,,,,,,,,,,,,,,,12,,,,,,,,,,,2,,,,,,,,,,,,,,,,,,,,,,,,38,20.2,6,72.0,2,12,21.0,2,0.22,4,22,-18,-2.35,-0.96,0,11,3,0,36,2,12,,,0,0,-3.276136518514816,1.0814798996827535
William Saliba,fr FRA,DF,Arsenal,23,2001,35,35,3039.0,33.8,2,0,2,2,0,0,2,1,0.06,0.0,0.06,0.06,0.06,Matches,,,,,,,,,,,,,,,,33.8,2,6,3,50.0,0.18,0.09,0.33,0.67,0,0,,,,,,,,,,,,,,,0,,,,,,,,,,,,3,,,,,,,,,,,,,,,,,,,,,,,,,,34,,,,,,,,,,,22,,,,,,,,,,,,,,,,,,,,,,,,87,88.9,35,87.0,32,0,,0,1.97,62,27,35,1.04,1.04,0,28,17,1,3,22,34,,,0,3,3.2704568463178183,-3.9148687193184566
William Osula,dk DEN,FW,Newcastle,20,2003,14,0,134.0,1.5,1,0,1,1,0,0,0,0,0.67,0.0,0.67,0.67,0.67,Matches,,,,,,,,,,,,,,,,1.5,1,4,1,25.0,2.69,0.67,0.25,1.0,0,0,,,,,,,,,,,,,,,0,,,,,,,,,,,,4,,,,,,,,,,,,,,,,,,,,,,,,,,0,,,,,,,,,,,3,,,,,,,,,,,,,,,,,,,,,,,,10,3.9,0,,0,14,10.0,24,1.29,1,3,-2,-1.34,-1.97,0,4,1,1,4,3,0,,,0,2,-3.8809911792506866,6.566308814460199
Willian,br BRA,"MF,FW",Fulham,35,1988,10,2,257.0,2.9,0,0,0,0,0,0,0,0,0.0,0.0,0.0,0.0,0.0,Matches,,,,,,,,,,,,,,,,2.9,0,7,0,0.0,2.45,0.0,0.0,,0,0,,,,,,,,,,,,,,,0,,,,,,,,,,,,16,,,,,,,,,,,,,,,,,,,,,,,,,,2,,,,,,,,,,,1,,,,,,,,,,,,,,,,,,,,,,,,26,7.5,2,76.0,0,8,13.0,4,1.2,2,3,-1,-0.35,-0.38,0,1,0,0,16,1,2,,,0,0,-5.241166561349524,1.010711841105333
Willy Boly,ci CIV,DF,Nottingham,33,1991,6,1,150.0,1.7,0,0,0,0,0,0,1,0,0.0,0.0,0.0,0.0,0.0,Matches,,,,,,,,,,,,,,,,1.7,0,1,1,100.0,0.6,0.6,0.0,0.0,0,0,,,,,,,,,,,,,,,0,,,,,,,,,,,,0,,,,,,,,,,,,,,,,,,,,,,,,,,1,,,,,,,,,,,3,,,,,,,,,,,,,,,,,,,,,,,,25,4.4,1,90.0,1,5,12.0,23,2.17,3,1,2,1.2,0.92,0,1,0,0,0,3,1,,,0,0,-5.249147621738208,1.5759614062092788
Wilson Odobert,fr FRA,"FW,MF",Tottenham,19,2004,16,9,850.0,9.4,1,0,1,1,0,0,0,0,0.11,0.0,0.11,0.11,0.11,Matches,,,,,,,,,,,,,,,,9.4,1,13,4,30.8,1.38,0.42,0.08,0.25,0,0,,,,,,,,,,,,,,,0,,,,,,,,,,,,25,,,,,,,,,,,,,,,,,,,,,,,,,,5,,,,,,,,,,,4,,,,,,,,,,,,,,,,,,,,,,,,53,24.9,9,77.0,3,7,23.0,0,0.88,9,20,-11,-1.16,-1.51,0,2,3,1,25,4,5,,,0,0,-3.031375468579838,0.9773736152869452
Wout Faes,be BEL,DF,Leicester City,26,1998,34,30,2815.0,31.3,1,0,1,1,0,0,4,0,0.03,0.0,0.03,0.03,0.03,Matches,,,,,,,,,,,,,,,,31.3,1,12,1,8.3,0.38,0.03,0.08,1.0,0,0,,,,,,,,,,,,,,,0,,,,,,,,,,,,5,,,,,,,,,,,,,,,,,,,,,,,,,,28,,,,,,,,,,,22,,,,,,,,,,,,,,,,,,,,,,,,83,82.3,30,90.0,30,4,29.0,1,0.71,29,63,-34,-1.09,0.85,0,23,11,1,5,22,28,,,0,3,1.6408782074942216,-4.483080762026253
Woyo Coulibaly,ml MLI,DF,Leicester City,25,1999,4,1,109.0,1.2,0,0,0,0,0,0,1,0,0.0,0.0,0.0,0.0,0.0,Matches,,,,,,,,,,,,,,,,1.2,0,2,1,50.0,1.65,0.83,0.0,0.0,0,0,,,,,,,,,,,,,,,0,,,,,,,,,,,,0,,,,,,,,,,,,,,,,,,,,,,,,,,4,,,,,,,,,,,5,,,,,,,,,,,,,,,,,,,,,,,,27,3.2,1,45.0,0,3,21.0,6,0.75,0,6,-6,-4.95,-3.84,0,2,1,0,0,5,4,,,0,0,-5.891880563785284,1.417263712222033
Yankuba Minteh,gm GAM,MF,Brighton,20,2004,32,20,1838.0,20.4,6,4,10,6,0,0,6,0,0.29,0.2,0.49,0.29,0.49,Matches,,,,,,,,,,,,,,,,20.4,6,34,16,47.1,1.66,0.78,0.18,0.38,0,0,,,,,,,,,,,,,,,4,,,,,,,,,,,,90,,,,,,,,,,,,,,,,,,,,,,,,,,36,,,,,,,,,,,12,,,,,,,,,,,,,,,,,,,,,,,,57,53.7,20,78.0,3,12,24.0,1,1.59,37,33,4,0.2,0.03,0,21,11,6,90,12,36,,,0,2,4.042430087937085,1.9312813427147046
Yasin Ayari,se SWE,MF,Brighton,20,2003,34,22,1965.0,21.8,2,1,3,2,0,0,3,0,0.09,0.05,0.14,0.09,0.14,Matches,,,,,,,,,,,,,,,,21.8,2,28,8,28.6,1.28,0.37,0.07,0.25,0,0,,,,,,,,,,,,,,,1,,,,,,,,,,,,70,,,,,,,,,,,,,,,,,,,,,,,,,,32,,,,,,,,,,,20,,,,,,,,,,,,,,,,,,,,,,,,58,57.5,22,78.0,8,12,22.0,2,1.68,31,28,3,0.14,-0.11,0,36,26,3,70,20,32,,,0,3,1.6618792352666854,-1.3074435542882668
Yehor Yarmoliuk,ua UKR,MF,Brentford,20,2004,31,15,1450.0,16.1,0,0,0,0,0,0,6,0,0.0,0.0,0.0,0.0,0.0,Matches,,,,,,,,,,,,,,,,16.1,0,9,2,22.2,0.56,0.12,0.0,0.0,0,0,,,,,,,,,,,,,,,0,,,,,,,,,,,,16,,,,,,,,,,,,,,,,,,,,,,,,,,30,,,,,,,,,,,13,,,,,,,,,,,,,,,,,,,,,,,,47,42.4,15,79.0,6,16,16.0,7,1.52,27,25,2,0.12,-0.2,0,19,13,2,16,13,30,,,0,0,-1.4886277779238863,-1.8754868267731999
Yerson Mosquera,co COL,DF,Wolves,23,2001,5,5,441.0,4.9,0,0,0,0,0,0,2,0,0.0,0.0,0.0,0.0,0.0,Matches,,,,,,,,,,,,,,,,4.9,0,2,0,0.0,0.41,0.0,0.0,,0,0,,,,,,,,,,,,,,,0,,,,,,,,,,,,2,,,,,,,,,,,,,,,,,,,,,,,,,,6,,,,,,,,,,,10,,,,,,,,,,,,,,,,,,,,,,,,88,12.9,5,88.0,4,0,,0,0.2,5,12,-7,-1.43,-1.19,0,6,7,1,2,10,6,,,0,0,-4.421943649064456,-1.0050245085725318
Yoane Wissa,cd COD,FW,Brentford,27,1996,35,34,2919.0,32.4,19,4,23,19,0,0,5,0,0.59,0.12,0.71,0.59,0.71,Matches,,,,,,,,,,,,,,,,32.4,19,90,43,47.8,2.77,1.33,0.21,0.44,0,0,,,,,,,,,,,,,,,4,,,,,,,,,,,,19,,,,,,,,,,,,,,,,,,,,,,,,,,13,,,,,,,,,,,8,,,,,,,,,,,,,,,,,,,,,,,,83,85.4,34,85.0,23,1,25.0,0,1.49,56,45,11,0.34,0.7,0,33,51,14,19,8,13,,,0,1,10.319549715555036,4.7757937091688225
Youri Tielemans,be BEL,MF,Aston Villa,27,1997,36,35,3026.0,33.6,3,7,10,3,0,1,4,0,0.09,0.21,0.3,0.09,0.3,Matches,,,,,,,,,,,,,,,,33.6,3,41,13,31.7,1.22,0.39,0.07,0.23,0,1,,,,,,,,,,,,,,,7,,,,,,,,,,,,118,,,,,,,,,,,,,,,,,,,,,,,,,,58,,,,,,,,,,,22,,,,,,,,,,,,,,,,,,,,,,,,84,88.5,35,86.0,27,1,29.0,0,1.67,53,46,7,0.21,0.21,0,41,56,0,118,22,58,,,0,3,7.199646877168352,-2.873238704044365
Yukinari Sugawara,jp JPN,"MF,DF",Southampton,24,2000,30,16,1557.0,17.3,1,1,2,1,0,0,4,0,0.06,0.06,0.12,0.06,0.12,Matches,,,,,,,,,,,,,,,,17.3,1,14,6,42.9,0.81,0.35,0.07,0.17,0,0,,,,,,,,,,,,,,,1,,,,,,,,,,,,70,,,,,,,,,,,,,,,,,,,,,,,,,,16,,,,,,,,,,,9,,,,,,,,,,,,,,,,,,,,,,,,52,45.5,16,76.0,6,14,24.0,5,0.33,13,46,-33,-1.91,-0.6,0,15,10,4,70,9,16,,,0,0,-0.7208843122212355,-0.7284799432879437
Yves Bissouma,ml MLI,MF,Tottenham,27,1996,28,16,1408.0,15.6,2,0,2,2,0,0,7,0,0.13,0.0,0.13,0.13,0.13,Matches,,,,,,,,,,,,,,,,15.6,2,11,4,36.4,0.7,0.26,0.18,0.5,0,0,,,,,,,,,,,,,,,0,,,,,,,,,,,,2,,,,,,,,,,,,,,,,,,,,,,,,,,29,,,,,,,,,,,16,,,,,,,,,,,,,,,,,,,,,,,,50,41.2,16,72.0,4,12,21.0,6,1.11,28,28,0,0.0,0.04,0,29,18,0,2,16,29,,,0,3,-0.31062591414224205,-0.8124521557650989
Álex Moreno,es ESP,DF,Nottingham,31,1993,15,11,955.0,10.6,0,1,1,0,0,0,2,0,0.0,0.09,0.09,0.0,0.09,Matches,,,,,,,,,,,,,,,,10.6,0,6,0,0.0,0.57,0.0,0.0,,0,0,,,,,,,,,,,,,,,1,,,,,,,,,,,,19,,,,,,,,,,,,,,,,,,,,,,,,,,18,,,,,,,,,,,16,,,,,,,,,,,,,,,,,,,,,,,,64,27.9,11,79.0,3,4,23.0,12,1.4,11,16,-5,-0.47,-1.09,0,12,6,0,19,16,18,,,0,0,-2.9391990495200964,-1.2505477145344475
İlkay Gündoğan,de GER,MF,Manchester City,33,1990,33,25,2223.0,24.7,1,6,7,1,0,0,1,0,0.04,0.24,0.28,0.04,0.28,Matches,,,,,,,,,,,,,,,,24.7,1,27,7,25.9,1.09,0.28,0.04,0.14,0,0,,,,,,,,,,,,,,,6,,,,,,,,,,,,62,,,,,,,,,,,,,,,,,,,,,,,,,,13,,,,,,,,,,,14,,,,,,,,,,,,,,,,,,,,,,,,67,65.0,25,84.0,12,8,14.0,4,1.94,53,28,25,1.01,0.79,0,15,27,1,62,14,13,,,0,3,2.489691700702324,-0.8944665177966922
Łukasz Fabiański,pl POL,GK,West Ham,39,1985,14,13,1160.0,12.9,0,0,0,0,0,0,2,0,0.0,0.0,0.0,0.0,0.0,Matches,21.0,1.63,71.0,50.0,70.4,6.0,3.0,4.0,3.0,23.1,3.0,3.0,0.0,0.0,0.0,12.9,0,0,0,,0.0,0.0,,,0,0,,,,,,,,,,,,,,,0,,,,,,,,,,,,0,,,,,,,,,,,,,,,,,,,,,,,,,,0,,,,,,,,,,,0,,,,,,,,,,,,,,,,,,,,,,,,83,33.9,13,86.0,12,1,45.0,21,1.5,17,21,-4,-0.31,0.17,0,2,1,0,0,0,0,,,0,0,-3.7502550149271507,-1.4336007177677814
