Unnamed: 0,season,league_name,player,nationality,position,team,age,birth_year,games,games_starts,minutes,minutes_90s,goals,assists,goals_assists,goals_pens,pens_made,pens_att,cards_yellow,cards_red,xg,npxg,xg_assist,npxg_xg_assist,progressive_carries,progressive_passes,progressive_passes_received,goals_per90,assists_per90,goals_assists_per90,goals_pens_per90,goals_assists_pens_per90,xg_per90,xg_assist_per90,xg_xg_assist_per90,npxg_per90,npxg_xg_assist_per90,shots,shots_on_target,shots_on_target_pct,shots_per90,shots_on_target_per90,goals_per_shot,goals_per_shot_on_target,average_shot_distance,shots_free_kicks,npxg_per_shot,xg_net,npxg_net,passes_completed,passes,passes_pct,passes_total_distance,passes_progressive_distance,passes_completed_short,passes_short,passes_pct_short,passes_completed_medium,passes_medium,passes_pct_medium,passes_completed_long,passes_long,passes_pct_long,pass_xa,xg_assist_net,assisted_shots,passes_into_final_third,passes_into_penalty_area,crosses_into_penalty_area,passes_live,passes_dead,passes_free_kicks,through_balls,passes_switches,crosses,throw_ins,corner_kicks,corner_kicks_in,corner_kicks_out,corner_kicks_straight,passes_offsides,passes_blocked,sca,sca_per90,sca_passes_live,sca_passes_dead,sca_take_ons,sca_shots,sca_fouled,sca_defense,gca,gca_per90,gca_passes_live,gca_passes_dead,gca_take_ons,gca_shots,gca_fouled,gca_defense,tackles,tackles_won,tackles_def_3rd,tackles_mid_3rd,tackles_att_3rd,challenge_tackles,challenges,challenge_tackles_pct,challenges_lost,blocks,blocked_shots,blocked_passes,interceptions,tackles_interceptions,clearances,errors,touches,touches_def_pen_area,touches_def_3rd,touches_mid_3rd,touches_att_3rd,touches_att_pen_area,touches_live_ball,take_ons,take_ons_won,take_ons_won_pct,take_ons_tackled,take_ons_tackled_pct,carries,carries_distance,carries_progressive_distance,carries_into_final_third,carries_into_penalty_area,miscontrols,dispossessed,passes_received,cards_yellow_red,fouls,fouled,offsides,pens_won,pens_conceded,own_goals,ball_recoveries,aerials_won,aerials_lost,aerials_won_pct,gk_games,gk_games_starts,gk_minutes,gk_goals_against,gk_goals_against_per90,gk_shots_on_target_against,gk_saves,gk_save_pct,gk_wins,gk_ties,gk_losses,gk_clean_sheets,gk_clean_sheets_pct,gk_pens_att,gk_pens_allowed,gk_pens_saved,gk_pens_missed,gk_pens_save_pct,gk_free_kick_goals_against,gk_corner_kick_goals_against,gk_own_goals_against,gk_psxg,gk_psnpxg_per_shot_on_target_against,gk_psxg_net,gk_psxg_net_per90,gk_passes_completed_launched,gk_passes_launched,gk_passes_pct_launched,gk_passes,gk_passes_throws,gk_pct_passes_launched,gk_passes_length_avg,gk_goal_kicks,gk_pct_goal_kicks_launched,gk_goal_kick_length_avg,gk_crosses,gk_crosses_stopped,gk_crosses_stopped_pct,gk_def_actions_outside_pen_area,gk_def_actions_outside_pen_area_per90,gk_avg_distance_def_actions,minutes_per_game,minutes_pct,minutes_per_start,games_complete,games_subs,minutes_per_sub,unused_subs,points_per_game,on_goals_for,on_goals_against,plus_minus,plus_minus_per90,plus_minus_wowy,on_xg_for,on_xg_against,xg_plus_minus,xg_plus_minus_per90,xg_plus_minus_wowy
0,2023-2024,Premier-League,Max Aarons,eng ENG,DF,Bournemouth,24-074,2000.0,14.0,12.0,1085.0,12.1,0.0,1.0,1.0,0.0,0.0,0.0,1.0,0.0,0.0,0.0,0.8,0.8,19.0,40.0,22.0,0.0,0.08,0.08,0.0,0.08,0.0,0.07,0.07,0.0,0.07,1.0,0.0,0.0,0.08,0.0,0.0,0.0,23.9,0.0,0.02,0.0,0.0,379.0,501.0,75.6,6256.0,2424.0,186.0,213.0,87.3,156.0,202.0,77.2,31.0,56.0,55.4,0.9,0.2,7.0,22.0,12.0,2.0,385.0,115.0,10.0,2.0,3.0,11.0,105.0,0.0,0.0,0.0,0.0,1.0,20.0,20.0,1.67,15.0,2.0,0.0,0.0,3.0,0.0,1.0,0.08,1.0,0.0,0.0,0.0,0.0,0.0,28.0,18.0,20.0,6.0,2.0,19.0,30.0,63.3,11.0,9.0,5.0,4.0,6.0,34.0,23.0,0.0,615.0,37.0,223.0,264.0,137.0,11.0,615.0,31.0,12.0,38.7,11.0,35.5,314.0,1908.0,998.0,11.0,7.0,11.0,7.0,310.0,0.0,11.0,25.0,2.0,0.0,1.0,0.0,69.0,4.0,9.0,30.8,,,,,,,,,,,,,,,,,,,,,,,,,,,,,,,,,,,,,,,,,,78.0,43.1,86.0,9.0,2.0,25.0,1.0,0.64,10.0,29.0,-19.0,-1.58,-2.08,11.8,24.3,-12.5,-1.04,-1.68
1,2023-2024,Premier-League,Bénie Adama Traore,ci CIV,"FW,MF",Sheffield Utd,21-109,2002.0,8.0,3.0,387.0,4.3,0.0,0.0,0.0,0.0,0.0,0.0,0.0,0.0,0.3,0.3,0.5,0.8,7.0,9.0,14.0,0.0,0.0,0.0,0.0,0.0,0.06,0.13,0.19,0.06,0.19,1.0,1.0,100.0,0.23,0.23,0.0,0.0,15.3,0.0,0.27,-0.3,-0.3,55.0,71.0,77.5,775.0,185.0,34.0,38.0,89.5,19.0,23.0,82.6,1.0,1.0,100.0,0.5,-0.5,4.0,2.0,7.0,1.0,65.0,5.0,0.0,2.0,0.0,3.0,0.0,0.0,0.0,0.0,0.0,1.0,4.0,6.0,1.4,6.0,0.0,0.0,0.0,0.0,0.0,1.0,0.23,1.0,0.0,0.0,0.0,0.0,0.0,4.0,2.0,1.0,2.0,1.0,0.0,4.0,0.0,4.0,4.0,1.0,3.0,1.0,5.0,1.0,0.0,112.0,2.0,19.0,49.0,48.0,9.0,112.0,22.0,5.0,22.7,15.0,68.2,72.0,462.0,174.0,5.0,3.0,10.0,7.0,69.0,0.0,10.0,4.0,1.0,0.0,0.0,0.0,22.0,2.0,18.0,10.0,,,,,,,,,,,,,,,,,,,,,,,,,,,,,,,,,,,,,,,,,,48.0,15.4,86.0,1.0,5.0,26.0,11.0,0.13,2.0,13.0,-11.0,-2.56,-0.91,3.1,11.5,-8.4,-1.96,-0.97
2,2023-2024,Premier-League,Tyler Adams,us USA,MF,Bournemouth,25-033,1999.0,1.0,0.0,20.0,0.2,0.0,0.0,0.0,0.0,0.0,0.0,0.0,0.0,0.0,0.0,0.0,0.0,0.0,1.0,0.0,0.0,0.0,0.0,0.0,0.0,0.0,0.0,0.0,0.0,0.0,0.0,0.0,0.0,0.0,0.0,0.0,0.0,0.0,0.0,0.0,0.0,0.0,11.0,14.0,78.6,152.0,34.0,8.0,8.0,100.0,3.0,5.0,60.0,0.0,1.0,0.0,0.0,0.0,0.0,2.0,0.0,0.0,12.0,2.0,1.0,0.0,0.0,0.0,1.0,0.0,0.0,0.0,0.0,0.0,0.0,1.0,4.5,0.0,1.0,0.0,0.0,0.0,0.0,0.0,0.0,0.0,0.0,0.0,0.0,0.0,0.0,0.0,0.0,0.0,0.0,0.0,0.0,0.0,0.0,0.0,0.0,0.0,0.0,0.0,0.0,0.0,0.0,15.0,0.0,1.0,13.0,1.0,0.0,15.0,0.0,0.0,0.0,0.0,0.0,11.0,52.0,23.0,0.0,0.0,0.0,0.0,12.0,0.0,0.0,1.0,0.0,0.0,0.0,0.0,1.0,0.0,1.0,0.0,,,,,,,,,,,,,,,,,,,,,,,,,,,,,,,,,,,,,,,,,,20.0,0.8,0.0,0.0,1.0,20.0,1.0,3.0,1.0,0.0,1.0,4.5,4.93,0.6,0.0,0.6,2.69,2.79
3,2023-2024,Premier-League,Tosin Adarabioyo,eng ENG,DF,Fulham,26-176,1997.0,15.0,13.0,1173.0,13.0,1.0,0.0,1.0,1.0,0.0,0.0,1.0,0.0,0.6,0.6,0.1,0.6,6.0,39.0,3.0,0.08,0.0,0.08,0.08,0.08,0.04,0.01,0.05,0.04,0.05,10.0,3.0,30.0,0.77,0.23,0.1,0.33,15.5,0.0,0.06,0.4,0.4,738.0,875.0,84.3,15345.0,5677.0,195.0,217.0,89.9,454.0,506.0,89.7,84.0,127.0,66.1,0.3,-0.1,1.0,30.0,2.0,0.0,851.0,22.0,19.0,1.0,8.0,0.0,0.0,0.0,0.0,0.0,0.0,2.0,6.0,7.0,0.54,4.0,0.0,0.0,3.0,0.0,0.0,0.0,0.0,0.0,0.0,0.0,0.0,0.0,0.0,16.0,10.0,11.0,5.0,0.0,10.0,14.0,71.4,4.0,12.0,8.0,4.0,18.0,34.0,64.0,0.0,1005.0,135.0,514.0,460.0,33.0,20.0,1005.0,3.0,1.0,33.3,0.0,0.0,591.0,3250.0,1895.0,5.0,1.0,2.0,4.0,729.0,0.0,7.0,3.0,0.0,0.0,0.0,0.0,29.0,45.0,17.0,72.6,,,,,,,,,,,,,,,,,,,,,,,,,,,,,,,,,,,,,,,,,,78.0,44.9,90.0,13.0,2.0,2.0,2.0,1.6,23.0,15.0,8.0,0.61,1.18,19.9,21.7,-1.8,-0.14,0.41
4,2023-2024,Premier-League,Elijah Adebayo,eng ENG,FW,Luton Town,26-071,1998.0,23.0,13.0,1162.0,12.9,9.0,0.0,9.0,9.0,0.0,0.0,1.0,0.0,5.6,5.6,0.7,6.3,14.0,19.0,85.0,0.7,0.0,0.7,0.7,0.7,0.43,0.05,0.49,0.43,0.49,28.0,12.0,42.9,2.17,0.93,0.32,0.75,9.5,0.0,0.2,3.4,3.4,128.0,177.0,72.3,1627.0,336.0,84.0,105.0,80.0,35.0,52.0,67.3,3.0,6.0,50.0,0.4,-0.7,14.0,7.0,3.0,0.0,175.0,1.0,0.0,1.0,0.0,4.0,1.0,0.0,0.0,0.0,0.0,1.0,4.0,26.0,2.02,18.0,0.0,3.0,4.0,1.0,0.0,3.0,0.23,1.0,0.0,0.0,2.0,0.0,0.0,1.0,0.0,1.0,0.0,0.0,0.0,9.0,0.0,9.0,8.0,1.0,7.0,5.0,6.0,23.0,0.0,395.0,24.0,46.0,154.0,200.0,74.0,395.0,53.0,14.0,26.4,36.0,67.9,220.0,1218.0,355.0,11.0,11.0,56.0,25.0,281.0,0.0,22.0,11.0,11.0,0.0,0.0,0.0,30.0,38.0,38.0,50.0,,,,,,,,,,,,,,,,,,,,,,,,,,,,,,,,,,,,,,,,,,51.0,44.5,76.0,4.0,10.0,17.0,0.0,0.87,25.0,28.0,-3.0,-0.23,0.7,19.3,23.2,-3.9,-0.3,0.96
5,2023-2024,Premier-League,Simon Adingra,ci CIV,FW,Brighton,22-077,2002.0,21.0,16.0,1446.0,16.1,6.0,1.0,7.0,6.0,0.0,0.0,2.0,0.0,3.1,3.1,2.3,5.4,72.0,32.0,199.0,0.37,0.06,0.44,0.37,0.44,0.19,0.14,0.34,0.19,0.34,33.0,15.0,45.5,2.05,0.93,0.18,0.4,16.1,0.0,0.1,2.9,2.9,425.0,566.0,75.1,6033.0,1085.0,269.0,328.0,82.0,129.0,172.0,75.0,16.0,26.0,61.5,1.7,-1.3,20.0,9.0,23.0,8.0,546.0,19.0,2.0,4.0,1.0,56.0,12.0,5.0,0.0,1.0,0.0,1.0,17.0,48.0,2.99,31.0,1.0,8.0,5.0,1.0,2.0,4.0,0.25,3.0,0.0,0.0,0.0,0.0,1.0,22.0,12.0,12.0,5.0,5.0,11.0,29.0,37.9,18.0,16.0,1.0,15.0,12.0,34.0,10.0,0.0,760.0,17.0,114.0,241.0,416.0,97.0,760.0,83.0,34.0,41.0,43.0,51.8,508.0,3208.0,1840.0,32.0,40.0,30.0,19.0,526.0,0.0,18.0,11.0,11.0,0.0,0.0,0.0,77.0,8.0,5.0,61.5,,,,,,,,,,,,,,,,,,,,,,,,,,,,,,,,,,,,,,,,,,69.0,57.4,83.0,8.0,5.0,22.0,1.0,1.48,30.0,25.0,5.0,0.31,0.23,24.1,21.0,3.1,0.19,-0.12
6,2023-2024,Premier-League,Nayef Aguerd,ma MAR,DF,West Ham,27-354,1996.0,20.0,20.0,1767.0,19.6,1.0,0.0,1.0,1.0,0.0,0.0,3.0,1.0,1.5,1.5,0.2,1.8,10.0,64.0,3.0,0.05,0.0,0.05,0.05,0.05,0.08,0.01,0.09,0.08,0.09,14.0,3.0,21.4,0.71,0.15,0.07,0.33,10.8,0.0,0.11,-0.5,-0.5,877.0,1103.0,79.5,18574.0,8383.0,312.0,333.0,93.7,415.0,453.0,91.6,137.0,290.0,47.2,0.4,-0.2,3.0,69.0,2.0,0.0,1030.0,71.0,52.0,1.0,28.0,4.0,5.0,0.0,0.0,0.0,0.0,2.0,5.0,14.0,0.71,12.0,1.0,0.0,1.0,0.0,0.0,0.0,0.0,0.0,0.0,0.0,0.0,0.0,0.0,23.0,12.0,17.0,6.0,0.0,14.0,19.0,73.7,5.0,31.0,23.0,8.0,17.0,40.0,82.0,2.0,1287.0,180.0,674.0,571.0,46.0,19.0,1287.0,4.0,2.0,50.0,2.0,50.0,808.0,3925.0,2201.0,8.0,0.0,9.0,2.0,849.0,1.0,9.0,6.0,0.0,0.0,1.0,0.0,99.0,44.0,28.0,61.1,,,,,,,,,,,,,,,,,,,,,,,,,,,,,,,,,,,,,,,,,,88.0,70.1,88.0,18.0,0.0,0.0,2.0,1.25,26.0,42.0,-16.0,-0.81,-2.25,24.0,34.9,-10.9,-0.56,-0.51
7,2023-2024,Premier-League,Brandon Aguilera,cr CRC,FW,Nott'ham Forest,20-264,2003.0,1.0,0.0,5.0,0.1,0.0,0.0,0.0,0.0,0.0,0.0,0.0,0.0,0.0,0.0,0.0,0.0,0.0,0.0,1.0,0.0,0.0,0.0,0.0,0.0,0.0,0.0,0.0,0.0,0.0,0.0,0.0,0.0,0.0,0.0,0.0,0.0,0.0,0.0,0.0,0.0,0.0,4.0,8.0,50.0,48.0,23.0,3.0,6.0,50.0,1.0,2.0,50.0,0.0,0.0,0.0,0.0,0.0,0.0,1.0,0.0,0.0,8.0,0.0,0.0,0.0,0.0,0.0,0.0,0.0,0.0,0.0,0.0,0.0,1.0,0.0,0.0,0.0,0.0,0.0,0.0,0.0,0.0,0.0,0.0,0.0,0.0,0.0,0.0,0.0,0.0,0.0,0.0,0.0,0.0,0.0,0.0,0.0,0.0,0.0,0.0,0.0,0.0,0.0,0.0,0.0,0.0,11.0,1.0,3.0,4.0,4.0,0.0,11.0,0.0,0.0,0.0,0.0,0.0,4.0,16.0,12.0,1.0,0.0,0.0,0.0,6.0,0.0,3.0,0.0,0.0,0.0,0.0,0.0,0.0,0.0,0.0,0.0,,,,,,,,,,,,,,,,,,,,,,,,,,,,,,,,,,,,,,,,,,5.0,0.2,0.0,0.0,1.0,5.0,3.0,0.0,0.0,0.0,0.0,0.0,0.55,0.0,0.0,0.0,0.0,0.19
8,2023-2024,Premier-League,Naouirou Ahamada,fr FRA,"MF,FW",Crystal Palace,21-355,2002.0,16.0,0.0,235.0,2.6,0.0,0.0,0.0,0.0,0.0,0.0,1.0,0.0,0.4,0.4,0.0,0.4,15.0,11.0,17.0,0.0,0.0,0.0,0.0,0.0,0.14,0.01,0.15,0.14,0.15,7.0,1.0,14.3,2.68,0.38,0.0,0.0,20.1,0.0,0.05,-0.4,-0.4,87.0,109.0,79.8,1249.0,306.0,48.0,56.0,85.7,32.0,37.0,86.5,2.0,4.0,50.0,0.1,0.0,1.0,2.0,0.0,0.0,106.0,3.0,0.0,0.0,0.0,6.0,2.0,0.0,0.0,0.0,0.0,0.0,8.0,7.0,2.67,7.0,0.0,0.0,0.0,0.0,0.0,2.0,0.76,2.0,0.0,0.0,0.0,0.0,0.0,6.0,4.0,3.0,3.0,0.0,4.0,11.0,36.4,7.0,3.0,0.0,3.0,1.0,7.0,3.0,0.0,144.0,3.0,29.0,57.0,60.0,6.0,144.0,9.0,5.0,55.6,3.0,33.3,94.0,687.0,347.0,6.0,3.0,6.0,7.0,99.0,0.0,5.0,5.0,0.0,0.0,0.0,0.0,19.0,1.0,2.0,33.3,,,,,,,,,,,,,,,,,,,,,,,,,,,,,,,,,,,,,,,,,,15.0,9.3,0.0,0.0,16.0,15.0,9.0,0.63,7.0,12.0,-5.0,-1.91,-1.52,6.5,7.0,-0.5,-0.18,0.07
9,2023-2024,Premier-League,Anel Ahmedhodžić,ba BIH,DF,Sheffield Utd,24-358,1999.0,22.0,20.0,1840.0,20.4,1.0,0.0,1.0,1.0,0.0,0.0,8.0,0.0,2.5,2.5,0.0,2.6,9.0,29.0,17.0,0.05,0.0,0.05,0.05,0.05,0.12,0.0,0.13,0.12,0.13,15.0,3.0,20.0,0.73,0.15,0.07,0.33,12.4,0.0,0.17,-1.5,-1.5,538.0,714.0,75.4,8832.0,3369.0,259.0,298.0,86.9,234.0,288.0,81.3,34.0,93.0,36.6,0.1,0.0,1.0,28.0,1.0,0.0,683.0,29.0,4.0,0.0,1.0,5.0,25.0,0.0,0.0,0.0,0.0,2.0,15.0,19.0,0.93,16.0,0.0,0.0,3.0,0.0,0.0,1.0,0.05,0.0,0.0,0.0,1.0,0.0,0.0,48.0,30.0,35.0,11.0,2.0,22.0,36.0,61.1,14.0,32.0,19.0,13.0,23.0,71.0,98.0,1.0,962.0,149.0,510.0,377.0,80.0,22.0,962.0,14.0,8.0,57.1,5.0,35.7,436.0,2373.0,1280.0,12.0,2.0,10.0,8.0,505.0,0.0,26.0,9.0,1.0,0.0,0.0,0.0,76.0,35.0,29.0,54.7,,,,,,,,,,,,,,,,,,,,,,,,,,,,,,,,,,,,,,,,,,84.0,73.0,89.0,19.0,2.0,34.0,0.0,0.41,17.0,60.0,-43.0,-2.1,-1.18,19.4,44.3,-24.9,-1.22,-0.29
10,2023-2024,Premier-League,Ola Aina,ng NGA,DF,Nott'ham Forest,27-162,1996.0,14.0,12.0,989.0,11.0,1.0,1.0,2.0,1.0,0.0,0.0,3.0,0.0,0.2,0.2,0.5,0.7,29.0,30.0,22.0,0.09,0.09,0.18,0.09,0.18,0.01,0.05,0.06,0.01,0.06,6.0,1.0,16.7,0.55,0.09,0.17,1.0,26.3,0.0,0.03,0.8,0.8,290.0,392.0,74.0,4606.0,1841.0,154.0,173.0,89.0,112.0,143.0,78.3,18.0,50.0,36.0,0.4,0.5,5.0,22.0,3.0,1.0,324.0,67.0,6.0,1.0,0.0,11.0,61.0,0.0,0.0,0.0,0.0,1.0,9.0,17.0,1.55,12.0,2.0,1.0,0.0,1.0,1.0,1.0,0.09,1.0,0.0,0.0,0.0,0.0,0.0,26.0,15.0,21.0,4.0,1.0,17.0,23.0,73.9,6.0,10.0,3.0,7.0,8.0,34.0,38.0,1.0,526.0,43.0,215.0,219.0,95.0,6.0,526.0,25.0,11.0,44.0,10.0,40.0,256.0,1571.0,934.0,16.0,6.0,12.0,6.0,275.0,0.0,13.0,12.0,2.0,0.0,1.0,0.0,51.0,11.0,8.0,57.9,,,,,,,,,,,,,,,,,,,,,,,,,,,,,,,,,,,,,,,,,,71.0,37.9,82.0,4.0,2.0,5.0,3.0,1.0,15.0,24.0,-9.0,-0.82,-0.43,11.8,18.5,-6.7,-0.61,-0.67
11,2023-2024,Premier-League,Rayan Aït Nouri,dz ALG,"DF,MF",Wolves,22-286,2001.0,24.0,21.0,1705.0,18.9,1.0,1.0,2.0,1.0,0.0,0.0,6.0,0.0,1.9,1.9,1.9,3.8,51.0,84.0,78.0,0.05,0.05,0.11,0.05,0.11,0.1,0.1,0.2,0.1,0.2,15.0,3.0,20.0,0.79,0.16,0.07,0.33,15.9,0.0,0.13,-0.9,-0.9,747.0,885.0,84.4,10371.0,3139.0,466.0,513.0,90.8,218.0,256.0,85.2,30.0,53.0,56.6,1.4,-0.9,20.0,51.0,11.0,2.0,784.0,98.0,15.0,2.0,2.0,30.0,77.0,6.0,4.0,2.0,0.0,3.0,15.0,47.0,2.48,34.0,7.0,1.0,2.0,3.0,0.0,2.0,0.11,1.0,0.0,0.0,0.0,1.0,0.0,49.0,28.0,27.0,17.0,5.0,19.0,31.0,61.3,12.0,24.0,6.0,18.0,12.0,61.0,31.0,0.0,1121.0,43.0,292.0,501.0,346.0,39.0,1121.0,84.0,45.0,53.6,28.0,33.3,653.0,3663.0,1808.0,38.0,7.0,34.0,35.0,736.0,0.0,22.0,33.0,4.0,0.0,0.0,0.0,105.0,14.0,19.0,42.4,,,,,,,,,,,,,,,,,,,,,,,,,,,,,,,,,,,,,,,,,,71.0,67.7,76.0,7.0,3.0,34.0,0.0,1.5,31.0,29.0,2.0,0.11,0.55,26.2,30.9,-4.6,-0.24,0.38
12,2023-2024,Premier-League,Kristoffer Ajer,no NOR,DF,Brentford,25-336,1998.0,21.0,14.0,1298.0,14.4,1.0,1.0,2.0,1.0,0.0,0.0,5.0,0.0,0.7,0.7,2.2,2.9,18.0,46.0,28.0,0.07,0.07,0.14,0.07,0.14,0.05,0.15,0.2,0.05,0.2,7.0,2.0,28.6,0.49,0.14,0.14,0.5,9.4,0.0,0.1,0.3,0.3,427.0,583.0,73.2,7342.0,2698.0,197.0,235.0,83.8,185.0,235.0,78.7,38.0,87.0,43.7,2.4,-1.2,10.0,43.0,6.0,2.0,528.0,54.0,9.0,1.0,9.0,14.0,45.0,0.0,0.0,0.0,0.0,1.0,10.0,23.0,1.59,20.0,0.0,1.0,2.0,0.0,0.0,2.0,0.14,2.0,0.0,0.0,0.0,0.0,0.0,29.0,16.0,20.0,8.0,1.0,20.0,29.0,69.0,9.0,17.0,8.0,9.0,16.0,45.0,57.0,1.0,743.0,80.0,309.0,333.0,104.0,37.0,743.0,9.0,7.0,77.8,2.0,22.2,329.0,1790.0,1130.0,9.0,4.0,13.0,5.0,409.0,0.0,18.0,6.0,1.0,0.0,0.0,0.0,35.0,44.0,16.0,73.3,,,,,,,,,,,,,,,,,,,,,,,,,,,,,,,,,,,,,,,,,,62.0,49.7,87.0,10.0,7.0,11.0,1.0,1.05,20.0,28.0,-8.0,-0.55,-0.21,22.8,24.6,-1.8,-0.12,-0.24
13,2023-2024,Premier-League,Manuel Akanji,ch SUI,"DF,MF",Manchester City,28-243,1995.0,20.0,19.0,1676.0,18.6,2.0,0.0,2.0,2.0,0.0,0.0,4.0,1.0,0.9,0.9,0.2,1.1,34.0,93.0,21.0,0.11,0.0,0.11,0.11,0.11,0.05,0.01,0.06,0.05,0.06,10.0,4.0,40.0,0.54,0.21,0.2,0.5,19.6,0.0,0.09,1.1,1.1,1447.0,1557.0,92.9,23687.0,6232.0,720.0,749.0,96.1,624.0,662.0,94.3,77.0,104.0,74.0,1.1,-0.2,6.0,138.0,9.0,1.0,1506.0,49.0,20.0,4.0,10.0,6.0,19.0,0.0,0.0,0.0,0.0,2.0,8.0,33.0,1.77,27.0,1.0,0.0,2.0,2.0,1.0,3.0,0.16,3.0,0.0,0.0,0.0,0.0,0.0,25.0,16.0,10.0,10.0,5.0,14.0,26.0,53.8,12.0,21.0,10.0,11.0,20.0,45.0,55.0,1.0,1717.0,124.0,526.0,937.0,261.0,19.0,1717.0,3.0,2.0,66.7,1.0,33.3,1102.0,5589.0,3315.0,29.0,2.0,10.0,5.0,1327.0,1.0,12.0,17.0,0.0,0.0,0.0,0.0,96.0,21.0,21.0,50.0,,,,,,,,,,,,,,,,,,,,,,,,,,,,,,,,,,,,,,,,,,84.0,66.5,88.0,17.0,1.0,1.0,4.0,2.2,40.0,18.0,22.0,1.18,-0.2,34.4,19.4,15.1,0.81,-0.68
14,2023-2024,Premier-League,Nathan Aké,nl NED,DF,Manchester City,29-029,1995.0,23.0,19.0,1727.0,19.2,2.0,2.0,4.0,2.0,0.0,0.0,0.0,0.0,1.6,1.6,1.2,2.9,23.0,102.0,17.0,0.1,0.1,0.21,0.1,0.21,0.09,0.06,0.15,0.09,0.15,18.0,4.0,22.2,0.94,0.21,0.11,0.5,11.3,0.0,0.09,0.4,0.4,1454.0,1585.0,91.7,22247.0,7257.0,744.0,782.0,95.1,637.0,676.0,94.2,38.0,72.0,52.8,1.1,0.8,10.0,129.0,5.0,1.0,1472.0,111.0,25.0,1.0,2.0,10.0,81.0,0.0,0.0,0.0,0.0,2.0,13.0,35.0,1.82,27.0,0.0,2.0,4.0,1.0,1.0,6.0,0.31,3.0,0.0,1.0,2.0,0.0,0.0,23.0,13.0,15.0,6.0,2.0,12.0,17.0,70.6,5.0,13.0,2.0,11.0,11.0,34.0,44.0,0.0,1721.0,80.0,509.0,949.0,268.0,35.0,1721.0,9.0,5.0,55.6,2.0,22.2,1085.0,4826.0,2735.0,36.0,1.0,7.0,2.0,1260.0,0.0,8.0,17.0,0.0,0.0,0.0,0.0,109.0,41.0,25.0,62.1,,,,,,,,,,,,,,,,,,,,,,,,,,,,,,,,,,,,,,,,,,75.0,68.5,89.0,17.0,4.0,10.0,4.0,2.3,44.0,19.0,25.0,1.3,0.17,37.8,18.3,19.5,1.02,-0.06
15,2023-2024,Premier-League,Thiago Alcántara,es ESP,MF,Liverpool,32-342,1991.0,1.0,0.0,6.0,0.1,0.0,0.0,0.0,0.0,0.0,0.0,0.0,0.0,0.0,0.0,0.0,0.0,0.0,0.0,0.0,0.0,0.0,0.0,0.0,0.0,0.0,0.0,0.0,0.0,0.0,0.0,0.0,0.0,0.0,0.0,0.0,0.0,0.0,0.0,0.0,0.0,0.0,7.0,10.0,70.0,130.0,30.0,3.0,3.0,100.0,3.0,4.0,75.0,1.0,2.0,50.0,0.0,0.0,0.0,0.0,0.0,0.0,9.0,1.0,1.0,0.0,0.0,0.0,0.0,0.0,0.0,0.0,0.0,0.0,0.0,0.0,0.0,0.0,0.0,0.0,0.0,0.0,0.0,0.0,0.0,0.0,0.0,0.0,0.0,0.0,0.0,0.0,0.0,0.0,0.0,0.0,0.0,0.0,0.0,0.0,0.0,0.0,0.0,0.0,0.0,0.0,0.0,10.0,0.0,4.0,5.0,1.0,0.0,10.0,0.0,0.0,0.0,0.0,0.0,9.0,33.0,15.0,0.0,0.0,0.0,0.0,9.0,0.0,0.0,0.0,0.0,0.0,0.0,0.0,0.0,0.0,0.0,0.0,,,,,,,,,,,,,,,,,,,,,,,,,,,,,,,,,,,,,,,,,,6.0,0.2,0.0,0.0,1.0,6.0,0.0,0.0,0.0,1.0,-1.0,-15.0,-16.43,0.0,0.0,0.0,-0.62,-1.63
16,2023-2024,Premier-League,Trent Alexander-Arnold,eng ENG,DF,Liverpool,25-163,1998.0,21.0,19.0,1622.0,18.0,2.0,4.0,6.0,2.0,0.0,0.0,5.0,0.0,1.8,1.5,5.5,7.0,31.0,153.0,65.0,0.11,0.22,0.33,0.11,0.33,0.1,0.3,0.4,0.08,0.39,30.0,4.0,13.3,1.66,0.22,0.07,0.5,24.2,3.0,0.05,0.2,0.5,1148.0,1534.0,74.8,22646.0,9291.0,495.0,538.0,92.0,445.0,567.0,78.5,190.0,385.0,49.4,4.6,-1.5,53.0,146.0,42.0,12.0,1252.0,277.0,65.0,19.0,24.0,127.0,158.0,54.0,6.0,43.0,0.0,5.0,12.0,99.0,5.49,62.0,28.0,5.0,4.0,0.0,0.0,7.0,0.39,4.0,3.0,0.0,0.0,0.0,0.0,28.0,19.0,19.0,8.0,1.0,20.0,67.0,29.9,47.0,13.0,1.0,12.0,23.0,51.0,39.0,4.0,1711.0,60.0,398.0,901.0,431.0,20.0,1711.0,45.0,25.0,55.6,17.0,37.8,907.0,4259.0,1990.0,37.0,4.0,23.0,6.0,1087.0,0.0,5.0,6.0,0.0,0.0,0.0,0.0,138.0,8.0,4.0,66.7,,,,,,,,,,,,,,,,,,,,,,,,,,,,,,,,,,,,,,,,,,77.0,64.4,83.0,12.0,2.0,20.0,0.0,2.14,39.0,18.0,21.0,1.17,-0.64,38.9,20.6,18.3,1.02,0.04
17,2023-2024,Premier-League,Alisson,br BRA,GK,Liverpool,31-168,1992.0,21.0,21.0,1890.0,21.0,0.0,0.0,0.0,0.0,0.0,0.0,1.0,0.0,0.0,0.0,0.0,0.0,0.0,2.0,0.0,0.0,0.0,0.0,0.0,0.0,0.0,0.0,0.0,0.0,0.0,0.0,0.0,0.0,0.0,0.0,0.0,0.0,0.0,0.0,0.0,0.0,0.0,765.0,897.0,85.3,16907.0,10411.0,184.0,185.0,99.5,457.0,466.0,98.1,122.0,239.0,51.0,0.0,0.0,1.0,6.0,0.0,0.0,762.0,132.0,29.0,0.0,4.0,0.0,0.0,0.0,0.0,0.0,0.0,3.0,1.0,11.0,0.52,10.0,1.0,0.0,0.0,0.0,0.0,0.0,0.0,0.0,0.0,0.0,0.0,0.0,0.0,0.0,0.0,0.0,0.0,0.0,0.0,1.0,0.0,1.0,0.0,0.0,0.0,0.0,0.0,10.0,3.0,937.0,585.0,897.0,41.0,0.0,0.0,937.0,0.0,0.0,0.0,0.0,0.0,659.0,3013.0,1947.0,0.0,0.0,4.0,0.0,596.0,0.0,1.0,4.0,0.0,0.0,0.0,0.0,27.0,4.0,2.0,66.7,21.0,21.0,1890.0,19.0,0.9,73.0,55.0,75.3,13.0,6.0,2.0,7.0,33.3,1.0,1.0,0.0,0.0,0.0,0.0,2.0,1.0,18.9,0.25,0.9,0.04,54.0,159.0,34.0,791.0,100.0,15.3,25.2,103.0,36.9,34.6,234.0,12.0,5.1,26.0,1.24,17.1,90.0,75.0,90.0,21.0,0.0,0.0,0.0,2.14,46.0,19.0,27.0,1.29,-0.43,45.1,25.9,19.2,0.92,-0.35
18,2023-2024,Premier-League,Miguel Almirón,py PAR,FW,Newcastle Utd,30-037,1994.0,28.0,23.0,1838.0,20.4,3.0,1.0,4.0,3.0,0.0,0.0,1.0,0.0,4.5,4.5,2.0,6.5,77.0,75.0,156.0,0.15,0.05,0.2,0.15,0.2,0.22,0.1,0.32,0.22,0.32,40.0,11.0,27.5,1.96,0.54,0.08,0.27,16.3,0.0,0.11,-1.5,-1.5,625.0,757.0,82.6,8503.0,1743.0,385.0,429.0,89.7,195.0,237.0,82.3,20.0,37.0,54.1,2.0,-1.0,21.0,37.0,20.0,3.0,745.0,9.0,2.0,5.0,0.0,24.0,6.0,1.0,0.0,0.0,0.0,3.0,16.0,48.0,2.35,37.0,1.0,3.0,6.0,1.0,0.0,4.0,0.2,2.0,1.0,0.0,1.0,0.0,0.0,34.0,23.0,12.0,15.0,7.0,11.0,28.0,39.3,17.0,28.0,2.0,26.0,10.0,44.0,11.0,0.0,973.0,23.0,131.0,403.0,452.0,81.0,973.0,48.0,21.0,43.8,21.0,43.8,617.0,4237.0,2165.0,41.0,21.0,29.0,25.0,695.0,0.0,15.0,22.0,9.0,0.0,0.0,0.0,96.0,6.0,7.0,46.2,,,,,,,,,,,,,,,,,,,,,,,,,,,,,,,,,,,,,,,,,,66.0,72.9,74.0,5.0,5.0,27.0,0.0,1.43,38.0,37.0,1.0,0.05,-1.27,36.1,36.5,-0.3,-0.02,-0.32
19,2023-2024,Premier-League,Edson Álvarez,mx MEX,MF,West Ham,26-146,1997.0,24.0,22.0,1878.0,20.9,1.0,1.0,2.0,1.0,0.0,0.0,9.0,0.0,1.3,1.3,0.4,1.7,17.0,66.0,21.0,0.05,0.05,0.1,0.05,0.1,0.06,0.02,0.08,0.06,0.08,17.0,3.0,17.6,0.81,0.14,0.06,0.33,21.1,0.0,0.08,-0.3,-0.3,831.0,973.0,85.4,13695.0,4076.0,412.0,456.0,90.4,330.0,365.0,90.4,66.0,106.0,62.3,0.6,0.6,9.0,67.0,4.0,0.0,954.0,15.0,12.0,2.0,5.0,3.0,3.0,0.0,0.0,0.0,0.0,4.0,11.0,26.0,1.25,19.0,0.0,2.0,3.0,0.0,2.0,2.0,0.1,2.0,0.0,0.0,0.0,0.0,0.0,63.0,31.0,39.0,20.0,4.0,23.0,47.0,48.9,24.0,42.0,17.0,25.0,30.0,93.0,69.0,0.0,1277.0,125.0,462.0,683.0,146.0,13.0,1277.0,31.0,21.0,67.7,9.0,29.0,707.0,4178.0,1789.0,19.0,1.0,28.0,19.0,763.0,0.0,27.0,7.0,1.0,0.0,1.0,0.0,128.0,27.0,29.0,48.2,,,,,,,,,,,,,,,,,,,,,,,,,,,,,,,,,,,,,,,,,,78.0,74.5,83.0,14.0,2.0,28.0,0.0,1.71,34.0,31.0,3.0,0.14,1.13,29.1,37.6,-8.4,-0.4,0.0
20,2023-2024,Premier-League,Julián Álvarez,ar ARG,"MF,FW",Manchester City,24-047,2000.0,28.0,26.0,2197.0,24.4,8.0,7.0,15.0,7.0,1.0,1.0,2.0,0.0,9.0,8.2,6.2,14.5,52.0,87.0,144.0,0.33,0.29,0.61,0.29,0.57,0.37,0.25,0.62,0.34,0.59,74.0,29.0,39.2,3.03,1.19,0.09,0.24,18.6,12.0,0.11,-1.0,-1.2,832.0,1047.0,79.5,11651.0,2577.0,498.0,552.0,90.2,228.0,275.0,82.9,52.0,129.0,40.3,5.6,0.8,61.0,38.0,32.0,4.0,886.0,157.0,24.0,9.0,1.0,123.0,5.0,110.0,39.0,30.0,2.0,4.0,24.0,98.0,4.01,63.0,25.0,3.0,6.0,1.0,0.0,13.0,0.53,11.0,1.0,0.0,0.0,1.0,0.0,19.0,9.0,3.0,7.0,9.0,7.0,25.0,28.0,18.0,23.0,0.0,23.0,2.0,21.0,13.0,1.0,1284.0,18.0,95.0,395.0,805.0,108.0,1283.0,37.0,18.0,48.6,19.0,51.4,767.0,3750.0,1740.0,56.0,21.0,47.0,29.0,914.0,0.0,21.0,10.0,2.0,1.0,0.0,0.0,77.0,4.0,22.0,15.4,,,,,,,,,,,,,,,,,,,,,,,,,,,,,,,,,,,,,,,,,,78.0,87.2,83.0,12.0,2.0,24.0,0.0,2.25,55.0,21.0,34.0,1.39,1.11,48.3,21.6,26.7,1.09,0.45
21,2023-2024,Premier-League,Zeki Amdouni,ch SUI,FW,Burnley,23-105,2000.0,27.0,25.0,1779.0,19.8,4.0,1.0,5.0,4.0,0.0,0.0,2.0,0.0,4.3,4.3,1.4,5.7,56.0,46.0,82.0,0.2,0.05,0.25,0.2,0.25,0.22,0.07,0.29,0.22,0.29,40.0,21.0,52.5,2.02,1.06,0.1,0.19,17.4,0.0,0.11,-0.3,-0.3,357.0,455.0,78.5,5733.0,1101.0,188.0,234.0,80.3,131.0,151.0,86.8,24.0,33.0,72.7,1.2,-0.4,15.0,27.0,9.0,0.0,405.0,46.0,2.0,6.0,1.0,8.0,0.0,3.0,0.0,0.0,0.0,4.0,18.0,43.0,2.17,26.0,0.0,5.0,6.0,4.0,2.0,3.0,0.15,1.0,0.0,2.0,0.0,0.0,0.0,25.0,16.0,1.0,13.0,11.0,7.0,24.0,29.2,17.0,20.0,9.0,11.0,7.0,32.0,10.0,0.0,708.0,24.0,86.0,346.0,295.0,61.0,708.0,84.0,27.0,32.1,45.0,53.6,418.0,2941.0,1453.0,26.0,18.0,56.0,25.0,454.0,0.0,21.0,33.0,2.0,0.0,0.0,0.0,73.0,13.0,51.0,20.3,,,,,,,,,,,,,,,,,,,,,,,,,,,,,,,,,,,,,,,,,,66.0,68.2,69.0,2.0,2.0,22.0,2.0,0.59,17.0,37.0,-20.0,-1.01,0.5,16.2,30.8,-14.7,-0.74,0.07
22,2023-2024,Premier-League,Sofyan Amrabat,ma MAR,"MF,DF",Manchester Utd,27-210,1996.0,14.0,7.0,640.0,7.1,0.0,0.0,0.0,0.0,0.0,0.0,3.0,0.0,0.1,0.1,0.2,0.2,5.0,50.0,8.0,0.0,0.0,0.0,0.0,0.0,0.01,0.03,0.03,0.01,0.03,2.0,0.0,0.0,0.28,0.0,0.0,0.0,23.7,0.0,0.03,-0.1,-0.1,398.0,461.0,86.3,7507.0,1957.0,147.0,171.0,86.0,194.0,216.0,89.8,47.0,55.0,85.5,0.2,-0.2,4.0,45.0,4.0,0.0,442.0,18.0,7.0,0.0,6.0,5.0,11.0,0.0,0.0,0.0,0.0,1.0,7.0,8.0,1.13,8.0,0.0,0.0,0.0,0.0,0.0,0.0,0.0,0.0,0.0,0.0,0.0,0.0,0.0,23.0,15.0,14.0,7.0,2.0,16.0,25.0,64.0,9.0,12.0,3.0,9.0,5.0,28.0,12.0,2.0,536.0,29.0,142.0,308.0,91.0,1.0,536.0,8.0,4.0,50.0,2.0,25.0,338.0,1711.0,721.0,7.0,0.0,6.0,7.0,373.0,0.0,16.0,5.0,0.0,0.0,0.0,0.0,43.0,4.0,2.0,66.7,,,,,,,,,,,,,,,,,,,,,,,,,,,,,,,,,,,,,,,,,,46.0,25.4,83.0,5.0,7.0,8.0,5.0,1.79,5.0,9.0,-4.0,-0.56,-0.75,11.1,11.4,-0.3,-0.04,0.15
23,2023-2024,Premier-League,Joachim Andersen,dk DEN,DF,Crystal Palace,27-292,1996.0,28.0,28.0,2519.0,28.0,2.0,2.0,4.0,2.0,0.0,0.0,4.0,0.0,1.3,1.3,1.7,3.0,20.0,121.0,8.0,0.07,0.07,0.14,0.07,0.14,0.05,0.06,0.11,0.05,0.11,18.0,8.0,44.4,0.64,0.29,0.11,0.25,13.5,1.0,0.07,0.7,0.7,1288.0,1628.0,79.1,28482.0,10557.0,351.0,403.0,87.1,722.0,792.0,91.2,207.0,395.0,52.4,1.6,0.3,14.0,141.0,16.0,8.0,1527.0,94.0,86.0,7.0,29.0,26.0,8.0,0.0,0.0,0.0,0.0,7.0,17.0,35.0,1.25,30.0,1.0,0.0,3.0,0.0,1.0,3.0,0.11,3.0,0.0,0.0,0.0,0.0,0.0,35.0,22.0,25.0,9.0,1.0,20.0,29.0,69.0,9.0,28.0,17.0,11.0,33.0,68.0,138.0,1.0,1913.0,227.0,948.0,858.0,114.0,35.0,1913.0,20.0,12.0,60.0,5.0,25.0,1046.0,5727.0,3451.0,10.0,0.0,7.0,6.0,1216.0,0.0,28.0,22.0,1.0,0.0,0.0,0.0,128.0,62.0,36.0,63.3,,,,,,,,,,,,,,,,,,,,,,,,,,,,,,,,,,,,,,,,,,90.0,100.0,90.0,27.0,0.0,0.0,0.0,1.04,33.0,48.0,-15.0,-0.54,-0.54,33.1,39.9,-6.9,-0.24,-0.24
24,2023-2024,Premier-League,Elliot Anderson,sct SCO,"MF,FW",Newcastle Utd,21-133,2002.0,11.0,4.0,434.0,4.8,0.0,1.0,1.0,0.0,0.0,0.0,0.0,0.0,0.7,0.7,0.9,1.6,17.0,28.0,36.0,0.0,0.21,0.21,0.0,0.21,0.15,0.18,0.33,0.15,0.33,7.0,2.0,28.6,1.45,0.41,0.0,0.0,14.0,0.0,0.1,-0.7,-0.7,161.0,195.0,82.6,2236.0,465.0,104.0,120.0,86.7,47.0,50.0,94.0,5.0,12.0,41.7,0.3,0.1,6.0,15.0,8.0,0.0,190.0,5.0,2.0,0.0,1.0,3.0,3.0,0.0,0.0,0.0,0.0,0.0,4.0,14.0,2.91,13.0,0.0,1.0,0.0,0.0,0.0,1.0,0.21,1.0,0.0,0.0,0.0,0.0,0.0,10.0,7.0,4.0,5.0,1.0,5.0,11.0,45.5,6.0,7.0,3.0,4.0,2.0,12.0,6.0,0.0,264.0,7.0,36.0,130.0,105.0,18.0,264.0,17.0,8.0,47.1,7.0,41.2,156.0,1017.0,522.0,11.0,2.0,15.0,10.0,189.0,0.0,8.0,7.0,0.0,0.0,0.0,0.0,20.0,7.0,4.0,63.6,,,,,,,,,,,,,,,,,,,,,,,,,,,,,,,,,,,,,,,,,,39.0,17.2,83.0,2.0,7.0,15.0,0.0,1.73,14.0,6.0,8.0,1.66,1.53,10.5,5.1,5.3,1.11,1.26
25,2023-2024,Premier-League,Jaidon Anthony,eng ENG,FW,Bournemouth,24-108,1999.0,3.0,2.0,152.0,1.7,0.0,0.0,0.0,0.0,0.0,0.0,1.0,0.0,0.1,0.1,0.0,0.1,2.0,8.0,9.0,0.0,0.0,0.0,0.0,0.0,0.04,0.0,0.04,0.04,0.04,2.0,1.0,50.0,1.18,0.59,0.0,0.0,24.5,0.0,0.03,-0.1,-0.1,30.0,45.0,66.7,453.0,139.0,17.0,20.0,85.0,10.0,14.0,71.4,1.0,6.0,16.7,0.0,0.0,0.0,3.0,1.0,0.0,42.0,3.0,2.0,0.0,0.0,2.0,0.0,1.0,0.0,0.0,0.0,0.0,3.0,3.0,1.78,2.0,0.0,1.0,0.0,0.0,0.0,0.0,0.0,0.0,0.0,0.0,0.0,0.0,0.0,3.0,1.0,1.0,0.0,2.0,1.0,7.0,14.3,6.0,3.0,0.0,3.0,1.0,4.0,3.0,0.0,69.0,2.0,15.0,27.0,27.0,4.0,69.0,6.0,2.0,33.3,3.0,50.0,36.0,160.0,77.0,2.0,0.0,5.0,2.0,40.0,0.0,4.0,2.0,2.0,0.0,0.0,0.0,11.0,1.0,3.0,25.0,,,,,,,,,,,,,,,,,,,,,,,,,,,,,,,,,,,,,,,,,,51.0,6.0,61.0,0.0,1.0,31.0,0.0,0.33,1.0,5.0,-4.0,-2.37,-2.1,0.6,4.4,-3.8,-2.27,-2.33
26,2023-2024,Premier-League,Michail Antonio,jm JAM,FW,West Ham,33-356,1990.0,16.0,12.0,959.0,10.7,2.0,2.0,4.0,2.0,0.0,0.0,4.0,0.0,2.2,2.2,0.8,2.9,30.0,11.0,58.0,0.19,0.19,0.38,0.19,0.38,0.2,0.07,0.28,0.2,0.28,14.0,4.0,28.6,1.31,0.38,0.14,0.5,13.1,0.0,0.15,-0.2,-0.2,100.0,180.0,55.6,1470.0,385.0,62.0,87.0,71.3,26.0,52.0,50.0,7.0,14.0,50.0,1.2,1.2,7.0,7.0,6.0,2.0,174.0,4.0,1.0,3.0,2.0,16.0,3.0,0.0,0.0,0.0,0.0,2.0,16.0,21.0,1.97,14.0,0.0,3.0,1.0,2.0,1.0,5.0,0.47,4.0,0.0,1.0,0.0,0.0,0.0,8.0,4.0,3.0,3.0,2.0,3.0,6.0,50.0,3.0,10.0,3.0,7.0,1.0,9.0,1.0,0.0,299.0,4.0,34.0,125.0,144.0,33.0,299.0,32.0,19.0,59.4,10.0,31.3,201.0,1403.0,733.0,11.0,12.0,43.0,19.0,228.0,0.0,18.0,18.0,7.0,0.0,0.0,0.0,32.0,24.0,33.0,42.1,,,,,,,,,,,,,,,,,,,,,,,,,,,,,,,,,,,,,,,,,,60.0,38.1,73.0,0.0,4.0,21.0,0.0,1.5,20.0,15.0,5.0,0.47,0.99,16.4,19.3,-3.0,-0.28,0.2
27,2023-2024,Premier-League,Antony,br BRA,FW,Manchester Utd,24-023,2000.0,22.0,11.0,953.0,10.6,0.0,0.0,0.0,0.0,0.0,0.0,3.0,0.0,1.5,1.5,2.1,3.6,37.0,49.0,114.0,0.0,0.0,0.0,0.0,0.0,0.14,0.2,0.34,0.14,0.34,26.0,5.0,19.2,2.46,0.47,0.0,0.0,19.0,0.0,0.06,-1.5,-1.5,327.0,428.0,76.4,4338.0,1148.0,202.0,242.0,83.5,96.0,114.0,84.2,10.0,24.0,41.7,1.5,-2.1,16.0,21.0,19.0,2.0,414.0,12.0,5.0,1.0,1.0,15.0,7.0,0.0,0.0,0.0,0.0,2.0,22.0,36.0,3.4,31.0,0.0,1.0,0.0,3.0,1.0,1.0,0.09,0.0,0.0,0.0,0.0,0.0,1.0,28.0,14.0,10.0,12.0,6.0,16.0,30.0,53.3,14.0,20.0,1.0,19.0,8.0,36.0,6.0,0.0,583.0,12.0,75.0,213.0,311.0,42.0,583.0,52.0,17.0,32.7,26.0,50.0,406.0,2688.0,1363.0,27.0,16.0,19.0,16.0,421.0,0.0,11.0,23.0,2.0,1.0,0.0,0.0,70.0,1.0,14.0,6.7,,,,,,,,,,,,,,,,,,,,,,,,,,,,,,,,,,,,,,,,,,43.0,37.8,73.0,1.0,11.0,13.0,2.0,1.59,13.0,14.0,-1.0,-0.09,-0.15,18.9,15.4,3.5,0.33,0.77
28,2023-2024,Premier-League,Oliver Arblaster,eng ENG,MF,Sheffield Utd,19-318,2004.0,2.0,1.0,106.0,1.2,0.0,0.0,0.0,0.0,0.0,0.0,0.0,0.0,0.0,0.0,0.0,0.1,2.0,4.0,0.0,0.0,0.0,0.0,0.0,0.0,0.03,0.03,0.07,0.03,0.07,1.0,1.0,100.0,0.85,0.85,0.0,0.0,16.6,0.0,0.04,0.0,0.0,30.0,35.0,85.7,455.0,141.0,19.0,20.0,95.0,9.0,9.0,100.0,2.0,3.0,66.7,0.0,0.0,1.0,2.0,0.0,0.0,33.0,2.0,0.0,0.0,0.0,0.0,0.0,0.0,0.0,0.0,0.0,0.0,1.0,3.0,2.55,2.0,0.0,0.0,1.0,0.0,0.0,1.0,0.85,0.0,0.0,0.0,1.0,0.0,0.0,0.0,0.0,0.0,0.0,0.0,0.0,0.0,0.0,0.0,2.0,1.0,1.0,1.0,1.0,1.0,0.0,47.0,6.0,20.0,22.0,5.0,1.0,47.0,1.0,0.0,0.0,1.0,100.0,17.0,125.0,72.0,3.0,1.0,1.0,1.0,20.0,0.0,1.0,1.0,0.0,0.0,0.0,0.0,3.0,2.0,1.0,66.7,,,,,,,,,,,,,,,,,,,,,,,,,,,,,,,,,,,,,,,,,,53.0,4.2,79.0,0.0,1.0,27.0,2.0,0.5,2.0,1.0,1.0,0.85,2.75,1.3,2.5,-1.2,-1.05,0.09
29,2023-2024,Premier-League,Cameron Archer,eng ENG,"FW,MF",Sheffield Utd,22-241,2001.0,21.0,16.0,1449.0,16.1,4.0,0.0,4.0,4.0,0.0,0.0,1.0,0.0,3.9,3.9,1.7,5.6,27.0,12.0,81.0,0.25,0.0,0.25,0.25,0.25,0.24,0.1,0.35,0.24,0.35,29.0,7.0,24.1,1.8,0.43,0.14,0.57,16.2,0.0,0.14,0.1,0.1,218.0,271.0,80.4,2637.0,387.0,145.0,171.0,84.8,49.0,53.0,92.5,4.0,8.0,50.0,0.8,-1.7,17.0,8.0,6.0,1.0,255.0,16.0,0.0,1.0,1.0,3.0,0.0,0.0,0.0,0.0,0.0,0.0,14.0,36.0,2.24,23.0,0.0,7.0,4.0,1.0,1.0,2.0,0.12,0.0,0.0,1.0,1.0,0.0,0.0,14.0,9.0,6.0,5.0,3.0,6.0,15.0,40.0,9.0,17.0,3.0,14.0,1.0,15.0,10.0,0.0,458.0,12.0,59.0,165.0,243.0,55.0,458.0,51.0,26.0,51.0,23.0,45.1,280.0,1756.0,772.0,22.0,16.0,50.0,34.0,304.0,0.0,13.0,18.0,8.0,0.0,0.0,0.0,59.0,6.0,29.0,17.1,,,,,,,,,,,,,,,,,,,,,,,,,,,,,,,,,,,,,,,,,,69.0,57.5,84.0,9.0,5.0,22.0,0.0,0.62,17.0,36.0,-19.0,-1.18,1.42,17.0,30.6,-13.6,-0.85,0.69
30,2023-2024,Premier-League,Cameron Archer,eng ENG,MF,Aston Villa,22-241,2001.0,1.0,0.0,6.0,0.1,0.0,0.0,0.0,0.0,0.0,0.0,1.0,0.0,0.0,0.0,0.0,0.0,1.0,0.0,0.0,0.0,0.0,0.0,0.0,0.0,0.0,0.0,0.0,0.0,0.0,0.0,0.0,0.0,0.0,0.0,0.0,0.0,0.0,0.0,0.0,0.0,0.0,5.0,6.0,83.3,42.0,0.0,5.0,6.0,83.3,0.0,0.0,0.0,0.0,0.0,0.0,0.0,0.0,0.0,0.0,0.0,0.0,6.0,0.0,0.0,1.0,0.0,0.0,0.0,0.0,0.0,0.0,0.0,0.0,0.0,0.0,0.0,0.0,0.0,0.0,0.0,0.0,0.0,0.0,0.0,0.0,0.0,0.0,0.0,0.0,0.0,0.0,0.0,0.0,0.0,0.0,0.0,0.0,0.0,0.0,0.0,0.0,0.0,0.0,0.0,0.0,0.0,7.0,0.0,1.0,4.0,2.0,0.0,7.0,0.0,0.0,0.0,0.0,0.0,5.0,39.0,28.0,1.0,0.0,1.0,0.0,7.0,0.0,1.0,0.0,0.0,0.0,0.0,0.0,1.0,0.0,0.0,0.0,,,,,,,,,,,,,,,,,,,,,,,,,,,,,,,,,,,,,,,,,,6.0,0.2,0.0,0.0,1.0,6.0,1.0,3.0,0.0,0.0,0.0,0.0,-0.64,0.0,0.0,0.0,0.0,-0.4
31,2023-2024,Premier-League,Alphonse Areola,fr FRA,GK,West Ham,31-020,1993.0,25.0,25.0,2204.0,24.5,0.0,0.0,0.0,0.0,0.0,0.0,1.0,0.0,0.0,0.0,0.0,0.0,0.0,1.0,0.0,0.0,0.0,0.0,0.0,0.0,0.0,0.0,0.0,0.0,0.0,0.0,0.0,0.0,0.0,0.0,0.0,0.0,0.0,0.0,0.0,0.0,0.0,466.0,714.0,65.3,14687.0,10719.0,60.0,61.0,98.4,207.0,208.0,99.5,197.0,439.0,44.9,0.0,0.0,0.0,7.0,0.0,0.0,456.0,254.0,69.0,0.0,2.0,0.0,0.0,0.0,0.0,0.0,0.0,4.0,0.0,2.0,0.08,1.0,1.0,0.0,0.0,0.0,0.0,0.0,0.0,0.0,0.0,0.0,0.0,0.0,0.0,1.0,1.0,1.0,0.0,0.0,1.0,3.0,33.3,2.0,0.0,0.0,0.0,1.0,2.0,11.0,0.0,798.0,678.0,792.0,6.0,0.0,0.0,798.0,1.0,1.0,100.0,0.0,0.0,406.0,2613.0,1635.0,1.0,0.0,0.0,0.0,286.0,0.0,2.0,1.0,0.0,0.0,2.0,0.0,14.0,6.0,0.0,100.0,25.0,25.0,2204.0,40.0,1.63,144.0,104.0,75.0,10.0,7.0,8.0,4.0,16.0,6.0,4.0,2.0,0.0,33.3,0.0,2.0,2.0,41.5,0.25,3.5,0.14,135.0,356.0,37.9,525.0,117.0,44.8,36.8,185.0,65.4,46.2,384.0,22.0,5.7,7.0,0.29,9.9,88.0,87.5,88.0,23.0,0.0,0.0,1.0,1.48,40.0,40.0,0.0,0.0,1.14,33.7,44.2,-10.5,-0.43,-0.19
32,2023-2024,Premier-League,Lorenz Assignon,tg TOG,DF,Burnley,23-270,2000.0,7.0,7.0,617.0,6.9,0.0,1.0,1.0,0.0,0.0,0.0,2.0,0.0,0.1,0.1,2.2,2.3,13.0,11.0,21.0,0.0,0.15,0.15,0.0,0.15,0.01,0.32,0.33,0.01,0.33,2.0,0.0,0.0,0.29,0.0,0.0,0.0,22.4,0.0,0.03,-0.1,-0.1,152.0,224.0,67.9,2176.0,840.0,85.0,107.0,79.4,59.0,82.0,72.0,2.0,16.0,12.5,0.9,-1.2,9.0,8.0,4.0,3.0,163.0,59.0,2.0,0.0,0.0,15.0,57.0,0.0,0.0,0.0,0.0,2.0,8.0,12.0,1.75,9.0,2.0,1.0,0.0,0.0,0.0,1.0,0.15,1.0,0.0,0.0,0.0,0.0,0.0,20.0,11.0,11.0,7.0,2.0,11.0,16.0,68.8,5.0,10.0,3.0,7.0,8.0,28.0,20.0,0.0,307.0,19.0,107.0,114.0,92.0,6.0,307.0,17.0,7.0,41.2,9.0,52.9,124.0,791.0,430.0,4.0,2.0,9.0,9.0,130.0,0.0,15.0,8.0,1.0,0.0,1.0,0.0,26.0,7.0,12.0,36.8,,,,,,,,,,,,,,,,,,,,,,,,,,,,,,,,,,,,,,,,,,88.0,23.6,88.0,5.0,0.0,0.0,0.0,0.71,6.0,18.0,-12.0,-1.75,-0.76,7.9,13.0,-5.1,-0.75,0.02
33,2023-2024,Premier-League,Serge Aurier,ci CIV,"DF,MF",Nott'ham Forest,31-085,1992.0,12.0,10.0,833.0,9.3,0.0,2.0,2.0,0.0,0.0,0.0,2.0,0.0,0.2,0.2,0.5,0.6,10.0,47.0,29.0,0.0,0.22,0.22,0.0,0.22,0.02,0.05,0.07,0.02,0.07,6.0,1.0,16.7,0.65,0.11,0.0,0.0,16.0,0.0,0.03,-0.2,-0.2,348.0,448.0,77.7,5238.0,2147.0,191.0,225.0,84.9,130.0,156.0,83.3,17.0,45.0,37.8,0.5,1.5,4.0,31.0,9.0,4.0,407.0,41.0,6.0,1.0,0.0,22.0,35.0,0.0,0.0,0.0,0.0,0.0,8.0,15.0,1.62,12.0,1.0,1.0,0.0,1.0,0.0,2.0,0.22,2.0,0.0,0.0,0.0,0.0,0.0,20.0,14.0,9.0,11.0,0.0,5.0,11.0,45.5,6.0,10.0,3.0,7.0,9.0,29.0,36.0,1.0,568.0,39.0,165.0,280.0,127.0,13.0,568.0,14.0,3.0,21.4,11.0,78.6,249.0,1039.0,532.0,15.0,1.0,9.0,8.0,347.0,0.0,8.0,9.0,0.0,0.0,0.0,0.0,50.0,30.0,20.0,60.0,,,,,,,,,,,,,,,,,,,,,,,,,,,,,,,,,,,,,,,,,,69.0,31.9,80.0,6.0,2.0,18.0,1.0,1.0,9.0,15.0,-6.0,-0.65,-0.14,10.1,14.1,-4.0,-0.43,-0.34
34,2023-2024,Premier-League,Taiwo Awoniyi,ng NGA,FW,Nott'ham Forest,26-219,1997.0,17.0,12.0,1024.0,11.4,6.0,3.0,9.0,6.0,0.0,0.0,2.0,0.0,4.7,4.7,1.7,6.4,8.0,14.0,43.0,0.53,0.26,0.79,0.53,0.79,0.42,0.15,0.57,0.42,0.57,22.0,11.0,50.0,1.93,0.97,0.27,0.55,11.5,0.0,0.22,1.3,1.3,122.0,170.0,71.8,1557.0,307.0,84.0,107.0,78.5,34.0,47.0,72.3,3.0,5.0,60.0,0.9,1.3,10.0,6.0,3.0,0.0,164.0,4.0,0.0,2.0,1.0,1.0,0.0,0.0,0.0,0.0,0.0,2.0,3.0,29.0,2.55,21.0,0.0,2.0,0.0,4.0,2.0,6.0,0.53,5.0,0.0,1.0,0.0,0.0,0.0,9.0,7.0,1.0,4.0,4.0,1.0,2.0,50.0,1.0,7.0,2.0,5.0,1.0,10.0,9.0,0.0,288.0,14.0,30.0,150.0,115.0,43.0,288.0,16.0,8.0,50.0,7.0,43.8,163.0,735.0,310.0,6.0,6.0,37.0,11.0,203.0,0.0,9.0,15.0,12.0,0.0,0.0,0.0,33.0,21.0,45.0,31.8,,,,,,,,,,,,,,,,,,,,,,,,,,,,,,,,,,,,,,,,,,60.0,39.2,74.0,1.0,5.0,26.0,0.0,0.88,17.0,21.0,-4.0,-0.35,0.33,13.1,15.9,-2.9,-0.25,-0.1
35,2023-2024,Premier-League,Jordan Ayew,gh GHA,"FW,MF",Crystal Palace,32-189,1991.0,26.0,25.0,2134.0,23.7,4.0,6.0,10.0,4.0,0.0,0.0,8.0,1.0,3.6,3.6,4.0,7.6,66.0,58.0,157.0,0.17,0.25,0.42,0.17,0.42,0.15,0.17,0.32,0.15,0.32,41.0,16.0,39.0,1.73,0.67,0.1,0.25,17.1,0.0,0.09,0.4,0.4,553.0,755.0,73.2,8059.0,1693.0,340.0,392.0,86.7,169.0,229.0,73.8,23.0,65.0,35.4,2.5,2.0,23.0,35.0,24.0,10.0,722.0,31.0,7.0,4.0,4.0,81.0,9.0,14.0,4.0,3.0,0.0,2.0,36.0,64.0,2.7,37.0,4.0,3.0,7.0,11.0,2.0,10.0,0.42,8.0,0.0,1.0,0.0,1.0,0.0,53.0,28.0,21.0,20.0,12.0,15.0,34.0,44.1,19.0,38.0,2.0,36.0,14.0,67.0,12.0,0.0,1127.0,20.0,160.0,471.0,513.0,83.0,1127.0,110.0,44.0,40.0,46.0,41.8,716.0,4737.0,1843.0,51.0,18.0,76.0,71.0,816.0,1.0,41.0,80.0,7.0,0.0,0.0,0.0,126.0,32.0,51.0,38.6,,,,,,,,,,,,,,,,,,,,,,,,,,,,,,,,,,,,,,,,,,82.0,84.7,84.0,17.0,1.0,42.0,0.0,1.08,30.0,30.0,0.0,0.0,3.5,27.7,29.4,-1.7,-0.07,1.14
36,2023-2024,Premier-League,Benoît Badiashile,fr FRA,DF,Chelsea,22-358,2001.0,8.0,6.0,560.0,6.2,0.0,1.0,1.0,0.0,0.0,0.0,1.0,0.0,0.1,0.1,0.5,0.7,1.0,25.0,1.0,0.0,0.16,0.16,0.0,0.16,0.02,0.09,0.11,0.02,0.11,2.0,1.0,50.0,0.32,0.16,0.0,0.0,11.4,0.0,0.06,-0.1,-0.1,448.0,498.0,90.0,7789.0,3128.0,188.0,198.0,94.9,230.0,251.0,91.6,25.0,37.0,67.6,0.6,0.5,3.0,22.0,2.0,0.0,479.0,19.0,15.0,0.0,1.0,1.0,4.0,0.0,0.0,0.0,0.0,0.0,3.0,12.0,1.93,11.0,0.0,0.0,0.0,0.0,1.0,3.0,0.48,3.0,0.0,0.0,0.0,0.0,0.0,13.0,10.0,8.0,5.0,0.0,6.0,10.0,60.0,4.0,9.0,4.0,5.0,5.0,18.0,31.0,1.0,564.0,75.0,280.0,258.0,27.0,4.0,564.0,1.0,0.0,0.0,0.0,0.0,319.0,1336.0,766.0,2.0,0.0,1.0,3.0,394.0,0.0,5.0,5.0,0.0,0.0,1.0,0.0,46.0,16.0,10.0,61.5,,,,,,,,,,,,,,,,,,,,,,,,,,,,,,,,,,,,,,,,,,70.0,23.0,90.0,5.0,2.0,11.0,6.0,1.13,11.0,15.0,-4.0,-0.64,-0.93,10.8,10.3,0.4,0.07,-0.38
37,2023-2024,Premier-League,Leon Bailey,jm JAM,"MF,FW",Aston Villa,26-222,1997.0,26.0,15.0,1402.0,15.6,8.0,8.0,16.0,8.0,0.0,0.0,4.0,0.0,4.5,4.5,6.8,11.4,73.0,49.0,168.0,0.51,0.51,1.03,0.51,1.03,0.29,0.44,0.73,0.29,0.73,41.0,15.0,36.6,2.63,0.96,0.2,0.53,16.8,1.0,0.11,3.5,3.5,384.0,531.0,72.3,6120.0,1567.0,210.0,259.0,81.1,126.0,163.0,77.3,36.0,57.0,63.2,5.5,1.2,37.0,23.0,26.0,3.0,508.0,20.0,1.0,8.0,5.0,47.0,3.0,16.0,11.0,0.0,0.0,3.0,27.0,75.0,4.81,54.0,5.0,7.0,7.0,1.0,1.0,10.0,0.64,6.0,1.0,1.0,2.0,0.0,0.0,7.0,3.0,3.0,2.0,2.0,3.0,12.0,25.0,9.0,11.0,1.0,10.0,8.0,15.0,5.0,0.0,711.0,11.0,101.0,227.0,394.0,96.0,711.0,84.0,38.0,45.2,36.0,42.9,496.0,3653.0,1731.0,33.0,33.0,39.0,27.0,530.0,0.0,17.0,16.0,8.0,0.0,0.0,0.0,77.0,11.0,18.0,37.9,,,,,,,,,,,,,,,,,,,,,,,,,,,,,,,,,,,,,,,,,,54.0,55.6,71.0,0.0,11.0,31.0,1.0,1.88,37.0,21.0,16.0,1.03,0.87,32.9,23.1,9.7,0.62,0.51
38,2023-2024,Premier-League,George Baldock,gr GRE,DF,Sheffield Utd,31-009,1993.0,13.0,11.0,969.0,10.8,0.0,1.0,1.0,0.0,0.0,0.0,4.0,0.0,0.0,0.0,0.8,0.8,9.0,31.0,24.0,0.0,0.09,0.09,0.0,0.09,0.0,0.07,0.08,0.0,0.08,1.0,0.0,0.0,0.09,0.0,0.0,0.0,22.2,0.0,0.02,0.0,0.0,291.0,397.0,73.3,4602.0,1810.0,169.0,191.0,88.5,100.0,124.0,80.6,18.0,52.0,34.6,0.6,0.2,7.0,18.0,11.0,4.0,335.0,60.0,2.0,0.0,0.0,18.0,58.0,0.0,0.0,0.0,0.0,2.0,18.0,16.0,1.49,10.0,3.0,2.0,0.0,1.0,0.0,2.0,0.19,1.0,0.0,0.0,0.0,1.0,0.0,18.0,10.0,10.0,7.0,1.0,6.0,15.0,40.0,9.0,14.0,8.0,6.0,10.0,28.0,33.0,0.0,505.0,66.0,200.0,192.0,116.0,9.0,505.0,11.0,6.0,54.5,4.0,36.4,238.0,988.0,463.0,3.0,4.0,9.0,9.0,258.0,0.0,19.0,14.0,1.0,1.0,0.0,0.0,44.0,13.0,13.0,50.0,,,,,,,,,,,,,,,,,,,,,,,,,,,,,,,,,,,,,,,,,,75.0,38.5,82.0,9.0,2.0,33.0,1.0,0.54,11.0,21.0,-10.0,-0.93,1.39,9.3,21.8,-12.5,-1.16,-0.03
39,2023-2024,Premier-League,Carlos Baleba,cm CMR,MF,Brighton,20-075,2004.0,17.0,9.0,764.0,8.5,0.0,0.0,0.0,0.0,0.0,0.0,5.0,0.0,0.6,0.6,0.2,0.7,6.0,33.0,5.0,0.0,0.0,0.0,0.0,0.0,0.07,0.02,0.08,0.07,0.08,12.0,2.0,16.7,1.41,0.24,0.0,0.0,23.9,0.0,0.05,-0.6,-0.6,445.0,482.0,92.3,6745.0,1501.0,234.0,252.0,92.9,180.0,188.0,95.7,18.0,21.0,85.7,0.1,-0.2,6.0,19.0,1.0,0.0,478.0,3.0,3.0,0.0,1.0,0.0,0.0,0.0,0.0,0.0,0.0,1.0,4.0,10.0,1.18,10.0,0.0,0.0,0.0,0.0,0.0,0.0,0.0,0.0,0.0,0.0,0.0,0.0,0.0,27.0,14.0,12.0,12.0,3.0,15.0,28.0,53.6,13.0,18.0,4.0,14.0,12.0,39.0,19.0,2.0,596.0,36.0,161.0,363.0,79.0,3.0,596.0,15.0,9.0,60.0,3.0,20.0,362.0,1772.0,864.0,11.0,0.0,9.0,12.0,414.0,0.0,23.0,14.0,0.0,0.0,0.0,0.0,58.0,17.0,5.0,77.3,,,,,,,,,,,,,,,,,,,,,,,,,,,,,,,,,,,,,,,,,,45.0,30.3,70.0,2.0,8.0,16.0,7.0,1.35,11.0,17.0,-6.0,-0.71,-1.32,10.1,12.6,-2.4,-0.28,-0.76
40,2023-2024,Premier-League,Fodé Ballo-Touré,sn SEN,"DF,MF",Fulham,27-075,1997.0,5.0,0.0,58.0,0.6,0.0,0.0,0.0,0.0,0.0,0.0,1.0,0.0,0.0,0.0,0.0,0.0,5.0,0.0,4.0,0.0,0.0,0.0,0.0,0.0,0.0,0.0,0.0,0.0,0.0,0.0,0.0,0.0,0.0,0.0,0.0,0.0,0.0,0.0,0.0,0.0,0.0,50.0,70.0,71.4,881.0,200.0,21.0,27.0,77.8,23.0,30.0,76.7,5.0,6.0,83.3,0.0,0.0,0.0,3.0,0.0,0.0,52.0,17.0,1.0,0.0,0.0,4.0,16.0,0.0,0.0,0.0,0.0,1.0,3.0,0.0,0.0,0.0,0.0,0.0,0.0,0.0,0.0,0.0,0.0,0.0,0.0,0.0,0.0,0.0,0.0,3.0,2.0,1.0,2.0,0.0,1.0,1.0,100.0,0.0,1.0,0.0,1.0,3.0,6.0,2.0,0.0,83.0,3.0,31.0,36.0,17.0,1.0,83.0,6.0,3.0,50.0,2.0,33.3,45.0,287.0,163.0,2.0,1.0,0.0,0.0,47.0,0.0,2.0,2.0,0.0,0.0,0.0,0.0,5.0,0.0,1.0,0.0,,,,,,,,,,,,,,,,,,,,,,,,,,,,,,,,,,,,,,,,,,12.0,2.2,0.0,0.0,5.0,12.0,16.0,1.8,2.0,1.0,1.0,1.55,1.62,1.5,0.8,0.7,1.04,1.44
41,2023-2024,Premier-League,Shandon Baptiste,gd GRN,MF,Brentford,25-345,1998.0,10.0,2.0,229.0,2.5,1.0,1.0,2.0,1.0,0.0,0.0,1.0,0.0,0.9,0.9,0.2,1.1,3.0,5.0,1.0,0.39,0.39,0.79,0.39,0.79,0.35,0.07,0.42,0.35,0.42,2.0,2.0,100.0,0.79,0.79,0.5,0.5,6.6,0.0,0.45,0.1,0.1,66.0,90.0,73.3,1144.0,351.0,33.0,39.0,84.6,25.0,28.0,89.3,7.0,15.0,46.7,0.4,0.8,4.0,7.0,3.0,2.0,87.0,3.0,0.0,0.0,0.0,3.0,1.0,0.0,0.0,0.0,0.0,0.0,5.0,5.0,1.96,4.0,0.0,1.0,0.0,0.0,0.0,1.0,0.39,1.0,0.0,0.0,0.0,0.0,0.0,4.0,4.0,2.0,2.0,0.0,1.0,5.0,20.0,4.0,5.0,1.0,4.0,3.0,7.0,6.0,0.0,130.0,7.0,41.0,57.0,34.0,6.0,130.0,11.0,6.0,54.5,5.0,45.5,63.0,322.0,170.0,1.0,0.0,8.0,0.0,69.0,0.0,3.0,0.0,0.0,0.0,0.0,0.0,17.0,3.0,6.0,33.3,,,,,,,,,,,,,,,,,,,,,,,,,,,,,,,,,,,,,,,,,,23.0,8.8,66.0,0.0,8.0,12.0,7.0,1.0,3.0,5.0,-2.0,-0.79,-0.37,4.6,3.0,1.6,0.63,0.69
42,2023-2024,Premier-League,Ross Barkley,eng ENG,MF,Luton Town,30-104,1993.0,24.0,22.0,1963.0,21.8,4.0,3.0,7.0,4.0,0.0,0.0,4.0,0.0,3.4,3.4,3.5,6.9,37.0,121.0,25.0,0.18,0.14,0.32,0.18,0.32,0.15,0.16,0.31,0.15,0.31,53.0,12.0,22.6,2.43,0.55,0.08,0.33,21.2,5.0,0.06,0.6,0.6,887.0,1084.0,81.8,15915.0,4766.0,388.0,435.0,89.2,349.0,391.0,89.3,112.0,177.0,63.3,2.3,-0.5,39.0,97.0,22.0,1.0,965.0,113.0,76.0,4.0,19.0,42.0,9.0,15.0,8.0,7.0,0.0,6.0,20.0,86.0,3.94,52.0,11.0,11.0,6.0,3.0,3.0,9.0,0.41,5.0,2.0,0.0,1.0,1.0,0.0,41.0,16.0,15.0,19.0,7.0,10.0,38.0,26.3,28.0,18.0,6.0,12.0,22.0,63.0,46.0,2.0,1328.0,53.0,279.0,732.0,349.0,32.0,1328.0,81.0,54.0,66.7,25.0,30.9,734.0,4944.0,2163.0,35.0,4.0,18.0,34.0,808.0,0.0,17.0,34.0,0.0,0.0,0.0,0.0,154.0,35.0,31.0,53.0,,,,,,,,,,,,,,,,,,,,,,,,,,,,,,,,,,,,,,,,,,82.0,75.2,88.0,18.0,2.0,15.0,0.0,0.75,36.0,48.0,-12.0,-0.55,0.28,26.6,44.6,-17.9,-0.82,0.05
43,2023-2024,Premier-League,Harvey Barnes,eng ENG,FW,Newcastle Utd,26-100,1997.0,11.0,3.0,360.0,4.0,2.0,1.0,3.0,2.0,0.0,0.0,1.0,0.0,1.2,1.2,0.9,2.0,26.0,13.0,38.0,0.5,0.25,0.75,0.5,0.75,0.29,0.22,0.51,0.29,0.51,12.0,4.0,33.3,3.0,1.0,0.17,0.5,19.7,0.0,0.1,0.8,0.8,100.0,131.0,76.3,1376.0,331.0,65.0,72.0,90.3,31.0,39.0,79.5,2.0,8.0,25.0,0.9,0.1,2.0,5.0,6.0,0.0,127.0,4.0,2.0,1.0,1.0,8.0,1.0,0.0,0.0,0.0,0.0,0.0,6.0,9.0,2.25,5.0,0.0,2.0,1.0,1.0,0.0,2.0,0.5,1.0,0.0,1.0,0.0,0.0,0.0,3.0,1.0,1.0,2.0,0.0,0.0,1.0,0.0,1.0,0.0,0.0,0.0,2.0,5.0,1.0,0.0,172.0,2.0,18.0,58.0,98.0,23.0,172.0,14.0,4.0,28.6,7.0,50.0,124.0,913.0,613.0,9.0,13.0,4.0,7.0,129.0,0.0,2.0,11.0,0.0,0.0,0.0,0.0,18.0,3.0,3.0,50.0,,,,,,,,,,,,,,,,,,,,,,,,,,,,,,,,,,,,,,,,,,33.0,14.3,53.0,0.0,8.0,25.0,0.0,1.55,10.0,5.0,5.0,1.25,1.0,7.4,5.1,2.3,0.57,0.58
44,2023-2024,Premier-League,Chris Basham,eng ENG,"DF,MF",Sheffield Utd,35-242,1988.0,8.0,3.0,321.0,3.6,0.0,0.0,0.0,0.0,0.0,0.0,1.0,0.0,0.1,0.1,0.3,0.4,1.0,7.0,6.0,0.0,0.0,0.0,0.0,0.0,0.04,0.07,0.1,0.04,0.1,2.0,0.0,0.0,0.56,0.0,0.0,0.0,10.8,0.0,0.06,-0.1,-0.1,103.0,138.0,74.6,1506.0,484.0,62.0,70.0,88.6,31.0,45.0,68.9,6.0,14.0,42.9,0.1,-0.3,2.0,7.0,2.0,0.0,125.0,13.0,1.0,0.0,1.0,4.0,12.0,0.0,0.0,0.0,0.0,0.0,2.0,3.0,0.84,1.0,0.0,0.0,1.0,1.0,0.0,0.0,0.0,0.0,0.0,0.0,0.0,0.0,0.0,7.0,2.0,4.0,3.0,0.0,2.0,9.0,22.2,7.0,9.0,4.0,5.0,5.0,12.0,17.0,0.0,185.0,26.0,84.0,69.0,32.0,5.0,185.0,4.0,3.0,75.0,1.0,25.0,72.0,320.0,163.0,4.0,0.0,2.0,2.0,89.0,0.0,3.0,3.0,2.0,0.0,0.0,0.0,16.0,7.0,8.0,46.7,,,,,,,,,,,,,,,,,,,,,,,,,,,,,,,,,,,,,,,,,,40.0,12.7,68.0,1.0,5.0,24.0,0.0,0.13,2.0,6.0,-4.0,-1.12,0.76,3.4,7.3,-4.0,-1.11,0.03
45,2023-2024,Premier-League,Calvin Bassey,ng NGA,DF,Fulham,24-078,1999.0,20.0,16.0,1493.0,16.6,1.0,0.0,1.0,1.0,0.0,0.0,4.0,1.0,0.3,0.3,0.0,0.3,7.0,36.0,4.0,0.06,0.0,0.06,0.06,0.06,0.02,0.0,0.02,0.02,0.02,4.0,1.0,25.0,0.24,0.06,0.25,1.0,10.1,0.0,0.08,0.7,0.7,925.0,1077.0,85.9,17706.0,5910.0,308.0,324.0,95.1,504.0,552.0,91.3,96.0,166.0,57.8,0.1,0.0,1.0,41.0,1.0,0.0,1019.0,57.0,21.0,0.0,9.0,1.0,2.0,0.0,0.0,0.0,0.0,1.0,11.0,7.0,0.42,5.0,0.0,0.0,2.0,0.0,0.0,2.0,0.12,0.0,0.0,0.0,2.0,0.0,0.0,29.0,18.0,18.0,10.0,1.0,11.0,16.0,68.8,5.0,22.0,8.0,14.0,24.0,53.0,49.0,3.0,1221.0,165.0,655.0,554.0,26.0,7.0,1221.0,12.0,9.0,75.0,2.0,16.7,772.0,3902.0,1922.0,8.0,2.0,8.0,4.0,830.0,1.0,11.0,7.0,2.0,0.0,0.0,0.0,110.0,21.0,15.0,58.3,,,,,,,,,,,,,,,,,,,,,,,,,,,,,,,,,,,,,,,,,,75.0,57.2,90.0,15.0,4.0,15.0,4.0,1.45,32.0,25.0,7.0,0.42,1.07,24.8,26.3,-1.6,-0.09,0.63
46,2023-2024,Premier-League,Owen Beck,wls WAL,DF,Liverpool,21-222,2002.0,1.0,0.0,8.0,0.1,0.0,0.0,0.0,0.0,0.0,0.0,0.0,0.0,0.0,0.0,0.0,0.0,0.0,0.0,1.0,0.0,0.0,0.0,0.0,0.0,0.0,0.0,0.0,0.0,0.0,0.0,0.0,0.0,0.0,0.0,0.0,0.0,0.0,0.0,0.0,0.0,0.0,3.0,4.0,75.0,31.0,1.0,2.0,3.0,66.7,1.0,1.0,100.0,0.0,0.0,0.0,0.0,0.0,0.0,0.0,0.0,0.0,4.0,0.0,0.0,0.0,0.0,0.0,0.0,0.0,0.0,0.0,0.0,0.0,0.0,0.0,0.0,0.0,0.0,0.0,0.0,0.0,0.0,0.0,0.0,0.0,0.0,0.0,0.0,0.0,0.0,2.0,1.0,1.0,1.0,0.0,0.0,0.0,0.0,0.0,0.0,0.0,0.0,0.0,2.0,1.0,0.0,8.0,0.0,3.0,4.0,2.0,0.0,8.0,1.0,0.0,0.0,1.0,100.0,4.0,43.0,1.0,0.0,0.0,1.0,0.0,4.0,0.0,0.0,0.0,0.0,0.0,0.0,0.0,0.0,0.0,0.0,0.0,,,,,,,,,,,,,,,,,,,,,,,,,,,,,,,,,,,,,,,,,,8.0,0.3,0.0,0.0,1.0,8.0,0.0,3.0,1.0,0.0,1.0,11.25,9.89,0.3,0.9,-0.6,-6.87,-7.89
47,2023-2024,Premier-League,Donny van de Beek,nl NED,DF,Manchester Utd,26-335,1997.0,1.0,0.0,3.0,0.0,0.0,0.0,0.0,0.0,0.0,0.0,0.0,0.0,0.0,0.0,0.1,0.2,0.0,0.0,1.0,0.0,0.0,0.0,0.0,0.0,1.09,4.44,5.54,1.09,5.54,1.0,0.0,0.0,30.0,0.0,0.0,0.0,16.1,0.0,0.04,0.0,0.0,1.0,1.0,100.0,7.0,0.0,1.0,1.0,100.0,0.0,0.0,0.0,0.0,0.0,0.0,0.0,-0.1,1.0,0.0,0.0,0.0,1.0,0.0,0.0,0.0,0.0,0.0,0.0,0.0,0.0,0.0,0.0,0.0,0.0,1.0,30.0,1.0,0.0,0.0,0.0,0.0,0.0,0.0,0.0,0.0,0.0,0.0,0.0,0.0,0.0,0.0,0.0,0.0,0.0,0.0,0.0,0.0,0.0,0.0,1.0,0.0,1.0,0.0,0.0,0.0,0.0,4.0,0.0,0.0,2.0,2.0,2.0,4.0,0.0,0.0,0.0,0.0,0.0,1.0,1.0,0.0,0.0,0.0,1.0,0.0,1.0,0.0,0.0,0.0,0.0,0.0,0.0,0.0,0.0,0.0,0.0,0.0,,,,,,,,,,,,,,,,,,,,,,,,,,,,,,,,,,,,,,,,,,3.0,0.1,0.0,0.0,1.0,3.0,11.0,0.0,0.0,0.0,0.0,0.0,0.0,0.2,0.0,0.2,5.54,5.69
48,2023-2024,Premier-League,Amari'i Bell,jm JAM,DF,Luton Town,29-318,1994.0,21.0,21.0,1720.0,19.1,0.0,0.0,0.0,0.0,0.0,0.0,0.0,0.0,0.3,0.3,0.5,0.7,32.0,76.0,10.0,0.0,0.0,0.0,0.0,0.0,0.01,0.02,0.04,0.01,0.04,2.0,2.0,100.0,0.1,0.1,0.0,0.0,18.8,0.0,0.13,-0.3,-0.3,645.0,835.0,77.2,10680.0,4470.0,324.0,372.0,87.1,270.0,315.0,85.7,44.0,108.0,40.7,0.4,-0.5,8.0,63.0,8.0,0.0,783.0,48.0,15.0,2.0,3.0,13.0,29.0,0.0,0.0,0.0,0.0,4.0,23.0,25.0,1.31,22.0,0.0,0.0,0.0,2.0,1.0,3.0,0.16,3.0,0.0,0.0,0.0,0.0,0.0,50.0,33.0,30.0,19.0,1.0,22.0,35.0,62.9,13.0,33.0,15.0,18.0,25.0,75.0,60.0,1.0,1070.0,101.0,480.0,486.0,117.0,5.0,1070.0,27.0,10.0,37.0,15.0,55.6,584.0,3640.0,2020.0,25.0,1.0,18.0,5.0,607.0,0.0,22.0,16.0,0.0,0.0,0.0,0.0,98.0,20.0,22.0,47.6,,,,,,,,,,,,,,,,,,,,,,,,,,,,,,,,,,,,,,,,,,82.0,65.9,82.0,18.0,0.0,0.0,0.0,0.86,30.0,41.0,-11.0,-0.58,0.13,24.6,38.1,-13.5,-0.71,0.37
49,2023-2024,Premier-League,Jean-Ricner Bellegarde,fr FRA,"MF,FW",Wolves,25-265,1998.0,19.0,9.0,806.0,9.0,2.0,1.0,3.0,2.0,0.0,0.0,0.0,1.0,1.4,1.4,0.8,2.2,25.0,37.0,43.0,0.22,0.11,0.33,0.22,0.33,0.15,0.09,0.25,0.15,0.25,14.0,5.0,35.7,1.56,0.56,0.14,0.4,17.2,0.0,0.1,0.6,0.6,217.0,278.0,78.1,3112.0,749.0,128.0,141.0,90.8,69.0,89.0,77.5,13.0,24.0,54.2,0.8,0.2,11.0,17.0,6.0,0.0,263.0,14.0,4.0,1.0,0.0,26.0,1.0,6.0,3.0,3.0,0.0,1.0,11.0,28.0,3.12,19.0,2.0,5.0,1.0,1.0,0.0,2.0,0.22,1.0,0.0,1.0,0.0,0.0,0.0,15.0,9.0,7.0,6.0,2.0,6.0,13.0,46.2,7.0,17.0,2.0,15.0,7.0,22.0,13.0,0.0,425.0,21.0,75.0,174.0,184.0,29.0,425.0,35.0,15.0,42.9,16.0,45.7,241.0,1626.0,756.0,23.0,5.0,23.0,16.0,265.0,0.0,9.0,20.0,2.0,0.0,0.0,0.0,36.0,6.0,21.0,22.2,,,,,,,,,,,,,,,,,,,,,,,,,,,,,,,,,,,,,,,,,,42.0,32.0,61.0,1.0,10.0,26.0,0.0,1.42,5.0,18.0,-13.0,-1.45,-2.03,8.2,16.6,-8.3,-0.93,-0.82
50,2023-2024,Premier-League,Anis Ben Slimane,tn TUN,MF,Sheffield Utd,23-002,2001.0,11.0,4.0,366.0,4.1,0.0,0.0,0.0,0.0,0.0,0.0,2.0,0.0,0.7,0.7,0.3,1.0,2.0,9.0,17.0,0.0,0.0,0.0,0.0,0.0,0.17,0.07,0.24,0.17,0.24,6.0,3.0,50.0,1.48,0.74,0.0,0.0,18.6,0.0,0.11,-0.7,-0.7,74.0,116.0,63.8,1075.0,317.0,39.0,58.0,67.2,27.0,35.0,77.1,4.0,5.0,80.0,0.1,-0.3,3.0,5.0,2.0,0.0,107.0,6.0,0.0,1.0,0.0,0.0,0.0,0.0,0.0,0.0,0.0,3.0,6.0,8.0,1.97,6.0,0.0,1.0,0.0,0.0,1.0,0.0,0.0,0.0,0.0,0.0,0.0,0.0,0.0,8.0,5.0,3.0,1.0,4.0,3.0,8.0,37.5,5.0,5.0,1.0,4.0,4.0,12.0,6.0,0.0,177.0,14.0,37.0,85.0,57.0,9.0,177.0,15.0,2.0,13.3,11.0,73.3,90.0,343.0,125.0,8.0,2.0,6.0,10.0,100.0,0.0,5.0,5.0,2.0,0.0,0.0,1.0,32.0,7.0,16.0,30.4,,,,,,,,,,,,,,,,,,,,,,,,,,,,,,,,,,,,,,,,,,33.0,14.5,61.0,0.0,7.0,17.0,8.0,0.45,2.0,12.0,-10.0,-2.46,-0.79,1.8,8.6,-6.8,-1.68,-0.63
51,2023-2024,Premier-League,Saïd Benrahma,dz ALG,"FW,MF",West Ham,28-221,1995.0,13.0,5.0,620.0,6.9,0.0,1.0,1.0,0.0,0.0,1.0,1.0,0.0,1.8,1.0,1.4,2.5,28.0,28.0,70.0,0.0,0.15,0.15,0.0,0.15,0.27,0.21,0.47,0.15,0.36,18.0,5.0,27.8,2.61,0.73,0.0,0.0,19.8,0.0,0.06,-1.8,-1.0,193.0,257.0,75.1,2587.0,504.0,116.0,138.0,84.1,56.0,76.0,73.7,8.0,15.0,53.3,0.8,-0.4,11.0,11.0,11.0,2.0,253.0,2.0,2.0,5.0,0.0,17.0,0.0,0.0,0.0,0.0,0.0,2.0,9.0,26.0,3.77,23.0,0.0,3.0,0.0,0.0,0.0,1.0,0.15,1.0,0.0,0.0,0.0,0.0,0.0,8.0,4.0,5.0,3.0,0.0,4.0,15.0,26.7,11.0,8.0,0.0,8.0,5.0,13.0,7.0,0.0,355.0,11.0,65.0,128.0,168.0,35.0,354.0,38.0,14.0,36.8,21.0,55.3,238.0,1687.0,790.0,17.0,15.0,14.0,8.0,245.0,0.0,5.0,6.0,1.0,0.0,0.0,0.0,43.0,1.0,5.0,16.7,,,,,,,,,,,,,,,,,,,,,,,,,,,,,,,,,,,,,,,,,,48.0,24.6,73.0,1.0,8.0,32.0,7.0,1.62,12.0,8.0,4.0,0.58,0.96,10.1,13.0,-2.9,-0.43,-0.03
52,2023-2024,Premier-League,Rodrigo Bentancur,uy URU,MF,Tottenham,26-267,1997.0,13.0,7.0,534.0,5.9,1.0,0.0,1.0,1.0,0.0,0.0,4.0,0.0,1.0,1.0,0.3,1.4,7.0,33.0,19.0,0.17,0.0,0.17,0.17,0.17,0.18,0.06,0.23,0.18,0.23,9.0,2.0,22.2,1.52,0.34,0.11,0.5,15.3,0.0,0.12,0.0,0.0,339.0,410.0,82.7,5214.0,1369.0,177.0,203.0,87.2,138.0,156.0,88.5,14.0,23.0,60.9,0.6,-0.3,6.0,38.0,5.0,0.0,401.0,6.0,5.0,4.0,0.0,3.0,0.0,0.0,0.0,0.0,0.0,3.0,14.0,13.0,2.19,10.0,0.0,1.0,0.0,0.0,2.0,2.0,0.34,1.0,0.0,0.0,0.0,0.0,1.0,14.0,8.0,9.0,3.0,2.0,6.0,14.0,42.9,8.0,9.0,2.0,7.0,5.0,19.0,11.0,0.0,486.0,23.0,97.0,264.0,129.0,13.0,486.0,12.0,6.0,50.0,5.0,41.7,285.0,1462.0,569.0,11.0,1.0,11.0,12.0,375.0,0.0,10.0,7.0,0.0,0.0,0.0,0.0,32.0,7.0,13.0,35.0,,,,,,,,,,,,,,,,,,,,,,,,,,,,,,,,,,,,,,,,,,41.0,21.2,58.0,1.0,6.0,21.0,0.0,1.54,9.0,12.0,-3.0,-0.51,-1.41,10.7,10.3,0.5,0.08,-0.03
53,2023-2024,Premier-League,Daniel Bentley,eng ENG,GK,Wolves,30-249,1993.0,4.0,2.0,293.0,3.3,0.0,0.0,0.0,0.0,0.0,0.0,0.0,0.0,0.0,0.0,0.0,0.0,0.0,0.0,0.0,0.0,0.0,0.0,0.0,0.0,0.0,0.0,0.0,0.0,0.0,0.0,0.0,0.0,0.0,0.0,0.0,0.0,0.0,0.0,0.0,0.0,0.0,67.0,98.0,68.4,1552.0,1081.0,22.0,22.0,100.0,26.0,26.0,100.0,18.0,49.0,36.7,0.0,0.0,0.0,0.0,0.0,0.0,64.0,34.0,8.0,0.0,0.0,0.0,0.0,0.0,0.0,0.0,0.0,0.0,0.0,0.0,0.0,0.0,0.0,0.0,0.0,0.0,0.0,0.0,0.0,0.0,0.0,0.0,0.0,0.0,0.0,0.0,0.0,0.0,0.0,0.0,0.0,0.0,0.0,0.0,0.0,0.0,0.0,0.0,0.0,1.0,0.0,104.0,87.0,104.0,0.0,0.0,0.0,104.0,0.0,0.0,0.0,0.0,0.0,43.0,229.0,144.0,0.0,0.0,0.0,0.0,50.0,0.0,0.0,0.0,0.0,0.0,0.0,0.0,2.0,2.0,0.0,100.0,4.0,2.0,293.0,4.0,1.23,12.0,8.0,66.7,1.0,0.0,1.0,1.0,50.0,0.0,0.0,0.0,0.0,0.0,0.0,0.0,0.0,4.2,0.35,0.2,0.05,9.0,37.0,24.3,72.0,8.0,34.7,32.4,26.0,46.2,35.0,43.0,0.0,0.0,2.0,0.61,12.7,73.0,11.6,90.0,2.0,2.0,57.0,24.0,0.75,2.0,4.0,-2.0,-0.61,-0.61,2.7,5.0,-2.3,-0.72,-0.39
54,2023-2024,Premier-League,Jóhann Berg Guðmundsson,is ISL,MF,Burnley,33-143,1990.0,20.0,12.0,1050.0,11.7,0.0,2.0,2.0,0.0,0.0,0.0,2.0,0.0,0.9,0.9,2.3,3.3,9.0,52.0,55.0,0.0,0.17,0.17,0.0,0.17,0.08,0.2,0.28,0.08,0.28,10.0,3.0,30.0,0.86,0.26,0.0,0.0,15.3,1.0,0.09,-0.9,-0.9,330.0,456.0,72.4,6259.0,1953.0,132.0,150.0,88.0,135.0,169.0,79.9,51.0,106.0,48.1,2.1,-0.3,31.0,33.0,15.0,4.0,387.0,67.0,26.0,4.0,3.0,61.0,2.0,36.0,18.0,10.0,4.0,2.0,13.0,43.0,3.69,25.0,15.0,0.0,1.0,2.0,0.0,4.0,0.34,3.0,1.0,0.0,0.0,0.0,0.0,13.0,4.0,6.0,5.0,2.0,7.0,15.0,46.7,8.0,13.0,0.0,13.0,14.0,27.0,14.0,0.0,550.0,22.0,95.0,249.0,210.0,21.0,550.0,14.0,4.0,28.6,6.0,42.9,315.0,1462.0,470.0,13.0,2.0,18.0,12.0,350.0,0.0,8.0,18.0,1.0,0.0,0.0,0.0,52.0,12.0,19.0,38.7,,,,,,,,,,,,,,,,,,,,,,,,,,,,,,,,,,,,,,,,,,53.0,40.2,68.0,1.0,8.0,29.0,2.0,0.4,15.0,23.0,-8.0,-0.69,0.81,11.5,17.9,-6.4,-0.54,0.37
55,2023-2024,Premier-League,Sander Berge,no NOR,MF,Burnley,26-033,1998.0,28.0,25.0,2195.0,24.4,1.0,1.0,2.0,1.0,0.0,0.0,8.0,1.0,1.7,1.7,1.2,3.0,43.0,105.0,24.0,0.04,0.04,0.08,0.04,0.08,0.07,0.05,0.12,0.07,0.12,20.0,3.0,15.0,0.82,0.12,0.05,0.33,16.7,0.0,0.09,-0.7,-0.7,906.0,1052.0,86.1,15555.0,3084.0,395.0,449.0,88.0,408.0,452.0,90.3,80.0,102.0,78.4,0.9,-0.2,18.0,74.0,11.0,1.0,1030.0,20.0,11.0,2.0,7.0,8.0,1.0,0.0,0.0,0.0,0.0,2.0,9.0,43.0,1.76,42.0,0.0,0.0,0.0,1.0,0.0,5.0,0.21,5.0,0.0,0.0,0.0,0.0,0.0,56.0,33.0,25.0,27.0,4.0,26.0,47.0,55.3,21.0,36.0,15.0,21.0,19.0,75.0,48.0,1.0,1307.0,100.0,349.0,686.0,285.0,34.0,1307.0,28.0,16.0,57.1,9.0,32.1,735.0,4328.0,2064.0,40.0,5.0,19.0,17.0,822.0,1.0,33.0,13.0,2.0,0.0,0.0,0.0,143.0,58.0,46.0,55.8,,,,,,,,,,,,,,,,,,,,,,,,,,,,,,,,,,,,,,,,,,78.0,84.1,85.0,19.0,3.0,26.0,0.0,0.57,24.0,54.0,-30.0,-1.23,-0.36,23.7,43.6,-19.9,-0.82,-0.33
56,2023-2024,Premier-League,Luke Berry,eng ENG,"MF,DF",Luton Town,31-250,1992.0,9.0,0.0,68.0,0.8,1.0,0.0,1.0,1.0,0.0,0.0,1.0,0.0,0.4,0.4,0.1,0.5,1.0,1.0,3.0,1.32,0.0,1.32,1.32,1.32,0.53,0.08,0.62,0.53,0.62,2.0,1.0,50.0,2.65,1.32,0.5,1.0,8.4,0.0,0.2,0.6,0.6,16.0,32.0,50.0,233.0,81.0,10.0,12.0,83.3,5.0,11.0,45.5,1.0,6.0,16.7,0.1,-0.1,1.0,0.0,0.0,0.0,26.0,6.0,1.0,0.0,0.0,6.0,0.0,5.0,4.0,1.0,0.0,0.0,2.0,1.0,1.32,0.0,1.0,0.0,0.0,0.0,0.0,0.0,0.0,0.0,0.0,0.0,0.0,0.0,0.0,2.0,2.0,0.0,2.0,0.0,0.0,0.0,0.0,0.0,1.0,0.0,1.0,0.0,2.0,0.0,0.0,44.0,1.0,7.0,19.0,18.0,5.0,44.0,0.0,0.0,0.0,0.0,0.0,15.0,39.0,10.0,1.0,0.0,2.0,2.0,17.0,0.0,3.0,2.0,0.0,0.0,0.0,0.0,2.0,1.0,1.0,50.0,,,,,,,,,,,,,,,,,,,,,,,,,,,,,,,,,,,,,,,,,,8.0,2.6,0.0,0.0,9.0,8.0,15.0,0.67,3.0,1.0,2.0,2.65,3.36,1.6,2.0,-0.4,-0.5,0.35
57,2023-2024,Premier-League,Beto,gw GNB,FW,Everton,26-047,1998.0,23.0,7.0,746.0,8.3,2.0,0.0,2.0,2.0,0.0,1.0,2.0,0.0,4.7,3.9,0.9,4.9,11.0,14.0,46.0,0.24,0.0,0.24,0.24,0.24,0.57,0.11,0.68,0.48,0.59,34.0,8.0,23.5,4.1,0.97,0.06,0.25,15.3,0.0,0.12,-2.7,-1.9,91.0,149.0,61.1,1213.0,291.0,55.0,79.0,69.6,29.0,45.0,64.4,4.0,5.0,80.0,0.3,-0.9,11.0,7.0,6.0,0.0,148.0,1.0,0.0,1.0,1.0,4.0,1.0,0.0,0.0,0.0,0.0,0.0,5.0,31.0,3.74,19.0,0.0,6.0,3.0,1.0,2.0,1.0,0.12,1.0,0.0,0.0,0.0,0.0,0.0,14.0,6.0,1.0,6.0,7.0,4.0,11.0,36.4,7.0,9.0,0.0,9.0,0.0,14.0,10.0,0.0,301.0,12.0,23.0,115.0,167.0,47.0,300.0,29.0,13.0,44.8,13.0,44.8,147.0,776.0,316.0,8.0,9.0,35.0,18.0,203.0,0.0,17.0,15.0,6.0,0.0,0.0,0.0,30.0,35.0,39.0,47.3,,,,,,,,,,,,,,,,,,,,,,,,,,,,,,,,,,,,,,,,,,32.0,29.6,71.0,1.0,16.0,16.0,1.0,1.22,14.0,12.0,2.0,0.24,0.85,14.7,13.0,1.7,0.21,0.16
58,2023-2024,Premier-League,Jordan Beyer,de GER,DF,Burnley,23-304,2000.0,15.0,15.0,1234.0,13.7,0.0,1.0,1.0,0.0,0.0,0.0,6.0,0.0,0.5,0.5,0.3,0.8,9.0,25.0,1.0,0.0,0.07,0.07,0.0,0.07,0.04,0.02,0.06,0.04,0.06,5.0,0.0,0.0,0.36,0.0,0.0,0.0,8.2,0.0,0.1,-0.5,-0.5,766.0,861.0,89.0,14232.0,3759.0,270.0,298.0,90.6,421.0,446.0,94.4,64.0,92.0,69.6,0.2,0.7,3.0,28.0,1.0,0.0,840.0,19.0,14.0,1.0,5.0,0.0,4.0,0.0,0.0,0.0,0.0,2.0,9.0,10.0,0.73,10.0,0.0,0.0,0.0,0.0,0.0,1.0,0.07,1.0,0.0,0.0,0.0,0.0,0.0,35.0,20.0,22.0,12.0,1.0,14.0,24.0,58.3,10.0,22.0,15.0,7.0,16.0,51.0,68.0,1.0,1022.0,159.0,570.0,429.0,26.0,8.0,1022.0,7.0,4.0,57.1,2.0,28.6,624.0,3314.0,2089.0,11.0,0.0,5.0,1.0,678.0,0.0,11.0,6.0,0.0,0.0,0.0,0.0,57.0,28.0,26.0,51.9,,,,,,,,,,,,,,,,,,,,,,,,,,,,,,,,,,,,,,,,,,82.0,47.3,82.0,10.0,0.0,0.0,0.0,0.73,14.0,23.0,-9.0,-0.66,0.98,10.7,20.5,-9.8,-0.72,0.09
59,2023-2024,Premier-League,Philip Billing,dk DEN,MF,Bournemouth,27-281,1996.0,23.0,12.0,1239.0,13.8,2.0,2.0,4.0,2.0,0.0,0.0,3.0,1.0,2.1,2.1,2.9,5.0,17.0,46.0,54.0,0.15,0.15,0.29,0.15,0.29,0.16,0.21,0.37,0.16,0.37,25.0,6.0,24.0,1.82,0.44,0.08,0.33,20.3,5.0,0.09,-0.1,-0.1,357.0,467.0,76.4,5307.0,1566.0,207.0,246.0,84.1,102.0,130.0,78.5,29.0,48.0,60.4,2.0,-0.9,20.0,32.0,14.0,4.0,455.0,10.0,3.0,0.0,6.0,22.0,2.0,3.0,1.0,1.0,0.0,2.0,15.0,40.0,2.9,36.0,1.0,1.0,1.0,1.0,0.0,5.0,0.36,5.0,0.0,0.0,0.0,0.0,0.0,29.0,13.0,4.0,21.0,4.0,8.0,23.0,34.8,15.0,27.0,5.0,22.0,16.0,45.0,26.0,1.0,659.0,41.0,122.0,294.0,250.0,56.0,659.0,30.0,10.0,33.3,17.0,56.7,327.0,1511.0,669.0,20.0,5.0,25.0,14.0,386.0,0.0,15.0,11.0,0.0,0.0,0.0,0.0,68.0,31.0,20.0,60.8,,,,,,,,,,,,,,,,,,,,,,,,,,,,,,,,,,,,,,,,,,54.0,49.2,84.0,6.0,11.0,21.0,1.0,1.3,17.0,31.0,-14.0,-1.02,-1.23,17.0,25.6,-8.6,-0.62,-1.06
60,2023-2024,Premier-League,Yves Bissouma,ml MLI,MF,Tottenham,27-201,1996.0,20.0,19.0,1549.0,17.2,0.0,0.0,0.0,0.0,0.0,0.0,8.0,2.0,1.2,1.2,0.3,1.5,34.0,121.0,9.0,0.0,0.0,0.0,0.0,0.0,0.07,0.02,0.09,0.07,0.09,18.0,4.0,22.2,1.05,0.23,0.0,0.0,25.1,1.0,0.07,-1.2,-1.2,1285.0,1398.0,91.9,19036.0,5355.0,717.0,761.0,94.2,470.0,503.0,93.4,46.0,58.0,79.3,1.4,-0.3,7.0,111.0,9.0,0.0,1350.0,44.0,42.0,3.0,4.0,1.0,2.0,0.0,0.0,0.0,0.0,4.0,12.0,33.0,1.92,25.0,1.0,3.0,0.0,0.0,4.0,2.0,0.12,2.0,0.0,0.0,0.0,0.0,0.0,62.0,40.0,26.0,28.0,8.0,32.0,46.0,69.6,14.0,23.0,5.0,18.0,29.0,91.0,36.0,3.0,1624.0,76.0,364.0,952.0,324.0,17.0,1624.0,44.0,26.0,59.1,10.0,22.7,1042.0,5494.0,2316.0,32.0,7.0,25.0,26.0,1255.0,1.0,24.0,28.0,0.0,0.0,0.0,0.0,92.0,10.0,11.0,47.6,,,,,,,,,,,,,,,,,,,,,,,,,,,,,,,,,,,,,,,,,,77.0,61.5,80.0,7.0,1.0,28.0,0.0,1.95,37.0,23.0,14.0,0.81,0.54,27.7,26.9,0.8,0.05,-0.14
61,2023-2024,Premier-League,Benicio Boaitey,eng ENG,"DF,FW",Brighton,20-069,2004.0,4.0,0.0,16.0,0.2,0.0,0.0,0.0,0.0,0.0,0.0,0.0,0.0,0.0,0.0,0.0,0.0,0.0,1.0,1.0,0.0,0.0,0.0,0.0,0.0,0.0,0.0,0.0,0.0,0.0,0.0,0.0,0.0,0.0,0.0,0.0,0.0,0.0,0.0,0.0,0.0,0.0,9.0,14.0,64.3,124.0,19.0,6.0,9.0,66.7,3.0,4.0,75.0,0.0,0.0,0.0,0.0,0.0,0.0,0.0,0.0,0.0,14.0,0.0,0.0,0.0,0.0,0.0,0.0,0.0,0.0,0.0,0.0,0.0,0.0,0.0,0.0,0.0,0.0,0.0,0.0,0.0,0.0,0.0,0.0,0.0,0.0,0.0,0.0,0.0,0.0,0.0,0.0,0.0,0.0,0.0,0.0,0.0,0.0,0.0,0.0,0.0,0.0,0.0,0.0,2.0,0.0,21.0,1.0,6.0,4.0,12.0,0.0,21.0,1.0,1.0,100.0,0.0,0.0,12.0,69.0,12.0,2.0,0.0,1.0,1.0,16.0,0.0,0.0,0.0,1.0,0.0,0.0,0.0,2.0,0.0,0.0,0.0,,,,,,,,,,,,,,,,,,,,,,,,,,,,,,,,,,,,,,,,,,4.0,0.6,0.0,0.0,4.0,4.0,8.0,1.0,1.0,1.0,0.0,0.0,-0.22,0.7,0.5,0.2,1.39,1.16
62,2023-2024,Premier-League,Oscar Bobb,no NOR,"FW,MF",Manchester City,20-250,2003.0,9.0,1.0,180.0,2.0,1.0,1.0,2.0,1.0,0.0,0.0,0.0,0.0,1.3,1.3,0.9,2.2,9.0,18.0,29.0,0.5,0.5,1.0,0.5,1.0,0.64,0.47,1.11,0.64,1.11,3.0,1.0,33.3,1.5,0.5,0.33,1.0,9.1,0.0,0.43,-0.3,-0.3,95.0,109.0,87.2,1267.0,272.0,66.0,69.0,95.7,26.0,30.0,86.7,2.0,2.0,100.0,1.1,0.1,5.0,2.0,13.0,1.0,105.0,4.0,1.0,3.0,0.0,4.0,3.0,0.0,0.0,0.0,0.0,0.0,4.0,14.0,7.0,9.0,0.0,4.0,0.0,1.0,0.0,5.0,2.5,2.0,0.0,2.0,0.0,1.0,0.0,3.0,0.0,1.0,0.0,2.0,1.0,2.0,50.0,1.0,3.0,0.0,3.0,1.0,4.0,1.0,0.0,137.0,3.0,7.0,19.0,112.0,16.0,137.0,13.0,9.0,69.2,3.0,23.1,86.0,426.0,256.0,4.0,3.0,4.0,3.0,101.0,0.0,1.0,3.0,0.0,0.0,0.0,0.0,8.0,1.0,0.0,100.0,,,,,,,,,,,,,,,,,,,,,,,,,,,,,,,,,,,,,,,,,,20.0,7.1,60.0,0.0,8.0,15.0,17.0,2.33,5.0,2.0,3.0,1.5,0.27,5.1,1.7,3.4,1.68,0.69
63,2023-2024,Premier-League,Jayden Bogle,eng ENG,DF,Sheffield Utd,23-235,2000.0,24.0,22.0,1916.0,21.3,1.0,0.0,1.0,1.0,0.0,0.0,8.0,0.0,1.4,1.4,0.8,2.2,20.0,35.0,59.0,0.05,0.0,0.05,0.05,0.05,0.07,0.04,0.11,0.07,0.11,19.0,6.0,31.6,0.89,0.28,0.05,0.17,16.7,0.0,0.07,-0.4,-0.4,460.0,675.0,68.1,6849.0,2482.0,278.0,328.0,84.8,142.0,206.0,68.9,30.0,87.0,34.5,0.8,-0.8,8.0,26.0,14.0,5.0,554.0,120.0,4.0,0.0,2.0,32.0,115.0,0.0,0.0,0.0,0.0,1.0,25.0,21.0,0.99,18.0,0.0,0.0,1.0,2.0,0.0,1.0,0.05,0.0,0.0,0.0,1.0,0.0,0.0,48.0,27.0,34.0,12.0,2.0,25.0,55.0,45.5,30.0,34.0,11.0,23.0,27.0,75.0,74.0,0.0,970.0,109.0,388.0,353.0,241.0,40.0,970.0,39.0,12.0,30.8,19.0,48.7,392.0,2249.0,827.0,15.0,5.0,34.0,19.0,456.0,0.0,29.0,16.0,3.0,0.0,0.0,1.0,92.0,34.0,16.0,68.0,,,,,,,,,,,,,,,,,,,,,,,,,,,,,,,,,,,,,,,,,,80.0,76.0,83.0,15.0,2.0,43.0,1.0,0.54,18.0,52.0,-34.0,-1.6,0.79,19.4,39.7,-20.3,-0.95,0.78
64,2023-2024,Premier-League,Willy Boly,ci CIV,DF,Nott'ham Forest,33-044,1991.0,16.0,14.0,1085.0,12.1,1.0,0.0,1.0,1.0,0.0,0.0,3.0,1.0,1.3,1.3,1.0,2.3,4.0,22.0,2.0,0.08,0.0,0.08,0.08,0.08,0.11,0.08,0.19,0.11,0.19,12.0,5.0,41.7,1.0,0.41,0.08,0.2,10.6,0.0,0.11,-0.3,-0.3,412.0,549.0,75.0,7459.0,3235.0,172.0,192.0,89.6,194.0,248.0,78.2,36.0,87.0,41.4,0.7,-1.0,5.0,26.0,7.0,0.0,483.0,63.0,12.0,1.0,0.0,1.0,51.0,0.0,0.0,0.0,0.0,3.0,8.0,10.0,0.83,8.0,0.0,0.0,2.0,0.0,0.0,0.0,0.0,0.0,0.0,0.0,0.0,0.0,0.0,32.0,19.0,28.0,4.0,0.0,15.0,25.0,60.0,10.0,22.0,15.0,7.0,20.0,52.0,71.0,0.0,716.0,121.0,409.0,262.0,47.0,25.0,716.0,5.0,2.0,40.0,1.0,20.0,317.0,1439.0,735.0,2.0,1.0,2.0,1.0,371.0,1.0,16.0,1.0,1.0,0.0,0.0,0.0,67.0,48.0,24.0,66.7,,,,,,,,,,,,,,,,,,,,,,,,,,,,,,,,,,,,,,,,,,68.0,41.6,76.0,8.0,2.0,10.0,3.0,0.88,10.0,16.0,-6.0,-0.5,0.09,13.8,17.4,-3.6,-0.3,-0.18
65,2023-2024,Premier-League,Sven Botman,nl NED,DF,Newcastle Utd,24-066,2000.0,17.0,15.0,1377.0,15.3,2.0,2.0,4.0,2.0,0.0,0.0,2.0,0.0,0.6,0.6,1.0,1.6,0.0,35.0,5.0,0.13,0.13,0.26,0.13,0.26,0.04,0.07,0.11,0.04,0.11,10.0,2.0,20.0,0.65,0.13,0.2,1.0,10.5,0.0,0.06,1.4,1.4,921.0,1017.0,90.6,17027.0,6760.0,357.0,382.0,93.5,459.0,489.0,93.9,98.0,132.0,74.2,0.6,1.0,5.0,38.0,1.0,0.0,981.0,36.0,32.0,0.0,5.0,0.0,2.0,0.0,0.0,0.0,0.0,0.0,3.0,14.0,0.92,12.0,0.0,0.0,2.0,0.0,0.0,3.0,0.2,3.0,0.0,0.0,0.0,0.0,0.0,20.0,13.0,14.0,6.0,0.0,8.0,13.0,61.5,5.0,20.0,16.0,4.0,9.0,29.0,61.0,3.0,1154.0,186.0,676.0,450.0,29.0,20.0,1154.0,2.0,0.0,0.0,2.0,100.0,672.0,2866.0,1403.0,4.0,0.0,5.0,2.0,822.0,0.0,9.0,2.0,1.0,0.0,1.0,1.0,70.0,34.0,17.0,66.7,,,,,,,,,,,,,,,,,,,,,,,,,,,,,,,,,,,,,,,,,,81.0,54.6,88.0,12.0,2.0,31.0,0.0,1.35,37.0,29.0,8.0,0.52,0.29,26.3,31.0,-4.7,-0.31,-0.83
66,2023-2024,Premier-League,Jarrod Bowen,eng ENG,FW,West Ham,27-089,1996.0,27.0,27.0,2426.0,27.0,14.0,3.0,17.0,14.0,0.0,0.0,2.0,0.0,9.3,9.3,3.8,13.1,71.0,44.0,152.0,0.52,0.11,0.63,0.52,0.63,0.34,0.14,0.48,0.34,0.48,65.0,30.0,46.2,2.41,1.11,0.22,0.47,13.9,0.0,0.14,4.7,4.7,393.0,562.0,69.9,5300.0,1382.0,236.0,285.0,82.8,111.0,144.0,77.1,22.0,44.0,50.0,2.9,-0.8,20.0,23.0,10.0,1.0,530.0,30.0,0.0,4.0,3.0,49.0,3.0,13.0,12.0,0.0,0.0,2.0,44.0,65.0,2.41,46.0,4.0,5.0,5.0,3.0,2.0,10.0,0.37,8.0,0.0,0.0,1.0,0.0,1.0,31.0,19.0,12.0,9.0,10.0,10.0,26.0,38.5,16.0,30.0,5.0,25.0,17.0,48.0,13.0,0.0,868.0,18.0,110.0,324.0,452.0,138.0,868.0,68.0,25.0,36.8,37.0,54.4,535.0,3786.0,1684.0,32.0,37.0,66.0,46.0,601.0,0.0,25.0,33.0,18.0,0.0,0.0,0.0,97.0,30.0,59.0,33.7,,,,,,,,,,,,,,,,,,,,,,,,,,,,,,,,,,,,,,,,,,90.0,96.3,90.0,25.0,0.0,0.0,0.0,1.48,43.0,48.0,-5.0,-0.19,-1.14,38.1,48.8,-10.7,-0.4,0.17
67,2023-2024,Premier-League,Conor Bradley,nir NIR,DF,Liverpool,20-253,2003.0,6.0,6.0,441.0,4.9,1.0,3.0,4.0,1.0,0.0,0.0,1.0,0.0,0.7,0.7,1.1,1.8,16.0,16.0,37.0,0.2,0.61,0.82,0.2,0.82,0.14,0.21,0.36,0.14,0.36,8.0,4.0,50.0,1.63,0.82,0.13,0.25,17.2,0.0,0.09,0.3,0.3,226.0,299.0,75.6,3367.0,1053.0,123.0,149.0,82.6,82.0,110.0,74.5,12.0,22.0,54.5,0.8,1.9,10.0,12.0,10.0,3.0,249.0,50.0,4.0,3.0,1.0,13.0,46.0,0.0,0.0,0.0,0.0,0.0,7.0,18.0,3.67,10.0,1.0,3.0,2.0,1.0,1.0,3.0,0.61,2.0,1.0,0.0,0.0,0.0,0.0,19.0,16.0,10.0,7.0,2.0,13.0,22.0,59.1,9.0,10.0,1.0,9.0,5.0,24.0,9.0,0.0,383.0,9.0,82.0,162.0,143.0,18.0,383.0,19.0,7.0,36.8,9.0,47.4,217.0,1169.0,586.0,16.0,4.0,13.0,5.0,224.0,0.0,6.0,10.0,0.0,0.0,0.0,0.0,27.0,8.0,3.0,72.7,,,,,,,,,,,,,,,,,,,,,,,,,,,,,,,,,,,,,,,,,,74.0,17.5,74.0,0.0,0.0,0.0,6.0,2.67,12.0,3.0,9.0,1.84,0.54,10.8,4.7,6.2,1.26,0.31
68,2023-2024,Premier-League,Jarrad Branthwaite,eng ENG,DF,Everton,21-265,2002.0,25.0,25.0,2250.0,25.0,2.0,0.0,2.0,2.0,0.0,0.0,7.0,0.0,1.4,1.4,0.9,2.3,2.0,47.0,4.0,0.08,0.0,0.08,0.08,0.08,0.06,0.04,0.09,0.06,0.09,8.0,3.0,37.5,0.32,0.12,0.25,0.67,11.3,0.0,0.18,0.6,0.6,805.0,1018.0,79.1,14945.0,5523.0,316.0,365.0,86.6,391.0,452.0,86.5,81.0,155.0,52.3,1.0,-0.9,3.0,40.0,1.0,0.0,1002.0,11.0,5.0,0.0,4.0,1.0,6.0,0.0,0.0,0.0,0.0,5.0,11.0,16.0,0.64,13.0,0.0,0.0,1.0,2.0,0.0,1.0,0.04,1.0,0.0,0.0,0.0,0.0,0.0,50.0,27.0,33.0,16.0,1.0,34.0,41.0,82.9,7.0,31.0,22.0,9.0,41.0,91.0,109.0,1.0,1300.0,212.0,697.0,568.0,39.0,25.0,1300.0,7.0,5.0,71.4,1.0,14.3,575.0,2420.0,1163.0,5.0,1.0,12.0,0.0,654.0,0.0,23.0,14.0,2.0,0.0,1.0,0.0,144.0,64.0,34.0,65.3,,,,,,,,,,,,,,,,,,,,,,,,,,,,,,,,,,,,,,,,,,90.0,89.3,90.0,25.0,0.0,0.0,2.0,1.12,27.0,34.0,-7.0,-0.28,0.72,37.6,34.7,2.9,0.12,0.24
69,2023-2024,Premier-League,Ben Brereton,cl CHI,"MF,FW",Sheffield Utd,24-335,1999.0,4.0,4.0,254.0,2.8,2.0,0.0,2.0,2.0,0.0,0.0,1.0,0.0,1.1,1.1,0.0,1.1,7.0,8.0,22.0,0.71,0.0,0.71,0.71,0.71,0.39,0.01,0.4,0.39,0.4,7.0,5.0,71.4,2.48,1.77,0.29,0.4,15.5,0.0,0.16,0.9,0.9,41.0,60.0,68.3,543.0,162.0,30.0,36.0,83.3,10.0,14.0,71.4,1.0,4.0,25.0,0.1,0.0,1.0,5.0,4.0,0.0,55.0,5.0,0.0,0.0,0.0,2.0,1.0,0.0,0.0,0.0,0.0,0.0,4.0,6.0,2.13,5.0,0.0,1.0,0.0,0.0,0.0,2.0,0.71,1.0,0.0,1.0,0.0,0.0,0.0,2.0,2.0,1.0,1.0,0.0,1.0,2.0,50.0,1.0,1.0,1.0,0.0,0.0,2.0,2.0,0.0,90.0,2.0,11.0,43.0,39.0,12.0,90.0,7.0,5.0,71.4,1.0,14.3,52.0,380.0,192.0,3.0,8.0,8.0,3.0,66.0,0.0,4.0,5.0,6.0,0.0,0.0,0.0,8.0,2.0,4.0,33.3,,,,,,,,,,,,,,,,,,,,,,,,,,,,,,,,,,,,,,,,,,64.0,10.1,64.0,0.0,0.0,0.0,1.0,0.5,5.0,9.0,-4.0,-1.42,0.41,3.3,6.1,-2.7,-0.97,0.19
70,2023-2024,Premier-League,Rhian Brewster,eng ENG,"FW,MF",Sheffield Utd,23-352,2000.0,11.0,3.0,307.0,3.4,0.0,0.0,0.0,0.0,0.0,0.0,0.0,1.0,0.3,0.3,0.1,0.4,1.0,2.0,17.0,0.0,0.0,0.0,0.0,0.0,0.08,0.03,0.11,0.08,0.11,6.0,3.0,50.0,1.76,0.88,0.0,0.0,23.7,0.0,0.04,-0.3,-0.3,43.0,63.0,68.3,555.0,144.0,29.0,34.0,85.3,9.0,21.0,42.9,2.0,2.0,100.0,0.1,-0.1,2.0,6.0,1.0,0.0,61.0,2.0,0.0,0.0,0.0,2.0,0.0,0.0,0.0,0.0,0.0,0.0,1.0,6.0,1.76,5.0,0.0,0.0,1.0,0.0,0.0,0.0,0.0,0.0,0.0,0.0,0.0,0.0,0.0,5.0,1.0,1.0,2.0,2.0,0.0,2.0,0.0,2.0,2.0,0.0,2.0,0.0,5.0,2.0,0.0,98.0,2.0,9.0,40.0,49.0,15.0,98.0,5.0,0.0,0.0,4.0,80.0,54.0,165.0,65.0,4.0,3.0,8.0,8.0,72.0,0.0,5.0,5.0,0.0,0.0,0.0,0.0,6.0,4.0,18.0,18.2,,,,,,,,,,,,,,,,,,,,,,,,,,,,,,,,,,,,,,,,,,28.0,12.2,61.0,0.0,8.0,16.0,0.0,0.64,0.0,7.0,-7.0,-2.05,-0.3,1.5,5.7,-4.2,-1.22,-0.09
71,2023-2024,Premier-League,Armando Broja,al ALB,FW,Chelsea,22-190,2001.0,13.0,6.0,454.0,5.0,1.0,0.0,1.0,1.0,0.0,0.0,0.0,0.0,2.4,2.4,0.2,2.5,11.0,6.0,37.0,0.2,0.0,0.2,0.2,0.2,0.47,0.03,0.5,0.47,0.5,13.0,2.0,15.4,2.58,0.4,0.08,0.5,11.1,0.0,0.18,-1.4,-1.4,83.0,94.0,88.3,932.0,91.0,60.0,64.0,93.8,15.0,18.0,83.3,1.0,2.0,50.0,0.3,-0.2,3.0,2.0,2.0,0.0,87.0,7.0,1.0,0.0,0.0,1.0,0.0,0.0,0.0,0.0,0.0,0.0,0.0,8.0,1.59,5.0,0.0,1.0,0.0,2.0,0.0,1.0,0.2,0.0,0.0,0.0,0.0,1.0,0.0,3.0,0.0,0.0,1.0,2.0,1.0,2.0,50.0,1.0,5.0,1.0,4.0,0.0,3.0,3.0,0.0,167.0,3.0,9.0,56.0,106.0,35.0,167.0,31.0,13.0,41.9,16.0,51.6,117.0,695.0,286.0,4.0,8.0,17.0,14.0,131.0,0.0,4.0,8.0,6.0,1.0,0.0,0.0,13.0,4.0,14.0,22.2,,,,,,,,,,,,,,,,,,,,,,,,,,,,,,,,,,,,,,,,,,35.0,18.7,60.0,0.0,7.0,14.0,1.0,1.69,8.0,5.0,3.0,0.59,0.64,10.5,5.7,4.9,0.97,0.74
72,2023-2024,Premier-League,Armando Broja,al ALB,FW,Fulham,22-190,2001.0,4.0,0.0,51.0,0.6,0.0,1.0,1.0,0.0,0.0,0.0,0.0,0.0,0.0,0.0,0.4,0.4,2.0,1.0,5.0,0.0,1.76,1.76,0.0,1.76,0.0,0.7,0.7,0.0,0.7,0.0,0.0,0.0,0.0,0.0,0.0,0.0,0.0,0.0,0.0,0.0,0.0,10.0,15.0,66.7,95.0,40.0,9.0,11.0,81.8,1.0,1.0,100.0,0.0,0.0,0.0,0.0,0.6,1.0,2.0,1.0,0.0,15.0,0.0,0.0,0.0,0.0,1.0,0.0,0.0,0.0,0.0,0.0,0.0,1.0,0.0,0.0,0.0,0.0,0.0,0.0,0.0,0.0,0.0,0.0,0.0,0.0,0.0,0.0,0.0,0.0,0.0,0.0,0.0,0.0,0.0,0.0,0.0,0.0,0.0,1.0,0.0,1.0,0.0,0.0,0.0,0.0,23.0,0.0,2.0,4.0,17.0,3.0,23.0,3.0,2.0,66.7,1.0,33.3,15.0,103.0,55.0,1.0,0.0,3.0,3.0,21.0,0.0,4.0,1.0,0.0,0.0,0.0,0.0,2.0,3.0,6.0,33.3,,,,,,,,,,,,,,,,,,,,,,,,,,,,,,,,,,,,,,,,,,13.0,2.0,0.0,0.0,4.0,13.0,1.0,1.75,2.0,1.0,1.0,1.76,1.84,2.1,1.0,1.1,1.89,2.29
73,2023-2024,Premier-League,Andre Brooks,eng ENG,"MF,DF",Sheffield Utd,20-211,2003.0,13.0,8.0,650.0,7.2,0.0,0.0,0.0,0.0,0.0,0.0,1.0,0.0,0.2,0.2,0.1,0.3,6.0,12.0,13.0,0.0,0.0,0.0,0.0,0.0,0.03,0.01,0.04,0.03,0.04,5.0,1.0,20.0,0.69,0.14,0.0,0.0,20.6,0.0,0.05,-0.2,-0.2,119.0,163.0,73.0,1772.0,400.0,71.0,85.0,83.5,42.0,56.0,75.0,5.0,11.0,45.5,0.2,-0.1,2.0,8.0,4.0,0.0,154.0,9.0,2.0,0.0,0.0,7.0,5.0,0.0,0.0,0.0,0.0,0.0,11.0,5.0,0.69,2.0,0.0,2.0,1.0,0.0,0.0,0.0,0.0,0.0,0.0,0.0,0.0,0.0,0.0,10.0,7.0,2.0,7.0,1.0,5.0,14.0,35.7,9.0,11.0,1.0,10.0,9.0,19.0,14.0,0.0,249.0,9.0,51.0,126.0,75.0,11.0,249.0,19.0,11.0,57.9,7.0,36.8,118.0,742.0,246.0,8.0,1.0,14.0,9.0,130.0,0.0,7.0,6.0,0.0,0.0,0.0,0.0,25.0,9.0,12.0,42.9,,,,,,,,,,,,,,,,,,,,,,,,,,,,,,,,,,,,,,,,,,50.0,25.8,64.0,0.0,5.0,28.0,8.0,0.38,2.0,18.0,-16.0,-2.22,-0.58,5.3,9.9,-4.5,-0.63,0.69
74,2023-2024,Premier-League,David Brooks,wls WAL,"FW,MF",Bournemouth,26-254,1997.0,13.0,2.0,282.0,3.1,1.0,1.0,2.0,1.0,0.0,0.0,1.0,0.0,2.2,2.2,1.0,3.2,8.0,21.0,27.0,0.32,0.32,0.64,0.32,0.64,0.7,0.33,1.03,0.7,1.03,13.0,5.0,38.5,4.15,1.6,0.08,0.2,17.4,0.0,0.17,-1.2,-1.2,95.0,132.0,72.0,1545.0,666.0,47.0,55.0,85.5,34.0,42.0,81.0,10.0,23.0,43.5,0.5,0.0,8.0,14.0,12.0,3.0,120.0,12.0,1.0,1.0,1.0,15.0,5.0,6.0,5.0,0.0,0.0,0.0,6.0,20.0,6.41,16.0,1.0,1.0,1.0,1.0,0.0,3.0,0.96,2.0,0.0,1.0,0.0,0.0,0.0,5.0,4.0,2.0,1.0,2.0,2.0,4.0,50.0,2.0,3.0,0.0,3.0,2.0,7.0,2.0,0.0,177.0,2.0,25.0,72.0,83.0,11.0,177.0,10.0,4.0,40.0,6.0,60.0,102.0,680.0,279.0,9.0,1.0,7.0,1.0,113.0,0.0,6.0,1.0,1.0,0.0,0.0,0.0,17.0,1.0,6.0,14.3,,,,,,,,,,,,,,,,,,,,,,,,,,,,,,,,,,,,,,,,,,22.0,11.2,65.0,0.0,11.0,14.0,7.0,0.92,5.0,7.0,-2.0,-0.64,-0.28,5.6,6.1,-0.5,-0.16,-0.08
75,2023-2024,Premier-League,Jacob Brown,sct SCO,"MF,FW",Luton Town,25-343,1998.0,19.0,12.0,1019.0,11.3,2.0,0.0,2.0,2.0,0.0,0.0,4.0,0.0,2.8,2.8,0.7,3.4,25.0,19.0,53.0,0.18,0.0,0.18,0.18,0.18,0.25,0.06,0.3,0.25,0.3,26.0,6.0,23.1,2.3,0.53,0.08,0.33,14.1,0.0,0.11,-0.8,-0.8,136.0,247.0,55.1,1865.0,626.0,91.0,127.0,71.7,35.0,56.0,62.5,6.0,24.0,25.0,0.4,-0.7,8.0,6.0,3.0,1.0,238.0,7.0,0.0,0.0,0.0,10.0,6.0,0.0,0.0,0.0,0.0,2.0,18.0,15.0,1.33,10.0,0.0,1.0,1.0,3.0,0.0,0.0,0.0,0.0,0.0,0.0,0.0,0.0,0.0,19.0,12.0,7.0,7.0,5.0,7.0,18.0,38.9,11.0,20.0,1.0,19.0,8.0,27.0,22.0,0.0,427.0,30.0,103.0,152.0,181.0,50.0,427.0,25.0,6.0,24.0,16.0,64.0,200.0,1112.0,504.0,14.0,9.0,24.0,25.0,237.0,0.0,19.0,19.0,6.0,0.0,0.0,0.0,56.0,43.0,54.0,44.3,,,,,,,,,,,,,,,,,,,,,,,,,,,,,,,,,,,,,,,,,,54.0,39.0,73.0,4.0,7.0,21.0,2.0,0.84,16.0,26.0,-10.0,-0.88,-0.43,11.1,26.4,-15.3,-1.36,-0.86
76,2023-2024,Premier-League,Josh Brownhill,eng ENG,MF,Burnley,28-090,1995.0,27.0,22.0,2029.0,22.5,3.0,1.0,4.0,3.0,0.0,0.0,3.0,1.0,1.6,1.6,1.8,3.4,16.0,78.0,29.0,0.13,0.04,0.18,0.13,0.18,0.07,0.08,0.15,0.07,0.15,24.0,9.0,37.5,1.06,0.4,0.13,0.33,20.7,0.0,0.07,1.4,1.4,744.0,974.0,76.4,11670.0,3019.0,387.0,458.0,84.5,277.0,350.0,79.1,49.0,105.0,46.7,1.9,-0.8,28.0,58.0,14.0,0.0,871.0,98.0,28.0,4.0,3.0,57.0,13.0,49.0,23.0,8.0,2.0,5.0,14.0,59.0,2.62,33.0,18.0,1.0,3.0,3.0,1.0,4.0,0.18,3.0,1.0,0.0,0.0,0.0,0.0,48.0,31.0,17.0,22.0,9.0,21.0,29.0,72.4,8.0,28.0,7.0,21.0,29.0,77.0,36.0,1.0,1186.0,63.0,291.0,541.0,366.0,29.0,1186.0,12.0,6.0,50.0,6.0,50.0,488.0,2039.0,916.0,13.0,2.0,15.0,11.0,612.0,0.0,33.0,24.0,2.0,0.0,0.0,0.0,103.0,28.0,31.0,47.5,,,,,,,,,,,,,,,,,,,,,,,,,,,,,,,,,,,,,,,,,,75.0,77.7,87.0,18.0,5.0,23.0,1.0,0.63,23.0,47.0,-24.0,-1.06,0.48,22.0,37.9,-15.9,-0.71,0.26
77,2023-2024,Premier-League,Jacob Bruun Larsen,dk DEN,"MF,FW",Burnley,25-181,1998.0,23.0,7.0,664.0,7.4,3.0,0.0,3.0,2.0,1.0,1.0,0.0,0.0,2.5,1.7,0.7,2.4,36.0,23.0,99.0,0.41,0.0,0.41,0.27,0.27,0.34,0.09,0.43,0.23,0.32,22.0,6.0,27.3,2.98,0.81,0.09,0.33,20.9,6.0,0.08,0.5,0.3,224.0,302.0,74.2,3402.0,728.0,130.0,160.0,81.3,68.0,88.0,77.3,18.0,31.0,58.1,0.9,-0.7,13.0,5.0,8.0,0.0,264.0,37.0,8.0,1.0,2.0,31.0,4.0,24.0,6.0,9.0,0.0,1.0,9.0,27.0,3.65,22.0,4.0,0.0,1.0,0.0,0.0,0.0,0.0,0.0,0.0,0.0,0.0,0.0,0.0,4.0,2.0,2.0,0.0,2.0,3.0,9.0,33.3,6.0,10.0,0.0,10.0,3.0,7.0,6.0,0.0,410.0,6.0,41.0,139.0,235.0,53.0,409.0,35.0,12.0,34.3,19.0,54.3,243.0,1466.0,790.0,12.0,20.0,18.0,7.0,267.0,0.0,11.0,5.0,10.0,0.0,0.0,0.0,36.0,7.0,16.0,30.4,,,,,,,,,,,,,,,,,,,,,,,,,,,,,,,,,,,,,,,,,,29.0,25.4,63.0,0.0,16.0,14.0,5.0,0.65,9.0,11.0,-2.0,-0.27,1.21,10.9,9.7,1.2,0.17,1.25
78,2023-2024,Premier-League,Hugo Bueno,es ESP,"DF,MF",Wolves,21-182,2002.0,14.0,4.0,432.0,4.8,0.0,0.0,0.0,0.0,0.0,0.0,1.0,0.0,0.2,0.2,0.5,0.8,12.0,6.0,31.0,0.0,0.0,0.0,0.0,0.0,0.05,0.11,0.16,0.05,0.16,4.0,0.0,0.0,0.83,0.0,0.0,0.0,17.3,0.0,0.06,-0.2,-0.2,215.0,275.0,78.2,2905.0,704.0,143.0,160.0,89.4,63.0,80.0,78.8,6.0,16.0,37.5,0.3,-0.5,4.0,10.0,4.0,4.0,243.0,30.0,0.0,0.0,0.0,18.0,30.0,0.0,0.0,0.0,0.0,2.0,12.0,15.0,3.15,12.0,0.0,1.0,1.0,1.0,0.0,2.0,0.42,2.0,0.0,0.0,0.0,0.0,0.0,17.0,11.0,9.0,6.0,2.0,8.0,13.0,61.5,5.0,9.0,1.0,8.0,4.0,21.0,15.0,0.0,356.0,18.0,115.0,143.0,99.0,7.0,356.0,19.0,6.0,31.6,11.0,57.9,189.0,1099.0,506.0,7.0,1.0,6.0,13.0,209.0,0.0,5.0,4.0,1.0,0.0,0.0,1.0,30.0,6.0,9.0,40.0,,,,,,,,,,,,,,,,,,,,,,,,,,,,,,,,,,,,,,,,,,31.0,17.1,76.0,0.0,10.0,13.0,9.0,1.43,4.0,8.0,-4.0,-0.83,-0.92,5.5,7.3,-1.8,-0.37,0.0
79,2023-2024,Premier-League,Santiago Bueno,uy URU,DF,Wolves,25-130,1998.0,4.0,3.0,291.0,3.2,0.0,0.0,0.0,0.0,0.0,0.0,1.0,0.0,0.0,0.0,0.0,0.0,0.0,2.0,0.0,0.0,0.0,0.0,0.0,0.0,0.0,0.0,0.0,0.0,0.0,0.0,0.0,0.0,0.0,0.0,0.0,0.0,0.0,0.0,0.0,0.0,0.0,123.0,141.0,87.2,2361.0,597.0,30.0,32.0,93.8,84.0,89.0,94.4,7.0,16.0,43.8,0.0,0.0,0.0,4.0,0.0,0.0,140.0,1.0,1.0,0.0,0.0,0.0,0.0,0.0,0.0,0.0,0.0,0.0,2.0,1.0,0.31,1.0,0.0,0.0,0.0,0.0,0.0,0.0,0.0,0.0,0.0,0.0,0.0,0.0,0.0,4.0,2.0,1.0,3.0,0.0,2.0,3.0,66.7,1.0,8.0,4.0,4.0,3.0,7.0,19.0,0.0,180.0,31.0,101.0,77.0,3.0,0.0,180.0,1.0,1.0,100.0,0.0,0.0,104.0,529.0,271.0,0.0,0.0,0.0,0.0,114.0,0.0,4.0,4.0,0.0,0.0,0.0,0.0,13.0,6.0,10.0,37.5,,,,,,,,,,,,,,,,,,,,,,,,,,,,,,,,,,,,,,,,,,73.0,11.5,90.0,3.0,1.0,21.0,17.0,2.25,9.0,6.0,3.0,0.93,1.13,4.9,8.4,-3.5,-1.08,-0.8
80,2023-2024,Premier-League,Facundo Buonanotte,ar ARG,"MF,FW",Brighton,19-086,2004.0,19.0,12.0,943.0,10.5,3.0,1.0,4.0,3.0,0.0,0.0,6.0,0.0,1.9,1.9,1.7,3.6,13.0,25.0,50.0,0.29,0.1,0.38,0.29,0.38,0.18,0.16,0.35,0.18,0.35,16.0,6.0,37.5,1.53,0.57,0.19,0.5,16.9,0.0,0.12,1.1,1.1,273.0,330.0,82.7,3343.0,573.0,185.0,214.0,86.4,59.0,69.0,85.5,7.0,10.0,70.0,0.9,-0.7,16.0,16.0,9.0,0.0,322.0,8.0,5.0,1.0,0.0,3.0,2.0,1.0,1.0,0.0,0.0,0.0,7.0,32.0,3.06,22.0,1.0,1.0,2.0,5.0,1.0,2.0,0.19,2.0,0.0,0.0,0.0,0.0,0.0,31.0,16.0,8.0,18.0,5.0,10.0,28.0,35.7,18.0,18.0,3.0,15.0,5.0,36.0,4.0,0.0,473.0,15.0,68.0,213.0,201.0,30.0,473.0,36.0,9.0,25.0,23.0,63.9,289.0,1461.0,556.0,15.0,6.0,29.0,24.0,339.0,0.0,24.0,31.0,3.0,0.0,0.0,0.0,47.0,5.0,11.0,31.3,,,,,,,,,,,,,,,,,,,,,,,,,,,,,,,,,,,,,,,,,,50.0,37.4,63.0,0.0,7.0,27.0,4.0,1.37,16.0,12.0,4.0,0.38,0.27,18.4,14.0,4.4,0.42,0.28
81,2023-2024,Premier-League,Reece Burke,eng ENG,DF,Luton Town,27-198,1996.0,15.0,13.0,1124.0,12.5,0.0,3.0,3.0,0.0,0.0,0.0,3.0,0.0,1.3,1.3,0.9,2.2,7.0,41.0,11.0,0.0,0.24,0.24,0.0,0.24,0.1,0.07,0.17,0.1,0.17,12.0,3.0,25.0,0.96,0.24,0.0,0.0,13.4,0.0,0.13,-1.3,-1.3,364.0,483.0,75.4,6762.0,2602.0,130.0,166.0,78.3,192.0,227.0,84.6,33.0,68.0,48.5,0.6,2.1,8.0,33.0,5.0,1.0,461.0,21.0,9.0,0.0,2.0,8.0,12.0,0.0,0.0,0.0,0.0,1.0,10.0,16.0,1.28,10.0,1.0,0.0,5.0,0.0,0.0,3.0,0.24,2.0,0.0,0.0,1.0,0.0,0.0,23.0,14.0,12.0,7.0,4.0,7.0,15.0,46.7,8.0,20.0,15.0,5.0,14.0,37.0,54.0,0.0,629.0,60.0,247.0,300.0,85.0,17.0,629.0,6.0,2.0,33.3,2.0,33.3,303.0,1470.0,876.0,7.0,0.0,10.0,3.0,335.0,0.0,14.0,8.0,1.0,0.0,1.0,0.0,44.0,36.0,28.0,56.3,,,,,,,,,,,,,,,,,,,,,,,,,,,,,,,,,,,,,,,,,,75.0,43.1,80.0,8.0,2.0,41.0,3.0,0.73,17.0,23.0,-6.0,-0.48,0.25,17.4,23.8,-6.4,-0.51,0.56
82,2023-2024,Premier-League,Dan Burn,eng ENG,DF,Newcastle Utd,31-314,1992.0,23.0,22.0,1826.0,20.3,2.0,2.0,4.0,2.0,0.0,0.0,3.0,0.0,2.4,2.4,1.0,3.4,13.0,60.0,25.0,0.1,0.1,0.2,0.1,0.2,0.12,0.05,0.17,0.12,0.17,16.0,5.0,31.3,0.79,0.25,0.13,0.4,9.0,0.0,0.16,-0.4,-0.4,936.0,1170.0,80.0,14622.0,5699.0,485.0,557.0,87.1,411.0,492.0,83.5,31.0,72.0,43.1,1.0,1.0,8.0,52.0,7.0,3.0,987.0,177.0,29.0,1.0,1.0,10.0,146.0,0.0,0.0,0.0,0.0,6.0,20.0,22.0,1.08,17.0,2.0,1.0,2.0,0.0,0.0,3.0,0.15,2.0,0.0,0.0,1.0,0.0,0.0,46.0,22.0,27.0,17.0,2.0,18.0,48.0,37.5,30.0,35.0,12.0,23.0,26.0,72.0,81.0,1.0,1410.0,109.0,586.0,642.0,185.0,33.0,1410.0,5.0,3.0,60.0,2.0,40.0,622.0,2511.0,1107.0,7.0,3.0,12.0,8.0,785.0,0.0,20.0,8.0,3.0,0.0,1.0,0.0,90.0,65.0,25.0,72.2,,,,,,,,,,,,,,,,,,,,,,,,,,,,,,,,,,,,,,,,,,79.0,72.5,82.0,14.0,1.0,18.0,0.0,1.48,48.0,31.0,17.0,0.84,1.62,38.1,32.7,5.4,0.26,0.71
83,2023-2024,Premier-League,Mason Burstow,eng ENG,FW,Chelsea,20-227,2003.0,2.0,0.0,9.0,0.1,0.0,0.0,0.0,0.0,0.0,0.0,0.0,0.0,0.0,0.0,0.0,0.0,0.0,0.0,1.0,0.0,0.0,0.0,0.0,0.0,0.0,0.0,0.0,0.0,0.0,0.0,0.0,0.0,0.0,0.0,0.0,0.0,0.0,0.0,0.0,0.0,0.0,3.0,4.0,75.0,29.0,1.0,3.0,3.0,100.0,0.0,0.0,0.0,0.0,0.0,0.0,0.0,0.0,0.0,0.0,0.0,0.0,3.0,1.0,0.0,0.0,0.0,0.0,0.0,0.0,0.0,0.0,0.0,0.0,1.0,0.0,0.0,0.0,0.0,0.0,0.0,0.0,0.0,0.0,0.0,0.0,0.0,0.0,0.0,0.0,0.0,0.0,0.0,0.0,0.0,0.0,0.0,0.0,0.0,0.0,0.0,0.0,0.0,0.0,0.0,0.0,0.0,6.0,0.0,0.0,1.0,5.0,1.0,6.0,0.0,0.0,0.0,0.0,0.0,2.0,1.0,0.0,0.0,0.0,1.0,0.0,3.0,0.0,0.0,0.0,0.0,0.0,0.0,0.0,0.0,0.0,0.0,0.0,,,,,,,,,,,,,,,,,,,,,,,,,,,,,,,,,,,,,,,,,,5.0,0.4,0.0,0.0,2.0,5.0,1.0,1.5,0.0,1.0,-1.0,-10.0,-10.11,0.1,0.9,-0.8,-7.71,-8.1
84,2023-2024,Premier-League,Moisés Caicedo,ec ECU,MF,Chelsea,22-137,2001.0,24.0,22.0,1941.0,21.6,0.0,1.0,1.0,0.0,0.0,0.0,8.0,0.0,0.2,0.2,1.5,1.7,9.0,106.0,16.0,0.0,0.05,0.05,0.0,0.05,0.01,0.07,0.08,0.01,0.08,7.0,1.0,14.3,0.32,0.05,0.0,0.0,26.0,0.0,0.03,-0.2,-0.2,1261.0,1384.0,91.1,19848.0,5141.0,675.0,720.0,93.8,458.0,487.0,94.0,84.0,101.0,83.2,1.0,-0.5,14.0,114.0,8.0,0.0,1349.0,29.0,23.0,5.0,8.0,7.0,3.0,0.0,0.0,0.0,0.0,6.0,20.0,39.0,1.81,30.0,0.0,2.0,1.0,4.0,2.0,8.0,0.37,7.0,0.0,0.0,0.0,0.0,1.0,59.0,33.0,28.0,24.0,7.0,22.0,39.0,56.4,17.0,33.0,15.0,18.0,22.0,81.0,30.0,2.0,1593.0,80.0,449.0,899.0,258.0,6.0,1593.0,32.0,15.0,46.9,14.0,43.8,897.0,3420.0,1381.0,19.0,0.0,28.0,16.0,1198.0,0.0,42.0,32.0,0.0,0.0,1.0,0.0,127.0,23.0,16.0,59.0,,,,,,,,,,,,,,,,,,,,,,,,,,,,,,,,,,,,,,,,,,81.0,79.9,86.0,15.0,2.0,26.0,0.0,1.54,40.0,33.0,7.0,0.32,1.24,39.1,29.7,9.4,0.43,0.36
85,2023-2024,Premier-League,Tom Cairney,sct SCO,MF,Fulham,33-058,1991.0,26.0,13.0,1246.0,13.8,1.0,3.0,4.0,1.0,0.0,0.0,2.0,0.0,0.8,0.8,1.9,2.7,30.0,111.0,54.0,0.07,0.22,0.29,0.07,0.29,0.05,0.14,0.19,0.05,0.19,12.0,5.0,41.7,0.87,0.36,0.08,0.2,20.9,0.0,0.06,0.2,0.2,887.0,1006.0,88.2,13751.0,2984.0,475.0,504.0,94.2,324.0,353.0,91.8,58.0,93.0,62.4,2.1,1.1,17.0,70.0,19.0,4.0,978.0,22.0,12.0,2.0,1.0,20.0,0.0,0.0,0.0,0.0,0.0,6.0,10.0,51.0,3.69,45.0,2.0,0.0,1.0,1.0,2.0,11.0,0.8,10.0,0.0,0.0,0.0,1.0,0.0,21.0,13.0,10.0,9.0,2.0,11.0,23.0,47.8,12.0,14.0,3.0,11.0,13.0,34.0,5.0,0.0,1114.0,24.0,191.0,624.0,322.0,24.0,1114.0,28.0,22.0,78.6,4.0,14.3,732.0,3607.0,1766.0,30.0,6.0,24.0,17.0,889.0,0.0,12.0,23.0,0.0,1.0,0.0,1.0,88.0,9.0,5.0,64.3,,,,,,,,,,,,,,,,,,,,,,,,,,,,,,,,,,,,,,,,,,48.0,47.7,78.0,6.0,13.0,18.0,3.0,1.31,26.0,21.0,5.0,0.36,0.76,22.1,24.9,-2.9,-0.21,0.29
86,2023-2024,Premier-League,Dominic Calvert-Lewin,eng ENG,FW,Everton,27-002,1997.0,24.0,19.0,1583.0,17.6,3.0,1.0,4.0,3.0,0.0,0.0,1.0,0.0,9.3,9.3,1.6,10.9,24.0,24.0,82.0,0.17,0.06,0.23,0.17,0.23,0.53,0.09,0.62,0.53,0.62,52.0,17.0,32.7,2.96,0.97,0.06,0.18,12.7,0.0,0.18,-6.3,-6.3,183.0,325.0,56.3,2207.0,473.0,128.0,199.0,64.3,39.0,78.0,50.0,5.0,9.0,55.6,0.7,-0.6,15.0,11.0,9.0,0.0,324.0,1.0,0.0,1.0,0.0,2.0,1.0,0.0,0.0,0.0,0.0,0.0,13.0,38.0,2.16,30.0,0.0,0.0,5.0,2.0,1.0,4.0,0.23,1.0,0.0,0.0,3.0,0.0,0.0,9.0,3.0,1.0,5.0,3.0,2.0,12.0,16.7,10.0,11.0,3.0,8.0,3.0,12.0,25.0,0.0,539.0,34.0,53.0,213.0,276.0,91.0,539.0,24.0,7.0,29.2,16.0,66.7,259.0,1541.0,564.0,15.0,15.0,48.0,20.0,416.0,0.0,20.0,14.0,13.0,0.0,0.0,0.0,27.0,108.0,105.0,50.7,,,,,,,,,,,,,,,,,,,,,,,,,,,,,,,,,,,,,,,,,,66.0,62.8,77.0,3.0,5.0,25.0,0.0,1.13,17.0,23.0,-6.0,-0.34,0.04,24.1,22.8,1.2,0.07,-0.06
87,2023-2024,Premier-League,Thomas Cannon,ie IRL,FW,Everton,21-081,2002.0,1.0,0.0,1.0,0.0,0.0,0.0,0.0,0.0,0.0,0.0,0.0,0.0,0.0,0.0,0.0,0.0,0.0,0.0,0.0,0.0,0.0,0.0,0.0,0.0,0.0,0.0,0.0,0.0,0.0,0.0,0.0,0.0,0.0,0.0,0.0,0.0,0.0,0.0,0.0,0.0,0.0,0.0,0.0,0.0,0.0,0.0,0.0,0.0,0.0,0.0,0.0,0.0,0.0,0.0,0.0,0.0,0.0,0.0,0.0,0.0,0.0,0.0,0.0,0.0,0.0,0.0,0.0,0.0,0.0,0.0,0.0,0.0,0.0,0.0,0.0,0.0,0.0,0.0,0.0,0.0,0.0,0.0,0.0,0.0,0.0,0.0,0.0,0.0,0.0,0.0,0.0,0.0,0.0,0.0,0.0,0.0,0.0,0.0,0.0,0.0,0.0,0.0,0.0,0.0,0.0,0.0,0.0,0.0,0.0,0.0,0.0,0.0,0.0,0.0,0.0,0.0,0.0,0.0,0.0,0.0,0.0,0.0,0.0,0.0,0.0,0.0,0.0,0.0,0.0,0.0,0.0,0.0,0.0,0.0,0.0,0.0,0.0,,,,,,,,,,,,,,,,,,,,,,,,,,,,,,,,,,,,,,,,,,1.0,0.0,0.0,0.0,1.0,1.0,2.0,0.0,0.0,0.0,0.0,0.0,0.36,0.0,0.2,-0.2,-19.26,-19.36
88,2023-2024,Premier-League,Diego Carlos,br BRA,DF,Aston Villa,31-003,1993.0,18.0,13.0,1166.0,13.0,0.0,0.0,0.0,0.0,0.0,0.0,3.0,0.0,0.6,0.6,0.0,0.6,4.0,47.0,0.0,0.0,0.0,0.0,0.0,0.0,0.04,0.0,0.05,0.04,0.05,5.0,1.0,20.0,0.39,0.08,0.0,0.0,8.0,0.0,0.12,-0.6,-0.6,774.0,882.0,87.8,15442.0,6709.0,232.0,250.0,92.8,457.0,480.0,95.2,81.0,144.0,56.3,0.3,0.0,2.0,50.0,3.0,0.0,855.0,27.0,24.0,0.0,4.0,1.0,0.0,0.0,0.0,0.0,0.0,0.0,2.0,6.0,0.46,6.0,0.0,0.0,0.0,0.0,0.0,2.0,0.15,2.0,0.0,0.0,0.0,0.0,0.0,17.0,12.0,13.0,3.0,1.0,7.0,13.0,53.8,6.0,13.0,10.0,3.0,10.0,27.0,48.0,2.0,993.0,144.0,535.0,432.0,28.0,14.0,993.0,4.0,2.0,50.0,2.0,50.0,658.0,3319.0,1885.0,2.0,1.0,5.0,3.0,728.0,0.0,12.0,3.0,1.0,0.0,0.0,0.0,58.0,16.0,20.0,44.4,,,,,,,,,,,,,,,,,,,,,,,,,,,,,,,,,,,,,,,,,,65.0,46.3,83.0,11.0,5.0,17.0,4.0,1.67,24.0,19.0,5.0,0.39,-0.48,22.9,18.2,4.7,0.36,-0.07
89,2023-2024,Premier-League,Cesare Casadei,it ITA,"MF,FW",Chelsea,21-068,2003.0,3.0,0.0,20.0,0.2,0.0,0.0,0.0,0.0,0.0,0.0,0.0,0.0,0.0,0.0,0.1,0.1,0.0,1.0,0.0,0.0,0.0,0.0,0.0,0.0,0.0,0.32,0.32,0.0,0.32,0.0,0.0,0.0,0.0,0.0,0.0,0.0,0.0,0.0,0.0,0.0,0.0,17.0,22.0,77.3,274.0,40.0,8.0,10.0,80.0,9.0,10.0,90.0,0.0,0.0,0.0,0.1,-0.1,1.0,1.0,0.0,0.0,22.0,0.0,0.0,0.0,0.0,0.0,0.0,0.0,0.0,0.0,0.0,0.0,1.0,1.0,4.5,1.0,0.0,0.0,0.0,0.0,0.0,0.0,0.0,0.0,0.0,0.0,0.0,0.0,0.0,2.0,1.0,1.0,1.0,0.0,0.0,0.0,0.0,0.0,1.0,0.0,1.0,0.0,2.0,2.0,0.0,27.0,3.0,8.0,16.0,3.0,1.0,27.0,0.0,0.0,0.0,0.0,0.0,12.0,70.0,18.0,0.0,0.0,0.0,0.0,21.0,0.0,2.0,0.0,0.0,0.0,0.0,0.0,0.0,4.0,0.0,100.0,,,,,,,,,,,,,,,,,,,,,,,,,,,,,,,,,,,,,,,,,,7.0,0.8,0.0,0.0,3.0,7.0,3.0,1.33,0.0,2.0,-2.0,-9.0,-9.15,0.1,0.5,-0.4,-1.69,-2.07
90,2023-2024,Premier-League,Casemiro,br BRA,MF,Manchester Utd,32-024,1992.0,15.0,15.0,1177.0,13.1,1.0,1.0,2.0,1.0,0.0,0.0,4.0,0.0,2.4,2.4,0.6,3.0,8.0,71.0,28.0,0.08,0.08,0.15,0.08,0.15,0.18,0.04,0.23,0.18,0.23,26.0,6.0,23.1,1.99,0.46,0.04,0.17,17.9,1.0,0.09,-1.4,-1.4,634.0,768.0,82.6,10461.0,3815.0,320.0,352.0,90.9,238.0,286.0,83.2,51.0,83.0,61.4,0.6,0.4,11.0,67.0,11.0,2.0,750.0,14.0,14.0,1.0,3.0,7.0,0.0,0.0,0.0,0.0,0.0,4.0,10.0,22.0,1.68,18.0,2.0,0.0,1.0,1.0,0.0,1.0,0.08,1.0,0.0,0.0,0.0,0.0,0.0,50.0,29.0,22.0,22.0,6.0,30.0,63.0,47.6,33.0,47.0,17.0,30.0,11.0,61.0,40.0,0.0,978.0,84.0,317.0,493.0,176.0,24.0,978.0,13.0,6.0,46.2,6.0,46.2,542.0,1697.0,852.0,15.0,0.0,10.0,12.0,644.0,0.0,19.0,9.0,4.0,0.0,1.0,0.0,74.0,22.0,16.0,57.9,,,,,,,,,,,,,,,,,,,,,,,,,,,,,,,,,,,,,,,,,,78.0,46.7,78.0,10.0,0.0,0.0,1.0,1.8,18.0,17.0,1.0,0.08,0.14,20.3,22.6,-2.3,-0.17,-0.05
91,2023-2024,Premier-League,Matty Cash,pl POL,DF,Aston Villa,26-224,1997.0,25.0,21.0,1853.0,20.6,2.0,1.0,3.0,2.0,0.0,0.0,6.0,0.0,4.1,4.1,2.1,6.2,57.0,78.0,85.0,0.1,0.05,0.15,0.1,0.15,0.2,0.1,0.3,0.2,0.3,31.0,13.0,41.9,1.51,0.63,0.06,0.15,15.4,0.0,0.14,-2.1,-2.1,877.0,1083.0,81.0,14152.0,4161.0,443.0,485.0,91.3,367.0,447.0,82.1,52.0,109.0,47.7,2.3,-1.1,11.0,55.0,16.0,8.0,921.0,161.0,21.0,0.0,3.0,36.0,140.0,0.0,0.0,0.0,0.0,1.0,20.0,36.0,1.75,28.0,1.0,0.0,6.0,1.0,0.0,6.0,0.29,5.0,0.0,0.0,0.0,1.0,0.0,48.0,26.0,21.0,22.0,5.0,24.0,49.0,49.0,25.0,32.0,11.0,21.0,18.0,66.0,52.0,0.0,1324.0,80.0,428.0,585.0,325.0,49.0,1324.0,35.0,9.0,25.7,17.0,48.6,761.0,4328.0,1977.0,36.0,18.0,18.0,14.0,792.0,0.0,25.0,20.0,0.0,0.0,0.0,1.0,97.0,14.0,18.0,43.8,,,,,,,,,,,,,,,,,,,,,,,,,,,,,,,,,,,,,,,,,,74.0,73.5,84.0,15.0,4.0,23.0,1.0,1.96,43.0,32.0,11.0,0.53,-0.41,37.3,30.2,7.1,0.34,-0.2
92,2023-2024,Premier-League,Timothy Castagne,be BEL,DF,Fulham,28-104,1995.0,26.0,22.0,2009.0,22.3,0.0,2.0,2.0,0.0,0.0,0.0,2.0,0.0,1.4,1.4,1.2,2.6,40.0,63.0,95.0,0.0,0.09,0.09,0.0,0.09,0.06,0.05,0.12,0.06,0.12,12.0,3.0,25.0,0.54,0.13,0.0,0.0,11.4,0.0,0.12,-1.4,-1.4,1075.0,1320.0,81.4,16965.0,5930.0,567.0,637.0,89.0,415.0,479.0,86.6,69.0,124.0,55.6,1.4,0.8,15.0,59.0,16.0,7.0,1068.0,250.0,24.0,2.0,2.0,39.0,226.0,0.0,0.0,0.0,0.0,2.0,46.0,42.0,1.88,32.0,2.0,3.0,4.0,0.0,1.0,1.0,0.04,1.0,0.0,0.0,0.0,0.0,0.0,40.0,19.0,18.0,13.0,9.0,22.0,34.0,64.7,12.0,28.0,7.0,21.0,34.0,74.0,55.0,1.0,1540.0,86.0,541.0,661.0,346.0,51.0,1540.0,24.0,14.0,58.3,8.0,33.3,712.0,3021.0,1447.0,17.0,4.0,19.0,8.0,867.0,0.0,17.0,9.0,2.0,0.0,0.0,0.0,100.0,24.0,27.0,47.1,,,,,,,,,,,,,,,,,,,,,,,,,,,,,,,,,,,,,,,,,,77.0,77.0,88.0,19.0,4.0,20.0,0.0,1.31,36.0,28.0,8.0,0.36,1.71,32.0,31.1,0.9,0.04,1.75
93,2023-2024,Premier-League,Jonny Castro,es ESP,MF,Wolves,30-015,1994.0,1.0,0.0,5.0,0.1,0.0,0.0,0.0,0.0,0.0,0.0,0.0,0.0,0.0,0.0,0.0,0.0,0.0,0.0,0.0,0.0,0.0,0.0,0.0,0.0,0.0,0.0,0.0,0.0,0.0,0.0,0.0,0.0,0.0,0.0,0.0,0.0,0.0,0.0,0.0,0.0,0.0,0.0,0.0,0.0,0.0,0.0,0.0,0.0,0.0,0.0,0.0,0.0,0.0,0.0,0.0,0.0,0.0,0.0,0.0,0.0,0.0,0.0,0.0,0.0,0.0,0.0,0.0,0.0,0.0,0.0,0.0,0.0,0.0,0.0,0.0,0.0,0.0,0.0,0.0,0.0,0.0,0.0,0.0,0.0,0.0,0.0,0.0,0.0,0.0,0.0,0.0,0.0,0.0,0.0,0.0,0.0,1.0,0.0,1.0,1.0,1.0,0.0,0.0,0.0,0.0,0.0,2.0,1.0,1.0,1.0,0.0,0.0,2.0,0.0,0.0,0.0,0.0,0.0,0.0,0.0,0.0,0.0,0.0,0.0,0.0,0.0,0.0,0.0,0.0,0.0,0.0,0.0,0.0,0.0,0.0,0.0,0.0,,,,,,,,,,,,,,,,,,,,,,,,,,,,,,,,,,,,,,,,,,5.0,0.2,0.0,0.0,1.0,5.0,7.0,3.0,0.0,0.0,0.0,0.0,0.07,0.0,0.1,-0.1,-1.27,-0.9
94,2023-2024,Premier-League,Trevoh Chalobah,eng ENG,DF,Chelsea,24-257,1999.0,3.0,2.0,200.0,2.2,0.0,0.0,0.0,0.0,0.0,0.0,0.0,0.0,0.0,0.0,0.0,0.0,0.0,1.0,0.0,0.0,0.0,0.0,0.0,0.0,0.0,0.02,0.02,0.0,0.02,0.0,0.0,0.0,0.0,0.0,0.0,0.0,0.0,0.0,0.0,0.0,0.0,90.0,114.0,78.9,1624.0,306.0,31.0,36.0,86.1,55.0,61.0,90.2,3.0,16.0,18.8,0.0,0.0,1.0,0.0,0.0,0.0,111.0,3.0,2.0,0.0,0.0,0.0,0.0,0.0,0.0,0.0,0.0,0.0,0.0,1.0,0.45,1.0,0.0,0.0,0.0,0.0,0.0,0.0,0.0,0.0,0.0,0.0,0.0,0.0,0.0,2.0,1.0,1.0,0.0,1.0,2.0,2.0,100.0,0.0,2.0,2.0,0.0,3.0,5.0,10.0,0.0,134.0,23.0,83.0,50.0,2.0,0.0,134.0,0.0,0.0,0.0,0.0,0.0,58.0,165.0,25.0,0.0,0.0,2.0,0.0,77.0,0.0,0.0,2.0,0.0,0.0,0.0,0.0,12.0,2.0,6.0,25.0,,,,,,,,,,,,,,,,,,,,,,,,,,,,,,,,,,,,,,,,,,67.0,8.2,90.0,2.0,1.0,20.0,1.0,1.67,5.0,5.0,0.0,0.0,-0.08,3.4,3.3,0.2,0.07,-0.32
95,2023-2024,Premier-League,Calum Chambers,eng ENG,DF,Aston Villa,29-058,1995.0,1.0,0.0,45.0,0.5,0.0,0.0,0.0,0.0,0.0,0.0,0.0,0.0,0.0,0.0,0.0,0.0,0.0,2.0,0.0,0.0,0.0,0.0,0.0,0.0,0.0,0.0,0.0,0.0,0.0,0.0,0.0,0.0,0.0,0.0,0.0,0.0,0.0,0.0,0.0,0.0,0.0,34.0,36.0,94.4,600.0,273.0,13.0,13.0,100.0,21.0,21.0,100.0,0.0,2.0,0.0,0.0,0.0,0.0,0.0,0.0,0.0,36.0,0.0,0.0,0.0,0.0,0.0,0.0,0.0,0.0,0.0,0.0,0.0,0.0,0.0,0.0,0.0,0.0,0.0,0.0,0.0,0.0,0.0,0.0,0.0,0.0,0.0,0.0,0.0,0.0,0.0,0.0,0.0,0.0,0.0,0.0,0.0,0.0,0.0,0.0,0.0,0.0,0.0,0.0,4.0,0.0,40.0,7.0,27.0,13.0,0.0,0.0,40.0,0.0,0.0,0.0,0.0,0.0,27.0,143.0,98.0,0.0,0.0,0.0,0.0,31.0,0.0,0.0,0.0,0.0,0.0,0.0,0.0,1.0,0.0,1.0,0.0,,,,,,,,,,,,,,,,,,,,,,,,,,,,,,,,,,,,,,,,,,45.0,1.8,0.0,0.0,1.0,45.0,20.0,3.0,1.0,1.0,0.0,0.0,-0.65,1.7,1.5,0.1,0.23,-0.17
96,2023-2024,Premier-League,Youssef Chermiti,pt POR,FW,Everton,19-299,2004.0,11.0,0.0,69.0,0.8,0.0,0.0,0.0,0.0,0.0,0.0,1.0,0.0,0.5,0.5,0.4,0.9,1.0,4.0,8.0,0.0,0.0,0.0,0.0,0.0,0.67,0.53,1.2,0.67,1.2,4.0,1.0,25.0,5.22,1.3,0.0,0.0,13.5,0.0,0.13,-0.5,-0.5,14.0,21.0,66.7,210.0,36.0,7.0,11.0,63.6,7.0,9.0,77.8,0.0,0.0,0.0,0.0,-0.4,1.0,0.0,2.0,0.0,20.0,1.0,0.0,0.0,0.0,0.0,0.0,0.0,0.0,0.0,0.0,0.0,0.0,3.0,3.91,2.0,0.0,0.0,1.0,0.0,0.0,0.0,0.0,0.0,0.0,0.0,0.0,0.0,0.0,0.0,0.0,0.0,0.0,0.0,0.0,2.0,0.0,2.0,1.0,0.0,1.0,0.0,0.0,0.0,0.0,42.0,0.0,4.0,14.0,24.0,7.0,42.0,4.0,0.0,0.0,4.0,100.0,21.0,101.0,30.0,1.0,0.0,7.0,2.0,31.0,0.0,2.0,1.0,2.0,0.0,0.0,0.0,5.0,7.0,9.0,43.8,,,,,,,,,,,,,,,,,,,,,,,,,,,,,,,,,,,,,,,,,,6.0,2.7,0.0,0.0,11.0,6.0,15.0,0.91,1.0,3.0,-2.0,-2.61,-2.31,2.8,2.4,0.4,0.49,0.41
97,2023-2024,Premier-League,Ben Chilwell,eng ENG,DF,Chelsea,27-088,1996.0,12.0,9.0,745.0,8.3,0.0,1.0,1.0,0.0,0.0,0.0,5.0,0.0,1.2,1.2,2.2,3.4,22.0,24.0,58.0,0.0,0.12,0.12,0.0,0.12,0.14,0.26,0.41,0.14,0.41,11.0,3.0,27.3,1.33,0.36,0.0,0.0,16.7,1.0,0.11,-1.2,-1.2,362.0,483.0,74.9,5077.0,1498.0,225.0,254.0,88.6,106.0,137.0,77.4,18.0,48.0,37.5,1.8,-1.2,14.0,29.0,2.0,2.0,404.0,73.0,11.0,0.0,0.0,43.0,41.0,21.0,9.0,11.0,0.0,6.0,18.0,20.0,2.42,10.0,8.0,0.0,0.0,2.0,0.0,1.0,0.12,1.0,0.0,0.0,0.0,0.0,0.0,15.0,10.0,5.0,9.0,1.0,5.0,8.0,62.5,3.0,11.0,3.0,8.0,4.0,19.0,19.0,1.0,591.0,21.0,122.0,254.0,218.0,27.0,591.0,19.0,7.0,36.8,8.0,42.1,325.0,1667.0,824.0,14.0,5.0,20.0,5.0,383.0,0.0,11.0,12.0,4.0,0.0,0.0,0.0,31.0,12.0,14.0,46.2,,,,,,,,,,,,,,,,,,,,,,,,,,,,,,,,,,,,,,,,,,62.0,30.7,77.0,3.0,3.0,18.0,0.0,1.08,12.0,14.0,-2.0,-0.24,-0.46,14.6,12.2,2.4,0.3,-0.1
98,2023-2024,Premier-League,Tawanda Chirewa,eng ENG,"MF,FW",Wolves,20-159,2003.0,2.0,0.0,13.0,0.1,0.0,0.0,0.0,0.0,0.0,0.0,0.0,0.0,0.1,0.1,0.0,0.1,0.0,1.0,4.0,0.0,0.0,0.0,0.0,0.0,0.52,0.21,0.73,0.52,0.73,1.0,0.0,0.0,6.92,0.0,0.0,0.0,12.5,0.0,0.08,-0.1,-0.1,8.0,8.0,100.0,155.0,45.0,3.0,3.0,100.0,4.0,4.0,100.0,1.0,1.0,100.0,0.0,0.0,1.0,0.0,2.0,2.0,8.0,0.0,0.0,0.0,0.0,2.0,0.0,0.0,0.0,0.0,0.0,0.0,0.0,1.0,6.92,1.0,0.0,0.0,0.0,0.0,0.0,0.0,0.0,0.0,0.0,0.0,0.0,0.0,0.0,2.0,0.0,2.0,0.0,0.0,1.0,1.0,100.0,0.0,0.0,0.0,0.0,1.0,3.0,0.0,0.0,12.0,2.0,4.0,4.0,4.0,1.0,12.0,0.0,0.0,0.0,0.0,0.0,8.0,46.0,6.0,0.0,0.0,0.0,0.0,8.0,0.0,2.0,0.0,0.0,0.0,0.0,0.0,0.0,0.0,0.0,0.0,,,,,,,,,,,,,,,,,,,,,,,,,,,,,,,,,,,,,,,,,,7.0,0.5,0.0,0.0,2.0,7.0,11.0,0.5,0.0,1.0,-1.0,-6.92,-6.89,0.1,0.2,-0.1,-0.35,0.02
99,2023-2024,Premier-League,Tahith Chong,nl NED,MF,Luton Town,24-105,1999.0,24.0,12.0,1276.0,14.2,3.0,0.0,3.0,3.0,0.0,0.0,3.0,0.0,2.2,2.2,0.4,2.6,37.0,51.0,70.0,0.21,0.0,0.21,0.21,0.21,0.15,0.03,0.18,0.15,0.18,24.0,6.0,25.0,1.69,0.42,0.13,0.5,16.6,0.0,0.09,0.8,0.8,280.0,352.0,79.5,4465.0,1099.0,143.0,166.0,86.1,99.0,122.0,81.1,25.0,37.0,67.6,1.2,-0.4,8.0,22.0,15.0,8.0,330.0,19.0,2.0,4.0,5.0,23.0,5.0,0.0,0.0,0.0,0.0,3.0,8.0,37.0,2.6,24.0,0.0,2.0,2.0,7.0,2.0,4.0,0.28,2.0,0.0,0.0,2.0,0.0,0.0,23.0,11.0,14.0,7.0,2.0,8.0,19.0,42.1,11.0,18.0,4.0,14.0,4.0,27.0,2.0,0.0,529.0,15.0,89.0,231.0,219.0,40.0,529.0,43.0,13.0,30.2,23.0,53.5,335.0,2259.0,1120.0,33.0,8.0,37.0,27.0,369.0,0.0,14.0,42.0,4.0,0.0,0.0,0.0,69.0,7.0,12.0,36.8,,,,,,,,,,,,,,,,,,,,,,,,,,,,,,,,,,,,,,,,,,53.0,48.9,78.0,2.0,12.0,28.0,5.0,0.46,18.0,30.0,-12.0,-0.85,-0.44,16.7,31.2,-14.5,-1.02,-0.36
100,2023-2024,Premier-League,Ryan Christie,sct SCO,MF,Bournemouth,29-025,1995.0,28.0,27.0,2189.0,24.3,0.0,4.0,4.0,0.0,0.0,0.0,4.0,0.0,1.5,1.5,4.5,6.0,50.0,120.0,68.0,0.0,0.16,0.16,0.0,0.16,0.06,0.18,0.25,0.06,0.25,32.0,12.0,37.5,1.32,0.49,0.0,0.0,19.6,0.0,0.05,-1.5,-1.5,744.0,989.0,75.2,14033.0,3823.0,300.0,348.0,86.2,329.0,403.0,81.6,101.0,183.0,55.2,4.0,-0.5,37.0,92.0,29.0,6.0,926.0,58.0,15.0,15.0,14.0,54.0,2.0,19.0,18.0,0.0,0.0,5.0,22.0,85.0,3.49,68.0,4.0,6.0,2.0,3.0,2.0,5.0,0.21,4.0,1.0,0.0,0.0,0.0,0.0,63.0,32.0,27.0,22.0,14.0,30.0,69.0,43.5,39.0,31.0,5.0,26.0,37.0,100.0,34.0,0.0,1298.0,58.0,235.0,666.0,427.0,59.0,1298.0,73.0,37.0,50.7,32.0,43.8,717.0,4496.0,2101.0,42.0,12.0,43.0,35.0,764.0,0.0,36.0,30.0,4.0,0.0,1.0,0.0,167.0,18.0,30.0,37.5,,,,,,,,,,,,,,,,,,,,,,,,,,,,,,,,,,,,,,,,,,78.0,86.9,80.0,12.0,1.0,34.0,0.0,1.25,36.0,45.0,-9.0,-0.37,0.17,36.4,38.0,-1.7,-0.07,0.1
101,2023-2024,Premier-League,Carney Chukwuemeka,eng ENG,"MF,FW",Chelsea,20-150,2003.0,6.0,2.0,171.0,1.9,1.0,1.0,2.0,1.0,0.0,0.0,2.0,0.0,0.1,0.1,0.3,0.4,4.0,8.0,15.0,0.53,0.53,1.05,0.53,1.05,0.07,0.16,0.22,0.07,0.22,2.0,2.0,100.0,1.05,1.05,0.5,0.5,17.5,0.0,0.07,0.9,0.9,86.0,101.0,85.1,1049.0,138.0,65.0,71.0,91.5,14.0,18.0,77.8,4.0,4.0,100.0,0.3,0.7,3.0,4.0,5.0,0.0,101.0,0.0,0.0,2.0,0.0,1.0,0.0,0.0,0.0,0.0,0.0,0.0,4.0,6.0,3.16,5.0,0.0,1.0,0.0,0.0,0.0,3.0,1.58,2.0,0.0,1.0,0.0,0.0,0.0,2.0,2.0,1.0,1.0,0.0,1.0,2.0,50.0,1.0,1.0,1.0,0.0,0.0,2.0,0.0,0.0,121.0,0.0,12.0,48.0,63.0,11.0,121.0,7.0,1.0,14.3,6.0,85.7,83.0,493.0,200.0,5.0,2.0,3.0,2.0,93.0,0.0,2.0,1.0,0.0,0.0,0.0,0.0,10.0,0.0,2.0,0.0,,,,,,,,,,,,,,,,,,,,,,,,,,,,,,,,,,,,,,,,,,29.0,7.0,63.0,0.0,4.0,12.0,2.0,1.17,4.0,4.0,0.0,0.0,-0.08,4.0,3.8,0.2,0.11,-0.27
102,2023-2024,Premier-League,Bobby Clark,eng ENG,MF,Liverpool,19-040,2005.0,5.0,1.0,89.0,1.0,0.0,0.0,0.0,0.0,0.0,0.0,0.0,0.0,0.1,0.1,0.0,0.1,3.0,3.0,7.0,0.0,0.0,0.0,0.0,0.0,0.14,0.0,0.14,0.14,0.14,2.0,0.0,0.0,2.02,0.0,0.0,0.0,18.7,0.0,0.07,-0.1,-0.1,38.0,49.0,77.6,465.0,64.0,23.0,29.0,79.3,11.0,12.0,91.7,1.0,2.0,50.0,0.0,0.0,0.0,3.0,0.0,0.0,49.0,0.0,0.0,0.0,0.0,0.0,0.0,0.0,0.0,0.0,0.0,0.0,2.0,1.0,1.01,0.0,0.0,0.0,1.0,0.0,0.0,0.0,0.0,0.0,0.0,0.0,0.0,0.0,0.0,2.0,1.0,1.0,1.0,0.0,1.0,5.0,20.0,4.0,6.0,2.0,4.0,1.0,3.0,1.0,0.0,70.0,4.0,11.0,34.0,26.0,6.0,70.0,4.0,0.0,0.0,3.0,75.0,45.0,286.0,149.0,0.0,2.0,3.0,6.0,48.0,0.0,4.0,3.0,0.0,0.0,0.0,0.0,6.0,0.0,0.0,0.0,,,,,,,,,,,,,,,,,,,,,,,,,,,,,,,,,,,,,,,,,,18.0,3.5,59.0,0.0,4.0,8.0,3.0,3.0,2.0,0.0,2.0,2.02,0.65,1.7,1.7,-0.1,-0.05,-1.09
103,2023-2024,Premier-League,Jordan Clark,eng ENG,MF,Luton Town,30-178,1993.0,15.0,8.0,743.0,8.3,0.0,1.0,1.0,0.0,0.0,0.0,3.0,0.0,0.4,0.4,0.8,1.2,12.0,27.0,19.0,0.0,0.12,0.12,0.0,0.12,0.05,0.1,0.15,0.05,0.15,7.0,1.0,14.3,0.85,0.12,0.0,0.0,13.5,0.0,0.06,-0.4,-0.4,200.0,281.0,71.2,3470.0,994.0,86.0,112.0,76.8,75.0,91.0,82.4,23.0,43.0,53.5,0.8,0.2,5.0,10.0,7.0,1.0,260.0,20.0,11.0,1.0,4.0,13.0,4.0,0.0,0.0,0.0,0.0,1.0,14.0,14.0,1.7,10.0,0.0,1.0,3.0,0.0,0.0,1.0,0.12,1.0,0.0,0.0,0.0,0.0,0.0,20.0,11.0,8.0,9.0,3.0,7.0,23.0,30.4,16.0,15.0,2.0,13.0,5.0,25.0,7.0,1.0,380.0,17.0,68.0,192.0,123.0,20.0,380.0,26.0,6.0,23.1,15.0,57.7,203.0,1234.0,557.0,9.0,5.0,14.0,12.0,243.0,0.0,7.0,14.0,1.0,0.0,0.0,0.0,29.0,8.0,8.0,50.0,,,,,,,,,,,,,,,,,,,,,,,,,,,,,,,,,,,,,,,,,,50.0,28.5,76.0,2.0,7.0,19.0,3.0,0.67,17.0,20.0,-3.0,-0.36,0.36,13.4,17.8,-4.5,-0.54,0.41
104,2023-2024,Premier-League,Nathaniel Clyne,eng ENG,DF,Crystal Palace,32-348,1991.0,10.0,7.0,718.0,8.0,0.0,0.0,0.0,0.0,0.0,0.0,0.0,0.0,0.0,0.0,0.0,0.1,8.0,18.0,15.0,0.0,0.0,0.0,0.0,0.0,0.0,0.0,0.01,0.0,0.01,2.0,0.0,0.0,0.25,0.0,0.0,0.0,23.0,0.0,0.02,0.0,0.0,257.0,322.0,79.8,3855.0,1642.0,143.0,156.0,91.7,91.0,110.0,82.7,17.0,29.0,58.6,0.1,0.0,1.0,21.0,2.0,1.0,268.0,52.0,0.0,0.0,0.0,7.0,52.0,0.0,0.0,0.0,0.0,2.0,14.0,4.0,0.5,3.0,0.0,0.0,0.0,0.0,1.0,0.0,0.0,0.0,0.0,0.0,0.0,0.0,0.0,15.0,9.0,7.0,6.0,2.0,9.0,12.0,75.0,3.0,9.0,2.0,7.0,4.0,19.0,21.0,0.0,394.0,21.0,134.0,162.0,102.0,5.0,394.0,9.0,4.0,44.4,5.0,55.6,145.0,726.0,344.0,9.0,0.0,8.0,0.0,185.0,0.0,2.0,0.0,0.0,0.0,0.0,0.0,29.0,7.0,1.0,87.5,,,,,,,,,,,,,,,,,,,,,,,,,,,,,,,,,,,,,,,,,,72.0,28.5,88.0,5.0,3.0,35.0,17.0,0.9,9.0,12.0,-3.0,-0.38,0.22,8.2,13.2,-5.0,-0.62,-0.53
105,2023-2024,Premier-League,Séamus Coleman,ie IRL,DF,Everton,35-159,1988.0,5.0,2.0,235.0,2.6,0.0,0.0,0.0,0.0,0.0,0.0,0.0,0.0,0.0,0.0,0.0,0.0,1.0,12.0,7.0,0.0,0.0,0.0,0.0,0.0,0.0,0.0,0.0,0.0,0.0,0.0,0.0,0.0,0.0,0.0,0.0,0.0,0.0,0.0,0.0,0.0,0.0,63.0,101.0,62.4,1015.0,525.0,36.0,47.0,76.6,23.0,31.0,74.2,4.0,17.0,23.5,0.1,0.0,0.0,6.0,1.0,0.0,79.0,20.0,0.0,0.0,0.0,6.0,20.0,0.0,0.0,0.0,0.0,2.0,4.0,2.0,0.77,1.0,0.0,1.0,0.0,0.0,0.0,0.0,0.0,0.0,0.0,0.0,0.0,0.0,0.0,8.0,7.0,5.0,1.0,2.0,5.0,8.0,62.5,3.0,3.0,2.0,1.0,3.0,11.0,11.0,0.0,133.0,16.0,45.0,53.0,36.0,1.0,133.0,4.0,3.0,75.0,1.0,25.0,62.0,308.0,124.0,2.0,0.0,4.0,3.0,64.0,0.0,1.0,1.0,0.0,0.0,0.0,0.0,16.0,1.0,1.0,50.0,,,,,,,,,,,,,,,,,,,,,,,,,,,,,,,,,,,,,,,,,,47.0,9.3,78.0,1.0,3.0,26.0,6.0,1.0,1.0,2.0,-1.0,-0.38,-0.03,4.7,3.2,1.5,0.57,0.53
106,2023-2024,Premier-League,Nathan Collins,ie IRL,DF,Brentford,22-323,2001.0,24.0,21.0,1932.0,21.5,1.0,1.0,2.0,1.0,0.0,0.0,3.0,0.0,1.6,1.6,1.5,3.1,6.0,71.0,14.0,0.05,0.05,0.09,0.05,0.09,0.08,0.07,0.15,0.08,0.15,10.0,2.0,20.0,0.47,0.09,0.1,0.5,9.9,0.0,0.16,-0.6,-0.6,960.0,1180.0,81.4,17611.0,6271.0,350.0,400.0,87.5,508.0,579.0,87.7,83.0,158.0,52.5,0.7,-0.5,7.0,55.0,4.0,0.0,1076.0,99.0,34.0,2.0,9.0,2.0,64.0,0.0,0.0,0.0,0.0,5.0,12.0,16.0,0.75,14.0,0.0,0.0,1.0,0.0,1.0,2.0,0.09,2.0,0.0,0.0,0.0,0.0,0.0,27.0,15.0,18.0,8.0,1.0,15.0,25.0,60.0,10.0,30.0,17.0,13.0,34.0,61.0,111.0,4.0,1427.0,242.0,802.0,520.0,109.0,38.0,1427.0,14.0,10.0,71.4,2.0,14.3,738.0,3441.0,1878.0,11.0,0.0,15.0,6.0,857.0,0.0,8.0,15.0,3.0,0.0,0.0,0.0,109.0,56.0,29.0,65.9,,,,,,,,,,,,,,,,,,,,,,,,,,,,,,,,,,,,,,,,,,81.0,74.0,89.0,20.0,3.0,18.0,1.0,0.96,34.0,44.0,-10.0,-0.47,-0.07,35.4,34.4,1.0,0.05,0.2
107,2023-2024,Premier-League,Levi Colwill,eng ENG,DF,Chelsea,21-021,2003.0,23.0,20.0,1797.0,20.0,1.0,1.0,2.0,1.0,0.0,0.0,2.0,0.0,1.3,1.3,1.2,2.5,23.0,73.0,27.0,0.05,0.05,0.1,0.05,0.1,0.06,0.06,0.12,0.06,0.12,11.0,3.0,27.3,0.55,0.15,0.09,0.33,11.9,0.0,0.12,-0.3,-0.3,965.0,1163.0,83.0,16310.0,5939.0,444.0,495.0,89.7,456.0,508.0,89.8,51.0,117.0,43.6,0.5,-0.2,7.0,82.0,6.0,0.0,1033.0,126.0,28.0,4.0,0.0,12.0,94.0,0.0,0.0,0.0,0.0,4.0,17.0,27.0,1.35,21.0,1.0,1.0,4.0,0.0,0.0,3.0,0.15,3.0,0.0,0.0,0.0,0.0,0.0,48.0,30.0,26.0,17.0,5.0,26.0,34.0,76.5,8.0,28.0,10.0,18.0,26.0,74.0,66.0,0.0,1392.0,108.0,570.0,669.0,164.0,26.0,1392.0,13.0,9.0,69.2,4.0,30.8,766.0,3602.0,1985.0,17.0,2.0,22.0,4.0,873.0,0.0,25.0,14.0,4.0,0.0,0.0,0.0,96.0,43.0,20.0,68.3,,,,,,,,,,,,,,,,,,,,,,,,,,,,,,,,,,,,,,,,,,78.0,74.0,84.0,15.0,3.0,37.0,0.0,1.52,29.0,26.0,3.0,0.15,0.29,35.9,27.8,8.1,0.41,0.16
108,2023-2024,Premier-League,Lewis Cook,eng ENG,MF,Bournemouth,27-044,1997.0,23.0,22.0,1890.0,21.0,0.0,3.0,3.0,0.0,0.0,0.0,4.0,1.0,0.2,0.2,3.0,3.2,14.0,102.0,11.0,0.0,0.14,0.14,0.0,0.14,0.01,0.14,0.15,0.01,0.15,7.0,3.0,42.9,0.33,0.14,0.0,0.0,25.1,0.0,0.02,-0.2,-0.2,783.0,1010.0,77.5,13987.0,4811.0,317.0,368.0,86.1,368.0,418.0,88.0,78.0,170.0,45.9,2.3,0.0,33.0,99.0,17.0,4.0,883.0,126.0,59.0,1.0,3.0,86.0,7.0,56.0,51.0,1.0,1.0,1.0,15.0,56.0,2.67,35.0,18.0,1.0,0.0,0.0,2.0,4.0,0.19,3.0,0.0,0.0,0.0,0.0,1.0,43.0,29.0,19.0,21.0,3.0,25.0,43.0,58.1,18.0,23.0,7.0,16.0,44.0,87.0,31.0,1.0,1215.0,55.0,272.0,717.0,244.0,5.0,1215.0,25.0,15.0,60.0,9.0,36.0,513.0,2474.0,1215.0,16.0,0.0,26.0,14.0,584.0,0.0,28.0,13.0,2.0,0.0,0.0,0.0,160.0,30.0,19.0,61.2,,,,,,,,,,,,,,,,,,,,,,,,,,,,,,,,,,,,,,,,,,82.0,75.0,84.0,17.0,1.0,45.0,0.0,1.22,30.0,36.0,-6.0,-0.29,0.43,32.7,33.0,-0.3,-0.01,0.27
109,2023-2024,Premier-League,Jack Cork,eng ENG,MF,Burnley,34-267,1989.0,3.0,0.0,19.0,0.2,0.0,0.0,0.0,0.0,0.0,0.0,0.0,0.0,0.0,0.0,0.0,0.0,3.0,2.0,1.0,0.0,0.0,0.0,0.0,0.0,0.0,0.0,0.0,0.0,0.0,0.0,0.0,0.0,0.0,0.0,0.0,0.0,0.0,0.0,0.0,0.0,0.0,16.0,24.0,66.7,252.0,39.0,6.0,9.0,66.7,8.0,8.0,100.0,1.0,3.0,33.3,0.0,0.0,0.0,3.0,0.0,0.0,22.0,2.0,2.0,0.0,0.0,1.0,0.0,0.0,0.0,0.0,0.0,0.0,2.0,1.0,4.74,1.0,0.0,0.0,0.0,0.0,0.0,0.0,0.0,0.0,0.0,0.0,0.0,0.0,0.0,2.0,0.0,0.0,2.0,0.0,1.0,3.0,33.3,2.0,0.0,0.0,0.0,0.0,2.0,1.0,0.0,27.0,0.0,4.0,16.0,8.0,1.0,27.0,0.0,0.0,0.0,0.0,0.0,18.0,119.0,75.0,1.0,0.0,0.0,0.0,21.0,0.0,2.0,1.0,0.0,0.0,0.0,0.0,2.0,0.0,2.0,0.0,,,,,,,,,,,,,,,,,,,,,,,,,,,,,,,,,,,,,,,,,,6.0,0.7,0.0,0.0,3.0,6.0,15.0,0.33,1.0,0.0,1.0,4.74,5.95,0.6,0.1,0.5,2.22,3.0
110,2023-2024,Premier-League,Maxwel Cornet,ci CIV,"MF,FW",West Ham,27-173,1996.0,5.0,1.0,105.0,1.2,1.0,0.0,1.0,1.0,0.0,0.0,0.0,0.0,0.4,0.4,0.2,0.6,3.0,2.0,7.0,0.86,0.0,0.86,0.86,0.86,0.34,0.14,0.49,0.34,0.49,4.0,1.0,25.0,3.43,0.86,0.25,1.0,12.5,0.0,0.1,0.6,0.6,28.0,39.0,71.8,346.0,67.0,22.0,27.0,81.5,5.0,7.0,71.4,0.0,1.0,0.0,0.0,-0.2,4.0,0.0,0.0,0.0,38.0,1.0,0.0,0.0,0.0,1.0,0.0,0.0,0.0,0.0,0.0,0.0,2.0,5.0,4.29,4.0,0.0,0.0,1.0,0.0,0.0,0.0,0.0,0.0,0.0,0.0,0.0,0.0,0.0,3.0,2.0,3.0,0.0,0.0,1.0,5.0,20.0,4.0,0.0,0.0,0.0,1.0,4.0,1.0,0.0,54.0,1.0,10.0,17.0,28.0,8.0,54.0,2.0,0.0,0.0,1.0,50.0,31.0,258.0,73.0,2.0,2.0,1.0,3.0,34.0,0.0,1.0,2.0,2.0,0.0,0.0,0.0,7.0,0.0,2.0,0.0,,,,,,,,,,,,,,,,,,,,,,,,,,,,,,,,,,,,,,,,,,21.0,4.2,69.0,0.0,4.0,9.0,14.0,0.6,1.0,3.0,-2.0,-1.71,-1.64,1.3,3.0,-1.7,-1.49,-1.14
111,2023-2024,Premier-League,Vladimír Coufal,cz CZE,DF,West Ham,31-209,1992.0,26.0,26.0,2300.0,25.6,0.0,6.0,6.0,0.0,0.0,0.0,7.0,1.0,0.0,0.0,3.0,3.0,52.0,95.0,99.0,0.0,0.23,0.23,0.0,0.23,0.0,0.12,0.12,0.0,0.12,2.0,0.0,0.0,0.08,0.0,0.0,0.0,29.4,0.0,0.02,0.0,0.0,865.0,1261.0,68.6,13976.0,6989.0,453.0,509.0,89.0,336.0,472.0,71.2,58.0,194.0,29.9,2.1,3.0,27.0,76.0,30.0,16.0,999.0,252.0,11.0,1.0,4.0,81.0,240.0,1.0,0.0,0.0,0.0,10.0,37.0,57.0,2.23,37.0,14.0,2.0,1.0,3.0,0.0,7.0,0.27,7.0,0.0,0.0,0.0,0.0,0.0,52.0,35.0,42.0,8.0,2.0,32.0,57.0,56.1,25.0,29.0,9.0,20.0,36.0,88.0,78.0,0.0,1525.0,115.0,523.0,628.0,386.0,19.0,1525.0,27.0,10.0,37.0,12.0,44.4,672.0,3723.0,1843.0,27.0,4.0,22.0,9.0,769.0,1.0,27.0,20.0,1.0,0.0,0.0,0.0,116.0,29.0,29.0,50.0,,,,,,,,,,,,,,,,,,,,,,,,,,,,,,,,,,,,,,,,,,88.0,91.3,88.0,21.0,0.0,0.0,0.0,1.58,44.0,45.0,-1.0,-0.04,1.19,36.6,44.5,-7.9,-0.31,1.06
112,2023-2024,Premier-League,Philippe Coutinho,br BRA,"MF,FW",Aston Villa,31-280,1992.0,2.0,0.0,25.0,0.3,0.0,0.0,0.0,0.0,0.0,0.0,0.0,0.0,0.1,0.1,0.0,0.1,5.0,5.0,2.0,0.0,0.0,0.0,0.0,0.0,0.52,0.0,0.52,0.52,0.52,3.0,1.0,33.3,10.8,3.6,0.0,0.0,24.9,0.0,0.05,-0.1,-0.1,20.0,24.0,83.3,265.0,63.0,11.0,14.0,78.6,8.0,9.0,88.9,0.0,0.0,0.0,0.0,0.0,0.0,4.0,0.0,0.0,23.0,1.0,0.0,0.0,0.0,0.0,0.0,0.0,0.0,0.0,0.0,0.0,0.0,2.0,7.2,1.0,0.0,1.0,0.0,0.0,0.0,0.0,0.0,0.0,0.0,0.0,0.0,0.0,0.0,0.0,0.0,0.0,0.0,0.0,0.0,1.0,0.0,1.0,0.0,0.0,0.0,0.0,0.0,0.0,0.0,30.0,0.0,4.0,18.0,9.0,1.0,30.0,5.0,4.0,80.0,1.0,20.0,26.0,222.0,134.0,4.0,0.0,2.0,0.0,29.0,0.0,0.0,1.0,0.0,0.0,0.0,0.0,1.0,0.0,0.0,0.0,,,,,,,,,,,,,,,,,,,,,,,,,,,,,,,,,,,,,,,,,,13.0,1.0,0.0,0.0,2.0,13.0,0.0,1.5,1.0,1.0,0.0,0.0,-0.65,0.9,0.6,0.3,1.16,0.77
113,2023-2024,Premier-League,Aaron Cresswell,eng ENG,DF,West Ham,34-094,1989.0,5.0,3.0,235.0,2.6,0.0,0.0,0.0,0.0,0.0,0.0,1.0,0.0,0.0,0.0,0.3,0.3,3.0,16.0,3.0,0.0,0.0,0.0,0.0,0.0,0.0,0.13,0.13,0.0,0.13,0.0,0.0,0.0,0.0,0.0,0.0,0.0,0.0,0.0,0.0,0.0,0.0,133.0,160.0,83.1,2101.0,880.0,84.0,90.0,93.3,32.0,42.0,76.2,13.0,23.0,56.5,0.3,-0.3,4.0,8.0,2.0,0.0,124.0,36.0,5.0,0.0,0.0,9.0,27.0,4.0,1.0,3.0,0.0,0.0,1.0,9.0,3.45,4.0,3.0,0.0,0.0,2.0,0.0,1.0,0.38,1.0,0.0,0.0,0.0,0.0,0.0,1.0,0.0,1.0,0.0,0.0,1.0,2.0,50.0,1.0,3.0,2.0,1.0,1.0,2.0,4.0,0.0,170.0,10.0,52.0,76.0,43.0,0.0,170.0,1.0,0.0,0.0,1.0,100.0,90.0,262.0,107.0,2.0,0.0,0.0,1.0,106.0,0.0,0.0,3.0,0.0,0.0,0.0,0.0,10.0,3.0,1.0,75.0,,,,,,,,,,,,,,,,,,,,,,,,,,,,,,,,,,,,,,,,,,47.0,9.3,73.0,1.0,2.0,8.0,17.0,0.8,2.0,6.0,-4.0,-1.53,-1.53,3.4,2.6,0.8,0.31,0.78
114,2023-2024,Premier-League,Marc Cucurella,es ESP,DF,Chelsea,25-240,1998.0,10.0,9.0,793.0,8.8,0.0,0.0,0.0,0.0,0.0,0.0,5.0,0.0,0.8,0.8,0.2,1.0,16.0,26.0,31.0,0.0,0.0,0.0,0.0,0.0,0.09,0.02,0.11,0.09,0.11,4.0,3.0,75.0,0.45,0.34,0.0,0.0,14.7,0.0,0.2,-0.8,-0.8,479.0,560.0,85.5,7154.0,1964.0,262.0,289.0,90.7,189.0,210.0,90.0,16.0,35.0,45.7,0.3,-0.2,6.0,24.0,2.0,0.0,479.0,81.0,12.0,1.0,0.0,5.0,69.0,0.0,0.0,0.0,0.0,0.0,12.0,13.0,1.48,11.0,1.0,1.0,0.0,0.0,0.0,0.0,0.0,0.0,0.0,0.0,0.0,0.0,0.0,33.0,22.0,18.0,13.0,2.0,19.0,31.0,61.3,12.0,18.0,6.0,12.0,13.0,46.0,26.0,0.0,675.0,46.0,288.0,271.0,121.0,8.0,675.0,6.0,2.0,33.3,4.0,66.7,314.0,1366.0,775.0,8.0,2.0,7.0,1.0,407.0,0.0,13.0,13.0,1.0,0.0,1.0,0.0,46.0,11.0,9.0,55.0,,,,,,,,,,,,,,,,,,,,,,,,,,,,,,,,,,,,,,,,,,79.0,32.6,83.0,6.0,1.0,45.0,6.0,1.4,20.0,16.0,4.0,0.45,0.56,15.3,14.1,1.3,0.15,-0.32
115,2023-2024,Premier-League,Josh Cullen,ie IRL,MF,Burnley,27-346,1996.0,16.0,14.0,1258.0,14.0,0.0,1.0,1.0,0.0,0.0,0.0,5.0,0.0,0.2,0.2,0.8,1.0,10.0,68.0,13.0,0.0,0.07,0.07,0.0,0.07,0.01,0.06,0.07,0.01,0.07,7.0,1.0,14.3,0.5,0.07,0.0,0.0,24.7,0.0,0.03,-0.2,-0.2,704.0,830.0,84.8,10984.0,2549.0,385.0,417.0,92.3,272.0,302.0,90.1,32.0,71.0,45.1,1.3,0.2,11.0,57.0,12.0,1.0,796.0,30.0,26.0,3.0,2.0,9.0,0.0,4.0,2.0,1.0,0.0,4.0,12.0,34.0,2.43,31.0,2.0,0.0,0.0,1.0,0.0,3.0,0.21,3.0,0.0,0.0,0.0,0.0,0.0,24.0,16.0,10.0,12.0,2.0,14.0,25.0,56.0,11.0,21.0,12.0,9.0,9.0,33.0,17.0,0.0,933.0,40.0,216.0,539.0,188.0,9.0,933.0,9.0,2.0,22.2,3.0,33.3,537.0,1913.0,845.0,9.0,2.0,4.0,9.0,632.0,0.0,15.0,36.0,0.0,0.0,0.0,0.0,90.0,10.0,19.0,34.5,,,,,,,,,,,,,,,,,,,,,,,,,,,,,,,,,,,,,,,,,,79.0,48.2,86.0,11.0,2.0,30.0,8.0,0.56,13.0,33.0,-20.0,-1.43,-0.5,13.5,25.7,-12.2,-0.87,-0.2
116,2023-2024,Premier-League,Matheus Cunha,br BRA,"FW,MF",Wolves,24-296,1999.0,24.0,24.0,1961.0,21.8,9.0,6.0,15.0,8.0,1.0,1.0,5.0,0.0,8.2,7.4,3.1,10.5,93.0,60.0,108.0,0.41,0.28,0.69,0.37,0.64,0.38,0.14,0.52,0.34,0.48,59.0,30.0,50.8,2.71,1.38,0.14,0.27,18.3,0.0,0.13,0.8,0.6,502.0,637.0,78.8,6696.0,1707.0,319.0,369.0,86.4,134.0,169.0,79.3,24.0,44.0,54.5,2.4,2.9,25.0,40.0,25.0,1.0,585.0,47.0,6.0,7.0,6.0,16.0,11.0,1.0,0.0,0.0,0.0,5.0,17.0,67.0,3.07,40.0,0.0,11.0,7.0,7.0,2.0,11.0,0.5,7.0,0.0,1.0,1.0,1.0,1.0,24.0,11.0,6.0,15.0,3.0,10.0,30.0,33.3,20.0,23.0,7.0,16.0,13.0,37.0,16.0,1.0,944.0,22.0,132.0,465.0,375.0,100.0,943.0,110.0,52.0,47.3,46.0,41.8,572.0,4592.0,2693.0,65.0,30.0,62.0,41.0,671.0,0.0,19.0,37.0,3.0,1.0,0.0,0.0,87.0,12.0,39.0,23.5,,,,,,,,,,,,,,,,,,,,,,,,,,,,,,,,,,,,,,,,,,82.0,77.8,82.0,11.0,0.0,0.0,0.0,1.33,34.0,33.0,1.0,0.05,0.53,28.9,35.6,-6.7,-0.31,0.28
117,2023-2024,Premier-League,Mahmoud Dahoud,de GER,MF,Brighton,28-077,1996.0,9.0,6.0,452.0,5.0,0.0,1.0,1.0,0.0,0.0,0.0,1.0,1.0,0.2,0.2,0.9,1.1,4.0,11.0,6.0,0.0,0.2,0.2,0.0,0.2,0.04,0.18,0.22,0.04,0.22,6.0,1.0,16.7,1.19,0.2,0.0,0.0,26.8,0.0,0.04,-0.2,-0.2,284.0,328.0,86.6,4011.0,886.0,169.0,176.0,96.0,84.0,99.0,84.8,16.0,25.0,64.0,0.4,0.1,10.0,21.0,1.0,1.0,326.0,2.0,2.0,1.0,0.0,3.0,0.0,0.0,0.0,0.0,0.0,0.0,8.0,13.0,2.59,13.0,0.0,0.0,0.0,0.0,0.0,2.0,0.4,2.0,0.0,0.0,0.0,0.0,0.0,9.0,4.0,2.0,4.0,3.0,3.0,9.0,33.3,6.0,4.0,1.0,3.0,1.0,10.0,5.0,0.0,368.0,12.0,86.0,225.0,58.0,4.0,368.0,5.0,2.0,40.0,3.0,60.0,239.0,951.0,406.0,3.0,1.0,6.0,5.0,303.0,0.0,6.0,2.0,0.0,0.0,0.0,0.0,26.0,0.0,5.0,0.0,,,,,,,,,,,,,,,,,,,,,,,,,,,,,,,,,,,,,,,,,,50.0,17.9,68.0,0.0,3.0,16.0,8.0,2.11,10.0,5.0,5.0,1.0,0.95,7.9,4.1,3.8,0.76,0.63
118,2023-2024,Premier-League,Ameen Al-Dakhil,be BEL,DF,Burnley,22-012,2002.0,13.0,12.0,1056.0,11.7,1.0,0.0,1.0,1.0,0.0,0.0,1.0,0.0,1.3,1.3,0.1,1.4,7.0,35.0,9.0,0.09,0.0,0.09,0.09,0.09,0.11,0.01,0.12,0.11,0.12,8.0,3.0,37.5,0.68,0.26,0.13,0.33,16.0,0.0,0.16,-0.3,-0.3,537.0,637.0,84.3,9642.0,2939.0,208.0,220.0,94.5,280.0,321.0,87.2,42.0,77.0,54.5,0.6,-0.1,2.0,13.0,2.0,0.0,590.0,45.0,11.0,2.0,2.0,3.0,34.0,0.0,0.0,0.0,0.0,2.0,6.0,8.0,0.68,5.0,0.0,1.0,2.0,0.0,0.0,1.0,0.09,1.0,0.0,0.0,0.0,0.0,0.0,12.0,5.0,4.0,7.0,1.0,1.0,10.0,10.0,9.0,13.0,6.0,7.0,12.0,24.0,38.0,2.0,749.0,83.0,355.0,339.0,58.0,10.0,749.0,5.0,3.0,60.0,2.0,40.0,491.0,2471.0,1351.0,9.0,0.0,8.0,6.0,495.0,0.0,6.0,4.0,0.0,0.0,1.0,1.0,50.0,14.0,23.0,37.8,,,,,,,,,,,,,,,,,,,,,,,,,,,,,,,,,,,,,,,,,,81.0,40.5,86.0,11.0,1.0,21.0,2.0,0.38,10.0,26.0,-16.0,-1.36,-0.32,10.8,20.3,-9.5,-0.81,-0.08
119,2023-2024,Premier-League,Diogo Dalot,pt POR,DF,Manchester Utd,25-000,1999.0,26.0,25.0,2274.0,25.3,1.0,2.0,3.0,1.0,0.0,0.0,6.0,1.0,0.9,0.9,1.9,2.7,42.0,90.0,87.0,0.04,0.08,0.12,0.04,0.12,0.03,0.07,0.11,0.03,0.11,21.0,4.0,19.0,0.83,0.16,0.05,0.25,20.6,0.0,0.04,0.1,0.1,1064.0,1325.0,80.3,18394.0,5755.0,501.0,568.0,88.2,409.0,503.0,81.3,120.0,176.0,68.2,1.8,0.1,23.0,77.0,23.0,13.0,1107.0,213.0,17.0,0.0,7.0,63.0,193.0,3.0,0.0,3.0,0.0,5.0,30.0,55.0,2.18,47.0,2.0,2.0,2.0,1.0,1.0,5.0,0.2,4.0,0.0,0.0,1.0,0.0,0.0,56.0,36.0,41.0,8.0,7.0,35.0,48.0,72.9,13.0,34.0,12.0,22.0,27.0,83.0,84.0,0.0,1590.0,145.0,552.0,604.0,445.0,37.0,1590.0,42.0,23.0,54.8,16.0,38.1,827.0,3960.0,2138.0,31.0,9.0,13.0,10.0,889.0,1.0,27.0,11.0,0.0,0.0,0.0,0.0,148.0,25.0,15.0,62.5,,,,,,,,,,,,,,,,,,,,,,,,,,,,,,,,,,,,,,,,,,87.0,90.2,90.0,24.0,1.0,25.0,1.0,1.69,38.0,36.0,2.0,0.08,0.81,38.3,42.8,-4.5,-0.18,-0.29
120,2023-2024,Premier-League,Mikkel Damsgaard,dk DEN,MF,Brentford,23-259,2000.0,14.0,2.0,362.0,4.0,0.0,1.0,1.0,0.0,0.0,0.0,0.0,0.0,0.6,0.6,0.8,1.4,6.0,32.0,18.0,0.0,0.25,0.25,0.0,0.25,0.15,0.19,0.34,0.15,0.34,4.0,3.0,75.0,0.99,0.75,0.0,0.0,13.0,0.0,0.15,-0.6,-0.6,142.0,210.0,67.6,2369.0,853.0,69.0,93.0,74.2,56.0,72.0,77.8,13.0,32.0,40.6,0.5,0.2,7.0,24.0,4.0,1.0,196.0,12.0,3.0,7.0,3.0,17.0,3.0,5.0,4.0,1.0,0.0,2.0,5.0,14.0,3.49,8.0,3.0,0.0,2.0,1.0,0.0,2.0,0.5,1.0,0.0,0.0,0.0,1.0,0.0,14.0,7.0,7.0,5.0,2.0,8.0,22.0,36.4,14.0,8.0,1.0,7.0,7.0,21.0,3.0,1.0,267.0,9.0,54.0,127.0,89.0,8.0,267.0,8.0,4.0,50.0,4.0,50.0,148.0,704.0,353.0,4.0,1.0,9.0,5.0,173.0,0.0,8.0,5.0,2.0,0.0,0.0,0.0,30.0,4.0,3.0,57.1,,,,,,,,,,,,,,,,,,,,,,,,,,,,,,,,,,,,,,,,,,26.0,13.9,70.0,0.0,12.0,19.0,3.0,0.5,7.0,4.0,3.0,0.75,1.39,7.3,5.0,2.4,0.59,0.69
121,2023-2024,Premier-League,Danilo,br BRA,"MF,FW",Nott'ham Forest,22-324,2001.0,21.0,12.0,1123.0,12.5,1.0,0.0,1.0,1.0,0.0,0.0,3.0,0.0,0.6,0.6,0.4,1.1,14.0,52.0,18.0,0.08,0.0,0.08,0.08,0.08,0.05,0.03,0.08,0.05,0.08,14.0,4.0,28.6,1.12,0.32,0.07,0.25,22.6,0.0,0.05,0.4,0.4,392.0,493.0,79.5,7069.0,1860.0,166.0,198.0,83.8,170.0,190.0,89.5,46.0,70.0,65.7,0.4,-0.4,5.0,53.0,10.0,0.0,471.0,17.0,6.0,3.0,4.0,7.0,1.0,2.0,2.0,0.0,0.0,5.0,9.0,21.0,1.68,17.0,1.0,1.0,1.0,1.0,0.0,2.0,0.16,2.0,0.0,0.0,0.0,0.0,0.0,21.0,10.0,11.0,9.0,1.0,13.0,31.0,41.9,18.0,19.0,5.0,14.0,19.0,40.0,27.0,0.0,637.0,52.0,180.0,355.0,113.0,8.0,637.0,19.0,13.0,68.4,6.0,31.6,365.0,1750.0,742.0,15.0,1.0,19.0,6.0,401.0,0.0,7.0,6.0,2.0,0.0,1.0,0.0,72.0,10.0,7.0,58.8,,,,,,,,,,,,,,,,,,,,,,,,,,,,,,,,,,,,,,,,,,53.0,43.0,78.0,4.0,9.0,20.0,1.0,0.95,18.0,27.0,-9.0,-0.72,-0.3,18.2,18.4,-0.2,-0.01,0.32
122,2023-2024,Premier-League,Arnaut Danjuma,nl NED,"MF,FW",Everton,27-047,1997.0,14.0,5.0,595.0,6.6,1.0,0.0,1.0,1.0,0.0,0.0,0.0,0.0,2.6,2.6,1.1,3.7,24.0,9.0,44.0,0.15,0.0,0.15,0.15,0.15,0.4,0.17,0.57,0.4,0.57,25.0,9.0,36.0,3.78,1.36,0.04,0.11,16.0,1.0,0.1,-1.6,-1.6,102.0,152.0,67.1,1420.0,357.0,57.0,69.0,82.6,37.0,54.0,68.5,2.0,7.0,28.6,0.4,-1.1,6.0,6.0,2.0,0.0,147.0,5.0,0.0,1.0,1.0,10.0,2.0,1.0,1.0,0.0,0.0,0.0,8.0,18.0,2.72,9.0,0.0,1.0,5.0,2.0,1.0,1.0,0.15,0.0,0.0,0.0,1.0,0.0,0.0,6.0,4.0,2.0,3.0,1.0,1.0,4.0,25.0,3.0,4.0,0.0,4.0,3.0,9.0,0.0,0.0,223.0,4.0,23.0,77.0,127.0,32.0,223.0,21.0,8.0,38.1,11.0,52.4,147.0,1182.0,599.0,15.0,11.0,10.0,7.0,147.0,0.0,7.0,5.0,3.0,0.0,0.0,0.0,25.0,3.0,5.0,37.5,,,,,,,,,,,,,,,,,,,,,,,,,,,,,,,,,,,,,,,,,,43.0,23.6,84.0,2.0,9.0,19.0,8.0,0.43,3.0,10.0,-7.0,-1.06,-0.92,8.6,9.8,-1.2,-0.18,-0.36
123,2023-2024,Premier-League,Jayden Danns,eng ENG,FW,Liverpool,18-062,2006.0,2.0,0.0,9.0,0.1,0.0,0.0,0.0,0.0,0.0,0.0,1.0,0.0,0.0,0.0,0.0,0.0,0.0,1.0,2.0,0.0,0.0,0.0,0.0,0.0,0.0,0.0,0.0,0.0,0.0,0.0,0.0,0.0,0.0,0.0,0.0,0.0,0.0,0.0,0.0,0.0,0.0,5.0,7.0,71.4,73.0,16.0,3.0,4.0,75.0,2.0,3.0,66.7,0.0,0.0,0.0,0.0,0.0,0.0,0.0,1.0,0.0,7.0,0.0,0.0,1.0,0.0,0.0,0.0,0.0,0.0,0.0,0.0,0.0,0.0,0.0,0.0,0.0,0.0,0.0,0.0,0.0,0.0,0.0,0.0,0.0,0.0,0.0,0.0,0.0,0.0,0.0,0.0,0.0,0.0,0.0,0.0,0.0,0.0,0.0,0.0,0.0,0.0,0.0,0.0,0.0,0.0,7.0,0.0,0.0,3.0,4.0,0.0,7.0,0.0,0.0,0.0,0.0,0.0,3.0,11.0,5.0,1.0,0.0,0.0,0.0,4.0,0.0,2.0,0.0,0.0,0.0,0.0,0.0,1.0,0.0,2.0,0.0,,,,,,,,,,,,,,,,,,,,,,,,,,,,,,,,,,,,,,,,,,5.0,0.4,0.0,0.0,2.0,5.0,0.0,3.0,2.0,0.0,2.0,20.0,18.67,0.6,0.1,0.5,4.56,3.57
124,2023-2024,Premier-League,Josh Dasilva,eng ENG,"DF,FW",Brentford,25-147,1998.0,3.0,0.0,24.0,0.3,0.0,0.0,0.0,0.0,0.0,0.0,0.0,0.0,0.0,0.0,0.2,0.2,2.0,2.0,5.0,0.0,0.0,0.0,0.0,0.0,0.0,0.72,0.72,0.0,0.72,0.0,0.0,0.0,0.0,0.0,0.0,0.0,0.0,0.0,0.0,0.0,0.0,10.0,19.0,52.6,153.0,59.0,5.0,7.0,71.4,5.0,7.0,71.4,0.0,2.0,0.0,0.2,-0.2,1.0,0.0,0.0,0.0,17.0,2.0,0.0,0.0,0.0,6.0,0.0,2.0,2.0,0.0,0.0,0.0,1.0,1.0,3.75,1.0,0.0,0.0,0.0,0.0,0.0,0.0,0.0,0.0,0.0,0.0,0.0,0.0,0.0,2.0,1.0,0.0,1.0,1.0,0.0,0.0,0.0,0.0,0.0,0.0,0.0,0.0,2.0,0.0,0.0,26.0,1.0,1.0,6.0,19.0,6.0,26.0,4.0,2.0,50.0,2.0,50.0,17.0,153.0,69.0,0.0,2.0,2.0,4.0,17.0,0.0,2.0,0.0,0.0,0.0,0.0,0.0,2.0,0.0,0.0,0.0,,,,,,,,,,,,,,,,,,,,,,,,,,,,,,,,,,,,,,,,,,8.0,0.9,0.0,0.0,3.0,8.0,1.0,2.0,0.0,0.0,0.0,0.0,0.45,0.2,0.1,0.1,0.32,0.33
125,2023-2024,Premier-League,David Datro Fofana,ci CIV,FW,Burnley,21-087,2002.0,8.0,6.0,596.0,6.6,4.0,1.0,5.0,4.0,0.0,0.0,1.0,0.0,3.4,3.4,1.6,5.0,14.0,7.0,26.0,0.6,0.15,0.76,0.6,0.76,0.51,0.24,0.75,0.51,0.75,14.0,8.0,57.1,2.11,1.21,0.29,0.5,15.6,0.0,0.24,0.6,0.6,66.0,102.0,64.7,872.0,172.0,39.0,58.0,67.2,19.0,24.0,79.2,2.0,2.0,100.0,0.2,-0.6,5.0,4.0,3.0,0.0,95.0,5.0,0.0,1.0,0.0,2.0,0.0,0.0,0.0,0.0,0.0,2.0,6.0,11.0,1.66,3.0,0.0,4.0,3.0,0.0,1.0,2.0,0.3,0.0,0.0,2.0,0.0,0.0,0.0,6.0,3.0,1.0,3.0,2.0,1.0,3.0,33.3,2.0,5.0,2.0,3.0,0.0,6.0,0.0,0.0,187.0,6.0,19.0,73.0,97.0,30.0,187.0,25.0,14.0,56.0,10.0,40.0,119.0,730.0,327.0,6.0,8.0,26.0,16.0,134.0,0.0,14.0,5.0,7.0,0.0,0.0,0.0,12.0,10.0,26.0,27.8,,,,,,,,,,,,,,,,,,,,,,,,,,,,,,,,,,,,,,,,,,75.0,22.8,89.0,4.0,2.0,30.0,0.0,0.63,8.0,16.0,-8.0,-1.21,-0.05,8.7,12.6,-3.9,-0.59,0.23
126,2023-2024,Premier-League,Ben Davies,wls WAL,DF,Tottenham,30-329,1993.0,16.0,11.0,1003.0,11.1,1.0,0.0,1.0,1.0,0.0,0.0,1.0,0.0,2.3,2.3,0.4,2.7,12.0,71.0,18.0,0.09,0.0,0.09,0.09,0.09,0.21,0.03,0.24,0.21,0.24,12.0,2.0,16.7,1.08,0.18,0.08,0.5,11.8,0.0,0.19,-1.3,-1.3,730.0,804.0,90.8,13349.0,5172.0,280.0,300.0,93.3,377.0,398.0,94.7,60.0,79.0,75.9,0.5,-0.4,4.0,79.0,4.0,0.0,753.0,51.0,32.0,3.0,3.0,10.0,19.0,0.0,0.0,0.0,0.0,0.0,9.0,13.0,1.17,13.0,0.0,0.0,0.0,0.0,0.0,1.0,0.09,1.0,0.0,0.0,0.0,0.0,0.0,21.0,17.0,13.0,6.0,2.0,15.0,18.0,83.3,3.0,16.0,14.0,2.0,10.0,31.0,33.0,0.0,918.0,93.0,389.0,447.0,84.0,21.0,918.0,9.0,3.0,33.3,6.0,66.7,569.0,3149.0,1995.0,11.0,1.0,2.0,3.0,657.0,0.0,5.0,17.0,0.0,0.0,0.0,0.0,47.0,28.0,19.0,59.6,,,,,,,,,,,,,,,,,,,,,,,,,,,,,,,,,,,,,,,,,,63.0,39.8,86.0,10.0,5.0,12.0,9.0,1.94,23.0,18.0,5.0,0.45,-0.26,19.8,20.7,-0.9,-0.08,-0.3
127,2023-2024,Premier-League,Tom Davies,eng ENG,MF,Sheffield Utd,25-262,1998.0,9.0,2.0,221.0,2.5,0.0,0.0,0.0,0.0,0.0,0.0,2.0,0.0,0.4,0.4,0.1,0.4,3.0,8.0,3.0,0.0,0.0,0.0,0.0,0.0,0.14,0.03,0.17,0.14,0.17,4.0,1.0,25.0,1.63,0.41,0.0,0.0,15.4,0.0,0.09,-0.4,-0.4,68.0,99.0,68.7,901.0,310.0,41.0,50.0,82.0,20.0,27.0,74.1,2.0,7.0,28.6,0.2,-0.1,1.0,6.0,1.0,0.0,92.0,5.0,2.0,1.0,0.0,4.0,1.0,0.0,0.0,0.0,0.0,2.0,5.0,6.0,2.44,4.0,0.0,0.0,1.0,0.0,1.0,1.0,0.41,0.0,0.0,0.0,0.0,0.0,1.0,10.0,5.0,4.0,3.0,3.0,3.0,9.0,33.3,6.0,2.0,1.0,1.0,3.0,13.0,6.0,1.0,142.0,9.0,44.0,65.0,34.0,5.0,142.0,8.0,2.0,25.0,5.0,62.5,67.0,381.0,167.0,2.0,1.0,3.0,4.0,76.0,0.0,7.0,2.0,0.0,0.0,1.0,0.0,21.0,3.0,3.0,50.0,,,,,,,,,,,,,,,,,,,,,,,,,,,,,,,,,,,,,,,,,,25.0,8.8,45.0,0.0,7.0,19.0,1.0,0.44,2.0,11.0,-9.0,-3.67,-2.06,3.0,7.1,-4.1,-1.67,-0.58
128,2023-2024,Premier-League,Craig Dawson,eng ENG,DF,Wolves,33-317,1990.0,25.0,25.0,2209.0,24.5,1.0,1.0,2.0,1.0,0.0,0.0,7.0,0.0,1.5,1.5,1.4,2.9,1.0,49.0,4.0,0.04,0.04,0.08,0.04,0.08,0.06,0.06,0.12,0.06,0.12,16.0,5.0,31.3,0.65,0.2,0.06,0.2,11.2,0.0,0.09,-0.5,-0.5,1104.0,1277.0,86.5,23417.0,8062.0,296.0,333.0,88.9,640.0,679.0,94.3,158.0,237.0,66.7,0.6,-0.4,9.0,52.0,2.0,0.0,1236.0,38.0,29.0,2.0,22.0,1.0,1.0,0.0,0.0,0.0,0.0,3.0,9.0,12.0,0.49,8.0,0.0,0.0,3.0,0.0,1.0,1.0,0.04,0.0,0.0,0.0,1.0,0.0,0.0,30.0,20.0,23.0,6.0,1.0,22.0,34.0,64.7,12.0,51.0,39.0,12.0,16.0,46.0,120.0,1.0,1529.0,292.0,889.0,592.0,54.0,34.0,1529.0,3.0,3.0,100.0,0.0,0.0,896.0,4227.0,1932.0,7.0,0.0,5.0,2.0,997.0,0.0,20.0,15.0,4.0,0.0,0.0,0.0,100.0,63.0,32.0,66.3,,,,,,,,,,,,,,,,,,,,,,,,,,,,,,,,,,,,,,,,,,88.0,87.7,88.0,23.0,0.0,0.0,0.0,1.4,33.0,38.0,-5.0,-0.2,-1.07,32.4,39.4,-7.0,-0.29,0.67
129,2023-2024,Premier-League,Kevin De Bruyne,be BEL,MF,Manchester City,32-264,1991.0,9.0,6.0,493.0,5.5,1.0,5.0,6.0,1.0,0.0,0.0,1.0,0.0,1.0,1.0,5.2,6.3,24.0,52.0,61.0,0.18,0.91,1.1,0.18,1.1,0.19,0.95,1.14,0.19,1.14,18.0,4.0,22.2,3.29,0.73,0.06,0.25,22.7,4.0,0.06,0.0,0.0,332.0,457.0,72.6,5398.0,1675.0,190.0,214.0,88.8,102.0,141.0,72.3,35.0,77.0,45.5,2.5,-0.2,27.0,32.0,28.0,7.0,387.0,67.0,9.0,5.0,1.0,77.0,15.0,41.0,16.0,11.0,4.0,3.0,13.0,45.0,8.2,32.0,9.0,2.0,1.0,1.0,0.0,8.0,1.46,5.0,2.0,0.0,0.0,1.0,0.0,4.0,3.0,1.0,1.0,2.0,4.0,9.0,44.4,5.0,2.0,0.0,2.0,2.0,6.0,1.0,0.0,514.0,0.0,15.0,153.0,349.0,31.0,514.0,16.0,6.0,37.5,9.0,56.3,293.0,1409.0,777.0,18.0,5.0,6.0,7.0,379.0,0.0,7.0,4.0,0.0,0.0,0.0,0.0,24.0,4.0,4.0,50.0,,,,,,,,,,,,,,,,,,,,,,,,,,,,,,,,,,,,,,,,,,55.0,19.6,72.0,3.0,3.0,21.0,2.0,2.56,16.0,4.0,12.0,2.19,1.17,13.9,5.6,8.3,1.51,0.59
130,2023-2024,Premier-League,Hannes Delcroix,be BEL,DF,Burnley,25-019,1999.0,12.0,5.0,589.0,6.5,0.0,0.0,0.0,0.0,0.0,0.0,2.0,0.0,0.4,0.4,0.2,0.6,2.0,18.0,6.0,0.0,0.0,0.0,0.0,0.0,0.05,0.03,0.09,0.05,0.09,4.0,2.0,50.0,0.61,0.31,0.0,0.0,11.2,0.0,0.09,-0.4,-0.4,300.0,350.0,85.7,4932.0,1666.0,145.0,155.0,93.5,135.0,154.0,87.7,16.0,31.0,51.6,0.1,-0.2,4.0,24.0,3.0,2.0,320.0,29.0,3.0,0.0,0.0,5.0,26.0,0.0,0.0,0.0,0.0,1.0,2.0,7.0,1.07,7.0,0.0,0.0,0.0,0.0,0.0,0.0,0.0,0.0,0.0,0.0,0.0,0.0,0.0,10.0,6.0,6.0,4.0,0.0,3.0,4.0,75.0,1.0,9.0,3.0,6.0,9.0,19.0,26.0,0.0,419.0,42.0,175.0,204.0,40.0,4.0,419.0,6.0,3.0,50.0,2.0,33.3,241.0,847.0,451.0,2.0,0.0,5.0,3.0,268.0,0.0,6.0,0.0,0.0,0.0,0.0,0.0,29.0,8.0,9.0,47.1,,,,,,,,,,,,,,,,,,,,,,,,,,,,,,,,,,,,,,,,,,49.0,22.6,86.0,4.0,7.0,23.0,8.0,0.67,6.0,25.0,-19.0,-2.9,-2.24,6.3,16.1,-9.8,-1.5,-0.95
131,2023-2024,Premier-League,Leander Dendoncker,be BEL,MF,Aston Villa,28-338,1995.0,8.0,1.0,119.0,1.3,1.0,0.0,1.0,1.0,0.0,0.0,0.0,0.0,0.7,0.7,0.0,0.7,0.0,3.0,2.0,0.76,0.0,0.76,0.76,0.76,0.56,0.0,0.56,0.56,0.56,2.0,1.0,50.0,1.51,0.76,0.5,1.0,12.5,0.0,0.37,0.3,0.3,45.0,56.0,80.4,744.0,139.0,24.0,28.0,85.7,19.0,22.0,86.4,2.0,4.0,50.0,0.0,0.0,0.0,1.0,0.0,0.0,56.0,0.0,0.0,0.0,1.0,0.0,0.0,0.0,0.0,0.0,0.0,0.0,0.0,2.0,1.51,1.0,0.0,0.0,0.0,1.0,0.0,1.0,0.76,0.0,0.0,0.0,0.0,1.0,0.0,6.0,4.0,3.0,2.0,1.0,4.0,5.0,80.0,1.0,5.0,2.0,3.0,2.0,8.0,3.0,1.0,80.0,4.0,31.0,39.0,12.0,2.0,80.0,0.0,0.0,0.0,0.0,0.0,36.0,124.0,27.0,1.0,0.0,2.0,1.0,39.0,0.0,1.0,1.0,0.0,0.0,0.0,0.0,4.0,4.0,5.0,44.4,,,,,,,,,,,,,,,,,,,,,,,,,,,,,,,,,,,,,,,,,,15.0,4.7,85.0,0.0,7.0,5.0,10.0,2.25,3.0,3.0,0.0,0.0,-0.67,2.6,1.7,1.0,0.72,0.34
132,2023-2024,Premier-League,Moussa Diaby,fr FRA,"FW,MF",Aston Villa,24-255,1999.0,28.0,18.0,1526.0,17.0,4.0,5.0,9.0,4.0,0.0,0.0,1.0,0.0,5.0,5.0,4.8,9.9,69.0,49.0,145.0,0.24,0.29,0.53,0.24,0.53,0.3,0.28,0.58,0.3,0.58,41.0,16.0,39.0,2.42,0.94,0.1,0.25,16.0,0.0,0.12,-1.0,-1.0,360.0,451.0,79.8,5239.0,951.0,205.0,241.0,85.1,128.0,160.0,80.0,14.0,25.0,56.0,3.4,0.2,33.0,21.0,32.0,9.0,408.0,43.0,3.0,4.0,1.0,36.0,4.0,1.0,0.0,0.0,0.0,0.0,7.0,55.0,3.24,45.0,1.0,3.0,4.0,2.0,0.0,6.0,0.35,6.0,0.0,0.0,0.0,0.0,0.0,7.0,2.0,2.0,4.0,1.0,3.0,11.0,27.3,8.0,7.0,0.0,7.0,5.0,12.0,4.0,0.0,607.0,6.0,41.0,222.0,354.0,106.0,607.0,51.0,21.0,41.2,27.0,52.9,418.0,2769.0,1390.0,28.0,31.0,28.0,23.0,454.0,0.0,13.0,10.0,5.0,0.0,0.0,0.0,39.0,2.0,13.0,13.3,,,,,,,,,,,,,,,,,,,,,,,,,,,,,,,,,,,,,,,,,,55.0,60.6,74.0,3.0,10.0,20.0,0.0,1.96,30.0,26.0,4.0,0.24,-1.03,26.9,21.8,5.1,0.3,-0.25
133,2023-2024,Premier-League,Amad Diallo,ci CIV,FW,Manchester Utd,21-251,2002.0,2.0,0.0,48.0,0.5,0.0,0.0,0.0,0.0,0.0,0.0,0.0,0.0,0.1,0.1,0.1,0.2,2.0,1.0,9.0,0.0,0.0,0.0,0.0,0.0,0.09,0.26,0.35,0.09,0.35,1.0,1.0,100.0,1.87,1.87,0.0,0.0,14.6,0.0,0.05,-0.1,-0.1,31.0,35.0,88.6,359.0,38.0,23.0,26.0,88.5,5.0,5.0,100.0,0.0,0.0,0.0,0.1,-0.1,1.0,2.0,0.0,0.0,34.0,1.0,0.0,0.0,0.0,0.0,1.0,0.0,0.0,0.0,0.0,0.0,1.0,4.0,7.5,4.0,0.0,0.0,0.0,0.0,0.0,0.0,0.0,0.0,0.0,0.0,0.0,0.0,0.0,3.0,1.0,0.0,2.0,1.0,1.0,1.0,100.0,0.0,0.0,0.0,0.0,0.0,3.0,0.0,0.0,41.0,0.0,2.0,17.0,22.0,7.0,41.0,3.0,1.0,33.3,1.0,33.3,21.0,135.0,79.0,3.0,1.0,1.0,0.0,27.0,0.0,0.0,1.0,0.0,0.0,0.0,0.0,5.0,0.0,1.0,0.0,,,,,,,,,,,,,,,,,,,,,,,,,,,,,,,,,,,,,,,,,,24.0,1.9,0.0,0.0,2.0,24.0,6.0,0.0,2.0,3.0,-1.0,-1.87,-1.91,1.7,0.6,1.1,2.15,2.35
134,2023-2024,Premier-League,Amadou Diallo,eng ENG,MF,Newcastle Utd,21-032,2003.0,1.0,0.0,1.0,0.0,0.0,0.0,0.0,0.0,0.0,0.0,0.0,0.0,0.0,0.0,0.0,0.0,0.0,0.0,0.0,0.0,0.0,0.0,0.0,0.0,0.0,0.0,0.0,0.0,0.0,0.0,0.0,0.0,0.0,0.0,0.0,0.0,0.0,0.0,0.0,0.0,0.0,1.0,1.0,100.0,10.0,0.0,1.0,1.0,100.0,0.0,0.0,0.0,0.0,0.0,0.0,0.0,0.0,0.0,0.0,0.0,0.0,1.0,0.0,0.0,0.0,0.0,0.0,0.0,0.0,0.0,0.0,0.0,0.0,0.0,0.0,0.0,0.0,0.0,0.0,0.0,0.0,0.0,0.0,0.0,0.0,0.0,0.0,0.0,0.0,0.0,0.0,0.0,0.0,0.0,0.0,0.0,0.0,0.0,0.0,0.0,0.0,0.0,0.0,0.0,0.0,0.0,1.0,0.0,0.0,1.0,0.0,0.0,1.0,0.0,0.0,0.0,0.0,0.0,0.0,0.0,0.0,0.0,0.0,0.0,0.0,1.0,0.0,0.0,0.0,0.0,0.0,0.0,0.0,0.0,0.0,0.0,0.0,,,,,,,,,,,,,,,,,,,,,,,,,,,,,,,,,,,,,,,,,,1.0,0.0,0.0,0.0,1.0,1.0,3.0,3.0,0.0,0.0,0.0,0.0,-0.39,0.0,0.0,0.0,0.0,-0.07
135,2023-2024,Premier-League,Rúben Dias,pt POR,DF,Manchester City,26-309,1997.0,23.0,21.0,1929.0,21.4,0.0,0.0,0.0,0.0,0.0,0.0,0.0,0.0,1.1,1.1,0.2,1.3,30.0,132.0,14.0,0.0,0.0,0.0,0.0,0.0,0.05,0.01,0.06,0.05,0.06,16.0,7.0,43.8,0.75,0.33,0.0,0.0,14.2,0.0,0.07,-1.1,-1.1,1839.0,1966.0,93.5,32151.0,10207.0,775.0,800.0,96.9,928.0,966.0,96.1,115.0,162.0,71.0,1.1,-0.2,3.0,176.0,8.0,2.0,1915.0,48.0,33.0,2.0,4.0,10.0,11.0,0.0,0.0,0.0,0.0,3.0,8.0,21.0,0.98,15.0,0.0,0.0,5.0,0.0,1.0,2.0,0.09,1.0,0.0,0.0,1.0,0.0,0.0,27.0,12.0,11.0,15.0,1.0,14.0,20.0,70.0,6.0,25.0,13.0,12.0,22.0,49.0,69.0,0.0,2156.0,172.0,756.0,1207.0,199.0,28.0,2156.0,1.0,0.0,0.0,1.0,100.0,1518.0,8628.0,5442.0,51.0,0.0,6.0,4.0,1716.0,0.0,21.0,11.0,0.0,0.0,1.0,1.0,85.0,30.0,31.0,49.2,,,,,,,,,,,,,,,,,,,,,,,,,,,,,,,,,,,,,,,,,,84.0,76.5,90.0,21.0,2.0,20.0,3.0,2.17,43.0,23.0,20.0,0.93,-1.35,44.2,20.2,24.0,1.12,0.35
136,2023-2024,Premier-League,Luis Díaz,co COL,FW,Liverpool,27-065,1997.0,27.0,22.0,1836.0,20.4,6.0,3.0,9.0,6.0,0.0,0.0,2.0,0.0,8.6,8.6,2.9,11.5,86.0,75.0,198.0,0.29,0.15,0.44,0.29,0.44,0.42,0.14,0.56,0.42,0.56,67.0,22.0,32.8,3.28,1.08,0.09,0.27,15.5,0.0,0.13,-2.6,-2.6,603.0,730.0,82.6,9198.0,1948.0,345.0,385.0,89.6,185.0,221.0,83.7,46.0,58.0,79.3,2.6,0.1,34.0,42.0,28.0,2.0,698.0,27.0,3.0,3.0,4.0,18.0,23.0,0.0,0.0,0.0,0.0,5.0,22.0,101.0,4.95,74.0,1.0,11.0,8.0,7.0,0.0,7.0,0.34,7.0,0.0,0.0,0.0,0.0,0.0,22.0,17.0,3.0,10.0,9.0,6.0,26.0,23.1,20.0,14.0,0.0,14.0,3.0,25.0,7.0,0.0,1001.0,10.0,73.0,366.0,580.0,139.0,1001.0,93.0,42.0,45.2,38.0,40.9,691.0,4954.0,2372.0,51.0,42.0,58.0,50.0,758.0,0.0,34.0,34.0,11.0,1.0,0.0,0.0,93.0,20.0,32.0,38.5,,,,,,,,,,,,,,,,,,,,,,,,,,,,,,,,,,,,,,,,,,68.0,72.9,78.0,8.0,5.0,24.0,0.0,2.26,46.0,21.0,25.0,1.23,-0.62,44.3,26.0,18.3,0.89,-0.4
137,2023-2024,Premier-League,Eric Dier,eng ENG,DF,Tottenham,30-063,1994.0,4.0,1.0,201.0,2.2,0.0,0.0,0.0,0.0,0.0,0.0,0.0,0.0,0.0,0.0,0.0,0.0,0.0,3.0,0.0,0.0,0.0,0.0,0.0,0.0,0.0,0.0,0.0,0.0,0.0,0.0,0.0,0.0,0.0,0.0,0.0,0.0,0.0,0.0,0.0,0.0,0.0,125.0,141.0,88.7,2070.0,1037.0,52.0,57.0,91.2,69.0,72.0,95.8,3.0,10.0,30.0,0.0,0.0,0.0,3.0,0.0,0.0,132.0,9.0,6.0,0.0,0.0,0.0,0.0,0.0,0.0,0.0,0.0,0.0,0.0,2.0,0.9,2.0,0.0,0.0,0.0,0.0,0.0,0.0,0.0,0.0,0.0,0.0,0.0,0.0,0.0,2.0,1.0,2.0,0.0,0.0,2.0,2.0,100.0,0.0,3.0,3.0,0.0,2.0,4.0,12.0,0.0,164.0,38.0,106.0,57.0,2.0,2.0,164.0,0.0,0.0,0.0,0.0,0.0,97.0,291.0,119.0,0.0,0.0,1.0,0.0,112.0,0.0,0.0,1.0,2.0,0.0,0.0,0.0,7.0,3.0,5.0,37.5,,,,,,,,,,,,,,,,,,,,,,,,,,,,,,,,,,,,,,,,,,50.0,8.0,90.0,1.0,3.0,37.0,8.0,1.5,1.0,8.0,-7.0,-3.13,-4.07,2.6,6.9,-4.3,-1.94,-2.22
138,2023-2024,Premier-League,Lucas Digne,fr FRA,DF,Aston Villa,30-242,1993.0,23.0,19.0,1636.0,18.2,1.0,2.0,3.0,1.0,0.0,0.0,5.0,0.0,0.8,0.8,2.8,3.6,30.0,58.0,163.0,0.06,0.11,0.17,0.06,0.17,0.04,0.16,0.2,0.04,0.2,15.0,4.0,26.7,0.83,0.22,0.07,0.25,20.2,4.0,0.05,0.2,0.2,723.0,960.0,75.3,11660.0,3956.0,367.0,422.0,87.0,298.0,379.0,78.6,45.0,100.0,45.0,2.7,-0.8,29.0,33.0,29.0,13.0,773.0,185.0,29.0,0.0,4.0,119.0,132.0,24.0,16.0,3.0,0.0,2.0,32.0,55.0,3.03,38.0,12.0,0.0,3.0,2.0,0.0,3.0,0.17,3.0,0.0,0.0,0.0,0.0,0.0,33.0,15.0,25.0,7.0,1.0,18.0,30.0,60.0,12.0,12.0,0.0,12.0,20.0,53.0,40.0,0.0,1122.0,47.0,303.0,389.0,439.0,44.0,1122.0,20.0,4.0,20.0,11.0,55.0,596.0,2571.0,1230.0,14.0,2.0,13.0,11.0,649.0,0.0,21.0,24.0,2.0,0.0,0.0,0.0,76.0,30.0,17.0,63.8,,,,,,,,,,,,,,,,,,,,,,,,,,,,,,,,,,,,,,,,,,71.0,64.9,83.0,12.0,4.0,15.0,0.0,1.96,38.0,22.0,16.0,0.88,0.68,32.2,24.3,7.9,0.44,0.11
139,2023-2024,Premier-League,Issa Diop,fr FRA,DF,Fulham,27-069,1997.0,15.0,13.0,1155.0,12.8,0.0,0.0,0.0,0.0,0.0,0.0,2.0,0.0,0.2,0.2,0.0,0.2,11.0,64.0,1.0,0.0,0.0,0.0,0.0,0.0,0.01,0.0,0.01,0.01,0.01,4.0,1.0,25.0,0.31,0.08,0.0,0.0,15.8,0.0,0.04,-0.2,-0.2,804.0,910.0,88.4,14951.0,5431.0,284.0,307.0,92.5,466.0,499.0,93.4,47.0,82.0,57.3,0.4,0.0,0.0,55.0,2.0,0.0,873.0,35.0,20.0,1.0,5.0,0.0,2.0,0.0,0.0,0.0,0.0,2.0,9.0,4.0,0.31,4.0,0.0,0.0,0.0,0.0,0.0,0.0,0.0,0.0,0.0,0.0,0.0,0.0,0.0,23.0,12.0,17.0,5.0,1.0,11.0,16.0,68.8,5.0,20.0,14.0,6.0,12.0,35.0,63.0,1.0,1044.0,117.0,512.0,516.0,19.0,6.0,1044.0,1.0,1.0,100.0,0.0,0.0,692.0,3975.0,2497.0,7.0,0.0,3.0,4.0,749.0,0.0,12.0,4.0,0.0,0.0,2.0,0.0,55.0,19.0,16.0,54.3,,,,,,,,,,,,,,,,,,,,,,,,,,,,,,,,,,,,,,,,,,77.0,44.3,87.0,11.0,2.0,11.0,2.0,1.4,11.0,21.0,-10.0,-0.78,-1.34,14.2,26.3,-12.1,-0.94,-1.04
140,2023-2024,Premier-League,Axel Disasi,fr FRA,DF,Chelsea,26-007,1998.0,25.0,25.0,2226.0,24.7,2.0,0.0,2.0,2.0,0.0,0.0,6.0,0.0,1.4,1.4,0.2,1.6,24.0,89.0,19.0,0.08,0.0,0.08,0.08,0.08,0.05,0.01,0.06,0.05,0.06,12.0,4.0,33.3,0.49,0.16,0.17,0.5,11.4,0.0,0.11,0.6,0.6,1731.0,1926.0,89.9,29234.0,10027.0,749.0,781.0,95.9,891.0,951.0,93.7,80.0,151.0,53.0,0.9,-0.2,2.0,98.0,7.0,1.0,1843.0,78.0,39.0,3.0,11.0,9.0,36.0,0.0,0.0,0.0,0.0,5.0,18.0,8.0,0.32,8.0,0.0,0.0,0.0,0.0,0.0,0.0,0.0,0.0,0.0,0.0,0.0,0.0,0.0,29.0,16.0,17.0,9.0,3.0,19.0,25.0,76.0,6.0,20.0,15.0,5.0,16.0,45.0,90.0,1.0,2139.0,252.0,1039.0,957.0,153.0,18.0,2139.0,21.0,11.0,52.4,5.0,23.8,1370.0,5996.0,3559.0,15.0,2.0,15.0,12.0,1629.0,0.0,13.0,16.0,4.0,0.0,0.0,1.0,127.0,61.0,27.0,69.3,,,,,,,,,,,,,,,,,,,,,,,,,,,,,,,,,,,,,,,,,,89.0,91.6,89.0,24.0,0.0,0.0,2.0,1.52,44.0,38.0,6.0,0.24,2.01,47.5,35.3,12.2,0.49,1.55
141,2023-2024,Premier-League,Ben Doak,sct SCO,FW,Liverpool,18-128,2005.0,1.0,0.0,14.0,0.2,0.0,0.0,0.0,0.0,0.0,0.0,0.0,0.0,0.0,0.0,0.0,0.0,0.0,0.0,0.0,0.0,0.0,0.0,0.0,0.0,0.0,0.0,0.0,0.0,0.0,0.0,0.0,0.0,0.0,0.0,0.0,0.0,0.0,0.0,0.0,0.0,0.0,4.0,4.0,100.0,45.0,8.0,4.0,4.0,100.0,0.0,0.0,0.0,0.0,0.0,0.0,0.0,0.0,0.0,0.0,0.0,0.0,4.0,0.0,0.0,0.0,0.0,0.0,0.0,0.0,0.0,0.0,0.0,0.0,0.0,0.0,0.0,0.0,0.0,0.0,0.0,0.0,0.0,0.0,0.0,0.0,0.0,0.0,0.0,0.0,0.0,0.0,0.0,0.0,0.0,0.0,0.0,0.0,0.0,0.0,0.0,0.0,0.0,0.0,0.0,0.0,0.0,6.0,0.0,0.0,2.0,4.0,0.0,6.0,0.0,0.0,0.0,0.0,0.0,4.0,7.0,2.0,0.0,0.0,2.0,0.0,4.0,0.0,0.0,0.0,0.0,0.0,0.0,0.0,1.0,0.0,0.0,0.0,,,,,,,,,,,,,,,,,,,,,,,,,,,,,,,,,,,,,,,,,,14.0,0.6,0.0,0.0,1.0,14.0,8.0,1.0,0.0,0.0,0.0,0.0,-1.4,0.0,0.0,0.0,0.24,-0.77
142,2023-2024,Premier-League,Lewis Dobbin,eng ENG,MF,Everton,21-075,2003.0,11.0,1.0,210.0,2.3,1.0,0.0,1.0,1.0,0.0,0.0,1.0,0.0,0.3,0.3,0.4,0.7,6.0,3.0,16.0,0.43,0.0,0.43,0.43,0.43,0.12,0.16,0.28,0.12,0.28,5.0,2.0,40.0,2.14,0.86,0.2,0.5,15.6,0.0,0.06,0.7,0.7,37.0,57.0,64.9,464.0,94.0,26.0,30.0,86.7,8.0,15.0,53.3,2.0,5.0,40.0,0.1,-0.4,3.0,0.0,3.0,1.0,52.0,3.0,1.0,0.0,0.0,7.0,2.0,0.0,0.0,0.0,0.0,2.0,3.0,6.0,2.57,3.0,0.0,0.0,2.0,1.0,0.0,0.0,0.0,0.0,0.0,0.0,0.0,0.0,0.0,7.0,6.0,3.0,3.0,1.0,5.0,9.0,55.6,4.0,4.0,1.0,3.0,1.0,8.0,0.0,0.0,111.0,0.0,22.0,34.0,59.0,11.0,111.0,19.0,6.0,31.6,13.0,68.4,79.0,551.0,191.0,10.0,4.0,11.0,5.0,70.0,0.0,3.0,6.0,0.0,0.0,0.0,0.0,19.0,2.0,1.0,66.7,,,,,,,,,,,,,,,,,,,,,,,,,,,,,,,,,,,,,,,,,,19.0,8.3,65.0,0.0,10.0,15.0,14.0,0.73,2.0,3.0,-1.0,-0.43,-0.08,5.4,3.7,1.7,0.72,0.69
143,2023-2024,Premier-League,Matt Doherty,ie IRL,"DF,MF",Wolves,32-062,1992.0,21.0,3.0,593.0,6.6,1.0,0.0,1.0,1.0,0.0,0.0,1.0,0.0,0.5,0.5,0.7,1.3,7.0,15.0,36.0,0.15,0.0,0.15,0.15,0.15,0.08,0.11,0.19,0.08,0.19,5.0,2.0,40.0,0.76,0.3,0.2,0.5,11.0,0.0,0.11,0.5,0.5,241.0,320.0,75.3,3560.0,958.0,147.0,178.0,82.6,68.0,89.0,76.4,18.0,32.0,56.3,0.5,-0.7,7.0,13.0,5.0,1.0,281.0,39.0,7.0,0.0,2.0,6.0,32.0,0.0,0.0,0.0,0.0,0.0,10.0,8.0,1.21,8.0,0.0,0.0,0.0,0.0,0.0,0.0,0.0,0.0,0.0,0.0,0.0,0.0,0.0,13.0,7.0,6.0,5.0,2.0,5.0,11.0,45.5,6.0,7.0,2.0,5.0,4.0,17.0,24.0,0.0,401.0,31.0,138.0,165.0,100.0,18.0,401.0,9.0,4.0,44.4,4.0,44.4,167.0,730.0,305.0,5.0,0.0,10.0,2.0,225.0,0.0,9.0,5.0,2.0,0.0,0.0,0.0,35.0,23.0,15.0,60.5,,,,,,,,,,,,,,,,,,,,,,,,,,,,,,,,,,,,,,,,,,28.0,23.5,78.0,2.0,18.0,20.0,7.0,1.76,11.0,11.0,0.0,0.0,0.09,10.3,14.5,-4.3,-0.65,-0.36
144,2023-2024,Premier-League,Jeremy Doku,be BEL,"FW,MF",Manchester City,21-296,2002.0,20.0,14.0,1199.0,13.3,2.0,5.0,7.0,2.0,0.0,0.0,3.0,0.0,1.4,1.4,3.4,4.8,166.0,45.0,221.0,0.15,0.38,0.53,0.15,0.53,0.11,0.25,0.36,0.11,0.36,34.0,10.0,29.4,2.55,0.75,0.06,0.2,16.8,0.0,0.04,0.6,0.6,516.0,643.0,80.2,7372.0,1182.0,333.0,374.0,89.0,155.0,204.0,76.0,20.0,24.0,83.3,4.6,1.6,34.0,8.0,30.0,6.0,635.0,8.0,0.0,2.0,2.0,46.0,5.0,3.0,0.0,0.0,0.0,0.0,27.0,74.0,5.55,58.0,1.0,9.0,4.0,2.0,0.0,8.0,0.6,6.0,0.0,1.0,1.0,0.0,0.0,28.0,19.0,10.0,11.0,7.0,9.0,17.0,52.9,8.0,9.0,0.0,9.0,8.0,36.0,4.0,0.0,871.0,5.0,61.0,208.0,614.0,163.0,871.0,124.0,64.0,51.6,46.0,37.1,659.0,5742.0,3768.0,43.0,110.0,42.0,26.0,699.0,0.0,11.0,24.0,5.0,0.0,0.0,0.0,62.0,2.0,1.0,66.7,,,,,,,,,,,,,,,,,,,,,,,,,,,,,,,,,,,,,,,,,,60.0,47.6,77.0,5.0,6.0,21.0,1.0,2.2,34.0,16.0,18.0,1.35,0.19,27.4,12.2,15.2,1.14,0.2
145,2023-2024,Premier-League,Nicolás Domínguez,ar ARG,"MF,FW",Nott'ham Forest,25-264,1998.0,20.0,18.0,1354.0,15.0,2.0,2.0,4.0,2.0,0.0,0.0,3.0,0.0,1.2,1.2,1.0,2.2,9.0,77.0,36.0,0.13,0.13,0.27,0.13,0.27,0.08,0.07,0.15,0.08,0.15,20.0,5.0,25.0,1.33,0.33,0.1,0.4,16.6,0.0,0.06,0.8,0.8,591.0,704.0,83.9,9021.0,2626.0,310.0,349.0,88.8,212.0,251.0,84.5,38.0,50.0,76.0,1.3,1.0,10.0,46.0,16.0,1.0,682.0,19.0,7.0,2.0,4.0,6.0,4.0,1.0,0.0,1.0,0.0,3.0,12.0,35.0,2.33,33.0,0.0,0.0,2.0,0.0,0.0,2.0,0.13,2.0,0.0,0.0,0.0,0.0,0.0,61.0,32.0,33.0,27.0,1.0,22.0,47.0,46.8,25.0,27.0,4.0,23.0,14.0,75.0,22.0,0.0,893.0,34.0,222.0,452.0,223.0,31.0,893.0,16.0,7.0,43.8,8.0,50.0,399.0,1559.0,776.0,12.0,2.0,19.0,6.0,517.0,0.0,23.0,14.0,2.0,0.0,0.0,0.0,91.0,17.0,15.0,53.1,,,,,,,,,,,,,,,,,,,,,,,,,,,,,,,,,,,,,,,,,,68.0,51.9,74.0,3.0,2.0,11.0,5.0,0.85,16.0,25.0,-9.0,-0.6,-0.1,16.9,20.1,-3.2,-0.21,-0.04
146,2023-2024,Premier-League,Jamie Donley,eng ENG,FW,Tottenham,19-075,2005.0,3.0,0.0,3.0,0.0,0.0,0.0,0.0,0.0,0.0,0.0,1.0,0.0,0.0,0.0,0.0,0.0,0.0,0.0,0.0,0.0,0.0,0.0,0.0,0.0,0.0,0.0,0.0,0.0,0.0,0.0,0.0,0.0,0.0,0.0,0.0,0.0,0.0,0.0,0.0,0.0,0.0,1.0,1.0,100.0,14.0,0.0,1.0,1.0,100.0,0.0,0.0,0.0,0.0,0.0,0.0,0.0,0.0,0.0,0.0,0.0,0.0,0.0,1.0,0.0,0.0,0.0,0.0,0.0,0.0,0.0,0.0,0.0,0.0,0.0,0.0,0.0,0.0,0.0,0.0,0.0,0.0,0.0,0.0,0.0,0.0,0.0,0.0,0.0,0.0,0.0,0.0,0.0,0.0,0.0,0.0,0.0,0.0,0.0,0.0,0.0,0.0,0.0,0.0,0.0,3.0,0.0,7.0,2.0,4.0,2.0,1.0,0.0,7.0,1.0,0.0,0.0,1.0,100.0,2.0,9.0,8.0,0.0,0.0,0.0,1.0,1.0,0.0,1.0,1.0,0.0,0.0,0.0,0.0,2.0,1.0,1.0,50.0,,,,,,,,,,,,,,,,,,,,,,,,,,,,,,,,,,,,,,,,,,1.0,0.1,0.0,0.0,3.0,1.0,9.0,2.33,0.0,1.0,-1.0,-30.0,-30.64,0.0,0.5,-0.5,-14.76,-14.88
147,2023-2024,Premier-League,Gabriel Dos Santos,br BRA,DF,Arsenal,26-090,1997.0,26.0,24.0,2176.0,24.2,4.0,0.0,4.0,4.0,0.0,0.0,3.0,0.0,3.3,3.3,0.7,3.9,12.0,97.0,8.0,0.17,0.0,0.17,0.17,0.17,0.14,0.03,0.16,0.14,0.16,23.0,9.0,39.1,0.95,0.37,0.17,0.44,7.6,0.0,0.14,0.7,0.7,1486.0,1670.0,89.0,25366.0,8380.0,634.0,669.0,94.8,748.0,810.0,92.3,89.0,152.0,58.6,0.6,-0.7,3.0,125.0,6.0,1.0,1589.0,78.0,42.0,2.0,3.0,4.0,2.0,0.0,0.0,0.0,0.0,3.0,14.0,18.0,0.74,16.0,1.0,0.0,1.0,0.0,0.0,1.0,0.04,1.0,0.0,0.0,0.0,0.0,0.0,34.0,18.0,19.0,14.0,1.0,13.0,16.0,81.3,3.0,35.0,26.0,9.0,22.0,56.0,64.0,0.0,1879.0,211.0,769.0,931.0,188.0,33.0,1879.0,4.0,1.0,25.0,2.0,50.0,1140.0,4679.0,2729.0,30.0,1.0,8.0,2.0,1342.0,0.0,22.0,26.0,1.0,0.0,0.0,1.0,100.0,62.0,45.0,57.9,,,,,,,,,,,,,,,,,,,,,,,,,,,,,,,,,,,,,,,,,,84.0,86.3,90.0,23.0,2.0,13.0,2.0,2.31,58.0,21.0,37.0,1.53,-0.82,47.3,17.3,30.0,1.24,-0.64
148,2023-2024,Premier-League,Abdoulaye Doucouré,ml MLI,"FW,MF",Everton,31-077,1993.0,22.0,22.0,1838.0,20.4,6.0,0.0,6.0,6.0,0.0,0.0,5.0,0.0,6.3,6.3,2.5,8.8,39.0,66.0,108.0,0.29,0.0,0.29,0.29,0.29,0.31,0.12,0.43,0.31,0.43,36.0,17.0,47.2,1.76,0.83,0.17,0.35,12.4,0.0,0.19,-0.3,-0.3,461.0,603.0,76.5,6431.0,1516.0,263.0,311.0,84.6,156.0,191.0,81.7,16.0,40.0,40.0,1.1,-2.5,28.0,34.0,12.0,1.0,592.0,10.0,0.0,1.0,1.0,18.0,0.0,0.0,0.0,0.0,0.0,1.0,17.0,54.0,2.64,46.0,0.0,0.0,6.0,1.0,1.0,4.0,0.2,2.0,0.0,0.0,2.0,0.0,0.0,30.0,19.0,14.0,11.0,5.0,13.0,30.0,43.3,17.0,19.0,2.0,17.0,13.0,43.0,11.0,0.0,826.0,21.0,121.0,365.0,350.0,76.0,826.0,34.0,16.0,47.1,17.0,50.0,450.0,2415.0,1323.0,29.0,12.0,51.0,26.0,551.0,0.0,41.0,4.0,11.0,0.0,0.0,0.0,104.0,13.0,29.0,31.0,,,,,,,,,,,,,,,,,,,,,,,,,,,,,,,,,,,,,,,,,,84.0,72.9,84.0,12.0,0.0,0.0,0.0,1.32,24.0,25.0,-1.0,-0.05,1.14,31.1,28.2,2.8,0.14,0.18
149,2023-2024,Premier-League,Cheick Doucouré,ml MLI,MF,Crystal Palace,24-070,2000.0,11.0,11.0,919.0,10.2,0.0,0.0,0.0,0.0,0.0,0.0,2.0,0.0,0.3,0.3,0.7,1.0,9.0,49.0,5.0,0.0,0.0,0.0,0.0,0.0,0.03,0.07,0.1,0.03,0.1,6.0,2.0,33.3,0.59,0.2,0.0,0.0,21.6,0.0,0.05,-0.3,-0.3,367.0,422.0,87.0,5725.0,1849.0,200.0,222.0,90.1,146.0,165.0,88.5,18.0,24.0,75.0,0.8,-0.7,10.0,39.0,5.0,0.0,418.0,4.0,4.0,5.0,0.0,1.0,0.0,0.0,0.0,0.0,0.0,0.0,7.0,23.0,2.25,19.0,0.0,1.0,2.0,0.0,1.0,3.0,0.29,3.0,0.0,0.0,0.0,0.0,0.0,34.0,17.0,15.0,13.0,6.0,18.0,30.0,60.0,12.0,13.0,2.0,11.0,20.0,54.0,12.0,0.0,545.0,25.0,145.0,312.0,97.0,7.0,545.0,13.0,10.0,76.9,3.0,23.1,276.0,1153.0,579.0,9.0,1.0,16.0,8.0,318.0,0.0,10.0,1.0,0.0,0.0,0.0,0.0,74.0,5.0,9.0,35.7,,,,,,,,,,,,,,,,,,,,,,,,,,,,,,,,,,,,,,,,,,84.0,36.5,84.0,8.0,0.0,0.0,1.0,1.27,9.0,12.0,-3.0,-0.29,0.38,11.1,13.1,-2.0,-0.19,0.08
150,2023-2024,Premier-League,Alfie Doughty,eng ENG,DF,Luton Town,24-088,1999.0,28.0,25.0,2130.0,23.7,1.0,7.0,8.0,1.0,0.0,0.0,3.0,0.0,0.9,0.9,5.3,6.3,72.0,78.0,126.0,0.04,0.3,0.34,0.04,0.34,0.04,0.23,0.27,0.04,0.27,20.0,3.0,15.0,0.85,0.13,0.05,0.33,16.4,1.0,0.05,0.1,0.1,823.0,1257.0,65.5,15462.0,6035.0,372.0,430.0,86.5,304.0,409.0,74.3,125.0,324.0,38.6,4.6,1.7,57.0,58.0,28.0,16.0,884.0,368.0,59.0,0.0,8.0,257.0,194.0,115.0,56.0,54.0,5.0,5.0,52.0,90.0,3.8,42.0,40.0,3.0,4.0,1.0,0.0,13.0,0.55,5.0,5.0,1.0,2.0,0.0,0.0,42.0,26.0,19.0,13.0,10.0,23.0,60.0,38.3,37.0,30.0,2.0,28.0,21.0,63.0,30.0,3.0,1481.0,55.0,372.0,497.0,634.0,60.0,1481.0,52.0,27.0,51.9,19.0,36.5,658.0,4133.0,2088.0,39.0,24.0,36.0,11.0,713.0,0.0,20.0,6.0,12.0,0.0,0.0,0.0,136.0,22.0,10.0,68.8,,,,,,,,,,,,,,,,,,,,,,,,,,,,,,,,,,,,,,,,,,76.0,81.6,83.0,12.0,3.0,22.0,0.0,0.79,36.0,50.0,-14.0,-0.59,0.16,31.0,48.8,-17.8,-0.75,0.45
151,2023-2024,Premier-League,Tommy Doyle,eng ENG,MF,Wolves,22-153,2001.0,19.0,6.0,813.0,9.0,0.0,0.0,0.0,0.0,0.0,0.0,2.0,0.0,0.2,0.2,0.3,0.5,11.0,53.0,9.0,0.0,0.0,0.0,0.0,0.0,0.03,0.03,0.06,0.03,0.06,7.0,2.0,28.6,0.77,0.22,0.0,0.0,27.2,2.0,0.04,-0.2,-0.2,542.0,642.0,84.4,10445.0,2862.0,202.0,216.0,93.5,250.0,277.0,90.3,74.0,120.0,61.7,0.7,-0.3,4.0,62.0,4.0,1.0,589.0,48.0,30.0,2.0,12.0,18.0,7.0,11.0,4.0,3.0,0.0,5.0,4.0,15.0,1.66,11.0,4.0,0.0,0.0,0.0,0.0,4.0,0.44,3.0,1.0,0.0,0.0,0.0,0.0,17.0,8.0,9.0,5.0,3.0,10.0,13.0,76.9,3.0,17.0,7.0,10.0,9.0,26.0,13.0,0.0,717.0,33.0,191.0,409.0,122.0,3.0,717.0,3.0,1.0,33.3,1.0,33.3,430.0,1985.0,832.0,10.0,2.0,4.0,4.0,512.0,0.0,6.0,4.0,0.0,0.0,0.0,0.0,69.0,0.0,2.0,0.0,,,,,,,,,,,,,,,,,,,,,,,,,,,,,,,,,,,,,,,,,,43.0,32.3,85.0,3.0,13.0,23.0,4.0,1.42,15.0,15.0,0.0,0.0,0.11,13.2,15.4,-2.2,-0.24,0.18
152,2023-2024,Premier-League,Radu Drăgușin,ro ROU,DF,Tottenham,22-044,2002.0,5.0,1.0,143.0,1.6,0.0,0.0,0.0,0.0,0.0,0.0,1.0,0.0,0.1,0.1,0.0,0.1,1.0,3.0,1.0,0.0,0.0,0.0,0.0,0.0,0.09,0.0,0.09,0.09,0.09,1.0,0.0,0.0,0.63,0.0,0.0,0.0,10.4,0.0,0.14,-0.1,-0.1,92.0,104.0,88.5,1589.0,538.0,38.0,42.0,90.5,51.0,54.0,94.4,2.0,5.0,40.0,0.0,0.0,0.0,1.0,0.0,0.0,103.0,1.0,0.0,1.0,0.0,0.0,0.0,0.0,0.0,0.0,0.0,0.0,1.0,0.0,0.0,0.0,0.0,0.0,0.0,0.0,0.0,0.0,0.0,0.0,0.0,0.0,0.0,0.0,0.0,0.0,0.0,0.0,0.0,0.0,0.0,0.0,0.0,0.0,4.0,4.0,0.0,5.0,5.0,9.0,0.0,126.0,15.0,60.0,64.0,3.0,1.0,126.0,2.0,0.0,0.0,1.0,50.0,78.0,422.0,192.0,0.0,0.0,0.0,0.0,87.0,0.0,2.0,2.0,1.0,0.0,0.0,0.0,9.0,5.0,4.0,55.6,,,,,,,,,,,,,,,,,,,,,,,,,,,,,,,,,,,,,,,,,,29.0,5.7,90.0,1.0,4.0,13.0,3.0,1.6,4.0,4.0,0.0,0.0,-0.64,3.9,4.4,-0.5,-0.32,-0.45
153,2023-2024,Premier-League,Martin Dúbravka,sk SVK,GK,Newcastle Utd,35-063,1989.0,14.0,13.0,1175.0,13.1,0.0,0.0,0.0,0.0,0.0,0.0,1.0,0.0,0.0,0.0,0.1,0.1,0.0,0.0,0.0,0.0,0.0,0.0,0.0,0.0,0.0,0.01,0.01,0.0,0.01,0.0,0.0,0.0,0.0,0.0,0.0,0.0,0.0,0.0,0.0,0.0,0.0,312.0,393.0,79.4,7475.0,4283.0,75.0,77.0,97.4,158.0,160.0,98.8,77.0,153.0,50.3,0.0,-0.1,1.0,1.0,0.0,0.0,272.0,120.0,23.0,0.0,0.0,0.0,0.0,0.0,0.0,0.0,0.0,1.0,0.0,0.0,0.0,0.0,0.0,0.0,0.0,0.0,0.0,0.0,0.0,0.0,0.0,0.0,0.0,0.0,0.0,0.0,0.0,0.0,0.0,0.0,0.0,3.0,0.0,3.0,0.0,0.0,0.0,0.0,0.0,4.0,1.0,434.0,374.0,428.0,6.0,0.0,0.0,434.0,0.0,0.0,0.0,0.0,0.0,226.0,1241.0,870.0,0.0,0.0,2.0,0.0,162.0,0.0,2.0,2.0,0.0,0.0,2.0,0.0,16.0,4.0,0.0,100.0,14.0,13.0,1175.0,30.0,2.3,89.0,58.0,69.7,4.0,2.0,7.0,3.0,23.1,4.0,3.0,1.0,0.0,25.0,0.0,1.0,0.0,32.3,0.32,2.3,0.18,40.0,104.0,38.5,295.0,89.0,18.0,26.9,97.0,52.6,38.3,182.0,12.0,6.6,11.0,0.84,12.0,84.0,46.6,90.0,13.0,1.0,5.0,13.0,1.21,26.0,30.0,-4.0,-0.31,-1.31,22.9,32.4,-9.5,-0.73,-1.49
154,2023-2024,Premier-League,Paul Dummett,wls WAL,DF,Newcastle Utd,32-174,1991.0,1.0,0.0,5.0,0.1,0.0,0.0,0.0,0.0,0.0,0.0,0.0,0.0,0.0,0.0,0.0,0.0,0.0,1.0,0.0,0.0,0.0,0.0,0.0,0.0,0.0,0.0,0.0,0.0,0.0,0.0,0.0,0.0,0.0,0.0,0.0,0.0,0.0,0.0,0.0,0.0,0.0,8.0,8.0,100.0,124.0,43.0,4.0,4.0,100.0,4.0,4.0,100.0,0.0,0.0,0.0,0.0,0.0,0.0,2.0,0.0,0.0,8.0,0.0,0.0,0.0,0.0,0.0,0.0,0.0,0.0,0.0,0.0,0.0,0.0,0.0,0.0,0.0,0.0,0.0,0.0,0.0,0.0,0.0,0.0,0.0,0.0,0.0,0.0,0.0,0.0,1.0,0.0,1.0,0.0,0.0,1.0,1.0,100.0,0.0,0.0,0.0,0.0,0.0,1.0,0.0,0.0,9.0,1.0,4.0,5.0,0.0,0.0,9.0,0.0,0.0,0.0,0.0,0.0,2.0,9.0,6.0,0.0,0.0,0.0,0.0,6.0,0.0,0.0,0.0,0.0,0.0,0.0,0.0,0.0,0.0,0.0,0.0,,,,,,,,,,,,,,,,,,,,,,,,,,,,,,,,,,,,,,,,,,5.0,0.2,0.0,0.0,1.0,5.0,18.0,3.0,0.0,0.0,0.0,0.0,-0.39,0.0,0.0,0.0,0.0,-0.07
155,2023-2024,Premier-League,Lewis Dunk,eng ENG,DF,Brighton,32-118,1991.0,24.0,24.0,2104.0,23.4,3.0,1.0,4.0,3.0,0.0,0.0,6.0,1.0,2.9,2.9,0.8,3.7,29.0,131.0,11.0,0.13,0.04,0.17,0.13,0.17,0.12,0.03,0.16,0.12,0.16,29.0,9.0,31.0,1.24,0.38,0.1,0.33,13.7,4.0,0.1,0.1,0.1,2330.0,2532.0,92.0,40127.0,15066.0,1059.0,1091.0,97.1,1045.0,1110.0,94.1,178.0,267.0,66.7,2.1,0.2,11.0,177.0,8.0,1.0,2382.0,141.0,83.0,2.0,14.0,5.0,3.0,0.0,0.0,0.0,0.0,9.0,5.0,38.0,1.63,31.0,2.0,0.0,5.0,0.0,0.0,7.0,0.3,6.0,0.0,0.0,1.0,0.0,0.0,20.0,10.0,12.0,7.0,1.0,8.0,28.0,28.6,20.0,36.0,28.0,8.0,19.0,39.0,53.0,1.0,2701.0,365.0,1313.0,1283.0,121.0,45.0,2701.0,5.0,3.0,60.0,1.0,20.0,1952.0,8835.0,4820.0,16.0,1.0,7.0,1.0,2132.0,0.0,14.0,8.0,1.0,0.0,1.0,0.0,138.0,45.0,23.0,66.2,,,,,,,,,,,,,,,,,,,,,,,,,,,,,,,,,,,,,,,,,,88.0,83.5,88.0,21.0,0.0,0.0,0.0,1.54,45.0,37.0,8.0,0.34,0.77,37.4,31.5,5.9,0.25,0.06
156,2023-2024,Premier-League,Jhon Durán,co COL,"FW,MF",Aston Villa,20-096,2003.0,14.0,0.0,185.0,2.1,2.0,0.0,2.0,2.0,0.0,0.0,4.0,0.0,1.3,1.3,0.1,1.4,6.0,4.0,13.0,0.97,0.0,0.97,0.97,0.97,0.61,0.05,0.66,0.61,0.66,12.0,4.0,33.3,5.84,1.95,0.17,0.5,16.7,0.0,0.11,0.7,0.7,39.0,62.0,62.9,539.0,95.0,22.0,35.0,62.9,11.0,12.0,91.7,2.0,2.0,100.0,0.1,-0.1,2.0,2.0,1.0,0.0,60.0,2.0,1.0,0.0,0.0,5.0,0.0,0.0,0.0,0.0,0.0,0.0,8.0,7.0,3.41,3.0,0.0,1.0,1.0,1.0,1.0,3.0,1.46,0.0,0.0,1.0,0.0,1.0,1.0,3.0,3.0,1.0,1.0,1.0,0.0,3.0,0.0,3.0,3.0,0.0,3.0,0.0,3.0,7.0,0.0,98.0,5.0,11.0,41.0,49.0,16.0,98.0,2.0,1.0,50.0,1.0,50.0,52.0,265.0,129.0,4.0,4.0,7.0,6.0,67.0,0.0,9.0,3.0,1.0,1.0,0.0,0.0,6.0,9.0,4.0,69.2,,,,,,,,,,,,,,,,,,,,,,,,,,,,,,,,,,,,,,,,,,13.0,7.3,0.0,0.0,14.0,13.0,4.0,2.14,11.0,1.0,10.0,4.86,4.56,5.5,2.2,3.3,1.59,1.28
157,2023-2024,Premier-League,Ederson,br BRA,GK,Manchester City,30-214,1993.0,27.0,27.0,2312.0,25.7,0.0,0.0,0.0,0.0,0.0,0.0,5.0,0.0,0.0,0.0,0.1,0.1,0.0,4.0,0.0,0.0,0.0,0.0,0.0,0.0,0.0,0.0,0.0,0.0,0.0,0.0,0.0,0.0,0.0,0.0,0.0,0.0,0.0,0.0,0.0,0.0,0.0,893.0,1029.0,86.8,22048.0,14954.0,217.0,218.0,99.5,461.0,471.0,97.9,213.0,335.0,63.6,0.1,-0.1,1.0,22.0,1.0,0.0,895.0,134.0,38.0,0.0,9.0,0.0,0.0,0.0,0.0,0.0,0.0,0.0,1.0,5.0,0.19,3.0,2.0,0.0,0.0,0.0,0.0,0.0,0.0,0.0,0.0,0.0,0.0,0.0,0.0,0.0,0.0,0.0,0.0,0.0,0.0,1.0,0.0,1.0,0.0,0.0,0.0,0.0,0.0,6.0,1.0,1068.0,787.0,1049.0,19.0,0.0,0.0,1068.0,1.0,1.0,100.0,0.0,0.0,713.0,3095.0,1979.0,0.0,0.0,0.0,0.0,697.0,0.0,2.0,1.0,0.0,0.0,1.0,0.0,38.0,6.0,0.0,100.0,27.0,27.0,2312.0,25.0,0.97,72.0,48.0,69.4,18.0,6.0,3.0,8.0,29.6,3.0,3.0,0.0,0.0,0.0,0.0,2.0,1.0,23.8,0.3,-0.2,-0.01,107.0,221.0,48.4,933.0,115.0,19.5,27.7,96.0,40.6,38.6,202.0,20.0,9.9,39.0,1.52,17.8,86.0,91.7,86.0,25.0,0.0,0.0,1.0,2.22,58.0,25.0,33.0,1.28,0.42,52.5,24.2,28.3,1.1,0.78
158,2023-2024,Premier-League,Odsonne Édouard,fr FRA,"FW,MF",Crystal Palace,26-062,1998.0,22.0,17.0,1427.0,15.9,6.0,0.0,6.0,6.0,0.0,0.0,3.0,0.0,5.7,5.7,1.1,6.8,31.0,32.0,87.0,0.38,0.0,0.38,0.38,0.38,0.36,0.07,0.43,0.36,0.43,47.0,17.0,36.2,2.96,1.07,0.13,0.35,13.7,3.0,0.12,0.3,0.3,218.0,314.0,69.4,2700.0,602.0,146.0,185.0,78.9,52.0,71.0,73.2,6.0,10.0,60.0,0.9,-1.1,16.0,10.0,13.0,1.0,303.0,8.0,0.0,3.0,0.0,10.0,0.0,1.0,0.0,0.0,0.0,3.0,19.0,41.0,2.59,26.0,0.0,6.0,7.0,1.0,1.0,2.0,0.13,2.0,0.0,0.0,0.0,0.0,0.0,19.0,10.0,7.0,5.0,7.0,3.0,17.0,17.6,14.0,15.0,1.0,14.0,5.0,24.0,19.0,0.0,531.0,18.0,57.0,196.0,288.0,86.0,531.0,43.0,15.0,34.9,21.0,48.8,303.0,1587.0,832.0,16.0,23.0,49.0,23.0,365.0,0.0,26.0,19.0,8.0,0.0,0.0,0.0,36.0,29.0,48.0,37.7,,,,,,,,,,,,,,,,,,,,,,,,,,,,,,,,,,,,,,,,,,65.0,56.6,81.0,5.0,5.0,10.0,2.0,0.95,11.0,23.0,-12.0,-0.76,-0.51,17.3,19.5,-2.2,-0.14,0.24
159,2023-2024,Premier-League,John Egan,ie IRL,DF,Sheffield Utd,31-150,1992.0,6.0,6.0,482.0,5.4,0.0,0.0,0.0,0.0,0.0,0.0,2.0,0.0,0.2,0.2,0.0,0.2,0.0,5.0,1.0,0.0,0.0,0.0,0.0,0.0,0.03,0.0,0.03,0.03,0.03,3.0,1.0,33.3,0.56,0.19,0.0,0.0,10.3,0.0,0.05,-0.2,-0.2,128.0,185.0,69.2,2449.0,988.0,38.0,49.0,77.6,79.0,92.0,85.9,9.0,38.0,23.7,0.0,0.0,0.0,5.0,1.0,0.0,181.0,2.0,2.0,0.0,0.0,0.0,0.0,0.0,0.0,0.0,0.0,2.0,1.0,1.0,0.19,0.0,0.0,0.0,1.0,0.0,0.0,0.0,0.0,0.0,0.0,0.0,0.0,0.0,0.0,6.0,4.0,4.0,2.0,0.0,4.0,11.0,36.4,7.0,10.0,4.0,6.0,13.0,19.0,39.0,1.0,257.0,58.0,163.0,81.0,13.0,9.0,257.0,0.0,0.0,0.0,0.0,0.0,106.0,485.0,233.0,2.0,0.0,2.0,1.0,133.0,0.0,6.0,1.0,0.0,0.0,1.0,0.0,21.0,14.0,8.0,63.6,,,,,,,,,,,,,,,,,,,,,,,,,,,,,,,,,,,,,,,,,,80.0,19.1,80.0,4.0,0.0,0.0,0.0,0.17,4.0,17.0,-13.0,-2.43,-0.79,3.5,14.6,-11.1,-2.06,-1.14
160,2023-2024,Premier-League,Hjalmar Ekdal,se SWE,DF,Burnley,25-149,1998.0,6.0,4.0,325.0,3.6,0.0,0.0,0.0,0.0,0.0,0.0,2.0,0.0,0.1,0.1,0.1,0.1,2.0,9.0,0.0,0.0,0.0,0.0,0.0,0.0,0.02,0.02,0.04,0.02,0.04,2.0,1.0,50.0,0.55,0.28,0.0,0.0,16.4,0.0,0.03,-0.1,-0.1,137.0,157.0,87.3,2441.0,686.0,46.0,50.0,92.0,82.0,90.0,91.1,7.0,12.0,58.3,0.0,-0.1,1.0,8.0,0.0,0.0,154.0,3.0,3.0,0.0,1.0,0.0,0.0,0.0,0.0,0.0,0.0,0.0,0.0,2.0,0.55,2.0,0.0,0.0,0.0,0.0,0.0,0.0,0.0,0.0,0.0,0.0,0.0,0.0,0.0,2.0,1.0,1.0,1.0,0.0,0.0,1.0,0.0,1.0,4.0,2.0,2.0,4.0,6.0,17.0,0.0,189.0,27.0,93.0,88.0,9.0,3.0,189.0,0.0,0.0,0.0,0.0,0.0,95.0,654.0,393.0,1.0,0.0,0.0,0.0,110.0,0.0,4.0,2.0,0.0,0.0,0.0,0.0,14.0,3.0,8.0,27.3,,,,,,,,,,,,,,,,,,,,,,,,,,,,,,,,,,,,,,,,,,54.0,12.5,77.0,0.0,2.0,9.0,6.0,1.0,1.0,7.0,-6.0,-1.66,-0.56,2.9,5.1,-2.2,-0.6,0.18
161,2023-2024,Premier-League,Anthony Elanga,se SWE,"FW,MF",Nott'ham Forest,21-326,2002.0,28.0,20.0,1933.0,21.5,5.0,7.0,12.0,5.0,0.0,0.0,1.0,0.0,6.1,6.1,5.8,11.9,79.0,37.0,162.0,0.23,0.33,0.56,0.23,0.56,0.28,0.27,0.55,0.28,0.55,47.0,20.0,42.6,2.19,0.93,0.11,0.25,15.8,0.0,0.13,-1.1,-1.1,359.0,537.0,66.9,4879.0,1107.0,221.0,284.0,77.8,110.0,166.0,66.3,11.0,20.0,55.0,3.1,1.2,27.0,19.0,19.0,4.0,523.0,11.0,0.0,4.0,1.0,45.0,4.0,0.0,0.0,0.0,0.0,3.0,33.0,52.0,2.42,39.0,0.0,4.0,6.0,2.0,1.0,9.0,0.42,8.0,0.0,0.0,0.0,0.0,1.0,31.0,18.0,19.0,6.0,6.0,16.0,32.0,50.0,16.0,21.0,2.0,19.0,7.0,38.0,16.0,1.0,797.0,18.0,138.0,264.0,408.0,100.0,797.0,58.0,21.0,36.2,31.0,53.4,484.0,3777.0,2025.0,44.0,35.0,55.0,17.0,559.0,0.0,6.0,22.0,18.0,0.0,0.0,0.0,76.0,15.0,32.0,31.9,,,,,,,,,,,,,,,,,,,,,,,,,,,,,,,,,,,,,,,,,,69.0,74.1,87.0,14.0,8.0,24.0,0.0,0.89,29.0,36.0,-7.0,-0.33,0.87,30.0,31.7,-1.7,-0.08,0.45
162,2023-2024,Premier-League,Harvey Elliott,eng ENG,"MF,FW",Liverpool,20-349,2003.0,24.0,6.0,838.0,9.3,2.0,2.0,4.0,2.0,0.0,0.0,1.0,0.0,1.3,1.3,2.4,3.7,30.0,72.0,64.0,0.21,0.21,0.43,0.21,0.43,0.14,0.26,0.4,0.14,0.4,29.0,9.0,31.0,3.11,0.97,0.07,0.22,22.9,1.0,0.05,0.7,0.7,474.0,575.0,82.4,7302.0,1702.0,268.0,296.0,90.5,162.0,188.0,86.2,30.0,56.0,53.6,2.7,-0.4,21.0,46.0,24.0,5.0,543.0,24.0,2.0,2.0,4.0,35.0,6.0,13.0,6.0,5.0,0.0,8.0,8.0,39.0,4.18,32.0,2.0,1.0,3.0,0.0,1.0,2.0,0.21,2.0,0.0,0.0,0.0,0.0,0.0,16.0,12.0,3.0,10.0,3.0,7.0,21.0,33.3,14.0,16.0,0.0,16.0,5.0,21.0,6.0,0.0,669.0,6.0,52.0,326.0,297.0,38.0,669.0,11.0,7.0,63.6,4.0,36.4,418.0,2392.0,1097.0,39.0,7.0,10.0,8.0,495.0,0.0,4.0,6.0,0.0,0.0,0.0,0.0,49.0,5.0,9.0,35.7,,,,,,,,,,,,,,,,,,,,,,,,,,,,,,,,,,,,,,,,,,35.0,33.3,72.0,2.0,18.0,23.0,4.0,2.29,24.0,7.0,17.0,1.83,0.65,22.7,12.1,10.7,1.14,0.21
163,2023-2024,Premier-League,Mohamed Elneny,eg EGY,MF,Arsenal,31-251,1992.0,3.0,0.0,28.0,0.3,0.0,0.0,0.0,0.0,0.0,0.0,0.0,0.0,0.1,0.1,0.0,0.1,1.0,1.0,0.0,0.0,0.0,0.0,0.0,0.0,0.26,0.0,0.26,0.26,0.26,2.0,1.0,50.0,6.43,3.21,0.0,0.0,25.8,0.0,0.04,-0.1,-0.1,39.0,40.0,97.5,624.0,147.0,18.0,19.0,94.7,21.0,21.0,100.0,0.0,0.0,0.0,0.0,0.0,0.0,2.0,0.0,0.0,39.0,1.0,1.0,0.0,0.0,0.0,0.0,0.0,0.0,0.0,0.0,0.0,0.0,1.0,3.21,1.0,0.0,0.0,0.0,0.0,0.0,0.0,0.0,0.0,0.0,0.0,0.0,0.0,0.0,0.0,0.0,0.0,0.0,0.0,0.0,1.0,0.0,1.0,0.0,0.0,0.0,1.0,1.0,0.0,0.0,45.0,1.0,9.0,30.0,6.0,1.0,45.0,0.0,0.0,0.0,0.0,0.0,27.0,148.0,62.0,0.0,0.0,1.0,0.0,37.0,0.0,1.0,0.0,0.0,0.0,0.0,0.0,2.0,1.0,1.0,50.0,,,,,,,,,,,,,,,,,,,,,,,,,,,,,,,,,,,,,,,,,,9.0,1.1,0.0,0.0,3.0,9.0,13.0,3.0,1.0,0.0,1.0,3.21,1.59,0.8,0.1,0.7,2.24,0.92
164,2023-2024,Premier-League,Emerson,br BRA,DF,Tottenham,25-064,1999.0,18.0,9.0,959.0,10.7,1.0,0.0,1.0,1.0,0.0,0.0,3.0,0.0,0.2,0.2,0.4,0.6,20.0,44.0,31.0,0.09,0.0,0.09,0.09,0.09,0.01,0.04,0.05,0.01,0.05,5.0,3.0,60.0,0.47,0.28,0.2,0.33,21.4,0.0,0.03,0.8,0.8,798.0,880.0,90.7,11623.0,3365.0,452.0,473.0,95.6,282.0,302.0,93.4,31.0,43.0,72.1,0.8,-0.4,2.0,37.0,6.0,2.0,778.0,102.0,38.0,1.0,2.0,11.0,62.0,0.0,0.0,0.0,0.0,0.0,19.0,17.0,1.6,11.0,2.0,0.0,1.0,2.0,1.0,3.0,0.28,1.0,2.0,0.0,0.0,0.0,0.0,31.0,21.0,19.0,9.0,3.0,19.0,35.0,54.3,16.0,17.0,8.0,9.0,18.0,49.0,45.0,1.0,1034.0,90.0,401.0,448.0,189.0,10.0,1034.0,18.0,8.0,44.4,6.0,33.3,603.0,2443.0,1150.0,15.0,1.0,12.0,11.0,699.0,0.0,11.0,35.0,0.0,0.0,0.0,0.0,71.0,15.0,18.0,45.5,,,,,,,,,,,,,,,,,,,,,,,,,,,,,,,,,,,,,,,,,,53.0,38.1,89.0,8.0,9.0,17.0,10.0,1.83,22.0,23.0,-1.0,-0.09,-1.13,16.1,22.6,-6.5,-0.61,-1.14
165,2023-2024,Premier-League,Julio Enciso,py PAR,"MF,FW",Brighton,20-055,2004.0,5.0,2.0,147.0,1.6,0.0,2.0,2.0,0.0,0.0,0.0,1.0,0.0,0.5,0.5,0.8,1.2,7.0,0.0,12.0,0.0,1.22,1.22,0.0,1.22,0.27,0.47,0.75,0.27,0.75,10.0,3.0,30.0,6.12,1.84,0.0,0.0,21.5,0.0,0.05,-0.5,-0.5,35.0,52.0,67.3,406.0,93.0,25.0,30.0,83.3,8.0,14.0,57.1,1.0,2.0,50.0,0.6,1.2,3.0,1.0,0.0,0.0,49.0,2.0,1.0,1.0,0.0,2.0,0.0,0.0,0.0,0.0,0.0,1.0,2.0,9.0,5.47,4.0,0.0,4.0,1.0,0.0,0.0,2.0,1.22,2.0,0.0,0.0,0.0,0.0,0.0,0.0,0.0,0.0,0.0,0.0,0.0,2.0,0.0,2.0,2.0,0.0,2.0,0.0,0.0,0.0,0.0,77.0,0.0,1.0,35.0,43.0,9.0,77.0,16.0,10.0,62.5,4.0,25.0,65.0,403.0,222.0,5.0,5.0,3.0,2.0,64.0,0.0,2.0,4.0,1.0,0.0,0.0,0.0,4.0,0.0,0.0,0.0,,,,,,,,,,,,,,,,,,,,,,,,,,,,,,,,,,,,,,,,,,29.0,5.8,56.0,0.0,3.0,12.0,0.0,2.0,6.0,4.0,2.0,1.22,1.07,3.6,2.5,1.1,0.64,0.42
166,2023-2024,Premier-League,Wataru Endo,jp JPN,MF,Liverpool,31-038,1993.0,20.0,12.0,1094.0,12.2,1.0,0.0,1.0,1.0,0.0,0.0,7.0,0.0,0.3,0.3,1.6,2.0,6.0,59.0,15.0,0.08,0.0,0.08,0.08,0.08,0.03,0.13,0.16,0.03,0.16,8.0,2.0,25.0,0.66,0.16,0.13,0.5,23.2,0.0,0.04,0.7,0.7,697.0,799.0,87.2,10969.0,3100.0,360.0,393.0,91.6,302.0,334.0,90.4,28.0,38.0,73.7,1.3,-1.6,12.0,73.0,15.0,2.0,787.0,9.0,8.0,3.0,0.0,4.0,0.0,0.0,0.0,0.0,0.0,3.0,13.0,35.0,2.88,27.0,0.0,1.0,3.0,2.0,2.0,1.0,0.08,1.0,0.0,0.0,0.0,0.0,0.0,30.0,17.0,7.0,19.0,4.0,11.0,35.0,31.4,24.0,16.0,2.0,14.0,12.0,42.0,21.0,1.0,929.0,29.0,180.0,617.0,137.0,7.0,929.0,6.0,2.0,33.3,3.0,50.0,547.0,2078.0,853.0,10.0,1.0,18.0,14.0,660.0,0.0,30.0,21.0,0.0,0.0,0.0,0.0,69.0,23.0,20.0,53.5,,,,,,,,,,,,,,,,,,,,,,,,,,,,,,,,,,,,,,,,,,55.0,43.4,82.0,8.0,8.0,14.0,4.0,2.45,25.0,8.0,17.0,1.4,0.01,28.6,15.2,13.3,1.09,0.16
167,2023-2024,Premier-League,Christian Eriksen,dk DEN,MF,Manchester Utd,32-033,1992.0,16.0,9.0,887.0,9.9,1.0,1.0,2.0,1.0,0.0,0.0,1.0,0.0,0.7,0.7,1.8,2.5,18.0,53.0,19.0,0.1,0.1,0.2,0.1,0.2,0.07,0.18,0.25,0.07,0.25,9.0,4.0,44.4,0.91,0.41,0.11,0.25,21.5,1.0,0.08,0.3,0.3,489.0,614.0,79.6,8076.0,1996.0,249.0,283.0,88.0,180.0,218.0,82.6,42.0,77.0,54.5,1.9,-0.8,18.0,52.0,15.0,3.0,565.0,45.0,21.0,3.0,7.0,36.0,3.0,21.0,10.0,6.0,2.0,4.0,10.0,32.0,3.25,25.0,5.0,0.0,0.0,0.0,2.0,2.0,0.2,1.0,0.0,0.0,0.0,0.0,1.0,14.0,12.0,4.0,7.0,3.0,8.0,27.0,29.6,19.0,14.0,5.0,9.0,3.0,17.0,10.0,0.0,675.0,22.0,122.0,366.0,193.0,8.0,675.0,4.0,3.0,75.0,1.0,25.0,403.0,1798.0,920.0,17.0,2.0,3.0,11.0,464.0,0.0,7.0,2.0,1.0,0.0,0.0,0.0,70.0,1.0,6.0,14.3,,,,,,,,,,,,,,,,,,,,,,,,,,,,,,,,,,,,,,,,,,55.0,35.2,79.0,4.0,7.0,26.0,7.0,1.38,16.0,20.0,-4.0,-0.41,-0.63,14.2,16.5,-2.3,-0.23,-0.13
168,2023-2024,Premier-League,Maxime Estève,fr FRA,DF,Burnley,21-297,2002.0,7.0,6.0,545.0,6.1,0.0,0.0,0.0,0.0,0.0,0.0,2.0,0.0,0.1,0.1,0.0,0.1,3.0,16.0,1.0,0.0,0.0,0.0,0.0,0.0,0.01,0.0,0.01,0.01,0.01,2.0,0.0,0.0,0.33,0.0,0.0,0.0,18.0,0.0,0.04,-0.1,-0.1,248.0,315.0,78.7,4501.0,1318.0,96.0,113.0,85.0,135.0,153.0,88.2,15.0,37.0,40.5,0.0,0.0,0.0,15.0,0.0,0.0,308.0,6.0,5.0,0.0,1.0,1.0,1.0,0.0,0.0,0.0,0.0,1.0,5.0,1.0,0.17,0.0,0.0,0.0,0.0,1.0,0.0,0.0,0.0,0.0,0.0,0.0,0.0,0.0,0.0,12.0,4.0,5.0,7.0,0.0,8.0,12.0,66.7,4.0,9.0,4.0,5.0,9.0,21.0,26.0,0.0,385.0,39.0,182.0,190.0,13.0,2.0,385.0,1.0,1.0,100.0,0.0,0.0,211.0,1089.0,675.0,5.0,0.0,4.0,1.0,228.0,0.0,11.0,8.0,0.0,0.0,0.0,0.0,32.0,15.0,9.0,62.5,,,,,,,,,,,,,,,,,,,,,,,,,,,,,,,,,,,,,,,,,,78.0,20.9,83.0,4.0,1.0,45.0,0.0,0.71,7.0,14.0,-7.0,-1.16,0.02,7.8,10.7,-2.8,-0.47,0.37
169,2023-2024,Premier-League,Pervis Estupiñán,ec ECU,DF,Brighton,26-057,1998.0,16.0,12.0,1052.0,11.7,2.0,3.0,5.0,2.0,0.0,0.0,4.0,0.0,0.9,0.9,3.4,4.3,41.0,74.0,76.0,0.17,0.26,0.43,0.17,0.43,0.08,0.29,0.37,0.08,0.37,10.0,6.0,60.0,0.86,0.51,0.2,0.33,18.8,0.0,0.09,1.1,1.1,706.0,839.0,84.1,10354.0,3274.0,414.0,456.0,90.8,241.0,278.0,86.7,29.0,55.0,52.7,2.3,-0.4,25.0,58.0,24.0,10.0,744.0,92.0,16.0,1.0,3.0,54.0,65.0,11.0,6.0,1.0,0.0,3.0,17.0,39.0,3.33,34.0,3.0,1.0,1.0,0.0,0.0,2.0,0.17,2.0,0.0,0.0,0.0,0.0,0.0,20.0,9.0,8.0,10.0,2.0,10.0,24.0,41.7,14.0,12.0,2.0,10.0,18.0,38.0,17.0,0.0,962.0,42.0,203.0,494.0,272.0,36.0,962.0,20.0,8.0,40.0,8.0,40.0,611.0,2665.0,1585.0,25.0,13.0,17.0,6.0,647.0,0.0,20.0,13.0,5.0,0.0,0.0,1.0,81.0,11.0,12.0,47.8,,,,,,,,,,,,,,,,,,,,,,,,,,,,,,,,,,,,,,,,,,66.0,41.7,80.0,8.0,4.0,24.0,0.0,1.69,22.0,21.0,1.0,0.09,-0.22,20.6,19.6,1.0,0.09,-0.27
170,2023-2024,Premier-League,Jonny Evans,nir NIR,DF,Manchester Utd,36-075,1988.0,18.0,12.0,1086.0,12.1,0.0,1.0,1.0,0.0,0.0,0.0,2.0,0.0,0.1,0.1,1.2,1.2,5.0,32.0,1.0,0.0,0.08,0.08,0.0,0.08,0.01,0.1,0.1,0.01,0.1,1.0,0.0,0.0,0.08,0.0,0.0,0.0,5.4,0.0,0.06,-0.1,-0.1,542.0,628.0,86.3,9086.0,3121.0,233.0,255.0,91.4,253.0,277.0,91.3,36.0,63.0,57.1,0.3,-0.2,5.0,26.0,3.0,0.0,586.0,39.0,14.0,1.0,0.0,0.0,0.0,0.0,0.0,0.0,0.0,3.0,5.0,9.0,0.75,9.0,0.0,0.0,0.0,0.0,0.0,1.0,0.08,1.0,0.0,0.0,0.0,0.0,0.0,12.0,7.0,10.0,2.0,0.0,9.0,16.0,56.3,7.0,19.0,14.0,5.0,17.0,29.0,65.0,0.0,765.0,143.0,423.0,318.0,26.0,8.0,765.0,6.0,4.0,66.7,1.0,16.7,422.0,2123.0,1217.0,3.0,0.0,5.0,3.0,464.0,0.0,15.0,11.0,0.0,0.0,0.0,0.0,59.0,28.0,14.0,66.7,,,,,,,,,,,,,,,,,,,,,,,,,,,,,,,,,,,,,,,,,,60.0,43.1,85.0,7.0,6.0,11.0,3.0,1.78,16.0,17.0,-1.0,-0.08,-0.15,14.5,21.8,-7.3,-0.61,-0.8
171,2023-2024,Premier-League,Eberechi Eze,eng ENG,"MF,FW",Crystal Palace,25-263,1998.0,18.0,15.0,1316.0,14.6,6.0,1.0,7.0,5.0,1.0,1.0,3.0,0.0,5.5,4.7,2.9,7.5,43.0,59.0,75.0,0.41,0.07,0.48,0.34,0.41,0.37,0.2,0.57,0.32,0.52,54.0,20.0,37.0,3.69,1.37,0.09,0.25,21.5,10.0,0.09,0.5,0.3,438.0,569.0,77.0,7095.0,1977.0,215.0,247.0,87.0,165.0,196.0,84.2,41.0,89.0,46.1,3.1,-1.9,37.0,30.0,25.0,3.0,460.0,106.0,37.0,4.0,2.0,77.0,5.0,51.0,25.0,15.0,3.0,3.0,11.0,72.0,4.92,29.0,22.0,5.0,7.0,8.0,1.0,4.0,0.27,2.0,0.0,0.0,0.0,2.0,0.0,24.0,9.0,1.0,12.0,11.0,11.0,23.0,47.8,12.0,14.0,1.0,13.0,6.0,30.0,4.0,0.0,799.0,8.0,76.0,313.0,425.0,63.0,798.0,84.0,44.0,52.4,36.0,42.9,492.0,3077.0,1407.0,41.0,24.0,42.0,28.0,542.0,0.0,21.0,31.0,2.0,1.0,1.0,0.0,81.0,9.0,17.0,34.6,,,,,,,,,,,,,,,,,,,,,,,,,,,,,,,,,,,,,,,,,,73.0,52.2,84.0,10.0,3.0,18.0,0.0,1.28,20.0,22.0,-2.0,-0.14,0.83,18.7,21.3,-2.6,-0.18,0.14
172,2023-2024,Premier-League,Łukasz Fabiański,pl POL,GK,West Ham,38-335,1985.0,5.0,3.0,316.0,3.5,0.0,0.0,0.0,0.0,0.0,0.0,0.0,0.0,0.0,0.0,0.0,0.0,0.0,1.0,0.0,0.0,0.0,0.0,0.0,0.0,0.0,0.0,0.0,0.0,0.0,0.0,0.0,0.0,0.0,0.0,0.0,0.0,0.0,0.0,0.0,0.0,0.0,71.0,106.0,67.0,2146.0,1458.0,7.0,7.0,100.0,39.0,39.0,100.0,25.0,59.0,42.4,0.0,0.0,0.0,2.0,0.0,0.0,71.0,35.0,10.0,0.0,1.0,0.0,0.0,0.0,0.0,0.0,0.0,0.0,1.0,0.0,0.0,0.0,0.0,0.0,0.0,0.0,0.0,0.0,0.0,0.0,0.0,0.0,0.0,0.0,0.0,1.0,0.0,1.0,0.0,0.0,1.0,1.0,100.0,0.0,0.0,0.0,0.0,1.0,2.0,0.0,0.0,113.0,94.0,112.0,1.0,0.0,0.0,113.0,0.0,0.0,0.0,0.0,0.0,64.0,305.0,212.0,0.0,0.0,0.0,0.0,39.0,0.0,0.0,0.0,0.0,0.0,0.0,0.0,2.0,2.0,0.0,100.0,5.0,3.0,316.0,9.0,2.56,20.0,11.0,60.0,2.0,0.0,1.0,1.0,33.3,1.0,1.0,0.0,0.0,0.0,0.0,2.0,0.0,6.9,0.3,-2.1,-0.6,19.0,51.0,37.3,81.0,19.0,45.7,36.0,25.0,56.0,43.6,64.0,5.0,7.8,1.0,0.28,8.3,63.0,12.5,90.0,3.0,2.0,23.0,22.0,1.4,5.0,9.0,-4.0,-1.14,-1.14,5.3,6.1,-0.8,-0.23,0.19
173,2023-2024,Premier-League,Romain Faivre,fr FRA,"MF,DF",Bournemouth,25-248,1998.0,3.0,0.0,18.0,0.2,0.0,0.0,0.0,0.0,0.0,0.0,1.0,0.0,0.1,0.1,0.0,0.1,2.0,3.0,1.0,0.0,0.0,0.0,0.0,0.0,0.71,0.0,0.71,0.71,0.71,1.0,0.0,0.0,5.0,0.0,0.0,0.0,14.3,0.0,0.14,-0.1,-0.1,10.0,14.0,71.4,135.0,78.0,5.0,7.0,71.4,5.0,5.0,100.0,0.0,1.0,0.0,0.0,0.0,0.0,2.0,1.0,0.0,13.0,1.0,1.0,0.0,0.0,2.0,0.0,0.0,0.0,0.0,0.0,0.0,0.0,1.0,5.0,0.0,0.0,1.0,0.0,0.0,0.0,0.0,0.0,0.0,0.0,0.0,0.0,0.0,0.0,1.0,1.0,0.0,1.0,0.0,0.0,3.0,0.0,3.0,0.0,0.0,0.0,0.0,1.0,0.0,0.0,20.0,0.0,2.0,7.0,11.0,1.0,20.0,5.0,1.0,20.0,2.0,40.0,13.0,120.0,75.0,2.0,0.0,1.0,1.0,16.0,0.0,1.0,2.0,0.0,0.0,0.0,0.0,1.0,0.0,0.0,0.0,,,,,,,,,,,,,,,,,,,,,,,,,,,,,,,,,,,,,,,,,,6.0,0.7,0.0,0.0,3.0,6.0,4.0,0.33,0.0,0.0,0.0,0.0,0.4,0.5,0.0,0.4,2.18,2.27
174,2023-2024,Premier-League,Ansu Fati,es ESP,"MF,FW",Brighton,21-139,2002.0,15.0,3.0,476.0,5.3,2.0,0.0,2.0,2.0,0.0,0.0,2.0,0.0,3.3,3.3,0.8,4.1,14.0,25.0,40.0,0.38,0.0,0.38,0.38,0.38,0.62,0.15,0.77,0.62,0.77,23.0,10.0,43.5,4.35,1.89,0.09,0.2,14.3,0.0,0.14,-1.3,-1.3,152.0,181.0,84.0,1978.0,475.0,100.0,106.0,94.3,34.0,43.0,79.1,9.0,10.0,90.0,0.5,-0.8,6.0,13.0,5.0,0.0,174.0,4.0,2.0,1.0,1.0,2.0,0.0,0.0,0.0,0.0,0.0,3.0,9.0,20.0,3.77,14.0,0.0,1.0,5.0,0.0,0.0,3.0,0.56,2.0,0.0,0.0,1.0,0.0,0.0,4.0,2.0,1.0,2.0,1.0,1.0,11.0,9.1,10.0,7.0,0.0,7.0,3.0,7.0,3.0,0.0,260.0,4.0,25.0,130.0,107.0,36.0,260.0,13.0,5.0,38.5,6.0,46.2,183.0,872.0,390.0,2.0,9.0,14.0,8.0,205.0,0.0,6.0,10.0,1.0,0.0,0.0,0.0,20.0,1.0,9.0,10.0,,,,,,,,,,,,,,,,,,,,,,,,,,,,,,,,,,,,,,,,,,32.0,18.9,50.0,0.0,12.0,27.0,0.0,1.53,11.0,10.0,1.0,0.19,-0.03,9.4,6.2,3.2,0.6,0.44
175,2023-2024,Premier-League,Felipe,br BRA,DF,Nott'ham Forest,34-307,1989.0,6.0,3.0,285.0,3.2,0.0,0.0,0.0,0.0,0.0,0.0,3.0,0.0,0.1,0.1,0.1,0.2,1.0,3.0,0.0,0.0,0.0,0.0,0.0,0.0,0.04,0.02,0.05,0.04,0.05,2.0,0.0,0.0,0.63,0.0,0.0,0.0,6.9,0.0,0.06,-0.1,-0.1,131.0,154.0,85.1,2595.0,1028.0,47.0,52.0,90.4,62.0,68.0,91.2,18.0,29.0,62.1,0.0,-0.1,2.0,6.0,0.0,0.0,146.0,7.0,6.0,0.0,1.0,0.0,1.0,0.0,0.0,0.0,0.0,1.0,0.0,4.0,1.27,2.0,0.0,0.0,1.0,0.0,1.0,0.0,0.0,0.0,0.0,0.0,0.0,0.0,0.0,9.0,6.0,6.0,3.0,0.0,7.0,9.0,77.8,2.0,2.0,1.0,1.0,1.0,10.0,8.0,0.0,179.0,15.0,94.0,81.0,5.0,3.0,179.0,2.0,1.0,50.0,1.0,50.0,106.0,477.0,253.0,1.0,0.0,2.0,1.0,109.0,0.0,8.0,1.0,0.0,0.0,0.0,0.0,19.0,6.0,6.0,50.0,,,,,,,,,,,,,,,,,,,,,,,,,,,,,,,,,,,,,,,,,,48.0,10.9,70.0,1.0,3.0,25.0,5.0,0.71,3.0,10.0,-7.0,-2.21,-1.86,4.7,5.0,-0.3,-0.09,0.11
176,2023-2024,Premier-League,Evan Ferguson,ie IRL,FW,Brighton,19-151,2004.0,26.0,15.0,1359.0,15.1,6.0,0.0,6.0,6.0,0.0,0.0,1.0,0.0,4.6,4.6,0.5,5.1,13.0,15.0,62.0,0.4,0.0,0.4,0.4,0.4,0.31,0.04,0.34,0.31,0.34,33.0,20.0,60.6,2.19,1.32,0.18,0.3,15.5,0.0,0.14,1.4,1.4,244.0,303.0,80.5,3028.0,349.0,156.0,180.0,86.7,54.0,63.0,85.7,11.0,15.0,73.3,0.8,-0.5,6.0,11.0,4.0,0.0,269.0,32.0,0.0,1.0,0.0,1.0,0.0,0.0,0.0,0.0,0.0,2.0,13.0,22.0,1.46,15.0,0.0,2.0,1.0,3.0,1.0,1.0,0.07,0.0,0.0,0.0,0.0,1.0,0.0,14.0,6.0,4.0,7.0,3.0,5.0,14.0,35.7,9.0,10.0,3.0,7.0,2.0,16.0,7.0,0.0,447.0,12.0,63.0,204.0,185.0,45.0,447.0,16.0,7.0,43.8,6.0,37.5,286.0,1299.0,414.0,9.0,5.0,40.0,31.0,336.0,0.0,24.0,25.0,5.0,1.0,0.0,0.0,25.0,13.0,18.0,41.9,,,,,,,,,,,,,,,,,,,,,,,,,,,,,,,,,,,,,,,,,,52.0,53.9,71.0,4.0,11.0,26.0,1.0,1.54,24.0,28.0,-4.0,-0.26,-1.04,21.3,20.9,0.4,0.03,-0.47
177,2023-2024,Premier-League,Bruno Fernandes,pt POR,"MF,FW",Manchester Utd,29-192,1994.0,27.0,27.0,2430.0,27.0,4.0,6.0,10.0,2.0,2.0,3.0,8.0,0.0,7.2,4.9,8.2,13.1,58.0,223.0,137.0,0.15,0.22,0.37,0.07,0.3,0.27,0.31,0.57,0.18,0.49,68.0,24.0,35.3,2.52,0.89,0.03,0.08,22.5,11.0,0.07,-3.2,-2.9,1190.0,1652.0,72.0,21018.0,7568.0,577.0,668.0,86.4,403.0,530.0,76.0,161.0,316.0,50.9,7.0,-2.2,82.0,136.0,66.0,8.0,1423.0,208.0,41.0,21.0,17.0,170.0,20.0,114.0,33.0,39.0,7.0,21.0,50.0,162.0,6.0,111.0,33.0,7.0,8.0,1.0,2.0,16.0,0.59,10.0,3.0,2.0,1.0,0.0,0.0,56.0,33.0,22.0,20.0,14.0,26.0,77.0,33.8,51.0,35.0,4.0,31.0,20.0,76.0,36.0,1.0,1961.0,69.0,306.0,807.0,866.0,77.0,1958.0,41.0,18.0,43.9,20.0,48.8,1022.0,4467.0,2457.0,42.0,15.0,38.0,25.0,1293.0,0.0,36.0,18.0,10.0,0.0,0.0,0.0,155.0,19.0,16.0,54.3,,,,,,,,,,,,,,,,,,,,,,,,,,,,,,,,,,,,,,,,,,90.0,96.4,90.0,27.0,0.0,0.0,0.0,1.7,39.0,39.0,0.0,0.0,0.0,42.5,45.1,-2.6,-0.1,1.45
178,2023-2024,Premier-League,Enzo Fernández,ar ARG,MF,Chelsea,23-061,2001.0,24.0,22.0,1873.0,20.8,3.0,1.0,4.0,2.0,1.0,2.0,6.0,0.0,5.7,4.1,2.9,7.1,46.0,168.0,52.0,0.14,0.05,0.19,0.1,0.14,0.27,0.14,0.41,0.2,0.34,39.0,11.0,28.2,1.87,0.53,0.05,0.18,22.0,2.0,0.11,-2.7,-2.1,1291.0,1521.0,84.9,23496.0,6707.0,557.0,606.0,91.9,543.0,607.0,89.5,157.0,220.0,71.4,3.5,-1.9,25.0,144.0,34.0,4.0,1428.0,78.0,47.0,17.0,25.0,41.0,4.0,20.0,4.0,7.0,0.0,15.0,29.0,68.0,3.27,56.0,4.0,0.0,3.0,5.0,0.0,5.0,0.24,4.0,0.0,0.0,0.0,1.0,0.0,47.0,21.0,20.0,17.0,10.0,26.0,58.0,44.8,32.0,34.0,13.0,21.0,16.0,63.0,24.0,0.0,1763.0,56.0,371.0,984.0,418.0,40.0,1761.0,40.0,21.0,52.5,15.0,37.5,1063.0,4837.0,2456.0,39.0,6.0,27.0,22.0,1365.0,0.0,28.0,31.0,3.0,1.0,1.0,0.0,103.0,17.0,15.0,53.1,,,,,,,,,,,,,,,,,,,,,,,,,,,,,,,,,,,,,,,,,,78.0,77.1,84.0,15.0,2.0,16.0,0.0,1.5,33.0,36.0,-3.0,-0.14,-0.95,34.5,32.5,2.1,0.1,-1.15
179,2023-2024,Premier-League,John Fleck,sct SCO,"MF,DF",Sheffield Utd,32-207,1991.0,4.0,1.0,92.0,1.0,0.0,0.0,0.0,0.0,0.0,0.0,1.0,0.0,0.0,0.0,0.4,0.4,2.0,3.0,0.0,0.0,0.0,0.0,0.0,0.0,0.0,0.44,0.44,0.0,0.44,0.0,0.0,0.0,0.0,0.0,0.0,0.0,0.0,0.0,0.0,0.0,0.0,29.0,40.0,72.5,408.0,88.0,21.0,27.0,77.8,7.0,9.0,77.8,1.0,2.0,50.0,0.3,-0.4,2.0,1.0,1.0,0.0,36.0,4.0,2.0,1.0,0.0,0.0,0.0,0.0,0.0,0.0,0.0,0.0,0.0,4.0,3.91,4.0,0.0,0.0,0.0,0.0,0.0,0.0,0.0,0.0,0.0,0.0,0.0,0.0,0.0,1.0,0.0,0.0,1.0,0.0,0.0,1.0,0.0,1.0,0.0,0.0,0.0,0.0,1.0,1.0,0.0,49.0,3.0,10.0,29.0,11.0,1.0,49.0,1.0,0.0,0.0,0.0,0.0,19.0,81.0,39.0,1.0,0.0,2.0,0.0,27.0,0.0,2.0,2.0,0.0,0.0,0.0,0.0,5.0,2.0,7.0,22.2,,,,,,,,,,,,,,,,,,,,,,,,,,,,,,,,,,,,,,,,,,23.0,3.7,45.0,0.0,3.0,16.0,5.0,0.0,1.0,5.0,-4.0,-3.91,-2.21,1.0,3.0,-2.0,-1.92,-0.81
180,2023-2024,Premier-League,Mark Flekken,nl NED,GK,Brentford,30-279,1993.0,28.0,28.0,2475.0,27.5,0.0,1.0,1.0,0.0,0.0,0.0,3.0,0.0,0.0,0.0,0.2,0.2,0.0,4.0,0.0,0.0,0.04,0.04,0.0,0.04,0.0,0.01,0.01,0.0,0.01,0.0,0.0,0.0,0.0,0.0,0.0,0.0,0.0,0.0,0.0,0.0,0.0,860.0,1220.0,70.5,24709.0,16968.0,131.0,133.0,98.5,432.0,436.0,99.1,294.0,644.0,45.7,0.1,0.8,1.0,32.0,1.0,0.0,869.0,348.0,119.0,0.0,4.0,0.0,0.0,0.0,0.0,0.0,0.0,3.0,0.0,3.0,0.11,1.0,2.0,0.0,0.0,0.0,0.0,1.0,0.04,0.0,1.0,0.0,0.0,0.0,0.0,1.0,1.0,1.0,0.0,0.0,1.0,4.0,25.0,3.0,1.0,0.0,1.0,0.0,1.0,11.0,0.0,1285.0,988.0,1224.0,61.0,0.0,0.0,1285.0,4.0,3.0,75.0,1.0,25.0,708.0,3888.0,2218.0,0.0,0.0,0.0,0.0,649.0,0.0,2.0,2.0,0.0,0.0,1.0,0.0,31.0,6.0,0.0,100.0,28.0,28.0,2475.0,52.0,1.89,142.0,90.0,64.8,7.0,5.0,16.0,4.0,14.3,2.0,2.0,0.0,0.0,0.0,0.0,5.0,0.0,44.4,0.3,-7.6,-0.28,190.0,509.0,37.3,988.0,97.0,37.8,34.8,229.0,59.4,45.2,433.0,25.0,5.8,25.0,0.91,12.7,88.0,94.8,88.0,27.0,0.0,0.0,0.0,0.93,38.0,52.0,-14.0,-0.51,-1.18,43.6,43.4,0.1,0.01,0.17
181,2023-2024,Premier-League,Phil Foden,eng ENG,"FW,MF",Manchester City,23-295,2000.0,28.0,26.0,2309.0,25.7,11.0,7.0,18.0,11.0,0.0,0.0,1.0,0.0,8.5,8.5,6.2,14.8,83.0,140.0,225.0,0.43,0.27,0.7,0.43,0.7,0.33,0.24,0.58,0.33,0.58,85.0,35.0,41.2,3.31,1.36,0.13,0.31,18.1,1.0,0.1,2.5,2.5,1194.0,1398.0,85.4,16235.0,3052.0,761.0,811.0,93.8,318.0,371.0,85.7,55.0,102.0,53.9,5.6,0.8,57.0,51.0,50.0,5.0,1343.0,53.0,13.0,12.0,6.0,67.0,4.0,32.0,12.0,13.0,0.0,2.0,42.0,112.0,4.37,89.0,7.0,6.0,4.0,5.0,1.0,14.0,0.55,12.0,1.0,0.0,0.0,1.0,0.0,24.0,14.0,10.0,8.0,6.0,12.0,24.0,50.0,12.0,21.0,0.0,21.0,13.0,37.0,15.0,1.0,1708.0,16.0,144.0,597.0,986.0,164.0,1708.0,84.0,39.0,46.4,36.0,42.9,1176.0,5803.0,2934.0,71.0,50.0,53.0,36.0,1394.0,0.0,11.0,46.0,3.0,0.0,1.0,0.0,108.0,6.0,15.0,28.6,,,,,,,,,,,,,,,,,,,,,,,,,,,,,,,,,,,,,,,,,,82.0,91.6,87.0,18.0,2.0,25.0,0.0,2.25,55.0,24.0,31.0,1.21,-0.5,50.9,24.9,26.0,1.01,-0.26
182,2023-2024,Premier-League,Wes Foderingham,eng ENG,GK,Sheffield Utd,33-064,1991.0,25.0,24.0,2199.0,24.4,0.0,0.0,0.0,0.0,0.0,0.0,2.0,0.0,0.0,0.0,0.0,0.0,0.0,0.0,0.0,0.0,0.0,0.0,0.0,0.0,0.0,0.0,0.0,0.0,0.0,0.0,0.0,0.0,0.0,0.0,0.0,0.0,0.0,0.0,0.0,0.0,0.0,485.0,873.0,55.6,16052.0,12848.0,84.0,85.0,98.8,193.0,203.0,95.1,208.0,575.0,36.2,0.1,0.0,0.0,17.0,2.0,0.0,539.0,325.0,111.0,0.0,2.0,0.0,0.0,0.0,0.0,0.0,0.0,9.0,1.0,2.0,0.08,2.0,0.0,0.0,0.0,0.0,0.0,0.0,0.0,0.0,0.0,0.0,0.0,0.0,0.0,3.0,1.0,3.0,0.0,0.0,3.0,4.0,75.0,1.0,0.0,0.0,0.0,0.0,3.0,12.0,6.0,946.0,766.0,929.0,19.0,0.0,0.0,946.0,2.0,2.0,100.0,0.0,0.0,485.0,2845.0,1790.0,0.0,0.0,1.0,1.0,315.0,0.0,1.0,10.0,0.0,0.0,0.0,1.0,28.0,1.0,1.0,50.0,25.0,24.0,2199.0,63.0,2.58,165.0,106.0,63.6,3.0,4.0,17.0,1.0,4.2,4.0,3.0,0.0,1.0,0.0,0.0,8.0,4.0,57.5,0.34,-1.5,-0.06,171.0,518.0,33.0,650.0,83.0,55.1,40.5,214.0,74.8,53.2,404.0,17.0,4.2,34.0,1.39,15.4,88.0,87.3,90.0,24.0,1.0,39.0,3.0,0.52,20.0,63.0,-43.0,-1.76,0.2,22.9,49.3,-26.3,-1.08,0.5
183,2023-2024,Premier-League,Pablo Fornals,es ESP,"MF,FW",West Ham,28-025,1996.0,15.0,4.0,426.0,4.7,0.0,0.0,0.0,0.0,0.0,0.0,0.0,0.0,0.3,0.3,0.3,0.6,4.0,29.0,27.0,0.0,0.0,0.0,0.0,0.0,0.07,0.07,0.13,0.07,0.13,7.0,3.0,42.9,1.48,0.63,0.0,0.0,20.1,0.0,0.04,-0.3,-0.3,162.0,210.0,77.1,2602.0,713.0,83.0,96.0,86.5,60.0,75.0,80.0,12.0,20.0,60.0,0.3,-0.3,5.0,19.0,6.0,1.0,204.0,6.0,2.0,0.0,2.0,8.0,2.0,0.0,0.0,0.0,0.0,0.0,6.0,16.0,3.37,13.0,0.0,0.0,0.0,1.0,2.0,1.0,0.21,0.0,0.0,0.0,0.0,0.0,1.0,10.0,6.0,4.0,3.0,3.0,5.0,16.0,31.3,11.0,8.0,1.0,7.0,6.0,16.0,7.0,0.0,277.0,7.0,53.0,128.0,98.0,20.0,277.0,12.0,6.0,50.0,5.0,41.7,156.0,645.0,256.0,7.0,2.0,8.0,8.0,176.0,0.0,3.0,5.0,1.0,0.0,0.0,0.0,26.0,3.0,6.0,33.3,,,,,,,,,,,,,,,,,,,,,,,,,,,,,,,,,,,,,,,,,,28.0,16.9,78.0,2.0,11.0,11.0,6.0,1.67,6.0,9.0,-3.0,-0.63,-0.59,6.7,9.6,-2.8,-0.6,-0.24
184,2023-2024,Premier-League,Omari Forson,eng ENG,FW,Manchester Utd,19-242,2004.0,3.0,1.0,66.0,0.7,0.0,1.0,1.0,0.0,0.0,0.0,0.0,0.0,0.0,0.0,0.2,0.2,1.0,2.0,2.0,0.0,1.36,1.36,0.0,1.36,0.04,0.24,0.28,0.04,0.28,1.0,0.0,0.0,1.36,0.0,0.0,0.0,21.6,0.0,0.03,0.0,0.0,23.0,26.0,88.5,277.0,64.0,14.0,14.0,100.0,7.0,9.0,77.8,0.0,0.0,0.0,0.0,0.8,2.0,2.0,1.0,0.0,25.0,1.0,0.0,0.0,0.0,0.0,0.0,0.0,0.0,0.0,0.0,0.0,1.0,0.0,0.0,0.0,0.0,0.0,0.0,0.0,0.0,0.0,0.0,0.0,0.0,0.0,0.0,0.0,0.0,2.0,0.0,0.0,2.0,0.0,1.0,1.0,100.0,0.0,0.0,0.0,0.0,0.0,2.0,0.0,0.0,32.0,0.0,2.0,21.0,9.0,1.0,32.0,1.0,0.0,0.0,1.0,100.0,23.0,75.0,25.0,2.0,0.0,1.0,0.0,24.0,0.0,1.0,0.0,0.0,0.0,0.0,0.0,2.0,0.0,2.0,0.0,,,,,,,,,,,,,,,,,,,,,,,,,,,,,,,,,,,,,,,,,,22.0,2.6,52.0,0.0,2.0,7.0,4.0,1.0,1.0,2.0,-1.0,-1.36,-1.4,1.3,0.9,0.4,0.61,0.78
185,2023-2024,Premier-League,Lyle Foster,za RSA,FW,Burnley,23-197,2000.0,15.0,13.0,1131.0,12.6,4.0,3.0,7.0,4.0,0.0,0.0,0.0,1.0,2.0,2.0,1.3,3.4,32.0,16.0,50.0,0.32,0.24,0.56,0.32,0.56,0.16,0.1,0.27,0.16,0.27,20.0,9.0,45.0,1.59,0.72,0.2,0.44,16.3,0.0,0.1,2.0,2.0,168.0,258.0,65.1,2450.0,375.0,101.0,143.0,70.6,51.0,71.0,71.8,9.0,14.0,64.3,0.6,1.7,10.0,10.0,4.0,0.0,239.0,17.0,1.0,1.0,4.0,3.0,1.0,0.0,0.0,0.0,0.0,2.0,9.0,21.0,1.67,18.0,0.0,1.0,1.0,1.0,0.0,4.0,0.32,4.0,0.0,0.0,0.0,0.0,0.0,15.0,7.0,3.0,5.0,7.0,4.0,12.0,33.3,8.0,11.0,3.0,8.0,2.0,17.0,20.0,0.0,403.0,26.0,57.0,184.0,168.0,44.0,403.0,20.0,10.0,50.0,8.0,40.0,225.0,1458.0,751.0,19.0,20.0,40.0,21.0,273.0,0.0,17.0,9.0,13.0,0.0,0.0,0.0,38.0,36.0,79.0,31.3,,,,,,,,,,,,,,,,,,,,,,,,,,,,,,,,,,,,,,,,,,75.0,43.3,83.0,6.0,2.0,24.0,0.0,0.8,12.0,29.0,-17.0,-1.35,-0.32,11.0,23.1,-12.0,-0.96,-0.34
186,2023-2024,Premier-League,Matheus França,br BRA,"MF,FW",Crystal Palace,19-352,2004.0,10.0,1.0,232.0,2.6,0.0,1.0,1.0,0.0,0.0,0.0,1.0,0.0,0.4,0.4,0.9,1.2,12.0,8.0,12.0,0.0,0.39,0.39,0.0,0.39,0.14,0.34,0.48,0.14,0.48,8.0,2.0,25.0,3.1,0.78,0.0,0.0,21.8,0.0,0.05,-0.4,-0.4,51.0,79.0,64.6,910.0,256.0,20.0,29.0,69.0,24.0,29.0,82.8,5.0,13.0,38.5,0.5,0.1,6.0,4.0,2.0,0.0,69.0,10.0,1.0,0.0,1.0,14.0,0.0,9.0,5.0,2.0,0.0,0.0,5.0,8.0,3.1,4.0,3.0,0.0,0.0,1.0,0.0,2.0,0.78,1.0,0.0,0.0,0.0,1.0,0.0,3.0,3.0,2.0,1.0,0.0,1.0,7.0,14.3,6.0,4.0,0.0,4.0,1.0,4.0,1.0,0.0,119.0,3.0,31.0,45.0,51.0,9.0,119.0,14.0,4.0,28.6,9.0,64.3,81.0,722.0,372.0,11.0,5.0,4.0,7.0,73.0,0.0,6.0,2.0,2.0,1.0,0.0,0.0,17.0,1.0,5.0,16.7,,,,,,,,,,,,,,,,,,,,,,,,,,,,,,,,,,,,,,,,,,23.0,9.2,83.0,0.0,9.0,17.0,9.0,0.7,7.0,7.0,0.0,0.0,0.59,4.3,3.5,0.8,0.32,0.62
187,2023-2024,Premier-League,Nathan Fraser,ie IRL,FW,Wolves,19-025,2005.0,4.0,1.0,175.0,1.9,0.0,0.0,0.0,0.0,0.0,0.0,1.0,0.0,0.3,0.3,0.1,0.3,0.0,1.0,15.0,0.0,0.0,0.0,0.0,0.0,0.14,0.04,0.18,0.14,0.18,2.0,2.0,100.0,1.03,1.03,0.0,0.0,17.9,0.0,0.13,-0.3,-0.3,27.0,35.0,77.1,321.0,28.0,19.0,21.0,90.5,6.0,9.0,66.7,0.0,0.0,0.0,0.0,-0.1,2.0,0.0,1.0,0.0,32.0,3.0,0.0,0.0,0.0,0.0,0.0,0.0,0.0,0.0,0.0,0.0,3.0,6.0,3.1,5.0,0.0,0.0,1.0,0.0,0.0,0.0,0.0,0.0,0.0,0.0,0.0,0.0,0.0,3.0,1.0,1.0,1.0,1.0,0.0,2.0,0.0,2.0,2.0,1.0,1.0,1.0,4.0,1.0,0.0,51.0,3.0,8.0,24.0,20.0,2.0,51.0,0.0,0.0,0.0,0.0,0.0,27.0,69.0,13.0,0.0,0.0,4.0,0.0,31.0,0.0,3.0,3.0,0.0,0.0,0.0,0.0,7.0,2.0,7.0,22.2,,,,,,,,,,,,,,,,,,,,,,,,,,,,,,,,,,,,,,,,,,44.0,6.9,76.0,0.0,3.0,33.0,6.0,0.75,4.0,3.0,1.0,0.51,0.63,2.6,3.3,-0.7,-0.36,0.01
188,2023-2024,Premier-League,Cody Gakpo,nl NED,"FW,MF",Liverpool,24-316,1999.0,26.0,12.0,1163.0,12.9,5.0,3.0,8.0,5.0,0.0,0.0,0.0,0.0,6.0,6.0,0.7,6.8,27.0,54.0,86.0,0.39,0.23,0.62,0.39,0.62,0.47,0.06,0.53,0.47,0.53,41.0,16.0,39.0,3.17,1.24,0.12,0.31,16.0,0.0,0.15,-1.0,-1.0,265.0,350.0,75.7,3647.0,1085.0,162.0,194.0,83.5,83.0,120.0,69.2,11.0,14.0,78.6,0.7,2.3,13.0,29.0,18.0,0.0,341.0,8.0,4.0,0.0,1.0,6.0,2.0,0.0,0.0,0.0,0.0,1.0,10.0,36.0,2.79,24.0,1.0,3.0,6.0,1.0,1.0,5.0,0.39,3.0,0.0,0.0,2.0,0.0,0.0,18.0,11.0,5.0,9.0,4.0,4.0,14.0,28.6,10.0,18.0,4.0,14.0,8.0,26.0,7.0,0.0,523.0,13.0,57.0,229.0,248.0,61.0,523.0,36.0,19.0,52.8,12.0,33.3,358.0,1924.0,900.0,20.0,9.0,36.0,21.0,406.0,0.0,22.0,28.0,6.0,0.0,0.0,0.0,48.0,21.0,21.0,50.0,,,,,,,,,,,,,,,,,,,,,,,,,,,,,,,,,,,,,,,,,,45.0,46.2,68.0,1.0,14.0,25.0,0.0,2.31,35.0,14.0,21.0,1.63,0.43,30.8,17.3,13.6,1.05,0.09
189,2023-2024,Premier-League,Conor Gallagher,eng ENG,MF,Chelsea,24-041,2000.0,26.0,26.0,2182.0,24.2,2.0,5.0,7.0,2.0,0.0,0.0,7.0,1.0,2.4,2.4,4.2,6.5,41.0,134.0,87.0,0.08,0.21,0.29,0.08,0.29,0.1,0.17,0.27,0.1,0.27,33.0,12.0,36.4,1.36,0.49,0.06,0.17,21.0,0.0,0.07,-0.4,-0.4,1281.0,1447.0,88.5,19217.0,4384.0,737.0,788.0,93.5,437.0,475.0,92.0,71.0,110.0,64.5,2.7,0.8,38.0,101.0,27.0,3.0,1359.0,83.0,31.0,4.0,4.0,46.0,14.0,36.0,12.0,10.0,2.0,5.0,24.0,78.0,3.22,55.0,10.0,4.0,4.0,1.0,4.0,8.0,0.33,4.0,3.0,0.0,1.0,0.0,0.0,68.0,41.0,27.0,28.0,13.0,28.0,58.0,48.3,30.0,40.0,8.0,32.0,33.0,101.0,14.0,0.0,1745.0,46.0,296.0,893.0,588.0,52.0,1745.0,41.0,24.0,58.5,11.0,26.8,1047.0,5078.0,2155.0,36.0,7.0,51.0,24.0,1229.0,1.0,58.0,38.0,1.0,0.0,0.0,0.0,164.0,17.0,20.0,45.9,,,,,,,,,,,,,,,,,,,,,,,,,,,,,,,,,,,,,,,,,,84.0,89.8,84.0,21.0,0.0,0.0,0.0,1.5,44.0,38.0,6.0,0.25,1.7,46.3,32.7,13.6,0.56,1.92
190,2023-2024,Premier-League,Idrissa Gana Gueye,sn SEN,MF,Everton,34-174,1989.0,18.0,17.0,1303.0,14.5,1.0,0.0,1.0,1.0,0.0,0.0,7.0,0.0,1.1,1.1,0.7,1.8,20.0,55.0,32.0,0.07,0.0,0.07,0.07,0.07,0.07,0.05,0.12,0.07,0.12,20.0,3.0,15.0,1.38,0.21,0.05,0.33,22.2,0.0,0.05,-0.1,-0.1,503.0,603.0,83.4,7837.0,2008.0,241.0,274.0,88.0,225.0,257.0,87.5,25.0,43.0,58.1,0.6,-0.7,10.0,45.0,6.0,1.0,594.0,6.0,0.0,2.0,4.0,10.0,2.0,0.0,0.0,0.0,0.0,3.0,9.0,38.0,2.62,26.0,0.0,0.0,5.0,2.0,5.0,3.0,0.21,3.0,0.0,0.0,0.0,0.0,0.0,53.0,36.0,22.0,19.0,12.0,20.0,36.0,55.6,16.0,16.0,3.0,13.0,19.0,72.0,10.0,0.0,754.0,31.0,167.0,407.0,191.0,16.0,754.0,16.0,8.0,50.0,8.0,50.0,415.0,2019.0,917.0,17.0,1.0,10.0,16.0,455.0,0.0,29.0,20.0,0.0,0.0,0.0,0.0,117.0,7.0,8.0,46.7,,,,,,,,,,,,,,,,,,,,,,,,,,,,,,,,,,,,,,,,,,72.0,51.7,74.0,9.0,1.0,45.0,2.0,1.11,15.0,21.0,-6.0,-0.41,-0.12,23.6,18.9,4.7,0.33,0.49
191,2023-2024,Premier-League,Alejandro Garnacho,ar ARG,FW,Manchester Utd,19-261,2004.0,26.0,20.0,1767.0,19.6,5.0,3.0,8.0,5.0,0.0,0.0,4.0,0.0,5.7,5.6,4.5,10.1,118.0,47.0,192.0,0.25,0.15,0.41,0.25,0.41,0.29,0.23,0.52,0.29,0.52,66.0,16.0,24.2,3.36,0.81,0.08,0.31,15.7,0.0,0.09,-0.7,-0.6,460.0,618.0,74.4,6414.0,995.0,277.0,325.0,85.2,136.0,174.0,78.2,25.0,44.0,56.8,2.3,-1.5,37.0,21.0,17.0,3.0,607.0,8.0,2.0,2.0,3.0,43.0,5.0,1.0,0.0,0.0,0.0,3.0,35.0,82.0,4.17,56.0,0.0,8.0,8.0,9.0,1.0,11.0,0.56,6.0,0.0,1.0,1.0,2.0,1.0,16.0,11.0,5.0,4.0,7.0,8.0,35.0,22.9,27.0,21.0,1.0,20.0,13.0,29.0,18.0,0.0,922.0,12.0,142.0,274.0,515.0,169.0,922.0,96.0,36.0,37.5,48.0,50.0,643.0,5319.0,2739.0,55.0,66.0,50.0,35.0,684.0,0.0,17.0,44.0,11.0,2.0,0.0,0.0,83.0,6.0,20.0,23.1,,,,,,,,,,,,,,,,,,,,,,,,,,,,,,,,,,,,,,,,,,68.0,70.1,83.0,7.0,6.0,19.0,2.0,1.58,29.0,25.0,4.0,0.2,0.68,30.1,33.3,-3.1,-0.16,-0.03
192,2023-2024,Premier-League,James Garner,eng ENG,MF,Everton,23-005,2001.0,27.0,26.0,2311.0,25.7,1.0,2.0,3.0,1.0,0.0,0.0,5.0,0.0,2.2,2.2,4.2,6.4,25.0,86.0,55.0,0.04,0.08,0.12,0.04,0.12,0.09,0.16,0.25,0.09,0.25,32.0,10.0,31.3,1.25,0.39,0.03,0.1,22.4,4.0,0.07,-1.2,-1.2,754.0,972.0,77.6,13008.0,3671.0,349.0,398.0,87.7,306.0,357.0,85.7,78.0,156.0,50.0,3.3,-2.2,37.0,82.0,19.0,5.0,833.0,137.0,32.0,4.0,6.0,94.0,12.0,55.0,51.0,3.0,0.0,2.0,21.0,84.0,3.27,46.0,21.0,3.0,6.0,3.0,5.0,8.0,0.31,3.0,1.0,0.0,1.0,1.0,2.0,67.0,35.0,27.0,30.0,10.0,28.0,70.0,40.0,42.0,37.0,10.0,27.0,41.0,108.0,38.0,1.0,1265.0,70.0,245.0,612.0,422.0,28.0,1265.0,31.0,16.0,51.6,12.0,38.7,584.0,2956.0,1174.0,28.0,3.0,28.0,10.0,655.0,0.0,28.0,33.0,2.0,0.0,0.0,0.0,139.0,16.0,21.0,43.2,,,,,,,,,,,,,,,,,,,,,,,,,,,,,,,,,,,,,,,,,,86.0,91.7,88.0,23.0,1.0,11.0,0.0,1.04,26.0,38.0,-12.0,-0.47,-1.33,38.1,36.5,1.7,0.06,-0.33
193,2023-2024,Premier-League,Saman Ghoddos,ir IRN,DF,Brentford,30-194,1993.0,17.0,7.0,707.0,7.9,1.0,0.0,1.0,1.0,0.0,0.0,5.0,0.0,0.3,0.3,1.1,1.4,20.0,32.0,30.0,0.13,0.0,0.13,0.13,0.13,0.04,0.14,0.18,0.04,0.18,9.0,2.0,22.2,1.15,0.25,0.11,0.5,22.5,0.0,0.03,0.7,0.7,313.0,430.0,72.8,5371.0,1643.0,155.0,176.0,88.1,129.0,163.0,79.1,26.0,77.0,33.8,0.9,-1.1,9.0,27.0,9.0,4.0,353.0,74.0,15.0,0.0,3.0,41.0,34.0,24.0,10.0,10.0,0.0,3.0,6.0,20.0,2.55,10.0,5.0,1.0,0.0,3.0,1.0,0.0,0.0,0.0,0.0,0.0,0.0,0.0,0.0,25.0,17.0,19.0,4.0,2.0,16.0,27.0,59.3,11.0,8.0,2.0,6.0,5.0,30.0,11.0,0.0,518.0,11.0,137.0,209.0,176.0,10.0,518.0,13.0,3.0,23.1,8.0,61.5,269.0,1311.0,665.0,12.0,2.0,9.0,4.0,297.0,0.0,12.0,7.0,2.0,0.0,0.0,0.0,36.0,4.0,12.0,25.0,,,,,,,,,,,,,,,,,,,,,,,,,,,,,,,,,,,,,,,,,,42.0,27.1,88.0,5.0,10.0,9.0,6.0,0.76,8.0,18.0,-10.0,-1.27,-1.13,13.3,11.9,1.4,0.18,0.25
194,2023-2024,Premier-League,Morgan Gibbs-White,eng ENG,"MF,FW",Nott'ham Forest,24-051,2000.0,28.0,26.0,2383.0,26.5,3.0,5.0,8.0,2.0,1.0,1.0,7.0,0.0,5.0,4.2,6.1,10.3,59.0,118.0,138.0,0.11,0.19,0.3,0.08,0.26,0.19,0.23,0.42,0.16,0.39,52.0,10.0,19.2,1.96,0.38,0.04,0.2,20.1,3.0,0.08,-2.0,-2.2,701.0,1041.0,67.3,12137.0,4140.0,344.0,430.0,80.0,223.0,309.0,72.2,98.0,207.0,47.3,4.5,-1.1,51.0,70.0,27.0,7.0,866.0,167.0,66.0,12.0,13.0,145.0,4.0,84.0,32.0,42.0,0.0,8.0,24.0,106.0,4.0,58.0,29.0,7.0,5.0,6.0,1.0,11.0,0.42,8.0,2.0,0.0,1.0,0.0,0.0,31.0,21.0,5.0,16.0,10.0,13.0,26.0,50.0,13.0,22.0,5.0,17.0,12.0,43.0,18.0,0.0,1340.0,20.0,158.0,605.0,601.0,80.0,1339.0,89.0,35.0,39.3,43.0,48.3,714.0,3851.0,1987.0,41.0,14.0,61.0,31.0,855.0,0.0,28.0,42.0,4.0,0.0,0.0,0.0,131.0,41.0,49.0,45.6,,,,,,,,,,,,,,,,,,,,,,,,,,,,,,,,,,,,,,,,,,85.0,91.3,89.0,20.0,2.0,38.0,0.0,0.89,32.0,43.0,-11.0,-0.42,1.57,34.0,38.1,-4.2,-0.16,0.43
195,2023-2024,Premier-League,Bryan Gil,es ESP,"FW,MF",Tottenham,23-036,2001.0,10.0,2.0,196.0,2.2,0.0,0.0,0.0,0.0,0.0,0.0,0.0,0.0,0.7,0.7,0.1,0.9,9.0,11.0,42.0,0.0,0.0,0.0,0.0,0.0,0.33,0.06,0.39,0.33,0.39,3.0,1.0,33.3,1.38,0.46,0.0,0.0,11.4,0.0,0.24,-0.7,-0.7,113.0,140.0,80.7,1619.0,284.0,61.0,73.0,83.6,48.0,55.0,87.3,1.0,2.0,50.0,0.2,-0.1,3.0,5.0,6.0,1.0,138.0,2.0,0.0,0.0,0.0,9.0,2.0,0.0,0.0,0.0,0.0,0.0,5.0,7.0,3.21,6.0,0.0,0.0,1.0,0.0,0.0,1.0,0.46,1.0,0.0,0.0,0.0,0.0,0.0,1.0,0.0,0.0,0.0,1.0,1.0,3.0,33.3,2.0,3.0,0.0,3.0,3.0,4.0,4.0,0.0,170.0,3.0,24.0,64.0,83.0,18.0,170.0,10.0,7.0,70.0,3.0,30.0,119.0,648.0,291.0,5.0,5.0,7.0,5.0,136.0,0.0,2.0,3.0,1.0,0.0,0.0,0.0,16.0,0.0,3.0,0.0,,,,,,,,,,,,,,,,,,,,,,,,,,,,,,,,,,,,,,,,,,20.0,7.8,58.0,0.0,8.0,10.0,7.0,1.2,4.0,11.0,-7.0,-3.21,-4.14,4.7,7.2,-2.5,-1.14,-1.35
196,2023-2024,Premier-League,Alfie Gilchrist,eng ENG,"DF,FW",Chelsea,20-111,2003.0,5.0,0.0,20.0,0.2,0.0,0.0,0.0,0.0,0.0,0.0,0.0,0.0,0.0,0.0,0.0,0.0,1.0,0.0,0.0,0.0,0.0,0.0,0.0,0.0,0.0,0.0,0.0,0.0,0.0,0.0,0.0,0.0,0.0,0.0,0.0,0.0,0.0,0.0,0.0,0.0,0.0,15.0,21.0,71.4,241.0,59.0,9.0,14.0,64.3,6.0,6.0,100.0,0.0,0.0,0.0,0.0,0.0,0.0,0.0,0.0,0.0,14.0,6.0,0.0,0.0,0.0,0.0,6.0,0.0,0.0,0.0,0.0,1.0,0.0,1.0,4.5,1.0,0.0,0.0,0.0,0.0,0.0,0.0,0.0,0.0,0.0,0.0,0.0,0.0,0.0,1.0,0.0,1.0,0.0,0.0,0.0,1.0,0.0,1.0,1.0,1.0,0.0,1.0,2.0,2.0,0.0,30.0,5.0,10.0,8.0,12.0,0.0,30.0,0.0,0.0,0.0,0.0,0.0,9.0,56.0,40.0,1.0,0.0,1.0,1.0,9.0,0.0,1.0,0.0,0.0,0.0,0.0,0.0,2.0,1.0,1.0,50.0,,,,,,,,,,,,,,,,,,,,,,,,,,,,,,,,,,,,,,,,,,4.0,0.8,0.0,0.0,5.0,4.0,11.0,2.4,3.0,1.0,2.0,9.0,9.0,1.0,1.3,-0.3,-1.13,-1.51
197,2023-2024,Premier-League,Billy Gilmour,sct SCO,MF,Brighton,22-281,2001.0,25.0,20.0,1778.0,19.8,0.0,1.0,1.0,0.0,0.0,0.0,5.0,1.0,0.9,0.9,2.0,2.9,33.0,165.0,32.0,0.0,0.05,0.05,0.0,0.05,0.04,0.1,0.15,0.04,0.15,23.0,5.0,21.7,1.16,0.25,0.0,0.0,25.7,0.0,0.04,-0.9,-0.9,1649.0,1809.0,91.2,25332.0,6471.0,892.0,925.0,96.4,615.0,663.0,92.8,88.0,143.0,61.5,2.1,-1.0,20.0,156.0,28.0,2.0,1751.0,52.0,27.0,8.0,6.0,26.0,1.0,15.0,6.0,9.0,0.0,6.0,12.0,59.0,2.99,50.0,5.0,0.0,2.0,2.0,0.0,6.0,0.3,5.0,0.0,0.0,1.0,0.0,0.0,21.0,14.0,13.0,6.0,2.0,9.0,30.0,30.0,21.0,21.0,8.0,13.0,8.0,29.0,14.0,1.0,1963.0,58.0,370.0,1240.0,363.0,11.0,1963.0,20.0,6.0,30.0,12.0,60.0,1195.0,5357.0,2658.0,47.0,0.0,25.0,7.0,1620.0,0.0,18.0,25.0,0.0,0.0,0.0,0.0,112.0,11.0,16.0,40.7,,,,,,,,,,,,,,,,,,,,,,,,,,,,,,,,,,,,,,,,,,71.0,70.6,83.0,12.0,5.0,24.0,1.0,1.52,38.0,30.0,8.0,0.4,0.65,34.7,28.7,6.0,0.3,0.21
198,2023-2024,Premier-League,Ben Godfrey,eng ENG,DF,Everton,26-063,1998.0,9.0,8.0,670.0,7.4,0.0,0.0,0.0,0.0,0.0,0.0,2.0,0.0,1.4,1.4,0.2,1.6,8.0,27.0,21.0,0.0,0.0,0.0,0.0,0.0,0.19,0.03,0.22,0.19,0.22,10.0,3.0,30.0,1.34,0.4,0.0,0.0,12.2,0.0,0.15,-1.4,-1.4,213.0,308.0,69.2,3761.0,1647.0,88.0,111.0,79.3,105.0,131.0,80.2,15.0,45.0,33.3,0.4,-0.2,2.0,19.0,4.0,1.0,237.0,70.0,0.0,0.0,0.0,14.0,70.0,0.0,0.0,0.0,0.0,1.0,11.0,15.0,2.01,8.0,1.0,0.0,4.0,0.0,2.0,2.0,0.27,1.0,0.0,0.0,0.0,0.0,1.0,21.0,15.0,12.0,5.0,4.0,11.0,21.0,52.4,10.0,9.0,4.0,5.0,8.0,29.0,29.0,0.0,413.0,37.0,133.0,164.0,118.0,15.0,413.0,13.0,4.0,30.8,9.0,69.2,165.0,858.0,446.0,11.0,0.0,7.0,5.0,184.0,0.0,7.0,3.0,2.0,0.0,1.0,0.0,30.0,13.0,18.0,41.9,,,,,,,,,,,,,,,,,,,,,,,,,,,,,,,,,,,,,,,,,,74.0,26.6,84.0,6.0,1.0,1.0,19.0,0.89,6.0,9.0,-3.0,-0.4,-0.06,11.4,11.0,0.4,0.06,-0.05
199,2023-2024,Premier-League,André Gomes,pt POR,"MF,FW",Everton,30-232,1993.0,5.0,1.0,200.0,2.2,1.0,0.0,1.0,1.0,0.0,0.0,2.0,0.0,0.2,0.2,0.4,0.6,5.0,15.0,19.0,0.45,0.0,0.45,0.45,0.45,0.11,0.18,0.28,0.11,0.28,6.0,4.0,66.7,2.7,1.8,0.17,0.25,19.6,1.0,0.04,0.8,0.8,72.0,99.0,72.7,1240.0,439.0,37.0,48.0,77.1,29.0,36.0,80.6,5.0,12.0,41.7,0.2,-0.4,3.0,9.0,4.0,1.0,84.0,15.0,5.0,1.0,1.0,11.0,3.0,2.0,2.0,0.0,0.0,0.0,1.0,7.0,3.15,6.0,0.0,0.0,1.0,0.0,0.0,0.0,0.0,0.0,0.0,0.0,0.0,0.0,0.0,2.0,1.0,1.0,0.0,1.0,1.0,3.0,33.3,2.0,7.0,1.0,6.0,1.0,3.0,0.0,1.0,120.0,4.0,13.0,57.0,51.0,7.0,120.0,1.0,1.0,100.0,0.0,0.0,60.0,300.0,142.0,3.0,3.0,4.0,2.0,81.0,0.0,8.0,1.0,0.0,0.0,0.0,0.0,10.0,0.0,2.0,0.0,,,,,,,,,,,,,,,,,,,,,,,,,,,,,,,,,,,,,,,,,,40.0,7.9,64.0,0.0,4.0,34.0,2.0,0.0,2.0,4.0,-2.0,-0.9,-0.59,2.8,3.8,-1.0,-0.47,-0.61
200,2023-2024,Premier-League,João Gomes,br BRA,MF,Wolves,23-035,2001.0,24.0,22.0,1815.0,20.2,2.0,1.0,3.0,2.0,0.0,0.0,6.0,0.0,1.1,1.1,1.0,2.1,13.0,73.0,21.0,0.1,0.05,0.15,0.1,0.15,0.05,0.05,0.1,0.05,0.1,18.0,5.0,27.8,0.89,0.25,0.11,0.4,20.0,0.0,0.06,0.9,0.9,698.0,855.0,81.6,10227.0,2890.0,400.0,453.0,88.3,231.0,272.0,84.9,33.0,64.0,51.6,1.2,0.0,14.0,46.0,16.0,5.0,821.0,30.0,22.0,6.0,3.0,14.0,1.0,4.0,2.0,0.0,1.0,4.0,20.0,45.0,2.23,35.0,1.0,1.0,3.0,1.0,4.0,4.0,0.2,3.0,0.0,0.0,1.0,0.0,0.0,83.0,47.0,47.0,29.0,7.0,30.0,67.0,44.8,37.0,42.0,4.0,38.0,17.0,100.0,19.0,2.0,1092.0,43.0,290.0,578.0,238.0,19.0,1092.0,30.0,17.0,56.7,10.0,33.3,552.0,2644.0,1113.0,11.0,1.0,29.0,27.0,647.0,0.0,44.0,24.0,1.0,0.0,2.0,0.0,131.0,14.0,15.0,48.3,,,,,,,,,,,,,,,,,,,,,,,,,,,,,,,,,,,,,,,,,,76.0,72.0,82.0,11.0,2.0,7.0,1.0,1.67,31.0,30.0,1.0,0.05,0.43,25.2,33.8,-8.6,-0.43,-0.22
201,2023-2024,Premier-League,Toti Gomes,pt POR,DF,Wolves,25-062,1999.0,25.0,21.0,1874.0,20.8,0.0,3.0,3.0,0.0,0.0,0.0,3.0,0.0,1.0,1.0,1.1,2.0,15.0,67.0,7.0,0.0,0.14,0.14,0.0,0.14,0.05,0.05,0.1,0.05,0.1,7.0,2.0,28.6,0.34,0.1,0.0,0.0,8.0,0.0,0.14,-1.0,-1.0,1038.0,1289.0,80.5,15523.0,5895.0,547.0,603.0,90.7,421.0,510.0,82.5,32.0,102.0,31.4,0.6,1.9,4.0,62.0,6.0,1.0,1157.0,129.0,30.0,1.0,4.0,10.0,99.0,0.0,0.0,0.0,0.0,3.0,20.0,17.0,0.82,13.0,1.0,1.0,2.0,0.0,0.0,3.0,0.14,3.0,0.0,0.0,0.0,0.0,0.0,34.0,22.0,24.0,7.0,3.0,18.0,24.0,75.0,6.0,26.0,14.0,12.0,19.0,53.0,56.0,1.0,1461.0,113.0,663.0,674.0,130.0,15.0,1461.0,21.0,14.0,66.7,4.0,19.0,775.0,3184.0,1736.0,9.0,1.0,12.0,3.0,936.0,0.0,26.0,6.0,2.0,0.0,0.0,0.0,107.0,37.0,15.0,71.2,,,,,,,,,,,,,,,,,,,,,,,,,,,,,,,,,,,,,,,,,,75.0,74.4,84.0,15.0,4.0,29.0,3.0,1.64,34.0,28.0,6.0,0.29,1.4,28.0,33.4,-5.3,-0.25,0.44
202,2023-2024,Premier-League,Joe Gomez,eng ENG,DF,Liverpool,26-300,1997.0,24.0,14.0,1452.0,16.1,0.0,1.0,1.0,0.0,0.0,0.0,4.0,0.0,0.6,0.6,0.9,1.5,35.0,78.0,84.0,0.0,0.06,0.06,0.0,0.06,0.03,0.06,0.09,0.03,0.09,14.0,1.0,7.1,0.87,0.06,0.0,0.0,18.8,0.0,0.04,-0.6,-0.6,886.0,1080.0,82.0,15369.0,4058.0,395.0,443.0,89.2,405.0,476.0,85.1,73.0,112.0,65.2,0.6,0.1,18.0,61.0,11.0,4.0,944.0,132.0,9.0,3.0,7.0,30.0,121.0,0.0,0.0,0.0,0.0,4.0,27.0,39.0,2.42,33.0,0.0,1.0,3.0,2.0,0.0,4.0,0.25,4.0,0.0,0.0,0.0,0.0,0.0,38.0,24.0,19.0,13.0,6.0,24.0,54.0,44.4,30.0,21.0,3.0,18.0,14.0,52.0,42.0,2.0,1261.0,72.0,318.0,658.0,295.0,22.0,1261.0,30.0,14.0,46.7,11.0,36.7,713.0,3699.0,1832.0,28.0,3.0,23.0,7.0,787.0,0.0,23.0,11.0,0.0,0.0,0.0,0.0,80.0,29.0,9.0,76.3,,,,,,,,,,,,,,,,,,,,,,,,,,,,,,,,,,,,,,,,,,61.0,57.6,85.0,10.0,10.0,26.0,2.0,2.33,40.0,11.0,29.0,1.8,0.95,38.8,21.2,17.6,1.09,0.21
203,2023-2024,Premier-League,Sergio Gómez,es ESP,FW,Manchester City,23-196,2000.0,3.0,0.0,20.0,0.2,0.0,1.0,1.0,0.0,0.0,0.0,0.0,0.0,0.0,0.0,0.2,0.2,3.0,1.0,2.0,0.0,4.5,4.5,0.0,4.5,0.0,0.85,0.85,0.0,0.85,0.0,0.0,0.0,0.0,0.0,0.0,0.0,0.0,0.0,0.0,0.0,0.0,16.0,20.0,80.0,249.0,16.0,8.0,9.0,88.9,6.0,7.0,85.7,1.0,2.0,50.0,0.1,0.8,1.0,0.0,0.0,0.0,18.0,2.0,0.0,1.0,0.0,2.0,1.0,1.0,1.0,0.0,0.0,0.0,0.0,2.0,9.0,1.0,0.0,1.0,0.0,0.0,0.0,2.0,9.0,1.0,0.0,1.0,0.0,0.0,0.0,0.0,0.0,0.0,0.0,0.0,0.0,0.0,0.0,0.0,0.0,0.0,0.0,1.0,1.0,0.0,0.0,22.0,0.0,3.0,8.0,11.0,2.0,22.0,2.0,2.0,100.0,0.0,0.0,14.0,81.0,54.0,0.0,1.0,0.0,0.0,15.0,0.0,1.0,0.0,1.0,0.0,0.0,0.0,1.0,0.0,1.0,0.0,,,,,,,,,,,,,,,,,,,,,,,,,,,,,,,,,,,,,,,,,,7.0,0.8,0.0,0.0,3.0,7.0,21.0,3.0,1.0,1.0,0.0,0.0,-1.26,0.2,1.0,-0.8,-3.53,-4.6
204,2023-2024,Premier-League,Anthony Gordon,eng ENG,FW,Newcastle Utd,23-023,2001.0,27.0,26.0,2187.0,24.3,9.0,5.0,14.0,8.0,1.0,1.0,8.0,0.0,7.8,7.0,4.7,11.6,94.0,76.0,166.0,0.37,0.21,0.58,0.33,0.53,0.32,0.19,0.51,0.29,0.48,57.0,22.0,38.6,2.35,0.91,0.14,0.36,17.5,0.0,0.12,1.2,1.0,575.0,731.0,78.7,8342.0,2044.0,352.0,403.0,87.3,158.0,201.0,78.6,39.0,68.0,57.4,3.3,0.3,30.0,34.0,31.0,9.0,693.0,36.0,6.0,6.0,6.0,54.0,13.0,11.0,0.0,1.0,0.0,2.0,26.0,87.0,3.58,63.0,0.0,6.0,8.0,8.0,2.0,15.0,0.62,7.0,0.0,3.0,3.0,2.0,0.0,41.0,24.0,12.0,21.0,8.0,17.0,53.0,32.1,36.0,24.0,0.0,24.0,5.0,46.0,4.0,0.0,1019.0,12.0,123.0,388.0,525.0,102.0,1018.0,97.0,35.0,36.1,42.0,43.3,699.0,5651.0,2570.0,59.0,36.0,58.0,28.0,752.0,0.0,29.0,52.0,6.0,2.0,0.0,0.0,94.0,6.0,12.0,33.3,,,,,,,,,,,,,,,,,,,,,,,,,,,,,,,,,,,,,,,,,,81.0,86.8,81.0,12.0,1.0,79.0,0.0,1.44,50.0,38.0,12.0,0.49,0.76,43.8,41.2,2.6,0.11,0.26
205,2023-2024,Premier-League,Kaide Gordon,eng ENG,FW,Liverpool,19-165,2004.0,1.0,0.0,1.0,0.0,0.0,0.0,0.0,0.0,0.0,0.0,0.0,0.0,0.0,0.0,0.0,0.0,0.0,1.0,0.0,0.0,0.0,0.0,0.0,0.0,0.0,0.0,0.0,0.0,0.0,0.0,0.0,0.0,0.0,0.0,0.0,0.0,0.0,0.0,0.0,0.0,0.0,1.0,1.0,100.0,16.0,11.0,0.0,0.0,0.0,1.0,1.0,100.0,0.0,0.0,0.0,0.0,0.0,0.0,0.0,0.0,0.0,1.0,0.0,0.0,0.0,0.0,0.0,0.0,0.0,0.0,0.0,0.0,0.0,0.0,0.0,0.0,0.0,0.0,0.0,0.0,0.0,0.0,0.0,0.0,0.0,0.0,0.0,0.0,0.0,0.0,0.0,0.0,0.0,0.0,0.0,0.0,0.0,0.0,0.0,0.0,0.0,0.0,0.0,0.0,0.0,0.0,2.0,0.0,0.0,0.0,2.0,1.0,2.0,0.0,0.0,0.0,0.0,0.0,0.0,0.0,0.0,0.0,0.0,1.0,0.0,0.0,0.0,0.0,0.0,0.0,0.0,0.0,0.0,0.0,1.0,0.0,100.0,,,,,,,,,,,,,,,,,,,,,,,,,,,,,,,,,,,,,,,,,,1.0,0.0,0.0,0.0,1.0,1.0,1.0,3.0,0.0,0.0,0.0,0.0,-1.39,0.0,0.4,-0.4,-39.59,-40.6
206,2023-2024,Premier-League,Daniel Gore,eng ENG,MF,Manchester Utd,19-174,2004.0,1.0,0.0,1.0,0.0,0.0,0.0,0.0,0.0,0.0,0.0,0.0,0.0,0.0,0.0,0.0,0.0,0.0,0.0,0.0,0.0,0.0,0.0,0.0,0.0,0.0,0.0,0.0,0.0,0.0,0.0,0.0,0.0,0.0,0.0,0.0,0.0,0.0,0.0,0.0,0.0,0.0,0.0,0.0,0.0,0.0,0.0,0.0,0.0,0.0,0.0,0.0,0.0,0.0,0.0,0.0,0.0,0.0,0.0,0.0,0.0,0.0,0.0,0.0,0.0,0.0,0.0,0.0,0.0,0.0,0.0,0.0,0.0,0.0,0.0,0.0,0.0,0.0,0.0,0.0,0.0,0.0,0.0,0.0,0.0,0.0,0.0,0.0,0.0,0.0,0.0,1.0,1.0,0.0,1.0,0.0,1.0,1.0,100.0,0.0,0.0,0.0,0.0,1.0,2.0,0.0,0.0,2.0,0.0,0.0,1.0,1.0,0.0,2.0,0.0,0.0,0.0,0.0,0.0,2.0,6.0,2.0,0.0,0.0,0.0,0.0,1.0,0.0,0.0,1.0,0.0,0.0,0.0,0.0,0.0,0.0,0.0,0.0,,,,,,,,,,,,,,,,,,,,,,,,,,,,,,,,,,,,,,,,,,1.0,0.0,0.0,0.0,1.0,1.0,6.0,3.0,0.0,0.0,0.0,0.0,0.0,0.0,0.0,0.0,0.0,0.15
207,2023-2024,Premier-League,Ryan Gravenberch,nl NED,MF,Liverpool,21-307,2002.0,19.0,9.0,845.0,9.4,0.0,0.0,0.0,0.0,0.0,0.0,0.0,0.0,1.5,1.5,0.8,2.3,31.0,61.0,51.0,0.0,0.0,0.0,0.0,0.0,0.16,0.08,0.24,0.16,0.24,15.0,6.0,40.0,1.6,0.64,0.0,0.0,20.6,0.0,0.1,-1.5,-1.5,306.0,373.0,82.0,4162.0,1356.0,195.0,226.0,86.3,91.0,102.0,89.2,7.0,8.0,87.5,0.9,-0.8,11.0,29.0,19.0,0.0,363.0,7.0,1.0,1.0,2.0,0.0,4.0,0.0,0.0,0.0,0.0,3.0,11.0,30.0,3.2,24.0,0.0,1.0,5.0,0.0,0.0,0.0,0.0,0.0,0.0,0.0,0.0,0.0,0.0,20.0,9.0,5.0,9.0,6.0,7.0,21.0,33.3,14.0,14.0,1.0,13.0,11.0,31.0,11.0,0.0,521.0,14.0,73.0,265.0,189.0,30.0,521.0,39.0,15.0,38.5,19.0,48.7,308.0,1795.0,992.0,22.0,8.0,33.0,11.0,338.0,0.0,15.0,12.0,0.0,0.0,0.0,0.0,63.0,8.0,10.0,44.4,,,,,,,,,,,,,,,,,,,,,,,,,,,,,,,,,,,,,,,,,,44.0,33.5,66.0,0.0,10.0,25.0,2.0,2.16,22.0,10.0,12.0,1.28,-0.17,21.9,12.2,9.7,1.04,0.05
208,2023-2024,Premier-League,Ivo Grbić,hr CRO,GK,Sheffield Utd,28-060,1996.0,4.0,4.0,321.0,3.6,0.0,0.0,0.0,0.0,0.0,0.0,1.0,0.0,0.0,0.0,0.0,0.0,0.0,0.0,0.0,0.0,0.0,0.0,0.0,0.0,0.0,0.0,0.0,0.0,0.0,0.0,0.0,0.0,0.0,0.0,0.0,0.0,0.0,0.0,0.0,0.0,0.0,65.0,129.0,50.4,2395.0,1963.0,9.0,9.0,100.0,22.0,26.0,84.6,33.0,92.0,35.9,0.0,0.0,0.0,0.0,0.0,0.0,62.0,66.0,21.0,0.0,0.0,0.0,0.0,0.0,0.0,0.0,0.0,1.0,0.0,2.0,0.56,1.0,1.0,0.0,0.0,0.0,0.0,0.0,0.0,0.0,0.0,0.0,0.0,0.0,0.0,0.0,0.0,0.0,0.0,0.0,0.0,0.0,0.0,0.0,1.0,0.0,1.0,0.0,0.0,2.0,0.0,139.0,118.0,138.0,1.0,0.0,0.0,139.0,0.0,0.0,0.0,0.0,0.0,58.0,367.0,274.0,0.0,0.0,0.0,0.0,35.0,0.0,0.0,2.0,0.0,0.0,0.0,0.0,2.0,3.0,0.0,100.0,4.0,4.0,321.0,11.0,3.08,24.0,14.0,54.2,0.0,1.0,3.0,0.0,0.0,1.0,0.0,0.0,1.0,0.0,0.0,2.0,1.0,6.2,0.26,-3.8,-1.06,29.0,86.0,33.7,83.0,10.0,59.0,40.8,45.0,82.2,55.3,95.0,7.0,7.4,5.0,1.4,13.3,80.0,12.7,80.0,3.0,0.0,0.0,1.0,0.25,4.0,11.0,-7.0,-1.96,-0.2,2.2,7.8,-5.6,-1.57,-0.5
209,2023-2024,Premier-League,Jack Grealish,eng ENG,FW,Manchester City,28-190,1995.0,14.0,7.0,707.0,7.9,3.0,1.0,4.0,3.0,0.0,0.0,5.0,0.0,1.9,1.9,2.1,4.0,55.0,29.0,87.0,0.38,0.13,0.51,0.38,0.51,0.24,0.27,0.51,0.24,0.51,16.0,5.0,31.3,2.04,0.64,0.19,0.6,15.6,0.0,0.12,1.1,1.1,334.0,394.0,84.8,4756.0,635.0,199.0,217.0,91.7,105.0,121.0,86.8,18.0,24.0,75.0,2.1,-1.1,20.0,11.0,12.0,0.0,378.0,16.0,3.0,2.0,2.0,11.0,8.0,5.0,2.0,0.0,0.0,0.0,16.0,40.0,5.09,34.0,0.0,1.0,2.0,3.0,0.0,2.0,0.25,2.0,0.0,0.0,0.0,0.0,0.0,12.0,8.0,6.0,6.0,0.0,6.0,11.0,54.5,5.0,12.0,2.0,10.0,4.0,16.0,4.0,0.0,489.0,4.0,46.0,153.0,293.0,55.0,489.0,28.0,14.0,50.0,5.0,17.9,350.0,2774.0,1292.0,27.0,33.0,15.0,18.0,387.0,0.0,5.0,27.0,2.0,0.0,0.0,0.0,29.0,2.0,4.0,33.3,,,,,,,,,,,,,,,,,,,,,,,,,,,,,,,,,,,,,,,,,,51.0,28.1,84.0,5.0,7.0,17.0,6.0,2.36,16.0,10.0,6.0,0.76,-0.68,16.4,8.6,7.8,1.0,-0.05
210,2023-2024,Premier-League,Pascal Groß,de GER,"MF,DF",Brighton,32-277,1991.0,26.0,24.0,2214.0,24.6,4.0,10.0,14.0,3.0,1.0,1.0,4.0,0.0,5.3,4.6,6.8,11.4,60.0,222.0,133.0,0.16,0.41,0.57,0.12,0.53,0.22,0.28,0.49,0.19,0.46,44.0,15.0,34.1,1.79,0.61,0.07,0.2,19.5,4.0,0.1,-1.3,-1.6,1998.0,2338.0,85.5,31264.0,9624.0,1112.0,1182.0,94.1,672.0,763.0,88.1,148.0,277.0,53.4,7.1,3.2,76.0,177.0,58.0,20.0,2102.0,226.0,86.0,5.0,14.0,173.0,39.0,99.0,43.0,40.0,2.0,10.0,28.0,137.0,5.57,82.0,40.0,5.0,7.0,2.0,1.0,16.0,0.65,9.0,2.0,4.0,1.0,0.0,0.0,51.0,33.0,23.0,16.0,12.0,21.0,48.0,43.8,27.0,32.0,6.0,26.0,17.0,68.0,23.0,3.0,2581.0,91.0,565.0,1248.0,783.0,57.0,2580.0,28.0,16.0,57.1,11.0,39.3,1683.0,7400.0,3809.0,39.0,7.0,26.0,24.0,1991.0,0.0,13.0,20.0,1.0,0.0,1.0,0.0,104.0,11.0,12.0,47.8,,,,,,,,,,,,,,,,,,,,,,,,,,,,,,,,,,,,,,,,,,85.0,87.9,90.0,22.0,2.0,33.0,0.0,1.5,45.0,32.0,13.0,0.53,2.59,40.8,33.6,7.2,0.29,0.42
211,2023-2024,Premier-League,Marc Guéhi,eng ENG,DF,Crystal Palace,23-249,2000.0,22.0,22.0,1912.0,21.2,0.0,1.0,1.0,0.0,0.0,0.0,2.0,0.0,0.6,0.6,0.5,1.2,13.0,58.0,6.0,0.0,0.05,0.05,0.0,0.05,0.03,0.02,0.05,0.03,0.05,5.0,0.0,0.0,0.24,0.0,0.0,0.0,9.7,0.0,0.13,-0.6,-0.6,1073.0,1239.0,86.6,21710.0,7619.0,331.0,370.0,89.5,611.0,647.0,94.4,124.0,203.0,61.1,0.9,0.5,5.0,80.0,4.0,0.0,1185.0,52.0,47.0,1.0,16.0,3.0,5.0,0.0,0.0,0.0,0.0,2.0,5.0,18.0,0.85,13.0,0.0,0.0,2.0,2.0,1.0,2.0,0.09,2.0,0.0,0.0,0.0,0.0,0.0,26.0,17.0,21.0,5.0,0.0,13.0,23.0,56.5,10.0,22.0,17.0,5.0,18.0,44.0,86.0,1.0,1423.0,193.0,742.0,633.0,53.0,12.0,1423.0,13.0,7.0,53.8,4.0,30.8,863.0,4024.0,2109.0,9.0,1.0,8.0,2.0,955.0,0.0,13.0,25.0,0.0,0.0,0.0,0.0,112.0,29.0,25.0,53.7,,,,,,,,,,,,,,,,,,,,,,,,,,,,,,,,,,,,,,,,,,87.0,75.9,87.0,19.0,0.0,0.0,0.0,1.09,24.0,32.0,-8.0,-0.38,0.66,24.9,29.1,-4.2,-0.2,0.19
212,2023-2024,Premier-League,Bruno Guimarães,br BRA,MF,Newcastle Utd,26-123,1997.0,27.0,27.0,2364.0,26.3,3.0,5.0,8.0,3.0,0.0,0.0,9.0,0.0,2.6,2.6,4.2,6.8,41.0,196.0,52.0,0.11,0.19,0.3,0.11,0.3,0.1,0.16,0.26,0.1,0.26,31.0,9.0,29.0,1.18,0.34,0.1,0.33,18.3,0.0,0.09,0.4,0.4,1413.0,1665.0,84.9,24545.0,6365.0,641.0,708.0,90.5,590.0,671.0,87.9,135.0,200.0,67.5,4.7,0.8,41.0,126.0,45.0,4.0,1582.0,76.0,64.0,17.0,21.0,28.0,3.0,2.0,1.0,1.0,0.0,7.0,22.0,84.0,3.2,62.0,4.0,9.0,2.0,4.0,3.0,13.0,0.49,8.0,0.0,3.0,1.0,1.0,0.0,55.0,32.0,31.0,17.0,7.0,21.0,47.0,44.7,26.0,40.0,9.0,31.0,25.0,80.0,16.0,0.0,1966.0,68.0,415.0,1076.0,505.0,50.0,1966.0,87.0,48.0,55.2,26.0,29.9,1311.0,7354.0,2828.0,50.0,14.0,47.0,48.0,1543.0,0.0,35.0,82.0,0.0,0.0,0.0,0.0,164.0,11.0,14.0,44.0,,,,,,,,,,,,,,,,,,,,,,,,,,,,,,,,,,,,,,,,,,88.0,93.8,88.0,22.0,0.0,0.0,0.0,1.48,55.0,46.0,9.0,0.34,-0.81,49.1,45.1,4.0,0.15,1.33
213,2023-2024,Premier-League,Malo Gusto,fr FRA,DF,Chelsea,20-304,2003.0,20.0,15.0,1368.0,15.2,0.0,5.0,5.0,0.0,0.0,0.0,5.0,1.0,0.4,0.4,3.2,3.6,57.0,66.0,102.0,0.0,0.33,0.33,0.0,0.33,0.03,0.21,0.23,0.03,0.23,8.0,1.0,12.5,0.53,0.07,0.0,0.0,20.8,0.0,0.05,-0.4,-0.4,960.0,1117.0,85.9,13677.0,3928.0,589.0,642.0,91.7,309.0,360.0,85.8,40.0,61.0,65.6,2.3,1.8,20.0,37.0,21.0,10.0,973.0,141.0,26.0,1.0,0.0,54.0,115.0,0.0,0.0,0.0,0.0,3.0,24.0,35.0,2.3,32.0,1.0,1.0,0.0,0.0,1.0,6.0,0.39,6.0,0.0,0.0,0.0,0.0,0.0,45.0,22.0,30.0,13.0,2.0,27.0,41.0,65.9,14.0,23.0,3.0,20.0,13.0,58.0,36.0,1.0,1288.0,56.0,374.0,552.0,385.0,32.0,1288.0,34.0,13.0,38.2,17.0,50.0,771.0,4117.0,2040.0,31.0,11.0,24.0,10.0,861.0,0.0,18.0,24.0,4.0,0.0,1.0,0.0,104.0,7.0,15.0,31.8,,,,,,,,,,,,,,,,,,,,,,,,,,,,,,,,,,,,,,,,,,68.0,56.3,84.0,8.0,5.0,20.0,1.0,1.5,25.0,21.0,4.0,0.26,0.43,28.4,17.7,10.7,0.71,0.78
214,2023-2024,Premier-League,Joško Gvardiol,hr CRO,DF,Manchester City,22-055,2002.0,18.0,16.0,1473.0,16.4,0.0,0.0,0.0,0.0,0.0,0.0,2.0,0.0,1.0,1.0,0.9,1.8,39.0,80.0,70.0,0.0,0.0,0.0,0.0,0.0,0.06,0.05,0.11,0.06,0.11,18.0,7.0,38.9,1.1,0.43,0.0,0.0,18.4,0.0,0.05,-1.0,-1.0,1059.0,1216.0,87.1,16345.0,4181.0,554.0,602.0,92.0,420.0,466.0,90.1,50.0,72.0,69.4,1.1,-0.9,11.0,101.0,9.0,2.0,1104.0,110.0,19.0,3.0,8.0,23.0,91.0,0.0,0.0,0.0,0.0,2.0,24.0,30.0,1.83,22.0,1.0,3.0,1.0,1.0,2.0,0.0,0.0,0.0,0.0,0.0,0.0,0.0,0.0,30.0,21.0,11.0,15.0,4.0,14.0,23.0,60.9,9.0,20.0,9.0,11.0,20.0,50.0,24.0,2.0,1386.0,42.0,289.0,719.0,389.0,28.0,1386.0,26.0,14.0,53.8,9.0,34.6,836.0,4064.0,2264.0,31.0,5.0,15.0,11.0,962.0,0.0,17.0,14.0,0.0,0.0,0.0,0.0,97.0,22.0,17.0,56.4,,,,,,,,,,,,,,,,,,,,,,,,,,,,,,,,,,,,,,,,,,82.0,58.5,88.0,13.0,2.0,30.0,7.0,2.33,38.0,18.0,20.0,1.22,-0.07,34.4,17.3,17.1,1.05,0.02
215,2023-2024,Premier-League,Erling Haaland,no NOR,FW,Manchester City,23-241,2000.0,23.0,22.0,1922.0,21.4,18.0,5.0,23.0,15.0,3.0,4.0,1.0,0.0,20.9,17.8,3.8,21.6,21.0,18.0,93.0,0.84,0.23,1.08,0.7,0.94,0.98,0.18,1.16,0.83,1.01,87.0,39.0,44.8,4.07,1.83,0.17,0.38,11.5,1.0,0.21,-2.9,-2.8,209.0,278.0,75.2,2353.0,437.0,136.0,166.0,81.9,44.0,54.0,81.5,5.0,8.0,62.5,1.7,1.2,25.0,13.0,9.0,0.0,268.0,9.0,1.0,2.0,0.0,5.0,0.0,0.0,0.0,0.0,0.0,1.0,13.0,45.0,2.11,30.0,0.0,2.0,7.0,5.0,1.0,9.0,0.42,4.0,0.0,1.0,3.0,1.0,0.0,5.0,2.0,0.0,3.0,2.0,2.0,2.0,100.0,0.0,9.0,1.0,8.0,1.0,6.0,13.0,0.0,462.0,13.0,29.0,144.0,292.0,131.0,458.0,22.0,10.0,45.5,10.0,45.5,272.0,1231.0,523.0,8.0,14.0,31.0,13.0,353.0,0.0,14.0,20.0,1.0,1.0,0.0,0.0,32.0,27.0,32.0,45.8,,,,,,,,,,,,,,,,,,,,,,,,,,,,,,,,,,,,,,,,,,84.0,76.3,86.0,17.0,1.0,20.0,0.0,2.17,45.0,21.0,24.0,1.12,-0.53,43.2,21.5,21.7,1.01,-0.09
216,2023-2024,Premier-League,Antwoine Hackford,eng ENG,FW,Sheffield Utd,19-364,2004.0,2.0,0.0,13.0,0.1,0.0,0.0,0.0,0.0,0.0,0.0,0.0,0.0,0.0,0.0,0.0,0.0,0.0,0.0,0.0,0.0,0.0,0.0,0.0,0.0,0.0,0.0,0.0,0.0,0.0,0.0,0.0,0.0,0.0,0.0,0.0,0.0,0.0,0.0,0.0,0.0,0.0,2.0,2.0,100.0,14.0,0.0,2.0,2.0,100.0,0.0,0.0,0.0,0.0,0.0,0.0,0.0,0.0,0.0,0.0,0.0,0.0,1.0,1.0,0.0,0.0,0.0,0.0,0.0,0.0,0.0,0.0,0.0,0.0,0.0,0.0,0.0,0.0,0.0,0.0,0.0,0.0,0.0,0.0,0.0,0.0,0.0,0.0,0.0,0.0,0.0,0.0,0.0,0.0,0.0,0.0,0.0,0.0,0.0,0.0,0.0,0.0,0.0,0.0,0.0,0.0,0.0,4.0,0.0,0.0,2.0,2.0,0.0,4.0,1.0,0.0,0.0,1.0,100.0,3.0,11.0,2.0,1.0,0.0,1.0,0.0,3.0,0.0,0.0,0.0,0.0,0.0,0.0,0.0,0.0,0.0,1.0,0.0,,,,,,,,,,,,,,,,,,,,,,,,,,,,,,,,,,,,,,,,,,7.0,0.5,0.0,0.0,2.0,7.0,0.0,0.0,0.0,1.0,-1.0,-6.92,-5.16,0.0,0.1,-0.1,-0.65,0.49
217,2023-2024,Premier-League,Lewis Hall,eng ENG,DF,Newcastle Utd,19-192,2004.0,8.0,1.0,111.0,1.2,0.0,0.0,0.0,0.0,0.0,0.0,1.0,0.0,0.0,0.0,0.0,0.0,2.0,6.0,7.0,0.0,0.0,0.0,0.0,0.0,0.02,0.0,0.02,0.02,0.02,1.0,1.0,100.0,0.81,0.81,0.0,0.0,20.2,0.0,0.02,0.0,0.0,65.0,83.0,78.3,1080.0,310.0,30.0,35.0,85.7,28.0,35.0,80.0,6.0,8.0,75.0,0.0,0.0,0.0,6.0,0.0,0.0,73.0,10.0,1.0,0.0,0.0,1.0,9.0,0.0,0.0,0.0,0.0,0.0,2.0,2.0,1.61,1.0,0.0,1.0,0.0,0.0,0.0,0.0,0.0,0.0,0.0,0.0,0.0,0.0,0.0,10.0,7.0,7.0,3.0,0.0,4.0,7.0,57.1,3.0,2.0,0.0,2.0,2.0,12.0,0.0,0.0,109.0,3.0,38.0,50.0,23.0,1.0,109.0,6.0,1.0,16.7,5.0,83.3,51.0,247.0,105.0,3.0,1.0,2.0,4.0,61.0,0.0,1.0,0.0,0.0,0.0,0.0,0.0,9.0,2.0,4.0,33.3,,,,,,,,,,,,,,,,,,,,,,,,,,,,,,,,,,,,,,,,,,14.0,4.4,45.0,0.0,7.0,9.0,15.0,0.75,2.0,3.0,-1.0,-0.81,-1.26,2.0,4.0,-2.0,-1.65,-1.8
218,2023-2024,Premier-League,Gustavo Hamer,nl NED,MF,Sheffield Utd,26-268,1997.0,26.0,24.0,2063.0,22.9,3.0,3.0,6.0,3.0,0.0,0.0,8.0,0.0,2.2,2.2,3.1,5.3,26.0,87.0,51.0,0.13,0.13,0.26,0.13,0.26,0.1,0.13,0.23,0.1,0.23,32.0,7.0,21.9,1.4,0.31,0.09,0.43,23.6,3.0,0.07,0.8,0.8,547.0,798.0,68.5,9064.0,3408.0,273.0,329.0,83.0,188.0,243.0,77.4,58.0,164.0,35.4,2.7,-0.1,44.0,61.0,21.0,4.0,674.0,121.0,38.0,3.0,7.0,82.0,1.0,55.0,30.0,17.0,4.0,3.0,19.0,75.0,3.27,48.0,15.0,5.0,6.0,1.0,0.0,6.0,0.26,5.0,0.0,1.0,0.0,0.0,0.0,33.0,19.0,17.0,11.0,5.0,11.0,49.0,22.4,38.0,22.0,3.0,19.0,23.0,56.0,30.0,0.0,1015.0,46.0,234.0,468.0,325.0,34.0,1015.0,39.0,17.0,43.6,21.0,53.8,439.0,2307.0,1004.0,19.0,11.0,25.0,14.0,528.0,0.0,34.0,11.0,5.0,0.0,1.0,0.0,130.0,3.0,11.0,21.4,,,,,,,,,,,,,,,,,,,,,,,,,,,,,,,,,,,,,,,,,,79.0,81.9,83.0,11.0,2.0,39.0,0.0,0.54,20.0,55.0,-35.0,-1.53,1.43,21.1,44.6,-23.5,-1.02,0.63
219,2023-2024,Premier-League,Luke Harris,wls WAL,MF,Fulham,18-350,2005.0,1.0,0.0,75.0,0.8,0.0,0.0,0.0,0.0,0.0,0.0,0.0,0.0,0.3,0.3,0.0,0.3,0.0,1.0,0.0,0.0,0.0,0.0,0.0,0.0,0.33,0.0,0.33,0.33,0.33,1.0,1.0,100.0,1.2,1.2,0.0,0.0,11.2,0.0,0.28,-0.3,-0.3,11.0,14.0,78.6,172.0,14.0,5.0,8.0,62.5,4.0,4.0,100.0,1.0,1.0,100.0,0.0,0.0,0.0,0.0,1.0,0.0,11.0,3.0,0.0,0.0,0.0,0.0,0.0,0.0,0.0,0.0,0.0,0.0,0.0,0.0,0.0,0.0,0.0,0.0,0.0,0.0,0.0,0.0,0.0,0.0,0.0,0.0,0.0,0.0,0.0,1.0,1.0,1.0,0.0,0.0,0.0,1.0,0.0,1.0,0.0,0.0,0.0,0.0,1.0,0.0,0.0,19.0,1.0,8.0,6.0,5.0,1.0,19.0,2.0,0.0,0.0,2.0,100.0,9.0,39.0,6.0,1.0,0.0,0.0,0.0,11.0,0.0,2.0,2.0,0.0,0.0,0.0,0.0,3.0,0.0,0.0,0.0,,,,,,,,,,,,,,,,,,,,,,,,,,,,,,,,,,,,,,,,,,75.0,2.9,0.0,0.0,1.0,75.0,4.0,0.0,1.0,5.0,-4.0,-4.8,-4.91,1.4,2.2,-0.8,-0.92,-0.58
220,2023-2024,Premier-League,Jack Harrison,eng ENG,"MF,FW",Everton,27-119,1996.0,22.0,20.0,1730.0,19.2,3.0,3.0,6.0,3.0,0.0,0.0,0.0,0.0,3.2,3.2,3.1,6.2,51.0,47.0,106.0,0.16,0.16,0.31,0.16,0.31,0.16,0.16,0.32,0.16,0.32,24.0,8.0,33.3,1.25,0.42,0.13,0.38,17.0,1.0,0.13,-0.2,-0.2,301.0,482.0,62.4,4335.0,1791.0,177.0,220.0,80.5,96.0,153.0,62.7,17.0,54.0,31.5,2.5,-0.1,21.0,26.0,28.0,9.0,462.0,15.0,2.0,4.0,0.0,66.0,9.0,4.0,4.0,0.0,0.0,5.0,26.0,50.0,2.6,35.0,2.0,2.0,5.0,5.0,1.0,6.0,0.31,4.0,0.0,0.0,1.0,1.0,0.0,21.0,10.0,4.0,9.0,8.0,10.0,34.0,29.4,24.0,17.0,1.0,16.0,9.0,30.0,18.0,0.0,702.0,20.0,118.0,259.0,338.0,46.0,702.0,55.0,21.0,38.2,29.0,52.7,406.0,2562.0,1261.0,27.0,10.0,55.0,30.0,432.0,0.0,14.0,23.0,1.0,0.0,0.0,0.0,99.0,6.0,15.0,28.6,,,,,,,,,,,,,,,,,,,,,,,,,,,,,,,,,,,,,,,,,,79.0,68.7,83.0,13.0,2.0,35.0,0.0,1.23,21.0,22.0,-1.0,-0.05,0.97,28.1,26.1,2.0,0.1,0.04
221,2023-2024,Premier-League,Daiki Hashioka,jp JPN,DF,Luton Town,24-306,1999.0,3.0,1.0,134.0,1.5,0.0,0.0,0.0,0.0,0.0,0.0,0.0,0.0,0.1,0.1,0.0,0.1,1.0,2.0,0.0,0.0,0.0,0.0,0.0,0.0,0.04,0.0,0.04,0.04,0.04,1.0,0.0,0.0,0.67,0.0,0.0,0.0,15.9,0.0,0.05,-0.1,-0.1,47.0,61.0,77.0,813.0,330.0,22.0,25.0,88.0,21.0,26.0,80.8,4.0,6.0,66.7,0.0,0.0,0.0,2.0,0.0,0.0,61.0,0.0,0.0,0.0,0.0,0.0,0.0,0.0,0.0,0.0,0.0,0.0,3.0,0.0,0.0,0.0,0.0,0.0,0.0,0.0,0.0,0.0,0.0,0.0,0.0,0.0,0.0,0.0,0.0,3.0,2.0,2.0,1.0,0.0,1.0,4.0,25.0,3.0,2.0,1.0,1.0,0.0,3.0,5.0,0.0,76.0,15.0,44.0,31.0,1.0,1.0,76.0,1.0,0.0,0.0,1.0,100.0,37.0,182.0,62.0,0.0,0.0,0.0,1.0,41.0,0.0,1.0,2.0,0.0,0.0,0.0,0.0,5.0,5.0,4.0,55.6,,,,,,,,,,,,,,,,,,,,,,,,,,,,,,,,,,,,,,,,,,45.0,5.1,67.0,0.0,2.0,34.0,1.0,0.33,6.0,4.0,2.0,1.34,2.07,3.4,2.9,0.5,0.34,1.23
222,2023-2024,Premier-League,Kai Havertz,de GER,"MF,FW",Arsenal,24-281,1999.0,27.0,20.0,1779.0,19.8,8.0,3.0,11.0,7.0,1.0,1.0,7.0,0.0,7.8,7.0,1.9,8.9,38.0,81.0,123.0,0.4,0.15,0.56,0.35,0.51,0.39,0.1,0.49,0.36,0.45,39.0,12.0,30.8,1.97,0.61,0.18,0.58,12.6,0.0,0.18,0.2,0.0,568.0,687.0,82.7,7294.0,1781.0,381.0,435.0,87.6,159.0,192.0,82.8,5.0,10.0,50.0,2.0,1.1,28.0,50.0,20.0,0.0,674.0,9.0,3.0,0.0,0.0,8.0,4.0,0.0,0.0,0.0,0.0,4.0,9.0,65.0,3.29,54.0,0.0,2.0,4.0,4.0,1.0,14.0,0.71,9.0,0.0,2.0,2.0,1.0,0.0,25.0,11.0,3.0,16.0,6.0,11.0,29.0,37.9,18.0,24.0,1.0,23.0,14.0,39.0,13.0,0.0,902.0,18.0,98.0,391.0,423.0,115.0,901.0,29.0,10.0,34.5,13.0,44.8,486.0,2157.0,1131.0,27.0,15.0,31.0,24.0,630.0,0.0,31.0,33.0,7.0,0.0,0.0,0.0,92.0,56.0,61.0,47.9,,,,,,,,,,,,,,,,,,,,,,,,,,,,,,,,,,,,,,,,,,66.0,70.6,82.0,11.0,7.0,19.0,0.0,2.37,56.0,17.0,39.0,1.97,1.12,42.1,12.5,29.6,1.5,0.58
223,2023-2024,Premier-League,Jan Paul van Hecke,nl NED,DF,Brighton,23-284,2000.0,23.0,21.0,1919.0,21.3,0.0,0.0,0.0,0.0,0.0,0.0,3.0,0.0,1.1,1.1,0.8,1.9,23.0,137.0,7.0,0.0,0.0,0.0,0.0,0.0,0.05,0.04,0.09,0.05,0.09,13.0,6.0,46.2,0.61,0.28,0.0,0.0,10.2,0.0,0.09,-1.1,-1.1,1945.0,2095.0,92.8,33609.0,13175.0,820.0,864.0,94.9,962.0,1019.0,94.4,127.0,164.0,77.4,1.0,-0.8,8.0,138.0,9.0,1.0,2039.0,53.0,30.0,3.0,5.0,3.0,6.0,0.0,0.0,0.0,0.0,3.0,3.0,33.0,1.55,32.0,0.0,0.0,1.0,0.0,0.0,3.0,0.14,3.0,0.0,0.0,0.0,0.0,0.0,37.0,22.0,19.0,15.0,3.0,22.0,37.0,59.5,15.0,39.0,20.0,19.0,26.0,63.0,65.0,4.0,2310.0,276.0,1007.0,1172.0,139.0,18.0,2310.0,7.0,4.0,57.1,2.0,28.6,1683.0,9050.0,5564.0,32.0,2.0,16.0,3.0,1814.0,0.0,9.0,15.0,0.0,0.0,1.0,0.0,116.0,56.0,27.0,67.5,,,,,,,,,,,,,,,,,,,,,,,,,,,,,,,,,,,,,,,,,,83.0,76.2,90.0,21.0,2.0,15.0,4.0,1.52,38.0,28.0,10.0,0.47,1.07,35.1,27.4,7.7,0.36,0.49
224,2023-2024,Premier-League,Hwang Hee-chan,kr KOR,"FW,MF",Wolves,28-052,1996.0,22.0,19.0,1620.0,18.0,10.0,3.0,13.0,9.0,1.0,1.0,4.0,0.0,6.3,5.6,2.9,8.5,30.0,29.0,93.0,0.56,0.17,0.72,0.5,0.67,0.35,0.16,0.52,0.31,0.47,35.0,12.0,34.3,1.94,0.67,0.26,0.75,12.6,0.0,0.16,3.7,3.4,349.0,451.0,77.4,4744.0,841.0,210.0,254.0,82.7,108.0,135.0,80.0,13.0,18.0,72.2,2.5,0.1,15.0,16.0,6.0,2.0,424.0,27.0,1.0,2.0,3.0,10.0,9.0,4.0,0.0,0.0,0.0,0.0,19.0,39.0,2.17,25.0,0.0,7.0,3.0,3.0,1.0,9.0,0.5,4.0,0.0,3.0,1.0,1.0,0.0,16.0,8.0,9.0,6.0,1.0,8.0,21.0,38.1,13.0,18.0,1.0,17.0,8.0,24.0,9.0,0.0,637.0,13.0,97.0,268.0,284.0,78.0,636.0,61.0,32.0,52.5,26.0,42.6,408.0,2197.0,886.0,19.0,17.0,41.0,25.0,462.0,0.0,25.0,27.0,10.0,1.0,1.0,0.0,68.0,5.0,32.0,13.5,,,,,,,,,,,,,,,,,,,,,,,,,,,,,,,,,,,,,,,,,,74.0,64.3,80.0,11.0,3.0,32.0,0.0,1.55,30.0,24.0,6.0,0.33,1.13,24.6,26.0,-1.3,-0.07,0.82
225,2023-2024,Premier-League,Dean Henderson,eng ENG,GK,Crystal Palace,27-006,1997.0,8.0,8.0,720.0,8.0,0.0,0.0,0.0,0.0,0.0,0.0,1.0,0.0,0.0,0.0,0.0,0.0,0.0,0.0,0.0,0.0,0.0,0.0,0.0,0.0,0.0,0.0,0.0,0.0,0.0,0.0,0.0,0.0,0.0,0.0,0.0,0.0,0.0,0.0,0.0,0.0,0.0,142.0,237.0,59.9,4269.0,3136.0,22.0,22.0,100.0,77.0,79.0,97.5,43.0,136.0,31.6,0.0,0.0,0.0,5.0,1.0,0.0,176.0,61.0,14.0,0.0,0.0,0.0,0.0,0.0,0.0,0.0,0.0,0.0,0.0,0.0,0.0,0.0,0.0,0.0,0.0,0.0,0.0,0.0,0.0,0.0,0.0,0.0,0.0,0.0,0.0,0.0,0.0,0.0,0.0,0.0,0.0,0.0,0.0,0.0,0.0,0.0,0.0,0.0,0.0,6.0,1.0,261.0,236.0,261.0,0.0,0.0,0.0,261.0,0.0,0.0,0.0,0.0,0.0,140.0,835.0,303.0,0.0,0.0,1.0,0.0,116.0,0.0,0.0,0.0,0.0,0.0,0.0,0.0,8.0,1.0,0.0,100.0,8.0,8.0,720.0,20.0,2.5,45.0,25.0,57.8,2.0,2.0,4.0,0.0,0.0,1.0,1.0,0.0,0.0,0.0,0.0,3.0,0.0,17.3,0.37,-2.7,-0.33,36.0,123.0,29.3,190.0,23.0,42.6,36.8,47.0,89.4,58.6,106.0,2.0,1.9,10.0,1.25,17.3,90.0,28.6,90.0,8.0,0.0,0.0,7.0,1.0,12.0,20.0,-8.0,-1.0,-0.65,7.6,13.6,-6.0,-0.75,-0.71
226,2023-2024,Premier-League,Rico Henry,eng ENG,DF,Brentford,26-254,1997.0,5.0,5.0,401.0,4.5,0.0,1.0,1.0,0.0,0.0,0.0,1.0,0.0,0.1,0.1,1.0,1.1,13.0,20.0,12.0,0.0,0.22,0.22,0.0,0.22,0.02,0.22,0.24,0.02,0.24,2.0,0.0,0.0,0.45,0.0,0.0,0.0,19.2,0.0,0.04,-0.1,-0.1,147.0,183.0,80.3,2291.0,763.0,82.0,94.0,87.2,51.0,61.0,83.6,11.0,19.0,57.9,0.8,0.0,4.0,10.0,7.0,2.0,165.0,17.0,2.0,0.0,3.0,11.0,15.0,0.0,0.0,0.0,0.0,1.0,4.0,13.0,2.92,10.0,0.0,3.0,0.0,0.0,0.0,3.0,0.67,2.0,0.0,1.0,0.0,0.0,0.0,7.0,5.0,3.0,3.0,1.0,6.0,7.0,85.7,1.0,8.0,3.0,5.0,5.0,12.0,5.0,1.0,227.0,14.0,78.0,93.0,59.0,7.0,227.0,10.0,7.0,70.0,1.0,10.0,115.0,698.0,372.0,3.0,3.0,8.0,7.0,126.0,0.0,4.0,6.0,2.0,0.0,0.0,0.0,24.0,4.0,5.0,44.4,,,,,,,,,,,,,,,,,,,,,,,,,,,,,,,,,,,,,,,,,,80.0,15.4,80.0,4.0,0.0,0.0,0.0,1.2,8.0,5.0,3.0,0.67,1.33,9.8,5.1,4.7,1.05,1.24
227,2023-2024,Premier-League,Son Heung-min,kr KOR,FW,Tottenham,31-254,1992.0,25.0,24.0,2073.0,23.0,14.0,8.0,22.0,13.0,1.0,1.0,1.0,0.0,8.0,7.3,8.1,15.4,73.0,99.0,236.0,0.61,0.35,0.96,0.56,0.91,0.35,0.35,0.7,0.31,0.67,60.0,28.0,46.7,2.6,1.22,0.22,0.46,15.0,0.0,0.12,6.0,5.7,587.0,723.0,81.2,8190.0,2087.0,340.0,399.0,85.2,203.0,232.0,87.5,18.0,29.0,62.1,6.3,-0.1,45.0,32.0,44.0,2.0,676.0,44.0,3.0,13.0,2.0,26.0,6.0,1.0,0.0,0.0,0.0,3.0,23.0,87.0,3.78,70.0,0.0,9.0,5.0,2.0,1.0,13.0,0.56,9.0,0.0,3.0,0.0,1.0,0.0,15.0,9.0,5.0,5.0,5.0,7.0,16.0,43.8,9.0,3.0,1.0,2.0,7.0,22.0,5.0,0.0,926.0,8.0,63.0,309.0,563.0,148.0,925.0,63.0,27.0,42.9,34.0,54.0,637.0,3697.0,1812.0,29.0,42.0,39.0,25.0,752.0,0.0,11.0,25.0,16.0,1.0,1.0,1.0,51.0,3.0,12.0,20.0,,,,,,,,,,,,,,,,,,,,,,,,,,,,,,,,,,,,,,,,,,83.0,82.3,85.0,12.0,1.0,29.0,0.0,1.92,48.0,33.0,15.0,0.65,0.25,40.8,37.4,3.4,0.15,0.26
228,2023-2024,Premier-League,Aaron Hickey,sct SCO,DF,Brentford,21-282,2002.0,9.0,9.0,713.0,7.9,0.0,0.0,0.0,0.0,0.0,0.0,5.0,0.0,0.2,0.2,0.1,0.3,9.0,21.0,13.0,0.0,0.0,0.0,0.0,0.0,0.03,0.01,0.04,0.03,0.04,7.0,1.0,14.3,0.88,0.13,0.0,0.0,25.3,0.0,0.03,-0.2,-0.2,243.0,277.0,87.7,3813.0,894.0,134.0,140.0,95.7,92.0,106.0,86.8,14.0,20.0,70.0,0.1,-0.1,1.0,10.0,2.0,0.0,254.0,23.0,3.0,1.0,3.0,5.0,20.0,0.0,0.0,0.0,0.0,0.0,7.0,7.0,0.88,6.0,0.0,0.0,0.0,1.0,0.0,0.0,0.0,0.0,0.0,0.0,0.0,0.0,0.0,16.0,9.0,9.0,3.0,4.0,7.0,7.0,100.0,0.0,7.0,3.0,4.0,3.0,19.0,10.0,0.0,356.0,25.0,132.0,155.0,76.0,7.0,356.0,14.0,5.0,35.7,5.0,35.7,212.0,1107.0,505.0,3.0,1.0,14.0,5.0,225.0,0.0,10.0,16.0,0.0,0.0,0.0,0.0,42.0,1.0,9.0,10.0,,,,,,,,,,,,,,,,,,,,,,,,,,,,,,,,,,,,,,,,,,79.0,27.3,79.0,2.0,0.0,0.0,0.0,1.11,10.0,12.0,-2.0,-0.25,0.27,10.3,10.3,0.1,0.01,0.01
229,2023-2024,Premier-League,James Hill,eng ENG,DF,Bournemouth,22-068,2002.0,3.0,1.0,71.0,0.8,0.0,0.0,0.0,0.0,0.0,0.0,0.0,0.0,0.0,0.0,0.0,0.0,0.0,4.0,1.0,0.0,0.0,0.0,0.0,0.0,0.0,0.0,0.0,0.0,0.0,0.0,0.0,0.0,0.0,0.0,0.0,0.0,0.0,0.0,0.0,0.0,0.0,27.0,41.0,65.9,530.0,231.0,12.0,15.0,80.0,8.0,13.0,61.5,5.0,10.0,50.0,0.0,0.0,0.0,6.0,0.0,0.0,33.0,8.0,0.0,0.0,0.0,0.0,8.0,0.0,0.0,0.0,0.0,0.0,2.0,1.0,1.27,1.0,0.0,0.0,0.0,0.0,0.0,0.0,0.0,0.0,0.0,0.0,0.0,0.0,0.0,3.0,2.0,1.0,2.0,0.0,1.0,1.0,100.0,0.0,1.0,1.0,0.0,2.0,5.0,6.0,0.0,56.0,7.0,22.0,22.0,12.0,0.0,56.0,1.0,0.0,0.0,1.0,100.0,18.0,41.0,7.0,1.0,0.0,1.0,1.0,20.0,0.0,1.0,0.0,0.0,0.0,0.0,0.0,7.0,3.0,1.0,75.0,,,,,,,,,,,,,,,,,,,,,,,,,,,,,,,,,,,,,,,,,,24.0,2.8,54.0,0.0,2.0,9.0,2.0,1.33,1.0,1.0,0.0,0.0,0.4,1.5,1.1,0.4,0.46,0.55
230,2023-2024,Premier-League,Jack Hinshelwood,eng ENG,DF,Brighton,18-342,2005.0,12.0,8.0,869.0,9.7,3.0,0.0,3.0,3.0,0.0,0.0,1.0,0.0,1.9,1.9,0.7,2.5,16.0,19.0,38.0,0.31,0.0,0.31,0.31,0.31,0.19,0.07,0.26,0.19,0.26,14.0,8.0,57.1,1.45,0.83,0.21,0.38,9.2,0.0,0.14,1.1,1.1,418.0,498.0,83.9,5999.0,1172.0,233.0,267.0,87.3,156.0,175.0,89.1,9.0,22.0,40.9,0.4,-0.7,8.0,24.0,5.0,1.0,431.0,67.0,14.0,0.0,3.0,10.0,53.0,0.0,0.0,0.0,0.0,0.0,4.0,14.0,1.45,11.0,0.0,0.0,3.0,0.0,0.0,0.0,0.0,0.0,0.0,0.0,0.0,0.0,0.0,14.0,5.0,7.0,4.0,3.0,5.0,13.0,38.5,8.0,6.0,2.0,4.0,14.0,28.0,18.0,0.0,590.0,26.0,193.0,256.0,143.0,30.0,590.0,5.0,0.0,0.0,4.0,80.0,331.0,1598.0,726.0,15.0,1.0,9.0,2.0,381.0,0.0,11.0,3.0,1.0,0.0,1.0,0.0,33.0,7.0,8.0,46.7,,,,,,,,,,,,,,,,,,,,,,,,,,,,,,,,,,,,,,,,,,72.0,34.5,81.0,3.0,4.0,56.0,4.0,1.33,15.0,17.0,-2.0,-0.21,-0.64,16.4,14.5,1.9,0.2,-0.07
231,2023-2024,Premier-League,Mason Holgate,eng ENG,DF,Sheffield Utd,27-148,1996.0,3.0,3.0,192.0,2.1,0.0,0.0,0.0,0.0,0.0,0.0,1.0,1.0,0.4,0.4,0.0,0.4,0.0,4.0,0.0,0.0,0.0,0.0,0.0,0.0,0.2,0.0,0.2,0.2,0.2,2.0,0.0,0.0,0.94,0.0,0.0,0.0,7.1,0.0,0.22,-0.4,-0.4,40.0,68.0,58.8,802.0,367.0,17.0,25.0,68.0,14.0,23.0,60.9,8.0,18.0,44.4,0.0,0.0,0.0,9.0,0.0,0.0,53.0,14.0,1.0,0.0,1.0,2.0,13.0,0.0,0.0,0.0,0.0,1.0,0.0,0.0,0.0,0.0,0.0,0.0,0.0,0.0,0.0,0.0,0.0,0.0,0.0,0.0,0.0,0.0,0.0,3.0,0.0,1.0,1.0,1.0,0.0,2.0,0.0,2.0,5.0,2.0,3.0,5.0,8.0,8.0,0.0,90.0,12.0,45.0,36.0,10.0,2.0,90.0,1.0,1.0,100.0,0.0,0.0,30.0,97.0,39.0,0.0,0.0,0.0,0.0,34.0,0.0,4.0,1.0,0.0,0.0,0.0,0.0,7.0,3.0,4.0,42.9,,,,,,,,,,,,,,,,,,,,,,,,,,,,,,,,,,,,,,,,,,64.0,7.6,64.0,2.0,0.0,0.0,0.0,1.0,3.0,6.0,-3.0,-1.41,0.41,3.1,4.3,-1.2,-0.56,0.63
232,2023-2024,Premier-League,Callum Hudson-Odoi,eng ENG,"FW,MF",Nott'ham Forest,23-132,2000.0,20.0,11.0,1085.0,12.1,4.0,1.0,5.0,4.0,0.0,0.0,0.0,0.0,1.2,1.2,1.8,3.0,64.0,33.0,99.0,0.33,0.08,0.41,0.33,0.41,0.1,0.15,0.25,0.1,0.25,16.0,8.0,50.0,1.33,0.66,0.25,0.5,17.8,0.0,0.08,2.8,2.8,328.0,424.0,77.4,5127.0,1046.0,189.0,211.0,89.6,98.0,133.0,73.7,30.0,54.0,55.6,1.2,-0.8,21.0,12.0,18.0,5.0,404.0,16.0,5.0,2.0,5.0,45.0,5.0,5.0,1.0,2.0,0.0,4.0,8.0,53.0,4.4,39.0,3.0,7.0,2.0,2.0,0.0,6.0,0.5,4.0,0.0,1.0,0.0,1.0,0.0,11.0,4.0,2.0,4.0,5.0,5.0,17.0,29.4,12.0,10.0,1.0,9.0,4.0,15.0,9.0,0.0,542.0,16.0,91.0,166.0,298.0,39.0,542.0,58.0,33.0,56.9,17.0,29.3,367.0,2914.0,1856.0,33.0,19.0,20.0,18.0,402.0,0.0,10.0,19.0,6.0,1.0,0.0,0.0,57.0,1.0,7.0,12.5,,,,,,,,,,,,,,,,,,,,,,,,,,,,,,,,,,,,,,,,,,54.0,41.6,79.0,5.0,9.0,24.0,1.0,0.7,18.0,25.0,-7.0,-0.58,-0.05,19.3,17.5,1.8,0.15,0.59
233,2023-2024,Premier-League,Will Hughes,eng ENG,MF,Crystal Palace,28-336,1995.0,21.0,15.0,1313.0,14.6,0.0,0.0,0.0,0.0,0.0,0.0,3.0,0.0,0.2,0.2,0.8,1.0,9.0,43.0,8.0,0.0,0.0,0.0,0.0,0.0,0.01,0.06,0.07,0.01,0.07,4.0,2.0,50.0,0.27,0.14,0.0,0.0,18.4,0.0,0.05,-0.2,-0.2,481.0,576.0,83.5,6861.0,1880.0,265.0,299.0,88.6,181.0,202.0,89.6,16.0,41.0,39.0,1.3,-0.8,17.0,45.0,11.0,2.0,512.0,63.0,18.0,2.0,0.0,27.0,0.0,17.0,7.0,10.0,0.0,1.0,7.0,36.0,2.47,23.0,9.0,1.0,0.0,2.0,1.0,2.0,0.14,2.0,0.0,0.0,0.0,0.0,0.0,42.0,22.0,20.0,14.0,8.0,13.0,28.0,46.4,15.0,24.0,9.0,15.0,12.0,54.0,20.0,0.0,725.0,39.0,152.0,424.0,154.0,8.0,725.0,11.0,7.0,63.6,3.0,27.3,303.0,1236.0,580.0,10.0,0.0,14.0,21.0,383.0,0.0,26.0,20.0,1.0,0.0,0.0,0.0,87.0,6.0,12.0,33.3,,,,,,,,,,,,,,,,,,,,,,,,,,,,,,,,,,,,,,,,,,63.0,52.1,81.0,6.0,6.0,16.0,1.0,0.95,15.0,32.0,-17.0,-1.17,-1.31,14.7,21.8,-7.1,-0.49,-0.5
234,2023-2024,Premier-League,Pierre Højbjerg,dk DEN,MF,Tottenham,28-226,1995.0,27.0,6.0,1017.0,11.3,0.0,0.0,0.0,0.0,0.0,0.0,3.0,0.0,0.4,0.4,0.9,1.3,13.0,102.0,23.0,0.0,0.0,0.0,0.0,0.0,0.04,0.08,0.11,0.04,0.11,12.0,3.0,25.0,1.06,0.27,0.0,0.0,26.4,1.0,0.04,-0.4,-0.4,918.0,1046.0,87.8,14930.0,5512.0,485.0,535.0,90.7,326.0,351.0,92.9,74.0,103.0,71.8,1.4,-0.9,5.0,119.0,9.0,0.0,1003.0,33.0,25.0,2.0,7.0,10.0,6.0,2.0,0.0,0.0,0.0,10.0,9.0,27.0,2.39,24.0,0.0,2.0,1.0,0.0,0.0,2.0,0.18,2.0,0.0,0.0,0.0,0.0,0.0,23.0,13.0,8.0,13.0,2.0,10.0,28.0,35.7,18.0,19.0,7.0,12.0,14.0,37.0,27.0,1.0,1182.0,49.0,288.0,688.0,217.0,13.0,1182.0,21.0,11.0,52.4,9.0,42.9,741.0,3028.0,1332.0,19.0,2.0,16.0,6.0,914.0,0.0,16.0,16.0,0.0,0.0,0.0,0.0,96.0,6.0,8.0,42.9,,,,,,,,,,,,,,,,,,,,,,,,,,,,,,,,,,,,,,,,,,38.0,40.4,86.0,4.0,21.0,24.0,1.0,1.93,29.0,22.0,7.0,0.62,0.02,22.4,21.2,1.2,0.11,0.01
235,2023-2024,Premier-League,Rasmus Højlund,dk DEN,FW,Manchester Utd,21-043,2003.0,20.0,17.0,1465.0,16.3,7.0,2.0,9.0,7.0,0.0,0.0,2.0,0.0,6.5,6.5,1.1,7.6,22.0,23.0,75.0,0.43,0.12,0.55,0.43,0.55,0.4,0.07,0.46,0.4,0.46,29.0,15.0,51.7,1.78,0.92,0.24,0.47,11.1,0.0,0.23,0.5,0.5,208.0,275.0,75.6,2415.0,666.0,136.0,168.0,81.0,33.0,46.0,71.7,10.0,11.0,90.9,0.7,0.9,17.0,10.0,9.0,1.0,254.0,18.0,0.0,1.0,0.0,6.0,1.0,0.0,0.0,0.0,0.0,3.0,13.0,41.0,2.52,29.0,0.0,4.0,3.0,3.0,2.0,3.0,0.18,2.0,0.0,1.0,0.0,0.0,0.0,9.0,5.0,2.0,2.0,5.0,4.0,11.0,36.4,7.0,3.0,0.0,3.0,1.0,10.0,11.0,0.0,410.0,13.0,39.0,167.0,209.0,69.0,410.0,22.0,12.0,54.5,9.0,40.9,238.0,1383.0,693.0,12.0,9.0,36.0,20.0,288.0,0.0,10.0,22.0,13.0,0.0,1.0,0.0,43.0,17.0,43.0,28.3,,,,,,,,,,,,,,,,,,,,,,,,,,,,,,,,,,,,,,,,,,73.0,58.1,81.0,5.0,3.0,30.0,0.0,1.75,22.0,20.0,2.0,0.12,0.29,24.8,25.5,-0.7,-0.04,0.26
236,2023-2024,Premier-League,Igor,br BRA,DF,Brighton,26-040,1998.0,16.0,11.0,1001.0,11.1,0.0,0.0,0.0,0.0,0.0,0.0,4.0,0.0,0.1,0.1,0.3,0.4,19.0,77.0,6.0,0.0,0.0,0.0,0.0,0.0,0.01,0.03,0.04,0.01,0.04,2.0,0.0,0.0,0.18,0.0,0.0,0.0,16.2,0.0,0.06,-0.1,-0.1,928.0,997.0,93.1,14662.0,4381.0,445.0,464.0,95.9,435.0,452.0,96.2,33.0,45.0,73.3,0.2,-0.3,4.0,74.0,1.0,0.0,929.0,66.0,17.0,1.0,3.0,1.0,44.0,0.0,0.0,0.0,0.0,2.0,10.0,17.0,1.53,15.0,1.0,1.0,0.0,0.0,0.0,2.0,0.18,2.0,0.0,0.0,0.0,0.0,0.0,17.0,11.0,4.0,11.0,2.0,10.0,18.0,55.6,8.0,13.0,6.0,7.0,9.0,26.0,31.0,0.0,1097.0,66.0,385.0,625.0,92.0,4.0,1097.0,15.0,10.0,66.7,4.0,26.7,707.0,3509.0,1774.0,11.0,0.0,9.0,5.0,803.0,0.0,17.0,2.0,0.0,0.0,0.0,0.0,73.0,22.0,8.0,73.3,,,,,,,,,,,,,,,,,,,,,,,,,,,,,,,,,,,,,,,,,,63.0,39.7,80.0,6.0,5.0,25.0,8.0,1.38,18.0,17.0,1.0,0.09,-0.21,16.4,15.0,1.4,0.13,-0.19
237,2023-2024,Premier-League,Danny Ings,eng ENG,FW,West Ham,31-239,1992.0,14.0,2.0,264.0,2.9,1.0,0.0,1.0,1.0,0.0,0.0,1.0,0.0,1.1,1.1,0.3,1.4,6.0,4.0,13.0,0.34,0.0,0.34,0.34,0.34,0.38,0.09,0.47,0.38,0.47,9.0,3.0,33.3,3.07,1.02,0.11,0.33,13.4,0.0,0.13,-0.1,-0.1,43.0,69.0,62.3,478.0,91.0,22.0,30.0,73.3,11.0,14.0,78.6,0.0,7.0,0.0,0.1,-0.3,5.0,0.0,2.0,0.0,63.0,5.0,0.0,0.0,0.0,1.0,0.0,0.0,0.0,0.0,0.0,1.0,5.0,14.0,4.77,5.0,0.0,3.0,4.0,1.0,1.0,3.0,1.02,0.0,0.0,1.0,1.0,1.0,0.0,5.0,2.0,0.0,5.0,0.0,3.0,9.0,33.3,6.0,4.0,1.0,3.0,2.0,7.0,6.0,0.0,111.0,7.0,15.0,50.0,48.0,16.0,111.0,9.0,5.0,55.6,3.0,33.3,63.0,294.0,100.0,2.0,3.0,6.0,2.0,66.0,0.0,2.0,5.0,1.0,1.0,0.0,0.0,8.0,1.0,6.0,14.3,,,,,,,,,,,,,,,,,,,,,,,,,,,,,,,,,,,,,,,,,,19.0,10.5,75.0,0.0,12.0,10.0,14.0,1.14,4.0,7.0,-3.0,-1.02,-0.98,4.5,6.2,-1.7,-0.58,-0.2
238,2023-2024,Premier-League,Tim Iroegbunam,eng ENG,MF,Aston Villa,20-262,2003.0,5.0,0.0,60.0,0.7,0.0,0.0,0.0,0.0,0.0,0.0,0.0,0.0,0.0,0.0,0.0,0.0,1.0,1.0,0.0,0.0,0.0,0.0,0.0,0.0,0.0,0.0,0.0,0.0,0.0,0.0,0.0,0.0,0.0,0.0,0.0,0.0,0.0,0.0,0.0,0.0,0.0,21.0,23.0,91.3,322.0,90.0,12.0,12.0,100.0,9.0,10.0,90.0,0.0,0.0,0.0,0.0,0.0,0.0,0.0,0.0,0.0,23.0,0.0,0.0,0.0,0.0,0.0,0.0,0.0,0.0,0.0,0.0,0.0,0.0,0.0,0.0,0.0,0.0,0.0,0.0,0.0,0.0,0.0,0.0,0.0,0.0,0.0,0.0,0.0,0.0,3.0,3.0,1.0,1.0,1.0,1.0,3.0,33.3,2.0,2.0,0.0,2.0,1.0,4.0,1.0,0.0,30.0,1.0,8.0,20.0,3.0,0.0,30.0,2.0,2.0,100.0,0.0,0.0,22.0,118.0,72.0,0.0,0.0,0.0,1.0,22.0,0.0,4.0,2.0,0.0,0.0,0.0,0.0,4.0,1.0,0.0,100.0,,,,,,,,,,,,,,,,,,,,,,,,,,,,,,,,,,,,,,,,,,12.0,2.4,0.0,0.0,5.0,12.0,10.0,1.8,1.0,2.0,-1.0,-1.5,-2.2,1.0,1.9,-1.0,-1.43,-1.88
239,2023-2024,Premier-League,Alexander Isak,se SWE,FW,Newcastle Utd,24-179,1999.0,20.0,17.0,1402.0,15.6,12.0,0.0,12.0,10.0,2.0,2.0,0.0,0.0,10.9,9.4,1.1,10.4,39.0,38.0,76.0,0.77,0.0,0.77,0.64,0.64,0.7,0.07,0.77,0.6,0.67,42.0,22.0,52.4,2.7,1.41,0.24,0.45,13.7,0.0,0.23,1.1,0.6,233.0,301.0,77.4,3304.0,635.0,144.0,168.0,85.7,69.0,83.0,83.1,9.0,15.0,60.0,1.4,-1.1,13.0,15.0,12.0,0.0,260.0,40.0,0.0,2.0,1.0,6.0,3.0,1.0,0.0,0.0,0.0,1.0,17.0,37.0,2.37,21.0,0.0,8.0,5.0,3.0,0.0,2.0,0.13,0.0,0.0,1.0,0.0,1.0,0.0,3.0,0.0,2.0,1.0,0.0,1.0,6.0,16.7,5.0,7.0,0.0,7.0,3.0,6.0,6.0,0.0,432.0,10.0,29.0,187.0,220.0,78.0,430.0,47.0,26.0,55.3,17.0,36.2,252.0,1857.0,990.0,20.0,19.0,30.0,14.0,309.0,0.0,10.0,10.0,7.0,1.0,0.0,0.0,23.0,4.0,23.0,14.8,,,,,,,,,,,,,,,,,,,,,,,,,,,,,,,,,,,,,,,,,,70.0,55.6,77.0,6.0,3.0,32.0,1.0,1.25,25.0,28.0,-3.0,-0.19,-1.32,27.0,31.5,-4.5,-0.29,-0.81
240,2023-2024,Premier-League,Alex Iwobi,ng NGA,MF,Everton,27-320,1996.0,2.0,2.0,140.0,1.6,0.0,0.0,0.0,0.0,0.0,0.0,0.0,0.0,0.3,0.3,0.2,0.5,6.0,4.0,8.0,0.0,0.0,0.0,0.0,0.0,0.21,0.14,0.35,0.21,0.35,4.0,2.0,50.0,2.57,1.29,0.0,0.0,16.2,0.0,0.08,-0.3,-0.3,27.0,42.0,64.3,545.0,179.0,13.0,14.0,92.9,7.0,10.0,70.0,7.0,15.0,46.7,0.4,-0.2,4.0,1.0,3.0,1.0,34.0,7.0,0.0,0.0,0.0,10.0,1.0,6.0,4.0,2.0,0.0,1.0,2.0,12.0,7.77,6.0,1.0,2.0,3.0,0.0,0.0,0.0,0.0,0.0,0.0,0.0,0.0,0.0,0.0,2.0,0.0,1.0,0.0,1.0,2.0,3.0,66.7,1.0,2.0,0.0,2.0,1.0,3.0,0.0,0.0,58.0,0.0,5.0,17.0,38.0,3.0,58.0,4.0,3.0,75.0,1.0,25.0,33.0,316.0,221.0,5.0,2.0,3.0,1.0,34.0,0.0,0.0,0.0,3.0,0.0,0.0,0.0,5.0,0.0,0.0,0.0,,,,,,,,,,,,,,,,,,,,,,,,,,,,,,,,,,,,,,,,,,70.0,5.6,70.0,1.0,0.0,0.0,0.0,0.0,0.0,3.0,-3.0,-1.93,-1.66,2.9,3.3,-0.3,-0.21,-0.32
241,2023-2024,Premier-League,Alex Iwobi,ng NGA,"FW,MF",Fulham,27-320,1996.0,21.0,16.0,1481.0,16.5,5.0,1.0,6.0,5.0,0.0,0.0,2.0,0.0,4.6,4.6,2.8,7.4,68.0,107.0,124.0,0.3,0.06,0.36,0.3,0.36,0.28,0.17,0.45,0.28,0.45,40.0,14.0,35.0,2.43,0.85,0.13,0.36,17.8,0.0,0.12,0.4,0.4,578.0,724.0,79.8,9327.0,2884.0,295.0,327.0,90.2,223.0,272.0,82.0,40.0,75.0,53.3,2.3,-1.8,35.0,57.0,31.0,4.0,712.0,11.0,0.0,5.0,4.0,39.0,3.0,1.0,0.0,0.0,0.0,1.0,20.0,70.0,4.26,57.0,0.0,5.0,8.0,0.0,0.0,8.0,0.49,6.0,0.0,0.0,2.0,0.0,0.0,19.0,12.0,8.0,10.0,1.0,8.0,19.0,42.1,11.0,11.0,0.0,11.0,13.0,32.0,7.0,0.0,896.0,13.0,121.0,422.0,375.0,59.0,896.0,46.0,22.0,47.8,23.0,50.0,622.0,4039.0,1910.0,53.0,18.0,36.0,20.0,696.0,0.0,9.0,3.0,4.0,0.0,0.0,0.0,107.0,3.0,13.0,18.8,,,,,,,,,,,,,,,,,,,,,,,,,,,,,,,,,,,,,,,,,,71.0,56.7,82.0,5.0,5.0,34.0,0.0,1.38,29.0,22.0,7.0,0.43,1.06,25.4,21.8,3.6,0.22,1.34
242,2023-2024,Premier-League,Nicolas Jackson,sn SEN,FW,Chelsea,22-272,2001.0,24.0,20.0,1815.0,20.2,9.0,3.0,12.0,9.0,0.0,0.0,9.0,0.0,12.6,12.6,2.7,15.4,36.0,42.0,114.0,0.45,0.15,0.6,0.45,0.6,0.63,0.14,0.76,0.63,0.76,53.0,25.0,47.2,2.63,1.24,0.17,0.36,12.6,0.0,0.24,-3.6,-3.6,332.0,424.0,78.3,4016.0,1011.0,210.0,248.0,84.7,72.0,94.0,76.6,12.0,15.0,80.0,2.2,0.3,20.0,25.0,12.0,0.0,388.0,36.0,0.0,6.0,0.0,3.0,1.0,0.0,0.0,0.0,0.0,0.0,17.0,52.0,2.58,33.0,1.0,12.0,2.0,3.0,1.0,7.0,0.35,5.0,0.0,2.0,0.0,0.0,0.0,13.0,9.0,2.0,5.0,6.0,3.0,17.0,17.6,14.0,16.0,5.0,11.0,3.0,16.0,15.0,0.0,635.0,24.0,64.0,274.0,313.0,97.0,635.0,56.0,28.0,50.0,22.0,39.3,400.0,2721.0,1216.0,29.0,18.0,50.0,49.0,471.0,0.0,18.0,21.0,23.0,0.0,0.0,0.0,58.0,24.0,38.0,38.7,,,,,,,,,,,,,,,,,,,,,,,,,,,,,,,,,,,,,,,,,,76.0,74.7,85.0,10.0,4.0,31.0,0.0,1.38,36.0,32.0,4.0,0.2,0.49,40.0,29.9,10.1,0.5,0.54
243,2023-2024,Premier-League,Reece James,eng ENG,DF,Chelsea,24-101,1999.0,8.0,5.0,388.0,4.3,0.0,1.0,1.0,0.0,0.0,0.0,2.0,1.0,0.3,0.3,1.5,1.8,19.0,20.0,33.0,0.0,0.23,0.23,0.0,0.23,0.07,0.34,0.41,0.07,0.41,7.0,1.0,14.3,1.62,0.23,0.0,0.0,20.9,3.0,0.04,-0.3,-0.3,253.0,315.0,80.3,4003.0,1214.0,134.0,153.0,87.6,94.0,117.0,80.3,17.0,31.0,54.8,1.2,-0.5,10.0,18.0,6.0,3.0,266.0,49.0,7.0,4.0,1.0,25.0,41.0,1.0,0.0,1.0,0.0,0.0,5.0,14.0,3.25,12.0,1.0,0.0,1.0,0.0,0.0,2.0,0.46,1.0,0.0,0.0,1.0,0.0,0.0,13.0,8.0,10.0,2.0,1.0,8.0,10.0,80.0,2.0,4.0,4.0,0.0,3.0,16.0,7.0,1.0,362.0,24.0,110.0,138.0,116.0,19.0,362.0,13.0,9.0,69.2,3.0,23.1,201.0,997.0,527.0,8.0,3.0,6.0,5.0,225.0,1.0,4.0,3.0,2.0,0.0,0.0,0.0,27.0,7.0,4.0,63.6,,,,,,,,,,,,,,,,,,,,,,,,,,,,,,,,,,,,,,,,,,49.0,16.0,62.0,0.0,3.0,25.0,0.0,0.75,6.0,11.0,-5.0,-1.16,-1.47,7.6,9.5,-1.9,-0.43,-0.95
244,2023-2024,Premier-League,Vitaly Janelt,de GER,"MF,DF",Brentford,25-313,1998.0,29.0,28.0,2317.0,25.7,0.0,2.0,2.0,0.0,0.0,0.0,6.0,0.0,1.3,1.3,3.9,5.2,19.0,89.0,69.0,0.0,0.08,0.08,0.0,0.08,0.05,0.15,0.2,0.05,0.2,15.0,5.0,33.3,0.58,0.19,0.0,0.0,16.6,0.0,0.09,-1.3,-1.3,806.0,1041.0,77.4,12884.0,3781.0,435.0,503.0,86.5,286.0,364.0,78.6,62.0,112.0,55.4,2.6,-1.9,27.0,71.0,23.0,10.0,999.0,39.0,10.0,3.0,9.0,42.0,28.0,1.0,1.0,0.0,0.0,3.0,18.0,58.0,2.25,50.0,1.0,0.0,3.0,2.0,2.0,3.0,0.12,2.0,0.0,0.0,0.0,1.0,0.0,46.0,25.0,21.0,18.0,7.0,27.0,52.0,51.9,25.0,22.0,7.0,15.0,22.0,68.0,46.0,1.0,1251.0,79.0,381.0,558.0,325.0,58.0,1251.0,11.0,4.0,36.4,6.0,54.5,643.0,2561.0,1118.0,17.0,2.0,23.0,9.0,776.0,0.0,20.0,16.0,3.0,1.0,0.0,0.0,138.0,26.0,16.0,61.9,,,,,,,,,,,,,,,,,,,,,,,,,,,,,,,,,,,,,,,,,,80.0,88.8,82.0,11.0,1.0,18.0,0.0,0.9,37.0,43.0,-6.0,-0.23,1.92,38.5,38.2,0.3,0.01,0.13
245,2023-2024,Premier-League,Mathias Jensen,dk DEN,MF,Brentford,28-077,1996.0,24.0,20.0,1593.0,17.7,3.0,3.0,6.0,3.0,0.0,0.0,3.0,0.0,0.6,0.6,3.1,3.7,12.0,84.0,46.0,0.17,0.17,0.34,0.17,0.34,0.03,0.18,0.21,0.03,0.21,12.0,6.0,50.0,0.68,0.34,0.25,0.5,27.6,3.0,0.05,2.4,2.4,622.0,864.0,72.0,12342.0,4415.0,251.0,299.0,83.9,244.0,316.0,77.2,107.0,195.0,54.9,3.6,-0.1,30.0,56.0,25.0,5.0,657.0,203.0,36.0,7.0,17.0,77.0,80.0,45.0,31.0,7.0,1.0,4.0,18.0,65.0,3.67,35.0,27.0,0.0,0.0,2.0,1.0,6.0,0.34,3.0,2.0,0.0,0.0,1.0,0.0,43.0,24.0,22.0,17.0,4.0,20.0,70.0,28.6,50.0,32.0,6.0,26.0,13.0,56.0,19.0,1.0,1048.0,37.0,213.0,508.0,334.0,15.0,1048.0,32.0,12.0,37.5,17.0,53.1,447.0,2001.0,820.0,12.0,3.0,26.0,13.0,547.0,0.0,20.0,15.0,1.0,1.0,0.0,0.0,88.0,4.0,8.0,33.3,,,,,,,,,,,,,,,,,,,,,,,,,,,,,,,,,,,,,,,,,,66.0,61.0,74.0,3.0,4.0,27.0,0.0,0.96,25.0,36.0,-11.0,-0.62,-0.44,24.0,29.4,-5.4,-0.31,-0.77
246,2023-2024,Premier-League,Gabriel Jesus,br BRA,FW,Arsenal,26-350,1997.0,19.0,13.0,1141.0,12.7,4.0,3.0,7.0,4.0,0.0,0.0,5.0,0.0,5.4,5.4,2.6,8.0,28.0,36.0,116.0,0.32,0.24,0.55,0.32,0.55,0.42,0.21,0.63,0.42,0.63,42.0,17.0,40.5,3.31,1.34,0.1,0.24,11.6,0.0,0.13,-1.4,-1.4,316.0,399.0,79.2,4254.0,736.0,199.0,236.0,84.3,90.0,110.0,81.8,10.0,15.0,66.7,2.1,0.4,23.0,14.0,15.0,1.0,375.0,19.0,1.0,6.0,2.0,6.0,4.0,0.0,0.0,0.0,0.0,5.0,15.0,42.0,3.31,27.0,1.0,5.0,5.0,2.0,2.0,6.0,0.47,3.0,1.0,1.0,1.0,0.0,0.0,19.0,13.0,10.0,4.0,5.0,3.0,13.0,23.1,10.0,16.0,1.0,15.0,8.0,27.0,7.0,0.0,598.0,11.0,48.0,195.0,362.0,103.0,598.0,55.0,27.0,49.1,20.0,36.4,395.0,2106.0,913.0,17.0,19.0,50.0,31.0,447.0,0.0,22.0,27.0,13.0,0.0,0.0,0.0,47.0,13.0,30.0,30.2,,,,,,,,,,,,,,,,,,,,,,,,,,,,,,,,,,,,,,,,,,60.0,45.3,79.0,4.0,6.0,19.0,1.0,2.11,24.0,11.0,13.0,1.03,-1.13,23.8,9.7,14.0,1.11,-0.41
247,2023-2024,Premier-League,Raúl Jiménez,mx MEX,FW,Fulham,32-318,1991.0,20.0,17.0,1267.0,14.1,5.0,0.0,5.0,5.0,0.0,0.0,3.0,1.0,4.5,4.5,1.5,5.9,10.0,17.0,73.0,0.36,0.0,0.36,0.36,0.36,0.32,0.1,0.42,0.32,0.42,36.0,15.0,41.7,2.56,1.07,0.14,0.33,15.1,0.0,0.12,0.5,0.5,221.0,329.0,67.2,2882.0,566.0,136.0,172.0,79.1,46.0,80.0,57.5,15.0,28.0,53.6,0.9,-1.5,10.0,18.0,8.0,1.0,321.0,7.0,3.0,4.0,3.0,5.0,1.0,0.0,0.0,0.0,0.0,1.0,11.0,25.0,1.78,14.0,0.0,4.0,6.0,0.0,1.0,3.0,0.21,0.0,0.0,1.0,2.0,0.0,0.0,14.0,10.0,3.0,7.0,4.0,7.0,20.0,35.0,13.0,9.0,2.0,7.0,3.0,17.0,12.0,0.0,491.0,18.0,49.0,231.0,211.0,55.0,491.0,22.0,8.0,36.4,12.0,54.5,278.0,1236.0,415.0,12.0,5.0,38.0,28.0,385.0,0.0,15.0,19.0,12.0,0.0,0.0,0.0,42.0,42.0,54.0,43.8,,,,,,,,,,,,,,,,,,,,,,,,,,,,,,,,,,,,,,,,,,63.0,48.5,70.0,4.0,3.0,25.0,1.0,1.25,19.0,24.0,-5.0,-0.36,-0.62,15.3,26.3,-11.0,-0.78,-0.81
248,2023-2024,Premier-League,João Pedro,br BRA,"FW,MF",Brighton,22-174,2001.0,23.0,12.0,1392.0,15.5,8.0,2.0,10.0,4.0,4.0,4.0,2.0,0.0,8.4,5.2,2.3,7.5,54.0,64.0,152.0,0.52,0.13,0.65,0.26,0.39,0.54,0.15,0.69,0.34,0.49,44.0,15.0,34.1,2.84,0.97,0.09,0.27,15.0,0.0,0.12,-0.4,-1.2,448.0,562.0,79.7,5880.0,1229.0,286.0,325.0,88.0,125.0,158.0,79.1,14.0,27.0,51.9,2.9,-0.3,20.0,32.0,31.0,1.0,531.0,27.0,2.0,4.0,1.0,17.0,7.0,2.0,0.0,0.0,0.0,4.0,16.0,61.0,3.95,40.0,0.0,5.0,7.0,8.0,1.0,9.0,0.58,4.0,0.0,2.0,1.0,2.0,0.0,23.0,13.0,7.0,11.0,5.0,9.0,17.0,52.9,8.0,10.0,1.0,9.0,9.0,32.0,23.0,0.0,814.0,24.0,74.0,313.0,435.0,121.0,810.0,70.0,28.0,40.0,28.0,40.0,558.0,3432.0,1536.0,28.0,31.0,49.0,51.0,653.0,0.0,13.0,43.0,7.0,2.0,0.0,0.0,45.0,29.0,17.0,63.0,,,,,,,,,,,,,,,,,,,,,,,,,,,,,,,,,,,,,,,,,,61.0,55.2,83.0,4.0,11.0,37.0,0.0,1.52,29.0,25.0,4.0,0.26,0.1,27.1,23.0,4.1,0.27,0.06
249,2023-2024,Premier-League,Joelinton,br BRA,"MF,FW",Newcastle Utd,27-217,1996.0,16.0,14.0,1133.0,12.6,2.0,1.0,3.0,2.0,0.0,0.0,5.0,0.0,2.3,2.3,2.0,4.3,21.0,47.0,58.0,0.16,0.08,0.24,0.16,0.24,0.18,0.16,0.34,0.18,0.34,15.0,5.0,33.3,1.19,0.4,0.13,0.4,16.0,0.0,0.15,-0.3,-0.3,440.0,528.0,83.3,6118.0,1514.0,261.0,296.0,88.2,138.0,156.0,88.5,16.0,19.0,84.2,0.7,-1.0,18.0,32.0,8.0,0.0,503.0,23.0,16.0,1.0,2.0,1.0,7.0,0.0,0.0,0.0,0.0,2.0,18.0,39.0,3.1,30.0,0.0,6.0,3.0,0.0,0.0,3.0,0.24,2.0,0.0,0.0,1.0,0.0,0.0,30.0,22.0,16.0,12.0,2.0,10.0,30.0,33.3,20.0,19.0,5.0,14.0,17.0,47.0,11.0,1.0,687.0,33.0,127.0,349.0,216.0,34.0,687.0,33.0,16.0,48.5,11.0,33.3,370.0,1713.0,792.0,17.0,5.0,21.0,25.0,488.0,0.0,26.0,21.0,0.0,0.0,0.0,0.0,74.0,13.0,28.0,31.7,,,,,,,,,,,,,,,,,,,,,,,,,,,,,,,,,,,,,,,,,,71.0,45.0,79.0,8.0,2.0,12.0,0.0,1.38,21.0,19.0,2.0,0.16,-0.43,21.5,22.8,-1.3,-0.1,-0.32
250,2023-2024,Premier-League,Ryan John Giles,eng ENG,"DF,MF",Luton Town,24-052,2000.0,11.0,5.0,503.0,5.6,0.0,0.0,0.0,0.0,0.0,0.0,0.0,0.0,0.1,0.1,0.2,0.3,9.0,17.0,30.0,0.0,0.0,0.0,0.0,0.0,0.02,0.04,0.06,0.02,0.06,2.0,2.0,100.0,0.36,0.36,0.0,0.0,14.2,0.0,0.05,-0.1,-0.1,140.0,218.0,64.2,2294.0,949.0,74.0,85.0,87.1,56.0,85.0,65.9,9.0,39.0,23.1,0.6,-0.2,5.0,10.0,10.0,6.0,157.0,61.0,6.0,0.0,0.0,49.0,41.0,14.0,6.0,8.0,0.0,0.0,8.0,12.0,2.15,8.0,3.0,1.0,0.0,0.0,0.0,0.0,0.0,0.0,0.0,0.0,0.0,0.0,0.0,8.0,6.0,4.0,3.0,1.0,2.0,7.0,28.6,5.0,2.0,0.0,2.0,4.0,12.0,22.0,0.0,273.0,20.0,81.0,74.0,119.0,4.0,273.0,8.0,4.0,50.0,3.0,37.5,116.0,517.0,241.0,5.0,2.0,7.0,1.0,129.0,0.0,2.0,2.0,0.0,0.0,0.0,0.0,21.0,3.0,0.0,100.0,,,,,,,,,,,,,,,,,,,,,,,,,,,,,,,,,,,,,,,,,,46.0,19.3,81.0,2.0,6.0,17.0,9.0,0.64,5.0,14.0,-9.0,-1.61,-1.23,5.3,13.3,-8.1,-1.44,-0.76
251,2023-2024,Premier-League,Ben Johnson,eng ENG,"DF,FW",West Ham,24-054,2000.0,9.0,4.0,399.0,4.4,0.0,0.0,0.0,0.0,0.0,0.0,1.0,0.0,0.2,0.2,0.0,0.2,10.0,12.0,21.0,0.0,0.0,0.0,0.0,0.0,0.03,0.0,0.03,0.03,0.03,5.0,1.0,20.0,1.13,0.23,0.0,0.0,25.4,0.0,0.03,-0.2,-0.2,162.0,222.0,73.0,2453.0,1003.0,101.0,108.0,93.5,49.0,76.0,64.5,10.0,24.0,41.7,0.1,0.0,0.0,13.0,0.0,0.0,191.0,30.0,3.0,0.0,2.0,21.0,27.0,0.0,0.0,0.0,0.0,1.0,8.0,8.0,1.8,6.0,0.0,0.0,0.0,2.0,0.0,1.0,0.23,1.0,0.0,0.0,0.0,0.0,0.0,7.0,6.0,5.0,1.0,1.0,6.0,7.0,85.7,1.0,1.0,1.0,0.0,5.0,12.0,8.0,0.0,274.0,13.0,97.0,106.0,78.0,3.0,274.0,17.0,6.0,35.3,9.0,52.9,151.0,898.0,387.0,6.0,1.0,2.0,6.0,158.0,0.0,2.0,6.0,1.0,0.0,0.0,0.0,37.0,4.0,10.0,28.6,,,,,,,,,,,,,,,,,,,,,,,,,,,,,,,,,,,,,,,,,,44.0,15.8,90.0,4.0,5.0,8.0,6.0,1.33,2.0,12.0,-10.0,-2.26,-2.51,5.1,10.2,-5.1,-1.16,-0.9
252,2023-2024,Premier-League,Brennan Johnson,wls WAL,FW,Tottenham,22-300,2001.0,22.0,15.0,1276.0,14.2,4.0,6.0,10.0,4.0,0.0,0.0,2.0,0.0,5.8,5.8,4.6,10.3,56.0,45.0,164.0,0.28,0.42,0.71,0.28,0.71,0.41,0.32,0.73,0.41,0.73,33.0,15.0,45.5,2.33,1.06,0.12,0.27,13.7,0.0,0.17,-1.8,-1.8,298.0,427.0,69.8,4400.0,1082.0,176.0,221.0,79.6,104.0,142.0,73.2,12.0,26.0,46.2,2.7,1.4,25.0,24.0,21.0,5.0,418.0,5.0,0.0,0.0,0.0,36.0,5.0,0.0,0.0,0.0,0.0,4.0,21.0,40.0,2.82,30.0,0.0,2.0,4.0,3.0,1.0,8.0,0.56,6.0,0.0,0.0,1.0,0.0,1.0,19.0,12.0,12.0,3.0,4.0,10.0,24.0,41.7,14.0,24.0,0.0,24.0,6.0,25.0,12.0,1.0,599.0,12.0,81.0,206.0,322.0,96.0,599.0,45.0,16.0,35.6,26.0,57.8,396.0,2284.0,1187.0,17.0,31.0,26.0,10.0,443.0,0.0,11.0,22.0,9.0,0.0,0.0,0.0,54.0,4.0,9.0,30.8,,,,,,,,,,,,,,,,,,,,,,,,,,,,,,,,,,,,,,,,,,58.0,50.6,74.0,3.0,7.0,24.0,0.0,1.68,34.0,21.0,13.0,0.92,0.63,25.7,24.4,1.2,0.09,-0.03
253,2023-2024,Premier-League,Brennan Johnson,wls WAL,"FW,MF",Nott'ham Forest,22-300,2001.0,3.0,3.0,237.0,2.6,0.0,0.0,0.0,0.0,0.0,0.0,0.0,0.0,0.3,0.3,0.2,0.5,8.0,1.0,14.0,0.0,0.0,0.0,0.0,0.0,0.12,0.08,0.21,0.12,0.21,3.0,0.0,0.0,1.14,0.0,0.0,0.0,19.7,0.0,0.11,-0.3,-0.3,47.0,61.0,77.0,671.0,143.0,25.0,29.0,86.2,17.0,22.0,77.3,2.0,2.0,100.0,0.0,-0.2,1.0,2.0,0.0,0.0,55.0,5.0,0.0,0.0,0.0,2.0,0.0,0.0,0.0,0.0,0.0,1.0,2.0,7.0,2.66,3.0,0.0,2.0,1.0,1.0,0.0,3.0,1.14,1.0,0.0,1.0,0.0,1.0,0.0,4.0,1.0,1.0,1.0,2.0,2.0,4.0,50.0,2.0,4.0,1.0,3.0,0.0,4.0,0.0,0.0,85.0,2.0,15.0,38.0,34.0,9.0,85.0,7.0,2.0,28.6,3.0,42.9,50.0,372.0,205.0,4.0,3.0,4.0,2.0,52.0,0.0,1.0,7.0,1.0,0.0,0.0,0.0,11.0,1.0,2.0,33.3,,,,,,,,,,,,,,,,,,,,,,,,,,,,,,,,,,,,,,,,,,79.0,9.1,79.0,0.0,0.0,0.0,0.0,1.0,4.0,5.0,-1.0,-0.38,0.19,2.9,2.8,0.1,0.03,0.25
254,2023-2024,Premier-League,Sam Johnstone,eng ENG,GK,Crystal Palace,30-359,1993.0,20.0,20.0,1796.0,20.0,0.0,0.0,0.0,0.0,0.0,0.0,1.0,0.0,0.0,0.0,0.0,0.0,0.0,0.0,0.0,0.0,0.0,0.0,0.0,0.0,0.0,0.0,0.0,0.0,0.0,0.0,0.0,0.0,0.0,0.0,0.0,0.0,0.0,0.0,0.0,0.0,0.0,343.0,599.0,57.3,11568.0,8793.0,45.0,46.0,97.8,143.0,147.0,97.3,155.0,401.0,38.7,0.0,0.0,0.0,13.0,0.0,0.0,408.0,186.0,45.0,0.0,3.0,0.0,0.0,0.0,0.0,0.0,0.0,5.0,0.0,2.0,0.1,1.0,1.0,0.0,0.0,0.0,0.0,1.0,0.05,0.0,1.0,0.0,0.0,0.0,0.0,1.0,0.0,1.0,0.0,0.0,1.0,1.0,100.0,0.0,0.0,0.0,0.0,1.0,2.0,5.0,0.0,640.0,539.0,637.0,3.0,0.0,0.0,640.0,0.0,0.0,0.0,0.0,0.0,350.0,2039.0,1281.0,0.0,0.0,0.0,0.0,287.0,0.0,1.0,0.0,0.0,0.0,1.0,0.0,13.0,2.0,1.0,66.7,20.0,20.0,1796.0,27.0,1.35,67.0,41.0,62.7,5.0,6.0,9.0,6.0,30.0,2.0,2.0,0.0,0.0,0.0,0.0,4.0,1.0,20.0,0.27,-6.0,-0.3,117.0,355.0,33.0,453.0,63.0,55.0,41.2,141.0,75.2,52.8,339.0,24.0,7.1,12.0,0.6,11.2,90.0,71.3,90.0,19.0,0.0,0.0,4.0,1.05,21.0,27.0,-6.0,-0.3,0.82,25.2,26.3,-1.1,-0.05,0.66
255,2023-2024,Premier-League,Curtis Jones,eng ENG,MF,Liverpool,23-048,2001.0,17.0,12.0,956.0,10.6,1.0,1.0,2.0,1.0,0.0,0.0,1.0,1.0,1.8,1.8,0.5,2.3,27.0,59.0,64.0,0.09,0.09,0.19,0.09,0.19,0.17,0.05,0.22,0.17,0.22,15.0,4.0,26.7,1.41,0.38,0.07,0.25,17.0,0.0,0.12,-0.8,-0.8,556.0,615.0,90.4,8090.0,1707.0,319.0,338.0,94.4,201.0,219.0,91.8,15.0,23.0,65.2,0.8,0.5,8.0,52.0,8.0,0.0,595.0,19.0,3.0,4.0,2.0,3.0,16.0,0.0,0.0,0.0,0.0,1.0,5.0,30.0,2.83,23.0,0.0,3.0,2.0,1.0,1.0,2.0,0.19,2.0,0.0,0.0,0.0,0.0,0.0,21.0,13.0,12.0,7.0,2.0,8.0,20.0,40.0,12.0,17.0,0.0,17.0,6.0,27.0,8.0,0.0,726.0,22.0,112.0,406.0,216.0,28.0,726.0,26.0,13.0,50.0,9.0,34.6,490.0,2657.0,1189.0,19.0,6.0,13.0,21.0,550.0,0.0,8.0,11.0,5.0,0.0,0.0,0.0,60.0,6.0,11.0,35.3,,,,,,,,,,,,,,,,,,,,,,,,,,,,,,,,,,,,,,,,,,56.0,37.9,70.0,4.0,5.0,23.0,1.0,2.18,28.0,11.0,17.0,1.6,0.33,24.9,11.6,13.3,1.25,0.4
256,2023-2024,Premier-League,Jorginho,it ITA,MF,Arsenal,32-089,1991.0,18.0,8.0,728.0,8.1,0.0,1.0,1.0,0.0,0.0,0.0,1.0,0.0,0.1,0.1,0.9,1.0,7.0,87.0,6.0,0.0,0.12,0.12,0.0,0.12,0.01,0.11,0.12,0.01,0.12,4.0,0.0,0.0,0.49,0.0,0.0,0.0,24.6,0.0,0.02,-0.1,-0.1,598.0,668.0,89.5,9780.0,2862.0,303.0,319.0,95.0,247.0,273.0,90.5,37.0,49.0,75.5,1.5,0.1,8.0,69.0,19.0,1.0,646.0,14.0,11.0,5.0,1.0,3.0,1.0,0.0,0.0,0.0,0.0,8.0,3.0,20.0,2.48,19.0,0.0,0.0,1.0,0.0,0.0,4.0,0.5,4.0,0.0,0.0,0.0,0.0,0.0,18.0,7.0,6.0,5.0,7.0,9.0,19.0,47.4,10.0,15.0,1.0,14.0,8.0,26.0,4.0,1.0,730.0,15.0,120.0,405.0,206.0,2.0,730.0,3.0,1.0,33.3,2.0,66.7,457.0,1638.0,790.0,9.0,0.0,4.0,3.0,577.0,0.0,6.0,12.0,0.0,0.0,0.0,0.0,38.0,7.0,7.0,50.0,,,,,,,,,,,,,,,,,,,,,,,,,,,,,,,,,,,,,,,,,,40.0,28.9,78.0,2.0,10.0,11.0,9.0,2.5,22.0,9.0,13.0,1.61,-0.05,16.6,6.1,10.5,1.3,-0.04
257,2023-2024,Premier-League,Diogo Jota,pt POR,FW,Liverpool,27-105,1996.0,19.0,13.0,1047.0,11.6,9.0,3.0,12.0,9.0,0.0,0.0,3.0,1.0,4.4,4.4,2.9,7.3,48.0,31.0,99.0,0.77,0.26,1.03,0.77,1.03,0.38,0.25,0.63,0.38,0.63,36.0,17.0,47.2,3.09,1.46,0.25,0.53,12.5,0.0,0.12,4.6,4.6,270.0,368.0,73.4,3800.0,914.0,172.0,212.0,81.1,80.0,100.0,80.0,11.0,16.0,68.8,1.7,0.1,20.0,17.0,11.0,0.0,368.0,0.0,0.0,4.0,1.0,8.0,0.0,0.0,0.0,0.0,0.0,0.0,19.0,44.0,3.78,34.0,0.0,5.0,2.0,3.0,0.0,13.0,1.12,7.0,0.0,4.0,1.0,1.0,0.0,23.0,13.0,6.0,13.0,4.0,10.0,22.0,45.5,12.0,8.0,1.0,7.0,6.0,29.0,4.0,0.0,548.0,8.0,51.0,228.0,278.0,93.0,548.0,36.0,14.0,38.9,18.0,50.0,321.0,1926.0,1141.0,27.0,19.0,39.0,17.0,391.0,1.0,27.0,20.0,3.0,2.0,0.0,0.0,47.0,16.0,34.0,32.0,,,,,,,,,,,,,,,,,,,,,,,,,,,,,,,,,,,,,,,,,,55.0,41.5,71.0,3.0,6.0,21.0,0.0,2.37,31.0,9.0,22.0,1.89,0.85,25.9,12.9,13.0,1.12,0.2
258,2023-2024,Premier-League,Mads Juel Andersen,dk DEN,DF,Luton Town,26-082,1997.0,8.0,4.0,400.0,4.4,1.0,0.0,1.0,1.0,0.0,0.0,1.0,0.0,0.3,0.3,0.0,0.3,0.0,7.0,1.0,0.23,0.0,0.23,0.23,0.23,0.06,0.0,0.06,0.06,0.06,3.0,1.0,33.3,0.68,0.23,0.33,1.0,9.2,0.0,0.09,0.7,0.7,87.0,117.0,74.4,1570.0,766.0,41.0,47.0,87.2,37.0,48.0,77.1,9.0,19.0,47.4,0.0,0.0,0.0,7.0,0.0,0.0,115.0,2.0,0.0,0.0,1.0,0.0,2.0,0.0,0.0,0.0,0.0,0.0,1.0,0.0,0.0,0.0,0.0,0.0,0.0,0.0,0.0,0.0,0.0,0.0,0.0,0.0,0.0,0.0,0.0,6.0,5.0,4.0,2.0,0.0,4.0,4.0,100.0,0.0,9.0,6.0,3.0,8.0,14.0,29.0,0.0,182.0,56.0,118.0,57.0,7.0,4.0,182.0,1.0,0.0,0.0,1.0,100.0,58.0,301.0,112.0,0.0,0.0,6.0,0.0,64.0,0.0,6.0,2.0,0.0,0.0,0.0,0.0,25.0,11.0,5.0,68.8,,,,,,,,,,,,,,,,,,,,,,,,,,,,,,,,,,,,,,,,,,50.0,15.3,78.0,2.0,4.0,22.0,4.0,1.13,2.0,6.0,-4.0,-0.9,-0.33,3.5,7.3,-3.8,-0.86,-0.04
259,2023-2024,Premier-League,Hamed Junior Traorè,ci CIV,MF,Bournemouth,24-031,2000.0,3.0,0.0,47.0,0.5,0.0,0.0,0.0,0.0,0.0,0.0,0.0,0.0,0.2,0.2,0.0,0.2,2.0,3.0,4.0,0.0,0.0,0.0,0.0,0.0,0.34,0.07,0.41,0.34,0.41,3.0,2.0,66.7,5.74,3.83,0.0,0.0,25.9,0.0,0.06,-0.2,-0.2,18.0,27.0,66.7,244.0,59.0,10.0,11.0,90.9,6.0,8.0,75.0,1.0,3.0,33.3,0.0,0.0,1.0,3.0,0.0,0.0,26.0,1.0,0.0,1.0,0.0,3.0,0.0,1.0,1.0,0.0,0.0,0.0,1.0,4.0,7.66,1.0,0.0,2.0,1.0,0.0,0.0,0.0,0.0,0.0,0.0,0.0,0.0,0.0,0.0,1.0,0.0,1.0,0.0,0.0,1.0,3.0,33.3,2.0,3.0,0.0,3.0,0.0,1.0,0.0,0.0,41.0,1.0,13.0,14.0,15.0,2.0,41.0,8.0,4.0,50.0,4.0,50.0,22.0,153.0,80.0,1.0,1.0,2.0,1.0,28.0,0.0,0.0,0.0,0.0,0.0,0.0,0.0,4.0,1.0,1.0,50.0,,,,,,,,,,,,,,,,,,,,,,,,,,,,,,,,,,,,,,,,,,16.0,1.9,0.0,0.0,3.0,16.0,7.0,0.0,0.0,1.0,-1.0,-1.91,-1.55,1.3,0.8,0.5,0.93,1.03
260,2023-2024,Premier-League,Mathias Jørgensen,dk DEN,DF,Brentford,33-330,1990.0,9.0,7.0,637.0,7.1,0.0,0.0,0.0,0.0,0.0,0.0,3.0,0.0,0.2,0.2,0.5,0.7,3.0,34.0,2.0,0.0,0.0,0.0,0.0,0.0,0.02,0.07,0.1,0.02,0.1,3.0,0.0,0.0,0.42,0.0,0.0,0.0,12.5,0.0,0.05,-0.2,-0.2,257.0,351.0,73.2,4278.0,2093.0,128.0,145.0,88.3,106.0,141.0,75.2,19.0,48.0,39.6,0.3,-0.5,2.0,38.0,6.0,1.0,308.0,41.0,0.0,1.0,0.0,7.0,41.0,0.0,0.0,0.0,0.0,2.0,6.0,5.0,0.71,5.0,0.0,0.0,0.0,0.0,0.0,0.0,0.0,0.0,0.0,0.0,0.0,0.0,0.0,10.0,6.0,8.0,1.0,1.0,5.0,12.0,41.7,7.0,6.0,3.0,3.0,10.0,20.0,25.0,0.0,418.0,44.0,165.0,218.0,36.0,7.0,418.0,2.0,2.0,100.0,0.0,0.0,162.0,716.0,395.0,4.0,0.0,2.0,1.0,221.0,0.0,8.0,2.0,2.0,0.0,0.0,0.0,39.0,8.0,13.0,38.1,,,,,,,,,,,,,,,,,,,,,,,,,,,,,,,,,,,,,,,,,,71.0,24.4,90.0,6.0,2.0,4.0,19.0,0.22,8.0,16.0,-8.0,-1.13,-0.9,7.3,12.2,-4.9,-0.7,-0.92
261,2023-2024,Premier-League,Issa Kaboré,bf BFA,DF,Luton Town,22-311,2001.0,20.0,17.0,1425.0,15.8,0.0,2.0,2.0,0.0,0.0,0.0,7.0,0.0,0.2,0.2,1.9,2.1,52.0,45.0,70.0,0.0,0.13,0.13,0.0,0.13,0.01,0.12,0.14,0.01,0.14,6.0,1.0,16.7,0.38,0.06,0.0,0.0,15.8,0.0,0.04,-0.2,-0.2,424.0,606.0,70.0,6500.0,2646.0,226.0,269.0,84.0,155.0,225.0,68.9,26.0,55.0,47.3,1.7,0.1,12.0,23.0,16.0,11.0,474.0,131.0,4.0,1.0,0.0,54.0,127.0,0.0,0.0,0.0,0.0,1.0,33.0,27.0,1.71,21.0,0.0,2.0,2.0,1.0,1.0,4.0,0.25,3.0,0.0,0.0,1.0,0.0,0.0,41.0,22.0,21.0,13.0,7.0,16.0,34.0,47.1,18.0,18.0,8.0,10.0,12.0,53.0,43.0,2.0,794.0,62.0,251.0,314.0,242.0,16.0,794.0,36.0,15.0,41.7,16.0,44.4,362.0,2566.0,1317.0,27.0,9.0,25.0,6.0,362.0,0.0,27.0,24.0,2.0,0.0,0.0,0.0,86.0,14.0,17.0,45.2,,,,,,,,,,,,,,,,,,,,,,,,,,,,,,,,,,,,,,,,,,71.0,54.6,80.0,10.0,3.0,24.0,4.0,0.55,20.0,33.0,-13.0,-0.82,-0.44,15.6,31.9,-16.2,-1.02,-0.42
262,2023-2024,Premier-League,Sasa Kalajdzic,at AUT,FW,Wolves,26-255,1997.0,11.0,1.0,166.0,1.8,2.0,0.0,2.0,2.0,0.0,0.0,0.0,0.0,1.1,1.1,1.0,2.0,1.0,5.0,9.0,1.08,0.0,1.08,1.08,1.08,0.57,0.52,1.09,0.57,1.09,4.0,2.0,50.0,2.17,1.08,0.5,1.0,11.2,0.0,0.26,0.9,0.9,38.0,60.0,63.3,507.0,130.0,22.0,33.0,66.7,10.0,16.0,62.5,2.0,5.0,40.0,0.3,-1.0,4.0,1.0,2.0,0.0,59.0,1.0,0.0,0.0,0.0,1.0,0.0,0.0,0.0,0.0,0.0,0.0,0.0,5.0,2.71,5.0,0.0,0.0,0.0,0.0,0.0,0.0,0.0,0.0,0.0,0.0,0.0,0.0,0.0,6.0,2.0,3.0,2.0,1.0,1.0,2.0,50.0,1.0,3.0,0.0,3.0,1.0,7.0,6.0,0.0,88.0,5.0,20.0,44.0,24.0,7.0,88.0,1.0,1.0,100.0,0.0,0.0,46.0,143.0,48.0,1.0,0.0,2.0,5.0,68.0,0.0,6.0,4.0,2.0,0.0,0.0,0.0,4.0,8.0,4.0,66.7,,,,,,,,,,,,,,,,,,,,,,,,,,,,,,,,,,,,,,,,,,15.0,6.6,60.0,0.0,10.0,11.0,9.0,1.09,6.0,2.0,4.0,2.17,2.4,5.5,2.7,2.8,1.5,2.0
263,2023-2024,Premier-League,Boubacar Kamara,fr FRA,MF,Aston Villa,24-116,1999.0,20.0,20.0,1652.0,18.4,0.0,1.0,1.0,0.0,0.0,0.0,7.0,1.0,0.1,0.1,1.3,1.4,19.0,83.0,10.0,0.0,0.05,0.05,0.0,0.05,0.01,0.07,0.08,0.01,0.08,5.0,1.0,20.0,0.27,0.05,0.0,0.0,16.7,0.0,0.03,-0.1,-0.1,922.0,1035.0,89.1,14037.0,3978.0,521.0,560.0,93.0,319.0,344.0,92.7,56.0,82.0,68.3,1.4,-0.3,20.0,107.0,12.0,0.0,994.0,40.0,32.0,6.0,8.0,2.0,8.0,0.0,0.0,0.0,0.0,1.0,13.0,38.0,2.07,33.0,0.0,0.0,2.0,1.0,2.0,3.0,0.16,3.0,0.0,0.0,0.0,0.0,0.0,43.0,29.0,16.0,21.0,6.0,24.0,47.0,51.1,23.0,21.0,7.0,14.0,21.0,64.0,16.0,0.0,1195.0,50.0,305.0,720.0,186.0,13.0,1195.0,30.0,14.0,46.7,12.0,40.0,769.0,3523.0,1663.0,22.0,1.0,19.0,13.0,881.0,0.0,35.0,29.0,0.0,0.0,0.0,0.0,97.0,19.0,25.0,43.2,,,,,,,,,,,,,,,,,,,,,,,,,,,,,,,,,,,,,,,,,,83.0,65.6,83.0,10.0,0.0,0.0,0.0,2.05,36.0,22.0,14.0,0.76,0.35,31.1,24.7,6.4,0.35,-0.15
264,2023-2024,Premier-League,Willy Kambwala,fr FRA,DF,Manchester Utd,19-206,2004.0,4.0,1.0,109.0,1.2,0.0,0.0,0.0,0.0,0.0,0.0,0.0,0.0,0.0,0.0,0.0,0.0,2.0,5.0,1.0,0.0,0.0,0.0,0.0,0.0,0.0,0.0,0.0,0.0,0.0,0.0,0.0,0.0,0.0,0.0,0.0,0.0,0.0,0.0,0.0,0.0,0.0,85.0,96.0,88.5,1508.0,470.0,37.0,38.0,97.4,46.0,51.0,90.2,2.0,7.0,28.6,0.0,0.0,0.0,3.0,0.0,0.0,94.0,2.0,1.0,0.0,0.0,0.0,1.0,0.0,0.0,0.0,0.0,0.0,0.0,0.0,0.0,0.0,0.0,0.0,0.0,0.0,0.0,0.0,0.0,0.0,0.0,0.0,0.0,0.0,0.0,1.0,0.0,0.0,1.0,0.0,1.0,2.0,50.0,1.0,1.0,1.0,0.0,0.0,1.0,4.0,0.0,107.0,6.0,59.0,47.0,1.0,0.0,107.0,2.0,0.0,0.0,2.0,100.0,70.0,422.0,242.0,1.0,0.0,1.0,1.0,85.0,0.0,1.0,0.0,0.0,0.0,0.0,0.0,5.0,0.0,1.0,0.0,,,,,,,,,,,,,,,,,,,,,,,,,,,,,,,,,,,,,,,,,,27.0,4.3,83.0,0.0,3.0,9.0,5.0,1.5,0.0,4.0,-4.0,-3.3,-3.45,1.0,1.7,-0.7,-0.55,-0.42
265,2023-2024,Premier-League,Thomas Kaminski,be BEL,GK,Luton Town,31-147,1992.0,29.0,29.0,2610.0,29.0,0.0,0.0,0.0,0.0,0.0,0.0,3.0,0.0,0.0,0.0,0.0,0.0,0.0,1.0,0.0,0.0,0.0,0.0,0.0,0.0,0.0,0.0,0.0,0.0,0.0,0.0,0.0,0.0,0.0,0.0,0.0,0.0,0.0,0.0,0.0,0.0,0.0,660.0,1140.0,57.9,20754.0,16761.0,128.0,129.0,99.2,262.0,274.0,95.6,266.0,728.0,36.5,0.1,0.0,0.0,36.0,1.0,0.0,759.0,376.0,112.0,0.0,1.0,0.0,0.0,0.0,0.0,0.0,0.0,5.0,0.0,1.0,0.03,1.0,0.0,0.0,0.0,0.0,0.0,0.0,0.0,0.0,0.0,0.0,0.0,0.0,0.0,2.0,1.0,2.0,0.0,0.0,2.0,5.0,40.0,3.0,1.0,0.0,1.0,0.0,2.0,9.0,2.0,1224.0,863.0,1204.0,22.0,0.0,0.0,1224.0,2.0,2.0,100.0,0.0,0.0,629.0,3598.0,1992.0,0.0,0.0,1.0,0.0,516.0,0.0,0.0,1.0,0.0,0.0,0.0,0.0,49.0,3.0,0.0,100.0,29.0,29.0,2610.0,60.0,2.07,170.0,111.0,65.9,5.0,7.0,17.0,2.0,6.9,2.0,2.0,0.0,0.0,0.0,0.0,9.0,1.0,59.9,0.35,0.9,0.03,197.0,632.0,31.2,871.0,117.0,52.2,39.6,264.0,67.0,47.8,452.0,15.0,3.3,57.0,1.97,19.1,90.0,100.0,90.0,29.0,0.0,0.0,0.0,0.76,42.0,60.0,-18.0,-0.62,0.0,35.3,59.5,-24.2,-0.83,0.0
266,2023-2024,Premier-League,Loris Karius,de GER,GK,Newcastle Utd,30-270,1993.0,1.0,1.0,90.0,1.0,0.0,0.0,0.0,0.0,0.0,0.0,0.0,0.0,0.0,0.0,0.0,0.0,0.0,0.0,0.0,0.0,0.0,0.0,0.0,0.0,0.0,0.0,0.0,0.0,0.0,0.0,0.0,0.0,0.0,0.0,0.0,0.0,0.0,0.0,0.0,0.0,0.0,21.0,37.0,56.8,507.0,279.0,4.0,4.0,100.0,14.0,14.0,100.0,3.0,18.0,16.7,0.0,0.0,0.0,0.0,0.0,0.0,24.0,12.0,3.0,0.0,0.0,0.0,0.0,0.0,0.0,0.0,0.0,1.0,0.0,0.0,0.0,0.0,0.0,0.0,0.0,0.0,0.0,0.0,0.0,0.0,0.0,0.0,0.0,0.0,0.0,0.0,0.0,0.0,0.0,0.0,0.0,0.0,0.0,0.0,0.0,0.0,0.0,0.0,0.0,1.0,0.0,41.0,34.0,41.0,0.0,0.0,0.0,41.0,0.0,0.0,0.0,0.0,0.0,17.0,57.0,25.0,0.0,0.0,0.0,0.0,15.0,0.0,0.0,0.0,0.0,0.0,0.0,0.0,0.0,0.0,0.0,0.0,1.0,1.0,90.0,4.0,4.0,7.0,4.0,42.9,0.0,0.0,1.0,0.0,0.0,0.0,0.0,0.0,0.0,0.0,0.0,1.0,1.0,2.0,0.29,-1.0,-0.99,3.0,18.0,16.7,27.0,5.0,48.1,36.3,9.0,55.6,41.8,10.0,1.0,10.0,3.0,3.0,19.5,90.0,3.6,90.0,1.0,0.0,0.0,15.0,0.0,1.0,4.0,-3.0,-3.0,-3.52,0.2,2.8,-2.7,-2.69,-2.86
267,2023-2024,Premier-League,Michael Keane,eng ENG,DF,Everton,31-067,1993.0,7.0,4.0,404.0,4.5,1.0,0.0,1.0,1.0,0.0,0.0,1.0,0.0,0.7,0.7,0.0,0.7,3.0,10.0,2.0,0.22,0.0,0.22,0.22,0.22,0.15,0.0,0.15,0.15,0.15,6.0,4.0,66.7,1.34,0.89,0.17,0.25,10.8,0.0,0.12,0.3,0.3,152.0,195.0,77.9,3188.0,1127.0,40.0,51.0,78.4,88.0,101.0,87.1,21.0,37.0,56.8,0.1,0.0,0.0,12.0,0.0,0.0,193.0,1.0,1.0,0.0,1.0,0.0,0.0,0.0,0.0,0.0,0.0,1.0,0.0,4.0,0.89,3.0,0.0,0.0,1.0,0.0,0.0,1.0,0.22,0.0,0.0,0.0,1.0,0.0,0.0,7.0,3.0,3.0,3.0,1.0,1.0,6.0,16.7,5.0,4.0,4.0,0.0,5.0,12.0,18.0,1.0,241.0,35.0,113.0,107.0,22.0,10.0,241.0,1.0,1.0,100.0,0.0,0.0,137.0,513.0,234.0,1.0,0.0,2.0,3.0,151.0,0.0,4.0,0.0,0.0,0.0,1.0,0.0,23.0,16.0,10.0,61.5,,,,,,,,,,,,,,,,,,,,,,,,,,,,,,,,,,,,,,,,,,58.0,16.0,83.0,3.0,3.0,24.0,18.0,0.43,2.0,11.0,-9.0,-2.0,-1.96,5.4,9.2,-3.8,-0.84,-1.11
268,2023-2024,Premier-League,Thilo Kehrer,de GER,"DF,MF",West Ham,27-179,1996.0,4.0,0.0,22.0,0.2,0.0,0.0,0.0,0.0,0.0,0.0,2.0,0.0,0.0,0.0,0.0,0.0,0.0,1.0,1.0,0.0,0.0,0.0,0.0,0.0,0.0,0.0,0.0,0.0,0.0,0.0,0.0,0.0,0.0,0.0,0.0,0.0,0.0,0.0,0.0,0.0,0.0,9.0,9.0,100.0,86.0,36.0,7.0,7.0,100.0,1.0,1.0,100.0,0.0,0.0,0.0,0.0,0.0,0.0,0.0,0.0,0.0,7.0,2.0,0.0,0.0,0.0,0.0,2.0,0.0,0.0,0.0,0.0,0.0,0.0,0.0,0.0,0.0,0.0,0.0,0.0,0.0,0.0,0.0,0.0,0.0,0.0,0.0,0.0,0.0,0.0,1.0,1.0,0.0,1.0,0.0,0.0,0.0,0.0,0.0,2.0,2.0,0.0,0.0,1.0,0.0,0.0,12.0,2.0,2.0,8.0,2.0,0.0,12.0,0.0,0.0,0.0,0.0,0.0,3.0,15.0,5.0,0.0,0.0,0.0,0.0,6.0,0.0,2.0,0.0,0.0,0.0,0.0,0.0,0.0,1.0,2.0,33.3,,,,,,,,,,,,,,,,,,,,,,,,,,,,,,,,,,,,,,,,,,6.0,0.9,0.0,0.0,4.0,6.0,14.0,1.75,0.0,1.0,-1.0,-4.09,-3.98,0.5,0.5,0.1,0.29,0.7
269,2023-2024,Premier-League,Caoimhín Kelleher,ie IRL,GK,Liverpool,25-116,1998.0,7.0,7.0,630.0,7.0,0.0,0.0,0.0,0.0,0.0,0.0,0.0,0.0,0.0,0.0,0.0,0.0,0.0,1.0,0.0,0.0,0.0,0.0,0.0,0.0,0.0,0.0,0.0,0.0,0.0,0.0,0.0,0.0,0.0,0.0,0.0,0.0,0.0,0.0,0.0,0.0,0.0,247.0,322.0,76.7,5634.0,3690.0,76.0,76.0,100.0,121.0,123.0,98.4,50.0,120.0,41.7,0.0,0.0,0.0,7.0,0.0,0.0,285.0,34.0,10.0,0.0,0.0,0.0,0.0,0.0,0.0,0.0,0.0,3.0,0.0,1.0,0.14,1.0,0.0,0.0,0.0,0.0,0.0,0.0,0.0,0.0,0.0,0.0,0.0,0.0,0.0,0.0,0.0,0.0,0.0,0.0,0.0,0.0,0.0,0.0,0.0,0.0,0.0,0.0,0.0,3.0,1.0,334.0,196.0,325.0,9.0,0.0,0.0,334.0,0.0,0.0,0.0,0.0,0.0,259.0,1257.0,773.0,0.0,0.0,0.0,0.0,236.0,0.0,0.0,0.0,0.0,0.0,0.0,0.0,8.0,3.0,0.0,100.0,7.0,7.0,630.0,7.0,1.0,27.0,20.0,74.1,6.0,1.0,0.0,2.0,28.6,0.0,0.0,0.0,0.0,0.0,0.0,3.0,0.0,8.2,0.31,1.2,0.18,26.0,88.0,29.5,295.0,33.0,27.1,28.9,24.0,33.3,34.0,52.0,3.0,5.8,10.0,1.43,19.0,90.0,25.0,90.0,7.0,0.0,0.0,20.0,2.71,19.0,7.0,12.0,1.71,0.43,17.4,8.6,8.8,1.26,0.35
270,2023-2024,Premier-League,Lloyd Kelly,eng ENG,DF,Bournemouth,25-164,1998.0,14.0,12.0,1012.0,11.2,0.0,0.0,0.0,0.0,0.0,0.0,1.0,0.0,0.1,0.1,0.2,0.4,12.0,37.0,15.0,0.0,0.0,0.0,0.0,0.0,0.01,0.02,0.03,0.01,0.03,2.0,1.0,50.0,0.18,0.09,0.0,0.0,11.0,0.0,0.07,-0.1,-0.1,450.0,608.0,74.0,8772.0,2793.0,162.0,196.0,82.7,223.0,265.0,84.2,57.0,121.0,47.1,0.2,-0.2,5.0,50.0,4.0,1.0,512.0,92.0,12.0,1.0,6.0,11.0,80.0,0.0,0.0,0.0,0.0,4.0,10.0,17.0,1.51,13.0,2.0,1.0,0.0,0.0,1.0,1.0,0.09,1.0,0.0,0.0,0.0,0.0,0.0,19.0,15.0,7.0,9.0,3.0,12.0,21.0,57.1,9.0,14.0,7.0,7.0,7.0,26.0,40.0,0.0,703.0,76.0,279.0,328.0,100.0,6.0,703.0,2.0,2.0,100.0,0.0,0.0,358.0,1839.0,1036.0,8.0,2.0,8.0,4.0,380.0,0.0,12.0,7.0,0.0,0.0,1.0,0.0,80.0,16.0,15.0,51.6,,,,,,,,,,,,,,,,,,,,,,,,,,,,,,,,,,,,,,,,,,72.0,40.2,80.0,7.0,2.0,26.0,0.0,0.93,13.0,23.0,-10.0,-0.89,-0.83,16.2,17.0,-0.8,-0.07,0.02
271,2023-2024,Premier-League,Milos Kerkez,hu HUN,DF,Bournemouth,20-132,2003.0,21.0,16.0,1447.0,16.1,0.0,1.0,1.0,0.0,0.0,0.0,3.0,0.0,0.4,0.4,0.3,0.7,29.0,31.0,70.0,0.0,0.06,0.06,0.0,0.06,0.02,0.02,0.04,0.02,0.04,8.0,2.0,25.0,0.5,0.12,0.0,0.0,20.1,0.0,0.04,-0.4,-0.4,472.0,649.0,72.7,7450.0,2337.0,250.0,293.0,85.3,183.0,255.0,71.8,31.0,68.0,45.6,0.6,0.7,6.0,26.0,11.0,6.0,519.0,128.0,4.0,1.0,1.0,42.0,124.0,0.0,0.0,0.0,0.0,2.0,17.0,18.0,1.12,16.0,0.0,0.0,1.0,0.0,1.0,3.0,0.19,2.0,0.0,0.0,0.0,0.0,1.0,37.0,21.0,24.0,11.0,2.0,23.0,33.0,69.7,10.0,25.0,9.0,16.0,16.0,53.0,51.0,1.0,837.0,69.0,275.0,301.0,269.0,18.0,837.0,21.0,10.0,47.6,9.0,42.9,393.0,2378.0,1089.0,20.0,4.0,18.0,8.0,407.0,0.0,18.0,15.0,1.0,0.0,0.0,1.0,69.0,16.0,23.0,41.0,,,,,,,,,,,,,,,,,,,,,,,,,,,,,,,,,,,,,,,,,,69.0,57.4,83.0,8.0,5.0,24.0,3.0,1.05,18.0,29.0,-11.0,-0.68,-0.68,20.5,29.1,-8.5,-0.53,-1.06
272,2023-2024,Premier-League,Max Kilman,eng ENG,DF,Wolves,26-300,1997.0,28.0,28.0,2520.0,28.0,2.0,0.0,2.0,2.0,0.0,0.0,5.0,0.0,1.6,1.6,0.7,2.4,21.0,93.0,3.0,0.07,0.0,0.07,0.07,0.07,0.06,0.03,0.08,0.06,0.08,10.0,5.0,50.0,0.36,0.18,0.2,0.4,8.9,0.0,0.16,0.4,0.4,1372.0,1632.0,84.1,25628.0,9314.0,558.0,598.0,93.3,664.0,729.0,91.1,138.0,273.0,50.5,0.9,-0.7,11.0,87.0,10.0,1.0,1585.0,42.0,27.0,2.0,18.0,6.0,8.0,0.0,0.0,0.0,0.0,5.0,9.0,25.0,0.89,23.0,0.0,2.0,0.0,0.0,0.0,0.0,0.0,0.0,0.0,0.0,0.0,0.0,0.0,33.0,17.0,28.0,4.0,1.0,18.0,24.0,75.0,6.0,45.0,22.0,23.0,29.0,62.0,131.0,2.0,1919.0,293.0,989.0,832.0,112.0,17.0,1919.0,12.0,8.0,66.7,1.0,8.3,1150.0,5608.0,3336.0,16.0,1.0,5.0,8.0,1312.0,0.0,29.0,13.0,1.0,0.0,0.0,0.0,138.0,67.0,25.0,72.8,,,,,,,,,,,,,,,,,,,,,,,,,,,,,,,,,,,,,,,,,,90.0,100.0,90.0,28.0,0.0,0.0,0.0,1.46,42.0,44.0,-2.0,-0.07,0.0,37.6,47.9,-10.3,-0.37,0.0
273,2023-2024,Premier-League,Jakub Kiwior,pl POL,DF,Arsenal,24-032,2000.0,16.0,9.0,788.0,8.8,1.0,3.0,4.0,1.0,0.0,0.0,1.0,0.0,0.8,0.8,0.8,1.7,4.0,48.0,13.0,0.11,0.34,0.46,0.11,0.46,0.09,0.1,0.19,0.09,0.19,6.0,2.0,33.3,0.69,0.23,0.17,0.5,13.8,0.0,0.14,0.2,0.2,468.0,553.0,84.6,7592.0,2674.0,245.0,277.0,88.4,187.0,214.0,87.4,31.0,50.0,62.0,0.5,2.2,5.0,41.0,6.0,3.0,497.0,54.0,5.0,1.0,1.0,10.0,49.0,0.0,0.0,0.0,0.0,2.0,2.0,10.0,1.14,8.0,2.0,0.0,0.0,0.0,0.0,4.0,0.46,3.0,1.0,0.0,0.0,0.0,0.0,18.0,12.0,9.0,8.0,1.0,14.0,17.0,82.4,3.0,7.0,2.0,5.0,6.0,24.0,25.0,0.0,626.0,20.0,152.0,334.0,146.0,14.0,626.0,1.0,1.0,100.0,0.0,0.0,329.0,1166.0,640.0,7.0,1.0,6.0,1.0,422.0,0.0,9.0,1.0,0.0,0.0,0.0,0.0,28.0,10.0,9.0,52.6,,,,,,,,,,,,,,,,,,,,,,,,,,,,,,,,,,,,,,,,,,49.0,31.3,81.0,6.0,7.0,9.0,12.0,2.69,37.0,8.0,29.0,3.31,2.43,23.1,4.4,18.8,2.14,1.19
274,2023-2024,Premier-League,Justin Kluivert,nl NED,"MF,FW",Bournemouth,24-318,1999.0,22.0,17.0,1224.0,13.6,4.0,0.0,4.0,4.0,0.0,0.0,4.0,0.0,3.6,3.6,1.5,5.1,38.0,32.0,79.0,0.29,0.0,0.29,0.29,0.29,0.26,0.11,0.37,0.26,0.37,30.0,10.0,33.3,2.21,0.74,0.13,0.4,17.3,1.0,0.12,0.4,0.4,181.0,272.0,66.5,2721.0,764.0,90.0,124.0,72.6,64.0,83.0,77.1,11.0,22.0,50.0,1.1,-1.5,17.0,9.0,13.0,1.0,260.0,9.0,0.0,0.0,3.0,19.0,4.0,2.0,0.0,0.0,1.0,3.0,14.0,37.0,2.72,24.0,0.0,4.0,5.0,2.0,2.0,2.0,0.15,0.0,0.0,1.0,0.0,0.0,1.0,21.0,11.0,3.0,9.0,9.0,5.0,20.0,25.0,15.0,10.0,1.0,9.0,5.0,26.0,7.0,0.0,451.0,7.0,49.0,154.0,255.0,70.0,451.0,45.0,17.0,37.8,27.0,60.0,270.0,1927.0,1026.0,27.0,20.0,36.0,24.0,292.0,0.0,35.0,16.0,4.0,0.0,0.0,0.0,54.0,8.0,16.0,33.3,,,,,,,,,,,,,,,,,,,,,,,,,,,,,,,,,,,,,,,,,,56.0,48.6,65.0,0.0,5.0,23.0,6.0,1.18,18.0,15.0,3.0,0.22,1.19,22.2,19.4,2.9,0.21,0.57
275,2023-2024,Premier-League,Luca Koleosho,it ITA,"MF,FW",Burnley,19-185,2004.0,15.0,13.0,974.0,10.8,1.0,1.0,2.0,1.0,0.0,0.0,0.0,0.0,2.0,2.0,1.3,3.3,53.0,19.0,82.0,0.09,0.09,0.18,0.09,0.18,0.18,0.12,0.3,0.18,0.3,23.0,5.0,21.7,2.13,0.46,0.04,0.2,18.5,0.0,0.09,-1.0,-1.0,192.0,274.0,70.1,2509.0,475.0,126.0,153.0,82.4,56.0,79.0,70.9,2.0,9.0,22.2,1.1,-0.3,11.0,9.0,6.0,2.0,267.0,6.0,2.0,0.0,0.0,23.0,4.0,0.0,0.0,0.0,0.0,1.0,16.0,28.0,2.59,12.0,0.0,11.0,2.0,3.0,0.0,6.0,0.56,2.0,0.0,3.0,0.0,1.0,0.0,7.0,4.0,2.0,5.0,0.0,2.0,10.0,20.0,8.0,13.0,0.0,13.0,2.0,9.0,0.0,0.0,416.0,5.0,33.0,149.0,240.0,52.0,416.0,78.0,33.0,42.3,39.0,50.0,299.0,2603.0,1383.0,37.0,29.0,22.0,14.0,313.0,0.0,18.0,13.0,8.0,1.0,0.0,0.0,46.0,2.0,27.0,6.9,,,,,,,,,,,,,,,,,,,,,,,,,,,,,,,,,,,,,,,,,,65.0,37.3,69.0,0.0,2.0,38.0,0.0,0.47,11.0,23.0,-12.0,-1.11,0.1,9.0,15.4,-6.5,-0.6,0.26
276,2023-2024,Premier-League,Ibrahima Konaté,fr FRA,DF,Liverpool,24-298,1999.0,19.0,14.0,1332.0,14.8,0.0,0.0,0.0,0.0,0.0,0.0,5.0,1.0,0.4,0.4,0.4,0.9,22.0,101.0,3.0,0.0,0.0,0.0,0.0,0.0,0.03,0.03,0.06,0.03,0.06,8.0,2.0,25.0,0.54,0.14,0.0,0.0,12.5,0.0,0.05,-0.4,-0.4,1048.0,1191.0,88.0,18583.0,7605.0,422.0,463.0,91.1,534.0,568.0,94.0,75.0,124.0,60.5,0.5,-0.4,8.0,115.0,8.0,0.0,1161.0,28.0,18.0,4.0,5.0,1.0,10.0,0.0,0.0,0.0,0.0,2.0,8.0,21.0,1.42,21.0,0.0,0.0,0.0,0.0,0.0,1.0,0.07,1.0,0.0,0.0,0.0,0.0,0.0,30.0,19.0,18.0,11.0,1.0,15.0,21.0,71.4,6.0,17.0,11.0,6.0,18.0,48.0,45.0,0.0,1324.0,80.0,457.0,811.0,65.0,12.0,1324.0,9.0,6.0,66.7,0.0,0.0,877.0,4803.0,3027.0,17.0,0.0,5.0,5.0,943.0,1.0,22.0,11.0,0.0,0.0,0.0,0.0,84.0,60.0,24.0,71.4,,,,,,,,,,,,,,,,,,,,,,,,,,,,,,,,,,,,,,,,,,70.0,52.9,88.0,12.0,5.0,20.0,4.0,2.16,35.0,14.0,21.0,1.42,0.06,35.2,18.5,16.7,1.13,0.27
277,2023-2024,Premier-League,Ezri Konsa,eng ENG,DF,Aston Villa,26-147,1997.0,25.0,25.0,2170.0,24.1,0.0,0.0,0.0,0.0,0.0,0.0,5.0,0.0,1.9,1.9,0.4,2.3,26.0,98.0,21.0,0.0,0.0,0.0,0.0,0.0,0.08,0.02,0.1,0.08,0.1,12.0,3.0,25.0,0.5,0.12,0.0,0.0,11.0,0.0,0.16,-1.9,-1.9,1437.0,1567.0,91.7,24613.0,8330.0,584.0,618.0,94.5,755.0,805.0,93.8,79.0,104.0,76.0,0.8,-0.4,6.0,102.0,8.0,1.0,1430.0,136.0,51.0,1.0,0.0,10.0,83.0,0.0,0.0,0.0,0.0,1.0,16.0,24.0,1.0,16.0,1.0,2.0,1.0,3.0,1.0,4.0,0.17,1.0,1.0,0.0,0.0,1.0,1.0,37.0,21.0,20.0,14.0,3.0,18.0,20.0,90.0,2.0,25.0,14.0,11.0,25.0,62.0,55.0,3.0,1758.0,185.0,729.0,885.0,158.0,25.0,1758.0,29.0,18.0,62.1,4.0,13.8,1153.0,5479.0,3049.0,11.0,3.0,14.0,10.0,1245.0,0.0,10.0,40.0,0.0,1.0,0.0,0.0,104.0,22.0,10.0,68.8,,,,,,,,,,,,,,,,,,,,,,,,,,,,,,,,,,,,,,,,,,87.0,86.1,87.0,21.0,0.0,0.0,0.0,1.96,51.0,34.0,17.0,0.71,0.45,42.8,32.2,10.6,0.44,0.29
278,2023-2024,Premier-League,Cheikhou Kouyaté,sn SEN,MF,Nott'ham Forest,34-088,1989.0,11.0,2.0,209.0,2.3,0.0,0.0,0.0,0.0,0.0,0.0,2.0,0.0,0.3,0.3,0.0,0.3,0.0,5.0,5.0,0.0,0.0,0.0,0.0,0.0,0.12,0.02,0.14,0.12,0.14,5.0,1.0,20.0,2.15,0.43,0.0,0.0,19.8,0.0,0.06,-0.3,-0.3,47.0,74.0,63.5,604.0,159.0,32.0,43.0,74.4,11.0,19.0,57.9,1.0,2.0,50.0,0.0,0.0,1.0,3.0,0.0,0.0,73.0,0.0,0.0,0.0,0.0,0.0,0.0,0.0,0.0,0.0,0.0,1.0,1.0,8.0,3.44,5.0,0.0,0.0,2.0,0.0,1.0,1.0,0.43,1.0,0.0,0.0,0.0,0.0,0.0,8.0,5.0,3.0,3.0,2.0,1.0,4.0,25.0,3.0,4.0,1.0,3.0,2.0,10.0,10.0,0.0,108.0,10.0,30.0,49.0,29.0,5.0,108.0,2.0,1.0,50.0,1.0,50.0,37.0,112.0,46.0,1.0,0.0,3.0,3.0,48.0,0.0,6.0,2.0,0.0,0.0,0.0,0.0,14.0,10.0,10.0,50.0,,,,,,,,,,,,,,,,,,,,,,,,,,,,,,,,,,,,,,,,,,19.0,8.0,64.0,0.0,9.0,9.0,15.0,1.18,1.0,6.0,-5.0,-2.15,-1.74,1.4,5.9,-4.5,-1.92,-1.88
279,2023-2024,Premier-League,Mateo Kovačić,hr CRO,MF,Manchester City,29-317,1994.0,20.0,10.0,971.0,10.8,0.0,0.0,0.0,0.0,0.0,0.0,3.0,0.0,0.8,0.8,1.2,1.9,28.0,70.0,27.0,0.0,0.0,0.0,0.0,0.0,0.07,0.11,0.18,0.07,0.18,13.0,3.0,23.1,1.2,0.28,0.0,0.0,21.6,0.0,0.06,-0.8,-0.8,850.0,909.0,93.5,12071.0,2465.0,498.0,513.0,97.1,295.0,317.0,93.1,26.0,33.0,78.8,1.4,-1.2,12.0,78.0,11.0,0.0,884.0,24.0,14.0,3.0,0.0,0.0,2.0,1.0,0.0,0.0,0.0,1.0,6.0,36.0,3.34,30.0,0.0,1.0,4.0,1.0,0.0,4.0,0.37,3.0,0.0,0.0,1.0,0.0,0.0,21.0,16.0,11.0,8.0,2.0,11.0,17.0,64.7,6.0,13.0,0.0,13.0,3.0,24.0,8.0,0.0,1006.0,16.0,114.0,644.0,254.0,5.0,1006.0,23.0,14.0,60.9,6.0,26.1,698.0,3835.0,1751.0,34.0,0.0,8.0,16.0,858.0,0.0,12.0,13.0,0.0,0.0,0.0,0.0,48.0,3.0,2.0,60.0,,,,,,,,,,,,,,,,,,,,,,,,,,,,,,,,,,,,,,,,,,49.0,38.5,80.0,3.0,10.0,17.0,4.0,2.25,25.0,11.0,14.0,1.3,0.08,19.7,9.7,10.0,0.93,-0.18
280,2023-2024,Premier-League,Emil Krafth,se SWE,DF,Newcastle Utd,29-229,1994.0,7.0,0.0,108.0,1.2,0.0,0.0,0.0,0.0,0.0,0.0,0.0,0.0,0.1,0.1,0.5,0.6,3.0,12.0,17.0,0.0,0.0,0.0,0.0,0.0,0.05,0.42,0.47,0.05,0.47,1.0,0.0,0.0,0.83,0.0,0.0,0.0,20.0,0.0,0.06,-0.1,-0.1,103.0,116.0,88.8,1508.0,594.0,58.0,60.0,96.7,42.0,47.0,89.4,2.0,5.0,40.0,0.4,-0.5,4.0,8.0,7.0,4.0,100.0,16.0,1.0,0.0,0.0,7.0,14.0,1.0,0.0,0.0,0.0,0.0,1.0,8.0,6.67,7.0,0.0,0.0,0.0,1.0,0.0,1.0,0.83,1.0,0.0,0.0,0.0,0.0,0.0,4.0,3.0,2.0,1.0,1.0,4.0,4.0,100.0,0.0,0.0,0.0,0.0,0.0,4.0,1.0,0.0,125.0,1.0,23.0,49.0,54.0,2.0,125.0,3.0,2.0,66.7,0.0,0.0,69.0,300.0,153.0,1.0,0.0,0.0,1.0,95.0,0.0,1.0,2.0,0.0,0.0,0.0,0.0,4.0,0.0,2.0,0.0,,,,,,,,,,,,,,,,,,,,,,,,,,,,,,,,,,,,,,,,,,15.0,4.3,0.0,0.0,7.0,15.0,11.0,1.29,5.0,2.0,3.0,2.5,2.2,4.2,2.1,2.1,1.75,1.75
281,2023-2024,Premier-League,Dejan Kulusevski,se SWE,"FW,MF",Tottenham,23-328,2000.0,26.0,25.0,2208.0,24.5,6.0,3.0,9.0,6.0,0.0,0.0,6.0,0.0,3.5,3.5,6.2,9.7,126.0,117.0,309.0,0.24,0.12,0.37,0.24,0.37,0.14,0.25,0.39,0.14,0.39,44.0,17.0,38.6,1.79,0.69,0.14,0.35,15.9,0.0,0.08,2.5,2.5,761.0,985.0,77.3,10844.0,2864.0,479.0,547.0,87.6,226.0,293.0,77.1,34.0,59.0,57.6,5.8,-3.2,53.0,39.0,60.0,13.0,939.0,39.0,6.0,12.0,6.0,68.0,6.0,22.0,6.0,0.0,0.0,7.0,48.0,106.0,4.32,86.0,1.0,8.0,9.0,0.0,2.0,8.0,0.33,6.0,0.0,1.0,0.0,0.0,1.0,47.0,24.0,15.0,16.0,16.0,18.0,49.0,36.7,31.0,16.0,1.0,15.0,12.0,59.0,2.0,1.0,1294.0,7.0,131.0,386.0,802.0,189.0,1294.0,107.0,43.0,40.2,56.0,52.3,926.0,6186.0,3118.0,51.0,70.0,68.0,47.0,967.0,0.0,42.0,18.0,10.0,0.0,1.0,0.0,108.0,5.0,10.0,33.3,,,,,,,,,,,,,,,,,,,,,,,,,,,,,,,,,,,,,,,,,,85.0,87.6,87.0,18.0,1.0,27.0,0.0,1.88,51.0,33.0,18.0,0.73,1.02,43.6,39.3,4.3,0.17,0.58
282,2023-2024,Premier-League,Adam Lallana,eng ENG,MF,Brighton,35-313,1988.0,20.0,10.0,664.0,7.4,0.0,1.0,1.0,0.0,0.0,0.0,2.0,0.0,0.3,0.3,1.6,1.9,6.0,29.0,44.0,0.0,0.14,0.14,0.0,0.14,0.04,0.21,0.25,0.04,0.25,5.0,2.0,40.0,0.68,0.27,0.0,0.0,18.2,0.0,0.06,-0.3,-0.3,360.0,400.0,90.0,3946.0,827.0,257.0,275.0,93.5,62.0,70.0,88.6,6.0,6.0,100.0,1.7,-0.6,12.0,16.0,10.0,1.0,387.0,10.0,2.0,2.0,0.0,3.0,0.0,4.0,0.0,0.0,0.0,3.0,6.0,19.0,2.57,18.0,0.0,0.0,0.0,1.0,0.0,1.0,0.14,1.0,0.0,0.0,0.0,0.0,0.0,7.0,2.0,3.0,4.0,0.0,0.0,3.0,0.0,3.0,2.0,1.0,1.0,2.0,9.0,1.0,0.0,450.0,4.0,62.0,222.0,169.0,31.0,450.0,10.0,3.0,30.0,6.0,60.0,286.0,1055.0,360.0,10.0,2.0,11.0,13.0,384.0,0.0,8.0,11.0,2.0,0.0,0.0,0.0,19.0,3.0,5.0,37.5,,,,,,,,,,,,,,,,,,,,,,,,,,,,,,,,,,,,,,,,,,33.0,26.3,53.0,0.0,10.0,13.0,4.0,1.45,11.0,10.0,1.0,0.14,-0.11,8.3,9.7,-1.4,-0.19,-0.59
283,2023-2024,Premier-League,Tariq Lamptey,gh GHA,"DF,FW",Brighton,23-170,2000.0,13.0,7.0,593.0,6.6,0.0,3.0,3.0,0.0,0.0,0.0,3.0,0.0,0.4,0.4,0.6,1.0,26.0,14.0,47.0,0.0,0.46,0.46,0.0,0.46,0.06,0.09,0.15,0.06,0.15,5.0,0.0,0.0,0.76,0.0,0.0,0.0,19.1,0.0,0.08,-0.4,-0.4,276.0,331.0,83.4,4004.0,626.0,154.0,172.0,89.5,97.0,119.0,81.5,12.0,19.0,63.2,0.4,2.4,5.0,6.0,6.0,2.0,294.0,35.0,1.0,0.0,0.0,20.0,34.0,0.0,0.0,0.0,0.0,2.0,5.0,9.0,1.37,8.0,0.0,1.0,0.0,0.0,0.0,3.0,0.46,3.0,0.0,0.0,0.0,0.0,0.0,10.0,8.0,6.0,3.0,1.0,4.0,12.0,33.3,8.0,4.0,2.0,2.0,5.0,15.0,2.0,0.0,388.0,11.0,70.0,175.0,146.0,17.0,388.0,13.0,6.0,46.2,6.0,46.2,263.0,1524.0,928.0,12.0,10.0,15.0,2.0,279.0,0.0,7.0,12.0,2.0,0.0,0.0,0.0,22.0,3.0,3.0,50.0,,,,,,,,,,,,,,,,,,,,,,,,,,,,,,,,,,,,,,,,,,46.0,23.5,61.0,0.0,6.0,28.0,0.0,1.77,11.0,11.0,0.0,0.0,-0.28,8.4,5.7,2.7,0.41,0.21
284,2023-2024,Premier-League,Aymeric Laporte,es ESP,DF,Manchester City,29-296,1994.0,1.0,0.0,12.0,0.1,0.0,0.0,0.0,0.0,0.0,0.0,0.0,0.0,0.0,0.0,0.0,0.0,0.0,0.0,0.0,0.0,0.0,0.0,0.0,0.0,0.27,0.0,0.27,0.27,0.27,1.0,1.0,100.0,7.5,7.5,0.0,0.0,10.8,0.0,0.04,0.0,0.0,11.0,11.0,100.0,202.0,48.0,4.0,4.0,100.0,7.0,7.0,100.0,0.0,0.0,0.0,0.0,0.0,0.0,0.0,0.0,0.0,11.0,0.0,0.0,0.0,0.0,0.0,0.0,0.0,0.0,0.0,0.0,0.0,0.0,0.0,0.0,0.0,0.0,0.0,0.0,0.0,0.0,0.0,0.0,0.0,0.0,0.0,0.0,0.0,0.0,0.0,0.0,0.0,0.0,0.0,0.0,0.0,0.0,0.0,1.0,1.0,0.0,0.0,0.0,1.0,0.0,14.0,2.0,7.0,6.0,1.0,1.0,14.0,0.0,0.0,0.0,0.0,0.0,10.0,23.0,1.0,0.0,0.0,0.0,0.0,10.0,0.0,0.0,0.0,0.0,0.0,0.0,0.0,2.0,0.0,0.0,0.0,,,,,,,,,,,,,,,,,,,,,,,,,,,,,,,,,,,,,,,,,,12.0,0.5,0.0,0.0,1.0,12.0,0.0,3.0,0.0,0.0,0.0,0.0,-1.26,0.1,0.1,0.1,0.57,-0.47
285,2023-2024,Premier-League,Yasser Larouci,dz ALG,DF,Sheffield Utd,23-077,2001.0,9.0,4.0,421.0,4.7,0.0,0.0,0.0,0.0,0.0,0.0,1.0,0.0,0.2,0.2,0.3,0.4,14.0,12.0,9.0,0.0,0.0,0.0,0.0,0.0,0.04,0.05,0.09,0.04,0.09,5.0,1.0,20.0,1.07,0.21,0.0,0.0,20.5,0.0,0.04,-0.2,-0.2,104.0,143.0,72.7,1578.0,597.0,57.0,65.0,87.7,38.0,47.0,80.9,5.0,13.0,38.5,0.0,-0.3,1.0,10.0,0.0,0.0,131.0,11.0,0.0,0.0,0.0,4.0,11.0,0.0,0.0,0.0,0.0,1.0,12.0,7.0,1.5,4.0,1.0,1.0,1.0,0.0,0.0,0.0,0.0,0.0,0.0,0.0,0.0,0.0,0.0,15.0,7.0,8.0,5.0,2.0,8.0,11.0,72.7,3.0,5.0,1.0,4.0,7.0,22.0,18.0,1.0,211.0,26.0,81.0,94.0,42.0,6.0,211.0,13.0,8.0,61.5,5.0,38.5,104.0,894.0,554.0,10.0,4.0,1.0,3.0,104.0,0.0,5.0,4.0,1.0,0.0,0.0,0.0,25.0,1.0,3.0,25.0,,,,,,,,,,,,,,,,,,,,,,,,,,,,,,,,,,,,,,,,,,47.0,16.7,64.0,0.0,5.0,33.0,15.0,0.22,5.0,10.0,-5.0,-1.07,0.86,3.2,11.0,-7.8,-1.67,-0.63
286,2023-2024,Premier-League,Jamaal Lascelles,eng ENG,DF,Newcastle Utd,30-128,1993.0,15.0,12.0,1064.0,11.8,1.0,0.0,1.0,1.0,0.0,0.0,4.0,0.0,0.7,0.7,0.1,0.8,8.0,31.0,3.0,0.08,0.0,0.08,0.08,0.08,0.06,0.01,0.07,0.06,0.07,6.0,1.0,16.7,0.51,0.08,0.17,1.0,9.3,0.0,0.12,0.3,0.3,668.0,771.0,86.6,11597.0,3694.0,252.0,275.0,91.6,382.0,418.0,91.4,29.0,61.0,47.5,0.1,-0.1,2.0,38.0,1.0,0.0,761.0,8.0,6.0,0.0,3.0,1.0,2.0,0.0,0.0,0.0,0.0,2.0,5.0,8.0,0.68,7.0,0.0,0.0,0.0,1.0,0.0,0.0,0.0,0.0,0.0,0.0,0.0,0.0,0.0,14.0,9.0,7.0,7.0,0.0,6.0,10.0,60.0,4.0,17.0,12.0,5.0,4.0,18.0,42.0,0.0,868.0,101.0,395.0,435.0,41.0,20.0,868.0,3.0,1.0,33.3,1.0,33.3,516.0,2478.0,1454.0,5.0,0.0,2.0,4.0,632.0,0.0,17.0,2.0,1.0,0.0,0.0,0.0,53.0,47.0,24.0,66.2,,,,,,,,,,,,,,,,,,,,,,,,,,,,,,,,,,,,,,,,,,71.0,42.2,85.0,9.0,3.0,15.0,10.0,1.33,22.0,15.0,7.0,0.59,0.34,23.7,17.5,6.2,0.53,0.79
287,2023-2024,Premier-League,Roméo Lavia,be BEL,MF,Chelsea,20-072,2004.0,1.0,0.0,33.0,0.4,0.0,0.0,0.0,0.0,0.0,0.0,0.0,0.0,0.0,0.0,0.0,0.0,0.0,1.0,0.0,0.0,0.0,0.0,0.0,0.0,0.0,0.0,0.0,0.0,0.0,0.0,0.0,0.0,0.0,0.0,0.0,0.0,0.0,0.0,0.0,0.0,0.0,22.0,27.0,81.5,350.0,51.0,9.0,10.0,90.0,13.0,14.0,92.9,0.0,1.0,0.0,0.0,0.0,0.0,4.0,0.0,0.0,27.0,0.0,0.0,0.0,0.0,0.0,0.0,0.0,0.0,0.0,0.0,0.0,2.0,0.0,0.0,0.0,0.0,0.0,0.0,0.0,0.0,0.0,0.0,0.0,0.0,0.0,0.0,0.0,0.0,1.0,0.0,0.0,1.0,0.0,0.0,0.0,0.0,0.0,0.0,0.0,0.0,0.0,1.0,1.0,0.0,30.0,1.0,2.0,26.0,2.0,0.0,30.0,0.0,0.0,0.0,0.0,0.0,22.0,83.0,40.0,0.0,0.0,0.0,0.0,26.0,0.0,1.0,1.0,0.0,0.0,0.0,0.0,0.0,0.0,0.0,0.0,,,,,,,,,,,,,,,,,,,,,,,,,,,,,,,,,,,,,,,,,,33.0,1.4,0.0,0.0,1.0,33.0,1.0,3.0,1.0,0.0,1.0,2.73,2.69,1.6,0.3,1.3,3.63,3.31
288,2023-2024,Premier-League,Mario Lemina,ga GAB,MF,Wolves,30-199,1993.0,25.0,25.0,2179.0,24.2,4.0,0.0,4.0,4.0,0.0,0.0,10.0,1.0,4.1,4.1,0.8,4.8,25.0,58.0,39.0,0.17,0.0,0.17,0.17,0.17,0.17,0.03,0.2,0.17,0.2,36.0,13.0,36.1,1.49,0.54,0.11,0.31,15.7,0.0,0.11,-0.1,-0.1,836.0,992.0,84.3,13136.0,3466.0,462.0,514.0,89.9,293.0,345.0,84.9,61.0,92.0,66.3,0.7,-0.8,12.0,44.0,4.0,1.0,974.0,13.0,7.0,5.0,6.0,11.0,5.0,0.0,0.0,0.0,0.0,5.0,7.0,37.0,1.53,32.0,0.0,0.0,4.0,1.0,0.0,4.0,0.17,3.0,0.0,0.0,0.0,1.0,0.0,68.0,47.0,36.0,23.0,9.0,15.0,31.0,48.4,16.0,24.0,5.0,19.0,35.0,103.0,55.0,0.0,1257.0,93.0,374.0,651.0,254.0,42.0,1257.0,30.0,16.0,53.3,13.0,43.3,651.0,3233.0,1467.0,23.0,1.0,25.0,17.0,802.0,1.0,32.0,15.0,6.0,0.0,0.0,0.0,158.0,28.0,28.0,50.0,,,,,,,,,,,,,,,,,,,,,,,,,,,,,,,,,,,,,,,,,,87.0,86.5,87.0,19.0,0.0,0.0,0.0,1.4,36.0,38.0,-2.0,-0.08,-0.08,31.9,41.5,-9.6,-0.4,-0.22
289,2023-2024,Premier-League,Clément Lenglet,fr FRA,DF,Aston Villa,28-275,1995.0,11.0,11.0,928.0,10.3,0.0,1.0,1.0,0.0,0.0,0.0,2.0,0.0,0.8,0.8,0.8,1.5,26.0,49.0,1.0,0.0,0.1,0.1,0.0,0.1,0.08,0.07,0.15,0.08,0.15,6.0,1.0,16.7,0.58,0.1,0.0,0.0,11.8,0.0,0.13,-0.8,-0.8,669.0,752.0,89.0,12575.0,4112.0,243.0,259.0,93.8,355.0,380.0,93.4,64.0,101.0,63.4,0.5,0.2,2.0,30.0,3.0,0.0,708.0,44.0,31.0,0.0,7.0,3.0,3.0,0.0,0.0,0.0,0.0,0.0,1.0,14.0,1.36,10.0,1.0,0.0,3.0,0.0,0.0,1.0,0.1,1.0,0.0,0.0,0.0,0.0,0.0,8.0,7.0,5.0,3.0,0.0,5.0,8.0,62.5,3.0,15.0,7.0,8.0,5.0,13.0,39.0,0.0,829.0,118.0,385.0,395.0,53.0,9.0,829.0,8.0,3.0,37.5,2.0,25.0,594.0,3696.0,2445.0,16.0,0.0,1.0,1.0,643.0,0.0,3.0,9.0,0.0,0.0,0.0,0.0,27.0,15.0,11.0,57.7,,,,,,,,,,,,,,,,,,,,,,,,,,,,,,,,,,,,,,,,,,84.0,36.8,84.0,9.0,0.0,0.0,14.0,1.55,21.0,17.0,4.0,0.39,-0.4,18.7,16.4,2.3,0.22,-0.28
290,2023-2024,Premier-League,Bernd Leno,de GER,GK,Fulham,32-014,1992.0,29.0,29.0,2610.0,29.0,0.0,0.0,0.0,0.0,0.0,0.0,3.0,0.0,0.0,0.0,0.0,0.0,0.0,0.0,0.0,0.0,0.0,0.0,0.0,0.0,0.0,0.0,0.0,0.0,0.0,0.0,0.0,0.0,0.0,0.0,0.0,0.0,0.0,0.0,0.0,0.0,0.0,928.0,1188.0,78.1,22800.0,13733.0,169.0,169.0,100.0,573.0,576.0,99.5,184.0,437.0,42.1,0.0,0.0,0.0,18.0,0.0,0.0,964.0,220.0,80.0,0.0,2.0,0.0,0.0,0.0,0.0,0.0,0.0,4.0,0.0,1.0,0.03,1.0,0.0,0.0,0.0,0.0,0.0,0.0,0.0,0.0,0.0,0.0,0.0,0.0,0.0,0.0,0.0,0.0,0.0,0.0,0.0,0.0,0.0,0.0,0.0,0.0,0.0,0.0,0.0,12.0,1.0,1248.0,932.0,1239.0,9.0,0.0,0.0,1248.0,0.0,0.0,0.0,0.0,0.0,786.0,3553.0,1956.0,0.0,0.0,1.0,0.0,709.0,0.0,0.0,3.0,0.0,0.0,0.0,1.0,45.0,8.0,1.0,88.9,29.0,29.0,2610.0,44.0,1.52,145.0,105.0,73.8,11.0,5.0,13.0,8.0,27.6,6.0,6.0,0.0,0.0,0.0,0.0,2.0,4.0,42.4,0.26,2.4,0.08,114.0,351.0,32.5,1044.0,119.0,24.9,29.2,140.0,65.0,49.0,354.0,13.0,3.7,30.0,1.03,14.2,90.0,100.0,90.0,29.0,0.0,0.0,0.0,1.31,43.0,44.0,-1.0,-0.03,0.0,39.2,49.7,-10.5,-0.36,0.0
291,2023-2024,Premier-League,Jefferson Lerma,co COL,MF,Crystal Palace,29-145,1994.0,23.0,23.0,2025.0,22.5,1.0,1.0,2.0,1.0,0.0,0.0,7.0,0.0,2.6,2.6,2.2,4.7,13.0,91.0,48.0,0.04,0.04,0.09,0.04,0.09,0.12,0.1,0.21,0.12,0.21,32.0,9.0,28.1,1.42,0.4,0.03,0.11,19.1,0.0,0.08,-1.6,-1.6,847.0,1044.0,81.1,13041.0,4071.0,464.0,530.0,87.5,299.0,366.0,81.7,57.0,91.0,62.6,1.9,-1.2,23.0,97.0,19.0,3.0,1013.0,28.0,22.0,8.0,11.0,13.0,6.0,0.0,0.0,0.0,0.0,3.0,19.0,50.0,2.22,44.0,0.0,1.0,3.0,1.0,1.0,3.0,0.13,3.0,0.0,0.0,0.0,0.0,0.0,33.0,18.0,9.0,20.0,4.0,12.0,30.0,40.0,18.0,26.0,9.0,17.0,27.0,60.0,48.0,0.0,1253.0,60.0,300.0,695.0,269.0,39.0,1253.0,16.0,9.0,56.3,5.0,31.3,618.0,2472.0,1145.0,13.0,2.0,21.0,13.0,751.0,0.0,37.0,22.0,4.0,0.0,0.0,0.0,147.0,61.0,29.0,67.8,,,,,,,,,,,,,,,,,,,,,,,,,,,,,,,,,,,,,,,,,,88.0,80.4,88.0,18.0,0.0,0.0,0.0,1.0,28.0,40.0,-12.0,-0.53,0.01,27.1,30.9,-3.9,-0.17,0.38
292,2023-2024,Premier-League,Rico Lewis,eng ENG,"MF,DF",Manchester City,19-118,2004.0,10.0,5.0,454.0,5.0,1.0,0.0,1.0,1.0,0.0,0.0,1.0,0.0,0.3,0.3,0.5,0.8,6.0,12.0,17.0,0.2,0.0,0.2,0.2,0.2,0.06,0.09,0.15,0.06,0.15,2.0,2.0,100.0,0.4,0.4,0.5,0.5,16.5,0.0,0.16,0.7,0.7,239.0,266.0,89.8,3374.0,456.0,144.0,151.0,95.4,84.0,90.0,93.3,6.0,12.0,50.0,0.4,-0.5,5.0,12.0,2.0,0.0,251.0,15.0,2.0,0.0,0.0,0.0,13.0,0.0,0.0,0.0,0.0,0.0,5.0,6.0,1.19,6.0,0.0,0.0,0.0,0.0,0.0,0.0,0.0,0.0,0.0,0.0,0.0,0.0,0.0,5.0,3.0,3.0,1.0,1.0,1.0,3.0,33.3,2.0,4.0,1.0,3.0,4.0,9.0,3.0,0.0,300.0,6.0,62.0,151.0,90.0,11.0,300.0,6.0,2.0,33.3,4.0,66.7,169.0,730.0,353.0,11.0,0.0,0.0,8.0,226.0,0.0,4.0,9.0,0.0,0.0,0.0,0.0,26.0,0.0,5.0,0.0,,,,,,,,,,,,,,,,,,,,,,,,,,,,,,,,,,,,,,,,,,45.0,18.0,78.0,1.0,5.0,13.0,18.0,2.0,12.0,5.0,7.0,1.39,0.17,8.1,6.0,2.0,0.4,-0.78
293,2023-2024,Premier-League,Keane Lewis-Potter,eng ENG,"FW,DF",Brentford,23-025,2001.0,22.0,10.0,1036.0,11.5,2.0,1.0,3.0,2.0,0.0,0.0,0.0,0.0,3.3,3.3,1.3,4.6,36.0,27.0,100.0,0.17,0.09,0.26,0.17,0.26,0.29,0.11,0.4,0.29,0.4,27.0,11.0,40.7,2.35,0.96,0.07,0.18,13.6,0.0,0.12,-1.3,-1.3,211.0,299.0,70.6,3194.0,791.0,116.0,150.0,77.3,71.0,94.0,75.5,16.0,37.0,43.2,1.3,-0.3,10.0,10.0,13.0,3.0,290.0,8.0,1.0,1.0,4.0,37.0,6.0,0.0,0.0,0.0,0.0,1.0,6.0,25.0,2.17,18.0,0.0,2.0,4.0,1.0,0.0,2.0,0.17,1.0,0.0,0.0,1.0,0.0,0.0,16.0,6.0,5.0,10.0,1.0,6.0,12.0,50.0,6.0,9.0,2.0,7.0,5.0,21.0,16.0,0.0,442.0,23.0,73.0,132.0,241.0,52.0,442.0,41.0,14.0,34.1,23.0,56.1,259.0,1954.0,1084.0,20.0,13.0,26.0,12.0,304.0,0.0,6.0,13.0,3.0,0.0,0.0,0.0,40.0,9.0,16.0,36.0,,,,,,,,,,,,,,,,,,,,,,,,,,,,,,,,,,,,,,,,,,47.0,39.7,81.0,2.0,12.0,19.0,2.0,0.68,19.0,28.0,-9.0,-0.78,-0.55,18.6,17.9,0.7,0.06,0.11
294,2023-2024,Premier-League,Victor Lindelöf,se SWE,DF,Manchester Utd,29-245,1994.0,18.0,13.0,1260.0,14.0,1.0,1.0,2.0,1.0,0.0,0.0,2.0,0.0,0.8,0.8,0.3,1.1,16.0,36.0,17.0,0.07,0.07,0.14,0.07,0.14,0.05,0.02,0.08,0.05,0.08,6.0,4.0,66.7,0.43,0.29,0.17,0.25,10.4,0.0,0.13,0.2,0.2,794.0,892.0,89.0,12779.0,3507.0,377.0,413.0,91.3,345.0,375.0,92.0,48.0,69.0,69.6,0.4,0.7,8.0,58.0,3.0,0.0,820.0,72.0,8.0,2.0,5.0,1.0,50.0,0.0,0.0,0.0,0.0,0.0,7.0,18.0,1.28,18.0,0.0,0.0,0.0,0.0,0.0,3.0,0.21,3.0,0.0,0.0,0.0,0.0,0.0,14.0,9.0,7.0,7.0,0.0,5.0,12.0,41.7,7.0,15.0,8.0,7.0,11.0,25.0,34.0,1.0,989.0,90.0,444.0,438.0,112.0,15.0,989.0,1.0,1.0,100.0,0.0,0.0,596.0,2982.0,1557.0,14.0,0.0,3.0,3.0,682.0,0.0,14.0,2.0,3.0,0.0,0.0,0.0,71.0,13.0,23.0,36.1,,,,,,,,,,,,,,,,,,,,,,,,,,,,,,,,,,,,,,,,,,70.0,50.0,83.0,7.0,5.0,37.0,2.0,2.0,18.0,16.0,2.0,0.14,0.29,24.4,23.8,0.5,0.04,0.38
295,2023-2024,Premier-League,Valentino Livramento,eng ENG,DF,Newcastle Utd,21-127,2002.0,21.0,8.0,975.0,10.8,1.0,0.0,1.0,1.0,0.0,0.0,1.0,0.0,0.3,0.3,0.4,0.7,32.0,34.0,53.0,0.09,0.0,0.09,0.09,0.09,0.02,0.04,0.06,0.02,0.06,3.0,1.0,33.3,0.28,0.09,0.33,1.0,13.1,0.0,0.09,0.7,0.7,459.0,532.0,86.3,6647.0,1846.0,282.0,304.0,92.8,148.0,171.0,86.5,19.0,34.0,55.9,0.5,-0.4,6.0,29.0,13.0,3.0,449.0,83.0,4.0,0.0,0.0,17.0,79.0,0.0,0.0,0.0,0.0,0.0,10.0,23.0,2.13,18.0,0.0,2.0,0.0,2.0,1.0,3.0,0.28,2.0,0.0,1.0,0.0,0.0,0.0,16.0,8.0,11.0,4.0,1.0,7.0,16.0,43.8,9.0,11.0,5.0,6.0,19.0,35.0,30.0,0.0,647.0,46.0,218.0,281.0,159.0,16.0,647.0,25.0,14.0,56.0,7.0,28.0,338.0,2202.0,1066.0,16.0,7.0,12.0,12.0,386.0,0.0,3.0,24.0,1.0,0.0,0.0,0.0,60.0,11.0,4.0,73.3,,,,,,,,,,,,,,,,,,,,,,,,,,,,,,,,,,,,,,,,,,46.0,38.7,85.0,5.0,13.0,23.0,6.0,1.52,19.0,21.0,-2.0,-0.18,-0.94,19.3,23.5,-4.1,-0.38,-0.74
296,2023-2024,Premier-League,Giovani Lo Celso,ar ARG,MF,Tottenham,27-344,1996.0,13.0,4.0,424.0,4.7,2.0,2.0,4.0,2.0,0.0,0.0,1.0,0.0,0.4,0.4,0.9,1.3,21.0,52.0,23.0,0.42,0.42,0.85,0.42,0.85,0.09,0.19,0.28,0.09,0.28,9.0,5.0,55.6,1.91,1.06,0.22,0.4,22.0,0.0,0.05,1.6,1.6,342.0,383.0,89.3,4996.0,1451.0,191.0,205.0,93.2,115.0,125.0,92.0,21.0,29.0,72.4,1.0,1.1,12.0,34.0,10.0,1.0,361.0,19.0,16.0,2.0,0.0,6.0,2.0,1.0,1.0,0.0,0.0,3.0,6.0,17.0,3.6,14.0,2.0,0.0,1.0,0.0,0.0,3.0,0.64,3.0,0.0,0.0,0.0,0.0,0.0,16.0,8.0,6.0,7.0,3.0,7.0,10.0,70.0,3.0,3.0,1.0,2.0,4.0,20.0,2.0,0.0,432.0,9.0,67.0,231.0,142.0,14.0,432.0,12.0,7.0,58.3,2.0,16.7,275.0,1477.0,742.0,19.0,0.0,8.0,7.0,347.0,0.0,10.0,19.0,0.0,0.0,1.0,0.0,39.0,0.0,4.0,0.0,,,,,,,,,,,,,,,,,,,,,,,,,,,,,,,,,,,,,,,,,,33.0,16.8,78.0,0.0,9.0,13.0,6.0,1.46,10.0,10.0,0.0,0.0,-0.73,9.5,10.5,-1.0,-0.21,-0.38
297,2023-2024,Premier-League,Tom Lockyer,wls WAL,DF,Luton Town,29-106,1994.0,14.0,14.0,1169.0,13.0,1.0,1.0,2.0,1.0,0.0,0.0,4.0,0.0,1.1,1.1,0.6,1.7,6.0,37.0,2.0,0.08,0.08,0.15,0.08,0.15,0.08,0.05,0.13,0.08,0.13,7.0,1.0,14.3,0.54,0.08,0.14,1.0,8.5,0.0,0.15,-0.1,-0.1,301.0,422.0,71.3,6628.0,3120.0,81.0,104.0,77.9,158.0,189.0,83.6,57.0,113.0,50.4,0.3,0.4,3.0,37.0,4.0,0.0,401.0,20.0,17.0,1.0,5.0,1.0,2.0,0.0,0.0,0.0,0.0,1.0,7.0,10.0,0.77,9.0,0.0,0.0,0.0,0.0,1.0,1.0,0.08,1.0,0.0,0.0,0.0,0.0,0.0,25.0,16.0,17.0,6.0,2.0,15.0,22.0,68.2,7.0,23.0,13.0,10.0,23.0,48.0,68.0,0.0,586.0,108.0,316.0,242.0,32.0,18.0,586.0,6.0,4.0,66.7,2.0,33.3,269.0,1504.0,883.0,6.0,1.0,6.0,2.0,247.0,0.0,15.0,10.0,0.0,0.0,1.0,1.0,89.0,31.0,16.0,66.0,,,,,,,,,,,,,,,,,,,,,,,,,,,,,,,,,,,,,,,,,,84.0,44.8,84.0,10.0,0.0,0.0,0.0,0.64,12.0,23.0,-11.0,-0.85,-0.41,12.7,27.0,-14.3,-1.1,-0.48
298,2023-2024,Premier-League,Sean Longstaff,eng ENG,MF,Newcastle Utd,26-140,1997.0,25.0,20.0,1899.0,21.1,4.0,2.0,6.0,4.0,0.0,0.0,5.0,0.0,3.6,3.6,1.7,5.2,14.0,99.0,82.0,0.19,0.09,0.28,0.19,0.28,0.17,0.08,0.25,0.17,0.25,24.0,10.0,41.7,1.14,0.47,0.17,0.4,15.5,0.0,0.15,0.4,0.4,709.0,879.0,80.7,11038.0,3631.0,397.0,451.0,88.0,242.0,297.0,81.5,50.0,76.0,65.8,2.0,0.3,15.0,57.0,20.0,4.0,841.0,36.0,14.0,4.0,5.0,19.0,3.0,2.0,0.0,1.0,1.0,2.0,19.0,34.0,1.61,27.0,1.0,1.0,2.0,3.0,0.0,7.0,0.33,3.0,1.0,1.0,1.0,1.0,0.0,37.0,21.0,11.0,19.0,7.0,17.0,47.0,36.2,30.0,28.0,5.0,23.0,11.0,48.0,16.0,0.0,1079.0,32.0,233.0,577.0,274.0,51.0,1079.0,15.0,7.0,46.7,8.0,53.3,563.0,2183.0,947.0,13.0,3.0,26.0,27.0,765.0,0.0,12.0,30.0,2.0,0.0,0.0,0.0,96.0,9.0,15.0,37.5,,,,,,,,,,,,,,,,,,,,,,,,,,,,,,,,,,,,,,,,,,76.0,75.4,89.0,19.0,5.0,24.0,0.0,1.36,49.0,38.0,11.0,0.52,0.52,38.1,39.0,-1.0,-0.05,-0.47
299,2023-2024,Premier-League,Max Lowe,eng ENG,"DF,MF",Sheffield Utd,26-312,1997.0,8.0,3.0,399.0,4.4,0.0,0.0,0.0,0.0,0.0,0.0,1.0,0.0,0.6,0.6,0.7,1.3,4.0,9.0,7.0,0.0,0.0,0.0,0.0,0.0,0.13,0.16,0.29,0.13,0.29,2.0,0.0,0.0,0.45,0.0,0.0,0.0,10.4,0.0,0.29,-0.6,-0.6,62.0,96.0,64.6,945.0,389.0,39.0,51.0,76.5,17.0,31.0,54.8,6.0,10.0,60.0,0.1,-0.7,2.0,6.0,2.0,0.0,83.0,13.0,0.0,0.0,0.0,6.0,13.0,0.0,0.0,0.0,0.0,0.0,5.0,4.0,0.9,3.0,0.0,0.0,1.0,0.0,0.0,1.0,0.23,1.0,0.0,0.0,0.0,0.0,0.0,20.0,10.0,12.0,5.0,3.0,8.0,15.0,53.3,7.0,7.0,3.0,4.0,5.0,25.0,13.0,0.0,161.0,21.0,61.0,53.0,49.0,6.0,161.0,3.0,1.0,33.3,2.0,66.7,54.0,219.0,83.0,2.0,1.0,5.0,0.0,64.0,0.0,6.0,3.0,1.0,0.0,0.0,0.0,5.0,4.0,9.0,30.8,,,,,,,,,,,,,,,,,,,,,,,,,,,,,,,,,,,,,,,,,,50.0,15.8,71.0,1.0,5.0,37.0,3.0,0.88,6.0,9.0,-3.0,-0.68,1.32,5.6,8.5,-2.9,-0.66,0.57
300,2023-2024,Premier-League,Douglas Luiz,br BRA,MF,Aston Villa,25-314,1998.0,27.0,27.0,2328.0,25.9,9.0,5.0,14.0,5.0,4.0,4.0,7.0,0.0,6.6,3.5,4.2,7.6,50.0,145.0,42.0,0.35,0.19,0.54,0.19,0.39,0.26,0.16,0.42,0.13,0.29,41.0,12.0,29.3,1.59,0.46,0.12,0.42,23.6,5.0,0.08,2.4,1.5,1455.0,1694.0,85.9,25329.0,6505.0,655.0,702.0,93.3,618.0,698.0,88.5,144.0,227.0,63.4,4.3,0.8,43.0,116.0,35.0,7.0,1503.0,187.0,98.0,9.0,12.0,93.0,6.0,82.0,49.0,6.0,2.0,4.0,17.0,96.0,3.71,51.0,26.0,6.0,8.0,4.0,1.0,8.0,0.31,5.0,3.0,0.0,0.0,0.0,0.0,50.0,32.0,18.0,24.0,8.0,21.0,44.0,47.7,23.0,29.0,6.0,23.0,18.0,68.0,17.0,1.0,1909.0,67.0,407.0,1023.0,494.0,34.0,1905.0,38.0,20.0,52.6,12.0,31.6,1133.0,6012.0,2784.0,40.0,3.0,25.0,23.0,1325.0,0.0,35.0,32.0,0.0,0.0,0.0,0.0,152.0,21.0,15.0,58.3,,,,,,,,,,,,,,,,,,,,,,,,,,,,,,,,,,,,,,,,,,86.0,92.4,86.0,21.0,0.0,0.0,0.0,1.93,55.0,40.0,15.0,0.58,-0.83,48.3,37.6,10.7,0.42,0.23
301,2023-2024,Premier-League,Saša Lukić,rs SRB,MF,Fulham,27-218,1996.0,17.0,8.0,724.0,8.0,1.0,0.0,1.0,1.0,0.0,0.0,2.0,0.0,1.3,1.3,0.3,1.6,6.0,27.0,14.0,0.12,0.0,0.12,0.12,0.12,0.16,0.04,0.2,0.16,0.2,9.0,3.0,33.3,1.12,0.37,0.11,0.33,18.0,0.0,0.14,-0.3,-0.3,286.0,335.0,85.4,4598.0,1103.0,136.0,153.0,88.9,132.0,146.0,90.4,14.0,21.0,66.7,0.3,-0.3,5.0,20.0,3.0,0.0,319.0,13.0,11.0,3.0,1.0,3.0,0.0,0.0,0.0,0.0,0.0,3.0,4.0,17.0,2.11,12.0,0.0,0.0,4.0,0.0,1.0,0.0,0.0,0.0,0.0,0.0,0.0,0.0,0.0,22.0,13.0,5.0,12.0,5.0,12.0,28.0,42.9,16.0,9.0,3.0,6.0,10.0,32.0,9.0,1.0,417.0,22.0,113.0,243.0,68.0,10.0,417.0,6.0,4.0,66.7,2.0,33.3,245.0,1176.0,522.0,10.0,0.0,9.0,7.0,260.0,0.0,15.0,5.0,0.0,0.0,0.0,0.0,33.0,5.0,5.0,50.0,,,,,,,,,,,,,,,,,,,,,,,,,,,,,,,,,,,,,,,,,,43.0,27.7,81.0,3.0,9.0,9.0,9.0,1.18,10.0,12.0,-2.0,-0.25,-0.3,10.1,17.7,-7.6,-0.94,-0.8
302,2023-2024,Premier-League,Ian Maatsen,nl NED,"FW,MF",Chelsea,22-008,2002.0,12.0,1.0,209.0,2.3,0.0,0.0,0.0,0.0,0.0,0.0,1.0,0.0,0.8,0.8,0.1,0.9,9.0,8.0,15.0,0.0,0.0,0.0,0.0,0.0,0.35,0.04,0.39,0.35,0.39,5.0,0.0,0.0,2.15,0.0,0.0,0.0,17.1,0.0,0.16,-0.8,-0.8,97.0,138.0,70.3,1316.0,400.0,60.0,73.0,82.2,26.0,46.0,56.5,4.0,8.0,50.0,0.2,-0.1,2.0,6.0,2.0,1.0,126.0,12.0,0.0,1.0,0.0,8.0,11.0,1.0,0.0,1.0,0.0,0.0,1.0,5.0,2.15,3.0,1.0,0.0,1.0,0.0,0.0,0.0,0.0,0.0,0.0,0.0,0.0,0.0,0.0,3.0,2.0,1.0,1.0,1.0,0.0,4.0,0.0,4.0,4.0,0.0,4.0,3.0,6.0,10.0,0.0,179.0,7.0,49.0,56.0,75.0,8.0,179.0,4.0,0.0,0.0,4.0,100.0,100.0,555.0,315.0,5.0,2.0,8.0,7.0,117.0,0.0,5.0,1.0,0.0,0.0,0.0,0.0,11.0,3.0,5.0,37.5,,,,,,,,,,,,,,,,,,,,,,,,,,,,,,,,,,,,,,,,,,17.0,8.6,57.0,0.0,11.0,14.0,8.0,1.67,2.0,5.0,-3.0,-1.29,-1.49,4.5,5.2,-0.6,-0.28,-0.7
303,2023-2024,Premier-League,Alexis Mac Allister,ar ARG,MF,Liverpool,25-085,1998.0,23.0,22.0,1809.0,20.1,3.0,4.0,7.0,2.0,1.0,1.0,5.0,1.0,2.0,1.2,2.0,3.3,25.0,132.0,24.0,0.15,0.2,0.35,0.1,0.3,0.1,0.1,0.2,0.06,0.16,23.0,5.0,21.7,1.14,0.25,0.09,0.4,25.8,0.0,0.05,1.0,0.8,1160.0,1341.0,86.5,18049.0,5182.0,596.0,654.0,91.1,455.0,499.0,91.2,66.0,112.0,58.9,3.1,2.0,27.0,103.0,19.0,1.0,1292.0,46.0,29.0,11.0,8.0,21.0,1.0,10.0,2.0,8.0,0.0,3.0,22.0,66.0,3.28,53.0,4.0,3.0,1.0,3.0,2.0,11.0,0.55,9.0,1.0,1.0,0.0,0.0,0.0,64.0,37.0,21.0,35.0,8.0,42.0,89.0,47.2,47.0,51.0,5.0,46.0,27.0,91.0,14.0,0.0,1577.0,47.0,288.0,975.0,329.0,15.0,1576.0,28.0,16.0,57.1,9.0,32.1,934.0,3935.0,2056.0,34.0,2.0,19.0,22.0,1112.0,0.0,36.0,36.0,0.0,0.0,0.0,0.0,136.0,16.0,19.0,45.7,,,,,,,,,,,,,,,,,,,,,,,,,,,,,,,,,,,,,,,,,,79.0,71.8,82.0,10.0,1.0,16.0,0.0,2.3,44.0,21.0,23.0,1.14,-0.88,42.9,24.6,18.3,0.91,-0.33
304,2023-2024,Premier-League,James Maddison,eng ENG,MF,Tottenham,27-116,1996.0,18.0,18.0,1460.0,16.2,4.0,7.0,11.0,4.0,0.0,0.0,3.0,0.0,4.2,4.2,4.0,8.2,42.0,153.0,101.0,0.25,0.43,0.68,0.25,0.68,0.26,0.25,0.5,0.26,0.5,40.0,19.0,47.5,2.47,1.17,0.1,0.21,18.9,2.0,0.1,-0.2,-0.2,786.0,989.0,79.5,12884.0,4297.0,401.0,439.0,91.3,305.0,380.0,80.3,62.0,121.0,51.2,4.6,3.0,44.0,93.0,44.0,1.0,866.0,115.0,46.0,12.0,5.0,90.0,6.0,62.0,32.0,19.0,0.0,8.0,13.0,114.0,7.03,74.0,16.0,7.0,6.0,8.0,3.0,15.0,0.92,9.0,1.0,2.0,1.0,1.0,1.0,24.0,12.0,3.0,12.0,9.0,12.0,23.0,52.2,11.0,11.0,2.0,9.0,9.0,33.0,7.0,1.0,1156.0,17.0,100.0,507.0,557.0,73.0,1156.0,58.0,23.0,39.7,24.0,41.4,833.0,4271.0,1766.0,39.0,20.0,23.0,25.0,942.0,0.0,14.0,51.0,2.0,0.0,0.0,0.0,37.0,1.0,6.0,14.3,,,,,,,,,,,,,,,,,,,,,,,,,,,,,,,,,,,,,,,,,,81.0,57.9,81.0,4.0,0.0,0.0,0.0,2.17,34.0,18.0,16.0,0.99,0.9,26.8,21.2,5.6,0.34,0.57
305,2023-2024,Premier-League,Noni Madueke,eng ENG,FW,Chelsea,22-008,2002.0,12.0,4.0,349.0,3.9,2.0,0.0,2.0,1.0,1.0,1.0,1.0,0.0,1.2,0.4,0.6,1.0,29.0,16.0,54.0,0.52,0.0,0.52,0.26,0.26,0.3,0.15,0.46,0.1,0.25,9.0,3.0,33.3,2.32,0.77,0.11,0.33,19.0,0.0,0.04,0.8,0.6,151.0,188.0,80.3,1872.0,386.0,104.0,118.0,88.1,38.0,49.0,77.6,1.0,4.0,25.0,0.6,-0.6,7.0,4.0,5.0,1.0,181.0,5.0,1.0,0.0,0.0,13.0,2.0,2.0,1.0,0.0,0.0,2.0,1.0,16.0,4.13,11.0,1.0,2.0,0.0,2.0,0.0,2.0,0.52,1.0,0.0,0.0,0.0,1.0,0.0,7.0,5.0,4.0,2.0,1.0,5.0,13.0,38.5,8.0,5.0,0.0,5.0,1.0,8.0,6.0,0.0,254.0,7.0,38.0,73.0,151.0,27.0,253.0,33.0,13.0,39.4,13.0,39.4,167.0,1200.0,794.0,12.0,11.0,13.0,7.0,187.0,0.0,7.0,8.0,0.0,1.0,0.0,0.0,22.0,2.0,6.0,25.0,,,,,,,,,,,,,,,,,,,,,,,,,,,,,,,,,,,,,,,,,,29.0,14.4,59.0,0.0,8.0,14.0,10.0,1.33,5.0,8.0,-3.0,-0.77,-0.99,6.4,6.3,0.0,0.01,-0.41
306,2023-2024,Premier-League,Harry Maguire,eng ENG,DF,Manchester Utd,31-013,1993.0,16.0,13.0,1158.0,12.9,1.0,2.0,3.0,1.0,0.0,0.0,3.0,0.0,1.7,1.7,1.2,3.0,12.0,54.0,1.0,0.08,0.16,0.23,0.08,0.23,0.13,0.1,0.23,0.13,0.23,13.0,2.0,15.4,1.01,0.16,0.08,0.5,10.3,0.0,0.13,-0.7,-0.7,642.0,769.0,83.5,12542.0,4505.0,245.0,273.0,89.7,299.0,339.0,88.2,85.0,135.0,63.0,0.9,0.8,6.0,64.0,4.0,0.0,728.0,39.0,25.0,0.0,13.0,3.0,1.0,0.0,0.0,0.0,0.0,2.0,1.0,19.0,1.48,16.0,0.0,0.0,1.0,0.0,2.0,3.0,0.23,2.0,0.0,0.0,1.0,0.0,0.0,16.0,11.0,9.0,7.0,0.0,8.0,16.0,50.0,8.0,26.0,18.0,8.0,19.0,35.0,52.0,1.0,910.0,109.0,409.0,437.0,67.0,27.0,910.0,2.0,0.0,0.0,2.0,100.0,508.0,3281.0,1964.0,8.0,0.0,6.0,1.0,571.0,0.0,18.0,7.0,6.0,0.0,0.0,0.0,53.0,48.0,16.0,75.0,,,,,,,,,,,,,,,,,,,,,,,,,,,,,,,,,,,,,,,,,,72.0,46.0,87.0,12.0,3.0,11.0,3.0,1.88,20.0,17.0,3.0,0.23,0.43,21.1,23.0,-1.9,-0.15,0.01
307,2023-2024,Premier-League,Kobbie Mainoo,eng ENG,MF,Manchester Utd,18-334,2005.0,14.0,14.0,1106.0,12.3,1.0,0.0,1.0,1.0,0.0,0.0,3.0,0.0,0.2,0.2,0.4,0.6,10.0,33.0,14.0,0.08,0.0,0.08,0.08,0.08,0.02,0.03,0.05,0.02,0.05,5.0,2.0,40.0,0.41,0.16,0.2,0.5,23.1,0.0,0.04,0.8,0.8,409.0,483.0,84.7,6055.0,1451.0,222.0,251.0,88.4,150.0,169.0,88.8,19.0,34.0,55.9,0.9,-0.4,7.0,20.0,2.0,0.0,481.0,2.0,1.0,6.0,2.0,3.0,0.0,0.0,0.0,0.0,0.0,0.0,6.0,21.0,1.71,16.0,0.0,3.0,2.0,0.0,0.0,4.0,0.33,1.0,0.0,2.0,1.0,0.0,0.0,24.0,15.0,9.0,11.0,4.0,9.0,21.0,42.9,12.0,13.0,8.0,5.0,13.0,37.0,25.0,1.0,600.0,45.0,198.0,293.0,115.0,10.0,600.0,25.0,13.0,52.0,9.0,36.0,350.0,1588.0,761.0,11.0,5.0,12.0,13.0,416.0,0.0,12.0,11.0,0.0,0.0,0.0,0.0,46.0,16.0,13.0,55.2,,,,,,,,,,,,,,,,,,,,,,,,,,,,,,,,,,,,,,,,,,79.0,43.9,79.0,4.0,0.0,0.0,5.0,1.64,19.0,15.0,4.0,0.33,0.58,16.9,23.1,-6.2,-0.5,-0.63
308,2023-2024,Premier-League,Orel Mangala,be BEL,MF,Nott'ham Forest,26-000,1998.0,20.0,19.0,1563.0,17.4,1.0,0.0,1.0,1.0,0.0,0.0,6.0,0.0,0.8,0.8,0.2,1.1,13.0,45.0,14.0,0.06,0.0,0.06,0.06,0.06,0.05,0.01,0.06,0.05,0.06,10.0,1.0,10.0,0.58,0.06,0.1,1.0,18.9,0.0,0.08,0.2,0.2,570.0,646.0,88.2,9021.0,2312.0,292.0,321.0,91.0,225.0,247.0,91.1,37.0,47.0,78.7,0.3,-0.2,6.0,39.0,1.0,0.0,639.0,5.0,4.0,1.0,2.0,2.0,0.0,0.0,0.0,0.0,0.0,2.0,6.0,20.0,1.15,17.0,0.0,0.0,0.0,1.0,2.0,2.0,0.12,1.0,0.0,0.0,0.0,0.0,1.0,27.0,13.0,16.0,10.0,1.0,14.0,29.0,48.3,15.0,12.0,6.0,6.0,26.0,53.0,32.0,0.0,819.0,46.0,245.0,471.0,116.0,9.0,819.0,30.0,13.0,43.3,13.0,43.3,429.0,2097.0,961.0,11.0,1.0,17.0,18.0,529.0,0.0,23.0,21.0,0.0,0.0,0.0,0.0,74.0,9.0,3.0,75.0,,,,,,,,,,,,,,,,,,,,,,,,,,,,,,,,,,,,,,,,,,78.0,59.9,82.0,10.0,1.0,4.0,1.0,0.85,16.0,31.0,-15.0,-0.86,-0.78,17.3,24.7,-7.4,-0.43,-0.58
309,2023-2024,Premier-League,Benson Manuel,be BEL,"MF,FW",Burnley,26-356,1997.0,6.0,1.0,92.0,1.0,0.0,0.0,0.0,0.0,0.0,0.0,0.0,0.0,0.0,0.0,0.0,0.1,5.0,0.0,13.0,0.0,0.0,0.0,0.0,0.0,0.04,0.04,0.08,0.04,0.08,3.0,1.0,33.3,2.93,0.98,0.0,0.0,24.1,0.0,0.01,0.0,0.0,40.0,49.0,81.6,561.0,97.0,25.0,25.0,100.0,12.0,16.0,75.0,2.0,3.0,66.7,0.2,0.0,1.0,0.0,2.0,2.0,43.0,5.0,0.0,0.0,0.0,8.0,1.0,4.0,0.0,1.0,0.0,1.0,3.0,6.0,5.93,3.0,0.0,2.0,0.0,1.0,0.0,0.0,0.0,0.0,0.0,0.0,0.0,0.0,0.0,3.0,2.0,2.0,1.0,0.0,0.0,0.0,0.0,0.0,1.0,0.0,1.0,0.0,3.0,0.0,0.0,66.0,0.0,8.0,16.0,42.0,3.0,66.0,10.0,4.0,40.0,5.0,50.0,50.0,413.0,177.0,7.0,0.0,3.0,3.0,55.0,0.0,1.0,2.0,0.0,0.0,0.0,0.0,4.0,0.0,4.0,0.0,,,,,,,,,,,,,,,,,,,,,,,,,,,,,,,,,,,,,,,,,,15.0,3.5,45.0,0.0,5.0,9.0,7.0,0.0,0.0,4.0,-4.0,-3.91,-2.84,0.3,3.1,-2.8,-2.73,-2.04
310,2023-2024,Premier-League,Solly March,eng ENG,"FW,DF",Brighton,29-242,1994.0,7.0,7.0,554.0,6.2,3.0,1.0,4.0,3.0,0.0,0.0,1.0,0.0,2.0,2.0,1.0,2.9,14.0,24.0,44.0,0.49,0.16,0.65,0.49,0.65,0.32,0.16,0.47,0.32,0.47,14.0,6.0,42.9,2.27,0.97,0.21,0.5,16.6,1.0,0.14,1.0,1.0,203.0,261.0,77.8,3145.0,899.0,118.0,139.0,84.9,62.0,78.0,79.5,17.0,27.0,63.0,1.0,0.0,7.0,10.0,7.0,0.0,222.0,39.0,8.0,1.0,1.0,21.0,19.0,12.0,6.0,2.0,0.0,0.0,7.0,22.0,3.57,8.0,8.0,2.0,1.0,2.0,1.0,2.0,0.32,0.0,1.0,0.0,0.0,1.0,0.0,19.0,14.0,9.0,7.0,3.0,8.0,14.0,57.1,6.0,5.0,0.0,5.0,11.0,30.0,8.0,0.0,336.0,12.0,71.0,123.0,145.0,18.0,336.0,18.0,8.0,44.4,8.0,44.4,198.0,975.0,491.0,7.0,3.0,8.0,10.0,211.0,0.0,12.0,8.0,7.0,0.0,0.0,0.0,36.0,6.0,4.0,60.0,,,,,,,,,,,,,,,,,,,,,,,,,,,,,,,,,,,,,,,,,,79.0,22.0,79.0,2.0,0.0,0.0,1.0,1.43,13.0,11.0,2.0,0.32,0.14,11.3,10.0,1.2,0.2,-0.06
311,2023-2024,Premier-League,Anthony Martial,fr FRA,FW,Manchester Utd,28-104,1995.0,13.0,5.0,448.0,5.0,1.0,0.0,1.0,1.0,0.0,0.0,0.0,0.0,1.2,1.2,0.2,1.5,6.0,12.0,36.0,0.2,0.0,0.2,0.2,0.2,0.25,0.05,0.29,0.25,0.29,6.0,4.0,66.7,1.21,0.8,0.17,0.25,12.9,0.0,0.2,-0.2,-0.2,109.0,139.0,78.4,1267.0,263.0,70.0,80.0,87.5,25.0,33.0,75.8,1.0,2.0,50.0,0.2,-0.2,6.0,6.0,2.0,0.0,131.0,6.0,0.0,0.0,0.0,0.0,0.0,0.0,0.0,0.0,0.0,2.0,3.0,11.0,2.21,9.0,0.0,0.0,1.0,1.0,0.0,1.0,0.2,0.0,0.0,0.0,0.0,1.0,0.0,4.0,1.0,1.0,1.0,2.0,1.0,1.0,100.0,0.0,4.0,0.0,4.0,0.0,4.0,3.0,0.0,178.0,3.0,11.0,81.0,89.0,16.0,178.0,6.0,2.0,33.3,2.0,33.3,105.0,444.0,168.0,6.0,1.0,14.0,10.0,148.0,0.0,3.0,6.0,3.0,1.0,0.0,0.0,9.0,8.0,18.0,30.8,,,,,,,,,,,,,,,,,,,,,,,,,,,,,,,,,,,,,,,,,,34.0,17.8,65.0,0.0,8.0,16.0,3.0,1.38,11.0,6.0,5.0,1.0,1.22,7.5,8.0,-0.4,-0.09,0.07
312,2023-2024,Premier-League,Gabriel Martinelli,br BRA,FW,Arsenal,22-274,2001.0,25.0,23.0,1749.0,19.4,6.0,4.0,10.0,6.0,0.0,0.0,1.0,0.0,5.6,5.6,5.2,10.8,109.0,59.0,303.0,0.31,0.21,0.51,0.31,0.51,0.29,0.27,0.56,0.29,0.56,49.0,15.0,30.6,2.52,0.77,0.12,0.4,15.7,0.0,0.11,0.4,0.4,650.0,832.0,78.1,9984.0,1826.0,372.0,430.0,86.5,222.0,274.0,81.0,41.0,77.0,53.2,4.5,-1.2,38.0,22.0,31.0,6.0,782.0,48.0,3.0,3.0,2.0,100.0,10.0,35.0,30.0,0.0,0.0,2.0,23.0,81.0,4.17,53.0,6.0,11.0,8.0,1.0,2.0,11.0,0.57,7.0,1.0,1.0,2.0,0.0,0.0,19.0,15.0,3.0,7.0,9.0,8.0,17.0,47.1,9.0,18.0,1.0,17.0,4.0,23.0,5.0,1.0,1090.0,6.0,75.0,268.0,759.0,170.0,1090.0,104.0,36.0,34.6,55.0,52.9,759.0,5059.0,2581.0,43.0,68.0,42.0,33.0,849.0,0.0,18.0,22.0,8.0,0.0,0.0,0.0,81.0,13.0,26.0,33.3,,,,,,,,,,,,,,,,,,,,,,,,,,,,,,,,,,,,,,,,,,70.0,69.4,73.0,3.0,2.0,34.0,0.0,2.28,47.0,18.0,29.0,1.49,-0.49,38.4,11.4,27.0,1.39,0.21
313,2023-2024,Premier-League,Emiliano Martínez,ar ARG,GK,Aston Villa,31-198,1992.0,27.0,27.0,2430.0,27.0,0.0,0.0,0.0,0.0,0.0,0.0,4.0,0.0,0.0,0.0,0.0,0.0,0.0,2.0,0.0,0.0,0.0,0.0,0.0,0.0,0.0,0.0,0.0,0.0,0.0,0.0,0.0,0.0,0.0,0.0,0.0,0.0,0.0,0.0,0.0,0.0,0.0,937.0,1122.0,83.5,22040.0,13000.0,190.0,192.0,99.0,569.0,575.0,99.0,176.0,345.0,51.0,0.0,0.0,2.0,19.0,0.0,0.0,907.0,208.0,82.0,0.0,0.0,0.0,0.0,0.0,0.0,0.0,0.0,7.0,1.0,3.0,0.11,3.0,0.0,0.0,0.0,0.0,0.0,1.0,0.04,1.0,0.0,0.0,0.0,0.0,0.0,0.0,0.0,0.0,0.0,0.0,0.0,0.0,0.0,0.0,0.0,0.0,0.0,0.0,0.0,10.0,1.0,1176.0,879.0,1155.0,21.0,0.0,0.0,1176.0,0.0,0.0,0.0,0.0,0.0,730.0,3484.0,2134.0,0.0,0.0,0.0,0.0,610.0,0.0,1.0,4.0,0.0,0.0,0.0,1.0,35.0,4.0,0.0,100.0,27.0,27.0,2430.0,40.0,1.48,112.0,75.0,64.3,16.0,4.0,7.0,6.0,22.2,0.0,0.0,0.0,0.0,0.0,0.0,10.0,3.0,40.2,0.37,3.2,0.12,95.0,250.0,38.0,989.0,130.0,20.5,27.5,126.0,37.3,34.8,304.0,34.0,11.2,55.0,2.04,18.1,90.0,96.4,90.0,27.0,0.0,0.0,0.0,1.93,56.0,40.0,16.0,0.59,-1.41,48.5,39.2,9.4,0.35,-1.43
314,2023-2024,Premier-League,Lisandro Martínez,ar ARG,DF,Manchester Utd,26-060,1998.0,8.0,7.0,558.0,6.2,0.0,1.0,1.0,0.0,0.0,0.0,3.0,0.0,0.0,0.0,0.1,0.1,8.0,28.0,1.0,0.0,0.16,0.16,0.0,0.16,0.0,0.01,0.01,0.0,0.01,0.0,0.0,0.0,0.0,0.0,0.0,0.0,0.0,0.0,0.0,0.0,0.0,366.0,395.0,92.7,6231.0,1935.0,160.0,164.0,97.6,175.0,183.0,95.6,25.0,39.0,64.1,0.1,0.9,3.0,28.0,1.0,0.0,375.0,18.0,7.0,1.0,1.0,2.0,0.0,0.0,0.0,0.0,0.0,2.0,1.0,7.0,1.13,6.0,0.0,0.0,0.0,0.0,1.0,1.0,0.16,1.0,0.0,0.0,0.0,0.0,0.0,11.0,7.0,8.0,3.0,0.0,5.0,12.0,41.7,7.0,9.0,7.0,2.0,4.0,15.0,21.0,0.0,450.0,58.0,198.0,237.0,16.0,1.0,450.0,3.0,2.0,66.7,1.0,33.3,311.0,1650.0,1007.0,3.0,0.0,1.0,3.0,322.0,0.0,4.0,2.0,0.0,0.0,0.0,1.0,29.0,3.0,5.0,37.5,,,,,,,,,,,,,,,,,,,,,,,,,,,,,,,,,,,,,,,,,,70.0,22.1,76.0,2.0,1.0,28.0,0.0,1.63,10.0,10.0,0.0,0.0,0.0,10.2,8.6,1.6,0.26,0.53
315,2023-2024,Premier-League,Han-Noah Massengo,fr FRA,"MF,DF",Burnley,22-255,2001.0,3.0,0.0,16.0,0.2,0.0,0.0,0.0,0.0,0.0,0.0,0.0,0.0,0.0,0.0,0.0,0.0,2.0,0.0,0.0,0.0,0.0,0.0,0.0,0.0,0.0,0.0,0.0,0.0,0.0,0.0,0.0,0.0,0.0,0.0,0.0,0.0,0.0,0.0,0.0,0.0,0.0,6.0,12.0,50.0,74.0,42.0,5.0,7.0,71.4,1.0,4.0,25.0,0.0,0.0,0.0,0.0,0.0,0.0,1.0,0.0,0.0,11.0,1.0,0.0,0.0,0.0,2.0,1.0,0.0,0.0,0.0,0.0,0.0,1.0,0.0,0.0,0.0,0.0,0.0,0.0,0.0,0.0,0.0,0.0,0.0,0.0,0.0,0.0,0.0,0.0,1.0,1.0,1.0,0.0,0.0,0.0,0.0,0.0,0.0,1.0,0.0,1.0,0.0,1.0,0.0,0.0,16.0,0.0,5.0,6.0,5.0,0.0,16.0,0.0,0.0,0.0,0.0,0.0,6.0,34.0,16.0,1.0,0.0,1.0,0.0,7.0,0.0,0.0,0.0,0.0,0.0,0.0,0.0,1.0,0.0,1.0,0.0,,,,,,,,,,,,,,,,,,,,,,,,,,,,,,,,,,,,,,,,,,5.0,0.6,0.0,0.0,3.0,5.0,3.0,0.33,2.0,0.0,2.0,11.25,12.5,1.1,0.7,0.4,2.43,3.21
316,2023-2024,Premier-League,Pape Matar Sarr,sn SEN,MF,Tottenham,21-186,2002.0,24.0,20.0,1485.0,16.5,3.0,3.0,6.0,3.0,0.0,0.0,6.0,0.0,2.6,2.6,2.0,4.6,32.0,113.0,63.0,0.18,0.18,0.36,0.18,0.36,0.16,0.12,0.28,0.16,0.28,29.0,12.0,41.4,1.76,0.73,0.1,0.25,17.3,0.0,0.09,0.4,0.4,847.0,977.0,86.7,12507.0,3140.0,473.0,516.0,91.7,289.0,324.0,89.2,42.0,60.0,70.0,1.5,1.0,17.0,92.0,13.0,1.0,962.0,13.0,4.0,6.0,1.0,17.0,7.0,1.0,0.0,0.0,0.0,2.0,23.0,42.0,2.55,33.0,0.0,0.0,3.0,2.0,4.0,7.0,0.42,6.0,0.0,0.0,1.0,0.0,0.0,26.0,18.0,9.0,13.0,4.0,12.0,27.0,44.4,15.0,14.0,4.0,10.0,17.0,43.0,18.0,0.0,1150.0,41.0,205.0,623.0,336.0,32.0,1150.0,33.0,15.0,45.5,16.0,48.5,779.0,4475.0,1737.0,43.0,3.0,27.0,9.0,875.0,0.0,22.0,11.0,0.0,0.0,0.0,0.0,108.0,19.0,18.0,51.4,,,,,,,,,,,,,,,,,,,,,,,,,,,,,,,,,,,,,,,,,,62.0,58.9,71.0,4.0,4.0,15.0,0.0,2.0,30.0,17.0,13.0,0.79,0.44,25.7,24.5,1.2,0.07,-0.07
317,2023-2024,Premier-League,Jean-Philippe Mateta,fr FRA,FW,Crystal Palace,26-264,1997.0,25.0,15.0,1505.0,16.7,5.0,4.0,9.0,3.0,2.0,2.0,2.0,0.0,5.0,3.4,2.5,5.9,20.0,17.0,86.0,0.3,0.24,0.54,0.18,0.42,0.3,0.15,0.45,0.21,0.36,24.0,10.0,41.7,1.44,0.6,0.13,0.3,13.5,0.0,0.14,0.0,-0.4,206.0,288.0,71.5,2613.0,554.0,130.0,164.0,79.3,55.0,81.0,67.9,4.0,4.0,100.0,1.1,1.5,24.0,6.0,11.0,2.0,277.0,11.0,0.0,1.0,0.0,13.0,0.0,0.0,0.0,0.0,0.0,0.0,10.0,51.0,3.05,37.0,0.0,4.0,5.0,4.0,1.0,8.0,0.48,6.0,0.0,0.0,0.0,2.0,0.0,12.0,8.0,3.0,6.0,3.0,3.0,5.0,60.0,2.0,9.0,2.0,7.0,3.0,15.0,8.0,0.0,484.0,9.0,43.0,199.0,255.0,64.0,482.0,47.0,19.0,40.4,24.0,51.1,298.0,1476.0,478.0,11.0,10.0,68.0,55.0,353.0,0.0,27.0,16.0,13.0,2.0,0.0,0.0,51.0,39.0,48.0,44.8,,,,,,,,,,,,,,,,,,,,,,,,,,,,,,,,,,,,,,,,,,60.0,59.7,86.0,10.0,10.0,21.0,2.0,0.92,25.0,35.0,-10.0,-0.6,-0.15,20.3,27.7,-7.5,-0.45,-0.5
318,2023-2024,Premier-League,Joël Matip,cm CMR,DF,Liverpool,32-223,1991.0,10.0,9.0,781.0,8.7,0.0,0.0,0.0,0.0,0.0,0.0,2.0,0.0,0.5,0.5,0.1,0.6,8.0,34.0,1.0,0.0,0.0,0.0,0.0,0.0,0.06,0.01,0.06,0.06,0.06,5.0,0.0,0.0,0.58,0.0,0.0,0.0,10.6,0.0,0.1,-0.5,-0.5,494.0,564.0,87.6,8687.0,3066.0,198.0,216.0,91.7,257.0,287.0,89.5,33.0,47.0,70.2,0.1,-0.1,2.0,27.0,2.0,0.0,559.0,4.0,4.0,0.0,0.0,0.0,0.0,0.0,0.0,0.0,0.0,1.0,4.0,8.0,0.92,8.0,0.0,0.0,0.0,0.0,0.0,1.0,0.12,1.0,0.0,0.0,0.0,0.0,0.0,12.0,6.0,7.0,4.0,1.0,8.0,12.0,66.7,4.0,16.0,12.0,4.0,9.0,21.0,43.0,0.0,665.0,90.0,303.0,327.0,37.0,12.0,665.0,2.0,0.0,0.0,2.0,100.0,421.0,2195.0,1406.0,13.0,0.0,3.0,4.0,451.0,0.0,7.0,3.0,1.0,0.0,0.0,1.0,58.0,28.0,10.0,73.7,,,,,,,,,,,,,,,,,,,,,,,,,,,,,,,,,,,,,,,,,,78.0,31.0,84.0,6.0,1.0,25.0,4.0,2.3,20.0,9.0,11.0,1.27,-0.18,16.6,11.3,5.3,0.61,-0.57
319,2023-2024,Premier-League,Alex Matos,eng ENG,MF,Chelsea,19-167,2004.0,1.0,0.0,1.0,0.0,0.0,0.0,0.0,0.0,0.0,0.0,0.0,0.0,0.0,0.0,0.0,0.0,0.0,0.0,0.0,0.0,0.0,0.0,0.0,0.0,0.0,0.0,0.0,0.0,0.0,0.0,0.0,0.0,0.0,0.0,0.0,0.0,0.0,0.0,0.0,0.0,0.0,0.0,0.0,0.0,0.0,0.0,0.0,0.0,0.0,0.0,0.0,0.0,0.0,0.0,0.0,0.0,0.0,0.0,0.0,0.0,0.0,0.0,0.0,0.0,0.0,0.0,0.0,0.0,0.0,0.0,0.0,0.0,0.0,0.0,0.0,0.0,0.0,0.0,0.0,0.0,0.0,0.0,0.0,0.0,0.0,0.0,0.0,0.0,0.0,0.0,0.0,0.0,0.0,0.0,0.0,0.0,0.0,0.0,0.0,0.0,0.0,0.0,0.0,0.0,0.0,0.0,0.0,0.0,0.0,0.0,0.0,0.0,0.0,0.0,0.0,0.0,0.0,0.0,1.0,1.0,0.0,0.0,0.0,0.0,1.0,1.0,0.0,0.0,0.0,0.0,0.0,0.0,0.0,0.0,0.0,0.0,0.0,,,,,,,,,,,,,,,,,,,,,,,,,,,,,,,,,,,,,,,,,,1.0,0.0,0.0,0.0,1.0,1.0,12.0,3.0,0.0,0.0,0.0,0.0,-0.07,0.0,0.0,0.0,0.0,-0.36
320,2023-2024,Premier-League,Remi Matthews,eng ENG,GK,Crystal Palace,30-037,1994.0,1.0,0.0,4.0,0.0,0.0,0.0,0.0,0.0,0.0,0.0,0.0,0.0,0.0,0.0,0.0,0.0,0.0,0.0,0.0,0.0,0.0,0.0,0.0,0.0,0.0,0.0,0.0,0.0,0.0,0.0,0.0,0.0,0.0,0.0,0.0,0.0,0.0,0.0,0.0,0.0,0.0,0.0,5.0,0.0,0.0,0.0,0.0,0.0,0.0,0.0,0.0,0.0,0.0,5.0,0.0,0.0,0.0,0.0,0.0,0.0,0.0,2.0,3.0,2.0,0.0,0.0,0.0,0.0,0.0,0.0,0.0,0.0,0.0,0.0,0.0,0.0,0.0,0.0,0.0,0.0,0.0,0.0,0.0,0.0,0.0,0.0,0.0,0.0,0.0,0.0,0.0,0.0,0.0,0.0,0.0,0.0,0.0,0.0,0.0,0.0,0.0,0.0,0.0,0.0,1.0,0.0,6.0,5.0,6.0,0.0,0.0,0.0,6.0,0.0,0.0,0.0,0.0,0.0,2.0,18.0,0.0,0.0,0.0,0.0,0.0,1.0,0.0,0.0,0.0,0.0,0.0,0.0,0.0,0.0,1.0,0.0,100.0,1.0,0.0,4.0,1.0,22.5,1.0,0.0,0.0,0.0,0.0,0.0,0.0,0.0,0.0,0.0,0.0,0.0,0.0,0.0,0.0,0.0,0.1,0.15,-0.9,-19.2,0.0,5.0,0.0,4.0,0.0,100.0,53.8,1.0,100.0,63.0,1.0,1.0,100.0,0.0,0.0,3.5,4.0,0.2,0.0,0.0,1.0,4.0,18.0,0.0,0.0,1.0,-1.0,-22.5,-22.0,0.3,0.1,0.2,5.54,5.79
321,2023-2024,Premier-League,Neal Maupay,fr FRA,FW,Brentford,27-217,1996.0,24.0,12.0,1208.0,13.4,6.0,3.0,9.0,6.0,0.0,0.0,5.0,0.0,5.3,5.3,2.3,7.6,20.0,34.0,85.0,0.45,0.22,0.67,0.45,0.67,0.39,0.17,0.57,0.39,0.57,34.0,14.0,41.2,2.53,1.04,0.18,0.43,13.7,1.0,0.16,0.7,0.7,254.0,352.0,72.2,3569.0,833.0,155.0,188.0,82.4,60.0,83.0,72.3,19.0,28.0,67.9,2.2,0.7,14.0,15.0,17.0,2.0,326.0,24.0,6.0,4.0,2.0,8.0,8.0,1.0,0.0,0.0,0.0,2.0,27.0,39.0,2.91,30.0,0.0,2.0,6.0,0.0,1.0,5.0,0.37,5.0,0.0,0.0,0.0,0.0,0.0,10.0,7.0,4.0,5.0,1.0,3.0,13.0,23.1,10.0,9.0,0.0,9.0,2.0,12.0,3.0,0.0,482.0,6.0,53.0,196.0,242.0,66.0,482.0,31.0,9.0,29.0,18.0,58.1,265.0,1330.0,539.0,20.0,12.0,26.0,23.0,345.0,0.0,16.0,26.0,4.0,0.0,0.0,0.0,57.0,13.0,38.0,25.5,,,,,,,,,,,,,,,,,,,,,,,,,,,,,,,,,,,,,,,,,,50.0,46.3,83.0,5.0,12.0,18.0,0.0,0.83,21.0,32.0,-11.0,-0.82,-0.69,22.1,22.8,-0.7,-0.05,-0.09
322,2023-2024,Premier-League,Neal Maupay,fr FRA,FW,Everton,27-217,1996.0,2.0,1.0,111.0,1.2,0.0,0.0,0.0,0.0,0.0,0.0,0.0,0.0,1.4,1.4,0.1,1.5,1.0,0.0,6.0,0.0,0.0,0.0,0.0,0.0,1.16,0.05,1.22,1.16,1.22,5.0,4.0,80.0,4.05,3.24,0.0,0.0,12.5,0.0,0.29,-1.4,-1.4,22.0,26.0,84.6,353.0,14.0,12.0,13.0,92.3,8.0,9.0,88.9,1.0,1.0,100.0,0.0,-0.1,1.0,0.0,0.0,0.0,23.0,3.0,0.0,0.0,1.0,0.0,0.0,0.0,0.0,0.0,0.0,0.0,1.0,3.0,2.41,3.0,0.0,0.0,0.0,0.0,0.0,0.0,0.0,0.0,0.0,0.0,0.0,0.0,0.0,0.0,0.0,0.0,0.0,0.0,0.0,1.0,0.0,1.0,2.0,0.0,2.0,0.0,0.0,1.0,0.0,40.0,1.0,1.0,21.0,19.0,8.0,40.0,0.0,0.0,0.0,0.0,0.0,20.0,89.0,34.0,1.0,1.0,6.0,3.0,28.0,0.0,1.0,0.0,2.0,0.0,0.0,0.0,4.0,0.0,2.0,0.0,,,,,,,,,,,,,,,,,,,,,,,,,,,,,,,,,,,,,,,,,,56.0,4.4,71.0,0.0,1.0,40.0,1.0,0.0,0.0,2.0,-2.0,-1.62,-1.32,2.8,1.5,1.3,1.08,1.03
323,2023-2024,Premier-League,Konstantinos Mavropanos,gr GRE,DF,West Ham,26-098,1997.0,13.0,10.0,991.0,11.0,1.0,0.0,1.0,1.0,0.0,0.0,1.0,0.0,0.8,0.8,0.2,0.9,7.0,20.0,1.0,0.09,0.0,0.09,0.09,0.09,0.07,0.02,0.09,0.07,0.09,9.0,1.0,11.1,0.82,0.09,0.11,1.0,9.4,0.0,0.09,0.2,0.2,320.0,435.0,73.6,6282.0,2556.0,108.0,129.0,83.7,174.0,204.0,85.3,32.0,86.0,37.2,0.1,-0.2,2.0,17.0,1.0,0.0,408.0,27.0,22.0,1.0,9.0,1.0,5.0,0.0,0.0,0.0,0.0,0.0,7.0,9.0,0.82,6.0,0.0,0.0,1.0,0.0,2.0,0.0,0.0,0.0,0.0,0.0,0.0,0.0,0.0,22.0,12.0,12.0,8.0,2.0,13.0,16.0,81.3,3.0,16.0,8.0,8.0,18.0,40.0,59.0,1.0,574.0,72.0,284.0,267.0,28.0,15.0,574.0,4.0,1.0,25.0,2.0,50.0,266.0,1666.0,962.0,1.0,1.0,5.0,0.0,279.0,0.0,10.0,9.0,0.0,0.0,0.0,2.0,49.0,32.0,14.0,69.6,,,,,,,,,,,,,,,,,,,,,,,,,,,,,,,,,,,,,,,,,,76.0,39.3,90.0,10.0,3.0,30.0,10.0,1.54,19.0,16.0,3.0,0.27,0.68,16.6,18.6,-2.0,-0.19,0.36
324,2023-2024,Premier-League,Bryan Mbeumo,cm CMR,FW,Brentford,24-224,1999.0,16.0,15.0,1298.0,14.4,7.0,3.0,10.0,4.0,3.0,3.0,1.0,0.0,8.5,6.2,2.8,9.0,51.0,66.0,134.0,0.49,0.21,0.69,0.28,0.49,0.59,0.19,0.78,0.43,0.62,38.0,13.0,34.2,2.63,0.9,0.11,0.31,17.3,3.0,0.16,-1.5,-2.2,372.0,539.0,69.0,5741.0,1829.0,216.0,261.0,82.8,106.0,159.0,66.7,36.0,69.0,52.2,3.9,0.2,23.0,19.0,28.0,2.0,457.0,76.0,23.0,6.0,2.0,76.0,9.0,43.0,18.0,9.0,3.0,6.0,17.0,60.0,4.16,32.0,20.0,1.0,3.0,4.0,0.0,7.0,0.49,6.0,1.0,0.0,0.0,0.0,0.0,12.0,8.0,6.0,4.0,2.0,4.0,13.0,30.8,9.0,14.0,0.0,14.0,5.0,17.0,9.0,0.0,718.0,16.0,75.0,241.0,408.0,77.0,715.0,43.0,12.0,27.9,23.0,53.5,429.0,2815.0,1360.0,34.0,25.0,39.0,21.0,488.0,0.0,18.0,24.0,1.0,0.0,0.0,0.0,61.0,17.0,40.0,29.8,,,,,,,,,,,,,,,,,,,,,,,,,,,,,,,,,,,,,,,,,,81.0,49.7,86.0,13.0,1.0,12.0,0.0,1.19,23.0,20.0,3.0,0.21,1.31,26.2,18.6,7.6,0.53,1.06
325,2023-2024,Premier-League,James Mcatee,eng ENG,"MF,FW",Sheffield Utd,21-152,2002.0,23.0,18.0,1570.0,17.4,3.0,2.0,5.0,2.0,1.0,1.0,2.0,0.0,2.4,1.7,1.9,3.6,51.0,46.0,91.0,0.17,0.11,0.29,0.11,0.23,0.14,0.11,0.25,0.1,0.21,21.0,6.0,28.6,1.2,0.34,0.1,0.33,18.8,2.0,0.08,0.6,0.3,294.0,433.0,67.9,4222.0,1133.0,179.0,223.0,80.3,85.0,130.0,65.4,18.0,43.0,41.9,1.3,0.1,20.0,26.0,23.0,1.0,401.0,28.0,6.0,6.0,1.0,26.0,1.0,2.0,1.0,0.0,0.0,4.0,14.0,46.0,2.64,36.0,2.0,4.0,2.0,2.0,0.0,1.0,0.06,1.0,0.0,0.0,0.0,0.0,0.0,29.0,19.0,7.0,13.0,9.0,13.0,28.0,46.4,15.0,19.0,0.0,19.0,9.0,38.0,13.0,0.0,657.0,19.0,101.0,262.0,309.0,56.0,656.0,82.0,25.0,30.5,50.0,61.0,386.0,2831.0,1291.0,30.0,16.0,39.0,36.0,404.0,0.0,11.0,25.0,1.0,0.0,0.0,0.0,78.0,9.0,29.0,23.7,,,,,,,,,,,,,,,,,,,,,,,,,,,,,,,,,,,,,,,,,,68.0,62.3,79.0,6.0,5.0,31.0,0.0,0.57,16.0,55.0,-39.0,-2.24,-1.19,17.6,35.2,-17.6,-1.01,0.34
326,2023-2024,Premier-League,James Mcatee,eng ENG,MF,Manchester City,21-152,2002.0,1.0,0.0,1.0,0.0,0.0,0.0,0.0,0.0,0.0,0.0,0.0,0.0,0.0,0.0,0.0,0.0,0.0,0.0,0.0,0.0,0.0,0.0,0.0,0.0,0.0,0.0,0.0,0.0,0.0,0.0,0.0,0.0,0.0,0.0,0.0,0.0,0.0,0.0,0.0,0.0,0.0,0.0,0.0,0.0,0.0,0.0,0.0,0.0,0.0,0.0,0.0,0.0,0.0,0.0,0.0,0.0,0.0,0.0,0.0,0.0,0.0,0.0,0.0,0.0,0.0,0.0,0.0,0.0,0.0,0.0,0.0,0.0,0.0,0.0,0.0,0.0,0.0,0.0,0.0,0.0,0.0,0.0,0.0,0.0,0.0,0.0,0.0,0.0,0.0,0.0,0.0,0.0,0.0,0.0,0.0,0.0,0.0,0.0,0.0,1.0,0.0,1.0,0.0,0.0,0.0,0.0,1.0,0.0,0.0,0.0,1.0,0.0,1.0,0.0,0.0,0.0,0.0,0.0,0.0,0.0,0.0,0.0,0.0,0.0,0.0,0.0,0.0,0.0,0.0,0.0,0.0,0.0,0.0,0.0,0.0,0.0,0.0,,,,,,,,,,,,,,,,,,,,,,,,,,,,,,,,,,,,,,,,,,1.0,0.0,0.0,0.0,1.0,1.0,2.0,3.0,0.0,0.0,0.0,0.0,-1.25,0.0,0.0,0.0,3.22,2.19
327,2023-2024,Premier-League,Oliver McBurnie,sct SCO,FW,Sheffield Utd,27-288,1996.0,16.0,11.0,906.0,10.1,4.0,2.0,6.0,2.0,2.0,2.0,6.0,2.0,4.2,2.6,1.1,3.8,2.0,25.0,42.0,0.4,0.2,0.6,0.2,0.4,0.42,0.11,0.53,0.26,0.38,22.0,11.0,50.0,2.19,1.09,0.09,0.18,12.6,0.0,0.12,-0.2,-0.6,187.0,302.0,61.9,2206.0,577.0,130.0,193.0,67.4,42.0,66.0,63.6,2.0,5.0,40.0,1.2,0.9,9.0,23.0,3.0,1.0,295.0,3.0,0.0,1.0,1.0,3.0,0.0,0.0,0.0,0.0,0.0,4.0,13.0,21.0,2.09,16.0,0.0,0.0,2.0,3.0,0.0,4.0,0.4,3.0,0.0,0.0,0.0,1.0,0.0,11.0,3.0,2.0,4.0,5.0,1.0,6.0,16.7,5.0,14.0,2.0,12.0,3.0,14.0,19.0,0.0,413.0,22.0,47.0,205.0,162.0,49.0,411.0,11.0,4.0,36.4,6.0,54.5,169.0,641.0,187.0,8.0,1.0,13.0,14.0,309.0,2.0,14.0,20.0,4.0,1.0,0.0,0.0,29.0,78.0,85.0,47.9,,,,,,,,,,,,,,,,,,,,,,,,,,,,,,,,,,,,,,,,,,57.0,36.0,71.0,4.0,5.0,24.0,2.0,0.25,14.0,28.0,-14.0,-1.39,0.62,11.9,20.9,-9.1,-0.9,0.37
328,2023-2024,Premier-League,James McConnell,eng ENG,MF,Liverpool,19-187,2004.0,3.0,0.0,4.0,0.0,0.0,0.0,0.0,0.0,0.0,0.0,0.0,0.0,0.0,0.0,0.0,0.0,0.0,1.0,0.0,0.0,0.0,0.0,0.0,0.0,0.0,0.0,0.0,0.0,0.0,0.0,0.0,0.0,0.0,0.0,0.0,0.0,0.0,0.0,0.0,0.0,0.0,5.0,6.0,83.3,93.0,29.0,2.0,2.0,100.0,3.0,3.0,100.0,0.0,0.0,0.0,0.0,0.0,0.0,0.0,0.0,0.0,6.0,0.0,0.0,0.0,0.0,0.0,0.0,0.0,0.0,0.0,0.0,0.0,1.0,0.0,0.0,0.0,0.0,0.0,0.0,0.0,0.0,0.0,0.0,0.0,0.0,0.0,0.0,0.0,0.0,0.0,0.0,0.0,0.0,0.0,0.0,0.0,0.0,0.0,1.0,0.0,1.0,1.0,1.0,0.0,0.0,10.0,0.0,1.0,7.0,2.0,0.0,10.0,1.0,0.0,0.0,0.0,0.0,5.0,47.0,11.0,1.0,0.0,1.0,0.0,6.0,0.0,1.0,1.0,0.0,0.0,0.0,0.0,0.0,0.0,0.0,0.0,,,,,,,,,,,,,,,,,,,,,,,,,,,,,,,,,,,,,,,,,,1.0,0.2,0.0,0.0,3.0,1.0,14.0,3.0,1.0,0.0,1.0,22.5,21.14,0.2,0.0,0.2,3.67,2.67
329,2023-2024,Premier-League,John McGinn,sct SCO,"MF,FW",Aston Villa,29-152,1994.0,28.0,28.0,2373.0,26.4,6.0,3.0,9.0,6.0,0.0,0.0,7.0,1.0,4.3,4.3,3.9,8.2,49.0,166.0,71.0,0.23,0.11,0.34,0.23,0.34,0.16,0.15,0.31,0.16,0.31,35.0,14.0,40.0,1.33,0.53,0.17,0.43,19.5,3.0,0.12,1.7,1.7,780.0,988.0,78.9,14445.0,4792.0,344.0,396.0,86.9,321.0,377.0,85.1,105.0,172.0,61.0,4.2,-0.9,39.0,103.0,44.0,10.0,919.0,65.0,20.0,14.0,5.0,60.0,3.0,36.0,27.0,0.0,0.0,4.0,21.0,96.0,3.64,81.0,8.0,5.0,1.0,1.0,0.0,13.0,0.49,10.0,1.0,2.0,0.0,0.0,0.0,48.0,29.0,13.0,29.0,6.0,25.0,60.0,41.7,35.0,21.0,2.0,19.0,15.0,63.0,18.0,0.0,1245.0,32.0,180.0,650.0,431.0,53.0,1245.0,82.0,46.0,56.1,23.0,28.0,809.0,4167.0,1949.0,35.0,7.0,45.0,51.0,885.0,0.0,35.0,53.0,1.0,0.0,0.0,0.0,133.0,9.0,15.0,37.5,,,,,,,,,,,,,,,,,,,,,,,,,,,,,,,,,,,,,,,,,,85.0,94.2,85.0,18.0,0.0,0.0,0.0,1.96,55.0,37.0,18.0,0.68,0.68,46.7,35.3,11.3,0.43,0.54
330,2023-2024,Premier-League,Scott McKenna,sct SCO,DF,Nott'ham Forest,27-127,1996.0,5.0,5.0,416.0,4.6,0.0,0.0,0.0,0.0,0.0,0.0,0.0,0.0,0.2,0.2,0.2,0.4,1.0,10.0,0.0,0.0,0.0,0.0,0.0,0.0,0.05,0.04,0.08,0.05,0.08,2.0,0.0,0.0,0.43,0.0,0.0,0.0,10.8,0.0,0.1,-0.2,-0.2,137.0,186.0,73.7,2769.0,1280.0,38.0,48.0,79.2,82.0,109.0,75.2,17.0,28.0,60.7,0.2,-0.2,3.0,10.0,3.0,0.0,168.0,18.0,1.0,0.0,0.0,0.0,17.0,0.0,0.0,0.0,0.0,0.0,2.0,2.0,0.43,2.0,0.0,0.0,0.0,0.0,0.0,0.0,0.0,0.0,0.0,0.0,0.0,0.0,0.0,4.0,0.0,3.0,1.0,0.0,2.0,3.0,66.7,1.0,6.0,4.0,2.0,5.0,9.0,27.0,0.0,244.0,43.0,142.0,92.0,11.0,5.0,244.0,0.0,0.0,0.0,0.0,0.0,102.0,365.0,177.0,0.0,0.0,3.0,0.0,107.0,0.0,3.0,2.0,0.0,0.0,0.0,0.0,25.0,20.0,3.0,87.0,,,,,,,,,,,,,,,,,,,,,,,,,,,,,,,,,,,,,,,,,,83.0,15.9,83.0,4.0,0.0,0.0,1.0,1.4,7.0,6.0,1.0,0.22,0.91,5.0,5.7,-0.7,-0.14,0.06
331,2023-2024,Premier-League,Dwight McNeil,eng ENG,"MF,FW",Everton,24-117,1999.0,25.0,23.0,2014.0,22.4,2.0,5.0,7.0,2.0,0.0,0.0,1.0,0.0,2.8,2.8,7.0,9.8,63.0,84.0,96.0,0.09,0.22,0.31,0.09,0.31,0.13,0.31,0.44,0.13,0.44,43.0,11.0,25.6,1.92,0.49,0.05,0.18,20.7,0.0,0.07,-0.8,-0.8,584.0,862.0,67.7,9949.0,3283.0,309.0,357.0,86.6,180.0,255.0,70.6,77.0,175.0,44.0,5.5,-2.0,47.0,50.0,38.0,17.0,760.0,96.0,26.0,11.0,2.0,160.0,21.0,45.0,42.0,2.0,0.0,6.0,45.0,85.0,3.8,56.0,18.0,4.0,1.0,4.0,2.0,4.0,0.18,1.0,3.0,0.0,0.0,0.0,0.0,30.0,17.0,12.0,9.0,9.0,16.0,41.0,39.0,25.0,35.0,6.0,29.0,14.0,44.0,26.0,0.0,1110.0,29.0,167.0,468.0,498.0,54.0,1110.0,45.0,21.0,46.7,23.0,51.1,633.0,4180.0,1785.0,42.0,14.0,39.0,47.0,708.0,0.0,12.0,22.0,4.0,0.0,0.0,0.0,126.0,14.0,14.0,50.0,,,,,,,,,,,,,,,,,,,,,,,,,,,,,,,,,,,,,,,,,,81.0,79.9,86.0,15.0,2.0,22.0,0.0,1.24,26.0,27.0,-1.0,-0.04,1.56,32.0,29.4,2.6,0.12,0.12
332,2023-2024,Premier-League,Scott McTominay,sct SCO,"MF,FW",Manchester Utd,27-101,1996.0,25.0,14.0,1473.0,16.4,7.0,1.0,8.0,7.0,0.0,0.0,1.0,0.0,5.1,5.1,0.7,5.8,19.0,52.0,36.0,0.43,0.06,0.49,0.43,0.49,0.31,0.04,0.35,0.31,0.35,35.0,17.0,48.6,2.14,1.04,0.2,0.41,14.1,0.0,0.15,1.9,1.9,404.0,499.0,81.0,6207.0,1625.0,222.0,258.0,86.0,143.0,169.0,84.6,27.0,37.0,73.0,0.4,0.3,8.0,50.0,9.0,0.0,488.0,10.0,3.0,2.0,3.0,4.0,4.0,0.0,0.0,0.0,0.0,1.0,14.0,21.0,1.28,15.0,0.0,1.0,4.0,0.0,1.0,2.0,0.12,1.0,0.0,0.0,0.0,0.0,1.0,40.0,19.0,18.0,20.0,2.0,16.0,26.0,61.5,10.0,27.0,10.0,17.0,11.0,51.0,40.0,0.0,709.0,57.0,182.0,370.0,167.0,43.0,709.0,17.0,8.0,47.1,7.0,41.2,362.0,1642.0,751.0,14.0,4.0,22.0,13.0,432.0,0.0,23.0,16.0,6.0,0.0,1.0,0.0,74.0,26.0,33.0,44.1,,,,,,,,,,,,,,,,,,,,,,,,,,,,,,,,,,,,,,,,,,59.0,58.5,88.0,12.0,11.0,22.0,2.0,1.88,22.0,23.0,-1.0,-0.06,-0.15,26.6,28.8,-2.2,-0.14,0.03
333,2023-2024,Premier-League,Ben Mee,eng ENG,DF,Brentford,34-179,1989.0,16.0,15.0,1272.0,14.1,2.0,0.0,2.0,2.0,0.0,0.0,1.0,1.0,1.5,1.5,0.3,1.8,11.0,49.0,9.0,0.14,0.0,0.14,0.14,0.14,0.1,0.02,0.13,0.1,0.13,10.0,2.0,20.0,0.71,0.14,0.2,1.0,12.7,0.0,0.15,0.5,0.5,511.0,667.0,76.6,9030.0,3658.0,218.0,249.0,87.6,235.0,285.0,82.5,49.0,103.0,47.6,0.7,-0.3,6.0,45.0,4.0,2.0,594.0,72.0,15.0,0.0,3.0,5.0,56.0,0.0,0.0,0.0,0.0,1.0,6.0,14.0,0.99,11.0,1.0,0.0,2.0,0.0,0.0,1.0,0.07,0.0,0.0,0.0,1.0,0.0,0.0,26.0,15.0,12.0,12.0,2.0,17.0,22.0,77.3,5.0,21.0,13.0,8.0,13.0,39.0,63.0,1.0,829.0,109.0,388.0,364.0,79.0,25.0,829.0,6.0,3.0,50.0,3.0,50.0,388.0,1958.0,1150.0,4.0,1.0,9.0,7.0,447.0,0.0,7.0,3.0,1.0,0.0,0.0,0.0,67.0,35.0,32.0,52.2,,,,,,,,,,,,,,,,,,,,,,,,,,,,,,,,,,,,,,,,,,80.0,48.7,85.0,11.0,1.0,1.0,2.0,0.81,16.0,26.0,-10.0,-0.71,-0.51,18.6,23.8,-5.2,-0.37,-0.71
334,2023-2024,Premier-League,Hannibal Mejbri,tn TUN,"MF,FW",Manchester Utd,21-057,2003.0,5.0,1.0,133.0,1.5,1.0,0.0,1.0,1.0,0.0,0.0,1.0,0.0,0.0,0.0,0.4,0.4,2.0,6.0,10.0,0.68,0.0,0.68,0.68,0.68,0.02,0.25,0.27,0.02,0.27,1.0,1.0,100.0,0.68,0.68,1.0,1.0,28.7,0.0,0.03,1.0,1.0,31.0,38.0,81.6,442.0,143.0,21.0,21.0,100.0,7.0,9.0,77.8,3.0,6.0,50.0,0.5,-0.4,2.0,6.0,1.0,0.0,37.0,1.0,1.0,2.0,0.0,1.0,0.0,0.0,0.0,0.0,0.0,0.0,2.0,6.0,4.06,5.0,0.0,0.0,0.0,1.0,0.0,0.0,0.0,0.0,0.0,0.0,0.0,0.0,0.0,3.0,3.0,1.0,2.0,0.0,1.0,3.0,33.3,2.0,1.0,1.0,0.0,0.0,3.0,0.0,0.0,59.0,2.0,12.0,30.0,19.0,3.0,59.0,5.0,2.0,40.0,1.0,20.0,35.0,156.0,74.0,0.0,0.0,7.0,4.0,34.0,0.0,5.0,6.0,1.0,0.0,0.0,0.0,10.0,2.0,4.0,33.3,,,,,,,,,,,,,,,,,,,,,,,,,,,,,,,,,,,,,,,,,,27.0,5.3,90.0,1.0,4.0,11.0,9.0,2.0,2.0,1.0,1.0,0.68,0.71,1.4,3.0,-1.6,-1.1,-1.0
335,2023-2024,Premier-League,Teden Mengi,eng ENG,DF,Luton Town,21-323,2002.0,22.0,20.0,1823.0,20.3,1.0,0.0,1.0,1.0,0.0,0.0,2.0,0.0,0.4,0.4,0.2,0.6,9.0,44.0,1.0,0.05,0.0,0.05,0.05,0.05,0.02,0.01,0.03,0.02,0.03,8.0,3.0,37.5,0.39,0.15,0.13,0.33,17.7,0.0,0.05,0.6,0.6,531.0,693.0,76.6,10394.0,4071.0,194.0,227.0,85.5,262.0,302.0,86.8,65.0,135.0,48.1,0.5,-0.2,4.0,44.0,4.0,0.0,670.0,19.0,15.0,1.0,10.0,1.0,4.0,0.0,0.0,0.0,0.0,4.0,6.0,10.0,0.49,9.0,0.0,1.0,0.0,0.0,0.0,0.0,0.0,0.0,0.0,0.0,0.0,0.0,0.0,38.0,13.0,25.0,12.0,1.0,14.0,24.0,58.3,10.0,27.0,18.0,9.0,43.0,81.0,104.0,0.0,951.0,148.0,475.0,421.0,61.0,19.0,951.0,9.0,5.0,55.6,3.0,33.3,424.0,2330.0,1207.0,5.0,1.0,14.0,4.0,446.0,0.0,24.0,6.0,1.0,0.0,0.0,0.0,93.0,43.0,32.0,57.3,,,,,,,,,,,,,,,,,,,,,,,,,,,,,,,,,,,,,,,,,,83.0,69.8,88.0,18.0,2.0,34.0,3.0,0.82,30.0,43.0,-13.0,-0.64,-0.07,22.2,41.5,-19.3,-0.95,-0.39
336,2023-2024,Premier-League,Chris Mepham,wls WAL,DF,Bournemouth,26-134,1997.0,9.0,5.0,527.0,5.9,0.0,1.0,1.0,0.0,0.0,0.0,2.0,0.0,0.1,0.1,0.4,0.5,4.0,25.0,0.0,0.0,0.17,0.17,0.0,0.17,0.02,0.07,0.08,0.02,0.08,1.0,1.0,100.0,0.17,0.17,0.0,0.0,8.8,0.0,0.09,-0.1,-0.1,266.0,320.0,83.1,5424.0,1846.0,87.0,103.0,84.5,144.0,162.0,88.9,33.0,50.0,66.0,0.4,0.6,3.0,31.0,4.0,0.0,311.0,8.0,5.0,0.0,1.0,1.0,3.0,0.0,0.0,0.0,0.0,1.0,1.0,10.0,1.71,7.0,1.0,0.0,0.0,0.0,2.0,2.0,0.34,2.0,0.0,0.0,0.0,0.0,0.0,9.0,8.0,6.0,3.0,0.0,6.0,11.0,54.5,5.0,12.0,5.0,7.0,7.0,16.0,22.0,1.0,379.0,37.0,144.0,211.0,24.0,5.0,379.0,0.0,0.0,0.0,0.0,0.0,214.0,1197.0,697.0,4.0,0.0,1.0,2.0,214.0,0.0,12.0,2.0,0.0,0.0,0.0,0.0,30.0,23.0,15.0,60.5,,,,,,,,,,,,,,,,,,,,,,,,,,,,,,,,,,,,,,,,,,59.0,20.9,81.0,4.0,4.0,31.0,14.0,1.44,11.0,15.0,-4.0,-0.68,-0.37,10.6,8.7,1.9,0.33,0.52
337,2023-2024,Premier-League,Lewis Miley,eng ENG,MF,Newcastle Utd,17-322,2006.0,17.0,14.0,1202.0,13.4,1.0,3.0,4.0,1.0,0.0,0.0,1.0,0.0,1.2,1.2,1.7,2.9,14.0,53.0,54.0,0.07,0.22,0.3,0.07,0.3,0.09,0.13,0.22,0.09,0.22,13.0,3.0,23.1,0.97,0.22,0.08,0.33,15.4,0.0,0.1,-0.2,-0.2,441.0,535.0,82.4,6580.0,1615.0,255.0,296.0,86.1,143.0,165.0,86.7,24.0,40.0,60.0,1.4,1.3,12.0,26.0,12.0,2.0,535.0,0.0,0.0,4.0,2.0,11.0,0.0,0.0,0.0,0.0,0.0,0.0,13.0,31.0,2.32,24.0,0.0,2.0,3.0,0.0,2.0,5.0,0.37,4.0,0.0,0.0,0.0,0.0,1.0,33.0,21.0,6.0,20.0,7.0,15.0,32.0,46.9,17.0,20.0,3.0,17.0,8.0,41.0,18.0,2.0,674.0,36.0,164.0,305.0,212.0,35.0,674.0,17.0,8.0,47.1,8.0,47.1,350.0,1664.0,654.0,7.0,6.0,16.0,10.0,435.0,0.0,5.0,6.0,2.0,0.0,0.0,0.0,78.0,11.0,12.0,47.8,,,,,,,,,,,,,,,,,,,,,,,,,,,,,,,,,,,,,,,,,,71.0,47.7,80.0,6.0,3.0,29.0,1.0,1.18,26.0,29.0,-3.0,-0.22,-1.18,22.5,30.1,-7.6,-0.57,-1.23
338,2023-2024,Premier-League,James Milner,eng ENG,"DF,MF",Brighton,38-074,1986.0,15.0,11.0,773.0,8.6,0.0,2.0,2.0,0.0,0.0,0.0,3.0,0.0,0.3,0.3,1.8,2.0,11.0,69.0,73.0,0.0,0.23,0.23,0.0,0.23,0.03,0.21,0.24,0.03,0.24,5.0,1.0,20.0,0.58,0.12,0.0,0.0,17.2,0.0,0.06,-0.3,-0.3,492.0,585.0,84.1,7622.0,2496.0,269.0,297.0,90.6,181.0,210.0,86.2,27.0,46.0,58.7,1.7,0.2,16.0,46.0,17.0,6.0,516.0,66.0,7.0,4.0,2.0,29.0,53.0,6.0,3.0,0.0,0.0,3.0,10.0,24.0,2.79,20.0,4.0,0.0,0.0,0.0,0.0,2.0,0.23,0.0,2.0,0.0,0.0,0.0,0.0,20.0,14.0,9.0,10.0,1.0,9.0,14.0,64.3,5.0,9.0,0.0,9.0,8.0,28.0,16.0,0.0,675.0,25.0,135.0,300.0,245.0,17.0,675.0,8.0,3.0,37.5,4.0,50.0,395.0,1230.0,562.0,6.0,4.0,11.0,6.0,457.0,0.0,10.0,4.0,3.0,0.0,1.0,0.0,45.0,6.0,13.0,31.6,,,,,,,,,,,,,,,,,,,,,,,,,,,,,,,,,,,,,,,,,,52.0,30.7,63.0,1.0,4.0,20.0,2.0,1.47,10.0,12.0,-2.0,-0.23,-0.64,14.4,12.1,2.2,0.26,0.02
339,2023-2024,Premier-League,Tyrone Mings,eng ENG,DF,Aston Villa,31-005,1993.0,1.0,1.0,30.0,0.3,0.0,0.0,0.0,0.0,0.0,0.0,0.0,0.0,0.0,0.0,0.0,0.0,0.0,0.0,0.0,0.0,0.0,0.0,0.0,0.0,0.02,0.07,0.09,0.02,0.09,1.0,0.0,0.0,3.0,0.0,0.0,0.0,18.4,0.0,0.01,0.0,0.0,5.0,5.0,100.0,119.0,86.0,0.0,0.0,0.0,2.0,2.0,100.0,2.0,2.0,100.0,0.2,0.0,1.0,1.0,0.0,0.0,5.0,0.0,0.0,1.0,0.0,0.0,0.0,0.0,0.0,0.0,0.0,0.0,0.0,2.0,6.0,1.0,0.0,0.0,0.0,0.0,1.0,0.0,0.0,0.0,0.0,0.0,0.0,0.0,0.0,0.0,0.0,0.0,0.0,0.0,0.0,0.0,0.0,0.0,0.0,0.0,0.0,1.0,1.0,1.0,0.0,8.0,3.0,5.0,2.0,1.0,1.0,8.0,0.0,0.0,0.0,0.0,0.0,4.0,8.0,3.0,0.0,0.0,1.0,0.0,4.0,0.0,0.0,0.0,0.0,0.0,0.0,0.0,2.0,1.0,0.0,100.0,,,,,,,,,,,,,,,,,,,,,,,,,,,,,,,,,,,,,,,,,,30.0,1.2,30.0,0.0,0.0,0.0,0.0,0.0,1.0,2.0,-1.0,-3.0,-3.69,0.3,1.1,-0.8,-2.43,-2.86
340,2023-2024,Premier-League,Tyrick Mitchell,eng ENG,DF,Crystal Palace,24-199,1999.0,27.0,27.0,2347.0,26.1,1.0,2.0,3.0,1.0,0.0,0.0,5.0,0.0,0.7,0.7,1.6,2.4,15.0,70.0,104.0,0.04,0.08,0.12,0.04,0.12,0.03,0.06,0.09,0.03,0.09,5.0,2.0,40.0,0.19,0.08,0.2,0.5,13.1,0.0,0.14,0.3,0.3,844.0,1183.0,71.3,13674.0,5900.0,409.0,494.0,82.8,373.0,500.0,74.6,48.0,109.0,44.0,1.6,0.4,16.0,57.0,19.0,7.0,907.0,272.0,9.0,1.0,0.0,49.0,263.0,0.0,0.0,0.0,0.0,4.0,49.0,30.0,1.15,27.0,2.0,0.0,0.0,0.0,1.0,3.0,0.12,3.0,0.0,0.0,0.0,0.0,0.0,77.0,40.0,60.0,11.0,6.0,29.0,42.0,69.0,13.0,41.0,8.0,33.0,22.0,99.0,85.0,0.0,1485.0,99.0,578.0,541.0,381.0,30.0,1485.0,21.0,8.0,38.1,12.0,57.1,589.0,2145.0,1013.0,14.0,3.0,30.0,19.0,690.0,0.0,17.0,12.0,0.0,0.0,0.0,0.0,157.0,13.0,20.0,39.4,,,,,,,,,,,,,,,,,,,,,,,,,,,,,,,,,,,,,,,,,,87.0,93.1,87.0,25.0,0.0,0.0,0.0,1.07,31.0,45.0,-14.0,-0.54,-0.02,30.8,37.4,-6.7,-0.26,-0.17
341,2023-2024,Premier-League,Kaoru Mitoma,jp JPN,FW,Brighton,26-303,1997.0,19.0,15.0,1486.0,16.5,3.0,4.0,7.0,3.0,0.0,0.0,4.0,0.0,3.5,3.5,2.7,6.2,121.0,64.0,239.0,0.18,0.24,0.42,0.18,0.42,0.21,0.16,0.37,0.21,0.37,34.0,15.0,44.1,2.06,0.91,0.09,0.2,13.2,0.0,0.1,-0.5,-0.5,509.0,650.0,78.3,6210.0,1486.0,357.0,413.0,86.4,110.0,153.0,71.9,9.0,24.0,37.5,3.6,1.3,25.0,23.0,34.0,5.0,639.0,9.0,1.0,3.0,0.0,44.0,7.0,1.0,0.0,0.0,0.0,2.0,18.0,62.0,3.76,47.0,0.0,10.0,3.0,2.0,0.0,10.0,0.61,6.0,0.0,3.0,1.0,0.0,0.0,13.0,6.0,3.0,7.0,3.0,5.0,19.0,26.3,14.0,15.0,1.0,14.0,5.0,18.0,12.0,0.0,852.0,17.0,79.0,270.0,514.0,136.0,852.0,94.0,39.0,41.5,44.0,46.8,616.0,4879.0,3147.0,54.0,62.0,38.0,15.0,677.0,0.0,14.0,23.0,7.0,0.0,0.0,0.0,68.0,11.0,11.0,50.0,,,,,,,,,,,,,,,,,,,,,,,,,,,,,,,,,,,,,,,,,,78.0,59.0,88.0,12.0,4.0,42.0,0.0,1.42,32.0,27.0,5.0,0.3,0.22,29.2,23.8,5.4,0.32,0.2
342,2023-2024,Premier-League,Aleksandar Mitrović,rs SRB,FW,Fulham,29-184,1994.0,1.0,0.0,33.0,0.4,0.0,0.0,0.0,0.0,0.0,0.0,0.0,0.0,0.2,0.2,0.0,0.2,0.0,1.0,0.0,0.0,0.0,0.0,0.0,0.0,0.44,0.0,0.44,0.44,0.44,2.0,1.0,50.0,5.45,2.73,0.0,0.0,11.0,0.0,0.08,-0.2,-0.2,4.0,8.0,50.0,78.0,24.0,1.0,3.0,33.3,2.0,4.0,50.0,1.0,1.0,100.0,0.0,0.0,0.0,1.0,1.0,0.0,8.0,0.0,0.0,0.0,0.0,0.0,0.0,0.0,0.0,0.0,0.0,0.0,0.0,2.0,5.45,1.0,0.0,1.0,0.0,0.0,0.0,1.0,2.73,1.0,0.0,0.0,0.0,0.0,0.0,0.0,0.0,0.0,0.0,0.0,0.0,0.0,0.0,0.0,0.0,0.0,0.0,0.0,0.0,0.0,0.0,12.0,0.0,1.0,6.0,6.0,4.0,12.0,3.0,3.0,100.0,0.0,0.0,5.0,29.0,15.0,0.0,0.0,0.0,0.0,8.0,0.0,0.0,0.0,0.0,0.0,0.0,0.0,1.0,2.0,1.0,66.7,,,,,,,,,,,,,,,,,,,,,,,,,,,,,,,,,,,,,,,,,,33.0,1.3,0.0,0.0,1.0,33.0,0.0,3.0,1.0,0.0,1.0,2.73,2.8,1.2,0.6,0.7,1.79,2.18
343,2023-2024,Premier-League,Jakub Moder,pl POL,"MF,DF",Brighton,24-346,1999.0,9.0,1.0,221.0,2.5,0.0,0.0,0.0,0.0,0.0,0.0,2.0,0.0,0.3,0.3,0.1,0.4,4.0,5.0,11.0,0.0,0.0,0.0,0.0,0.0,0.13,0.05,0.17,0.13,0.17,4.0,1.0,25.0,1.63,0.41,0.0,0.0,11.9,0.0,0.08,-0.3,-0.3,97.0,124.0,78.2,1150.0,257.0,70.0,75.0,93.3,22.0,33.0,66.7,1.0,5.0,20.0,0.2,-0.1,2.0,5.0,1.0,0.0,123.0,0.0,0.0,0.0,0.0,3.0,0.0,0.0,0.0,0.0,0.0,1.0,5.0,6.0,2.44,5.0,0.0,0.0,1.0,0.0,0.0,1.0,0.41,1.0,0.0,0.0,0.0,0.0,0.0,9.0,5.0,3.0,3.0,3.0,6.0,8.0,75.0,2.0,3.0,0.0,3.0,1.0,10.0,5.0,0.0,160.0,6.0,37.0,70.0,53.0,6.0,160.0,3.0,0.0,0.0,2.0,66.7,95.0,321.0,139.0,4.0,1.0,5.0,4.0,108.0,0.0,5.0,4.0,0.0,0.0,0.0,0.0,18.0,1.0,3.0,25.0,,,,,,,,,,,,,,,,,,,,,,,,,,,,,,,,,,,,,,,,,,25.0,8.8,75.0,0.0,8.0,18.0,8.0,1.89,5.0,3.0,2.0,0.81,0.66,3.8,3.4,0.4,0.16,-0.09
344,2023-2024,Premier-League,Kudus Mohammed,gh GHA,"FW,MF",West Ham,23-229,2000.0,23.0,17.0,1590.0,17.7,6.0,3.0,9.0,6.0,0.0,0.0,5.0,0.0,3.3,3.3,2.1,5.4,75.0,60.0,142.0,0.34,0.17,0.51,0.34,0.51,0.19,0.12,0.3,0.19,0.3,42.0,12.0,28.6,2.38,0.68,0.14,0.5,18.8,0.0,0.08,2.7,2.7,446.0,579.0,77.0,7418.0,1155.0,228.0,256.0,89.1,160.0,199.0,80.4,44.0,70.0,62.9,2.4,0.9,19.0,20.0,21.0,10.0,566.0,9.0,5.0,2.0,1.0,65.0,2.0,0.0,0.0,0.0,0.0,4.0,25.0,63.0,3.57,37.0,0.0,11.0,7.0,8.0,0.0,11.0,0.62,5.0,0.0,2.0,3.0,1.0,0.0,45.0,34.0,17.0,20.0,8.0,18.0,28.0,64.3,10.0,21.0,0.0,21.0,5.0,50.0,6.0,1.0,871.0,15.0,134.0,382.0,392.0,59.0,871.0,135.0,75.0,55.6,44.0,32.6,591.0,4511.0,2000.0,42.0,21.0,56.0,59.0,610.0,0.0,28.0,49.0,8.0,1.0,1.0,0.0,147.0,14.0,22.0,38.9,,,,,,,,,,,,,,,,,,,,,,,,,,,,,,,,,,,,,,,,,,69.0,63.1,88.0,9.0,6.0,17.0,0.0,1.48,28.0,36.0,-8.0,-0.45,-0.84,22.8,28.2,-5.4,-0.31,0.26
345,2023-2024,Premier-League,Gonzalo Montiel,ar ARG,DF,Nott'ham Forest,27-077,1997.0,9.0,5.0,498.0,5.5,0.0,2.0,2.0,0.0,0.0,0.0,4.0,0.0,0.1,0.1,0.6,0.7,6.0,20.0,20.0,0.0,0.36,0.36,0.0,0.36,0.02,0.11,0.12,0.02,0.12,2.0,0.0,0.0,0.36,0.0,0.0,0.0,17.2,0.0,0.05,-0.1,-0.1,202.0,265.0,76.2,3232.0,1348.0,105.0,116.0,90.5,79.0,109.0,72.5,13.0,30.0,43.3,0.3,1.4,5.0,19.0,6.0,0.0,225.0,39.0,4.0,1.0,0.0,12.0,35.0,0.0,0.0,0.0,0.0,1.0,5.0,9.0,1.63,8.0,0.0,0.0,1.0,0.0,0.0,2.0,0.36,2.0,0.0,0.0,0.0,0.0,0.0,14.0,11.0,8.0,5.0,1.0,10.0,18.0,55.6,8.0,5.0,2.0,3.0,6.0,20.0,28.0,1.0,330.0,38.0,126.0,129.0,79.0,6.0,330.0,0.0,0.0,0.0,0.0,0.0,151.0,698.0,442.0,10.0,0.0,6.0,3.0,165.0,0.0,5.0,0.0,1.0,0.0,0.0,0.0,27.0,9.0,3.0,75.0,,,,,,,,,,,,,,,,,,,,,,,,,,,,,,,,,,,,,,,,,,55.0,19.1,74.0,1.0,4.0,32.0,6.0,1.33,7.0,7.0,0.0,0.0,0.68,7.2,6.1,1.1,0.2,0.48
346,2023-2024,Premier-League,Kieffer Moore,wls WAL,"FW,MF",Bournemouth,31-223,1992.0,8.0,0.0,108.0,1.2,1.0,0.0,1.0,1.0,0.0,0.0,0.0,0.0,1.5,1.5,0.2,1.7,2.0,4.0,15.0,0.83,0.0,0.83,0.83,0.83,1.23,0.2,1.44,1.23,1.44,6.0,2.0,33.3,5.0,1.67,0.17,0.5,12.5,0.0,0.25,-0.5,-0.5,28.0,42.0,66.7,272.0,91.0,22.0,29.0,75.9,4.0,8.0,50.0,0.0,0.0,0.0,0.3,-0.2,2.0,2.0,2.0,0.0,41.0,1.0,0.0,0.0,0.0,2.0,0.0,0.0,0.0,0.0,0.0,0.0,3.0,5.0,4.17,5.0,0.0,0.0,0.0,0.0,0.0,0.0,0.0,0.0,0.0,0.0,0.0,0.0,0.0,0.0,0.0,0.0,0.0,0.0,0.0,0.0,0.0,0.0,0.0,0.0,0.0,0.0,0.0,0.0,0.0,53.0,0.0,2.0,21.0,30.0,12.0,53.0,3.0,1.0,33.3,1.0,33.3,29.0,93.0,34.0,0.0,0.0,3.0,1.0,47.0,0.0,5.0,2.0,0.0,0.0,0.0,0.0,4.0,6.0,6.0,50.0,,,,,,,,,,,,,,,,,,,,,,,,,,,,,,,,,,,,,,,,,,14.0,4.3,0.0,0.0,8.0,14.0,8.0,0.88,3.0,2.0,1.0,0.83,1.28,4.7,2.5,2.2,1.85,2.02
347,2023-2024,Premier-League,Álex Moreno,es ESP,DF,Aston Villa,30-284,1993.0,15.0,9.0,874.0,9.7,2.0,0.0,2.0,2.0,0.0,0.0,2.0,0.0,1.1,1.1,1.1,2.2,28.0,18.0,72.0,0.21,0.0,0.21,0.21,0.21,0.11,0.12,0.23,0.11,0.23,7.0,4.0,57.1,0.72,0.41,0.29,0.5,11.9,0.0,0.16,0.9,0.9,368.0,462.0,79.7,5445.0,1378.0,210.0,236.0,89.0,140.0,175.0,80.0,13.0,22.0,59.1,1.0,-1.1,11.0,8.0,11.0,2.0,369.0,93.0,9.0,0.0,0.0,27.0,84.0,0.0,0.0,0.0,0.0,0.0,26.0,21.0,2.16,18.0,0.0,2.0,1.0,0.0,0.0,0.0,0.0,0.0,0.0,0.0,0.0,0.0,0.0,15.0,11.0,15.0,0.0,0.0,9.0,15.0,60.0,6.0,7.0,2.0,5.0,11.0,26.0,31.0,0.0,586.0,32.0,216.0,196.0,177.0,24.0,586.0,31.0,14.0,45.2,14.0,45.2,306.0,1970.0,984.0,18.0,8.0,11.0,5.0,325.0,0.0,9.0,15.0,2.0,0.0,0.0,1.0,33.0,3.0,9.0,25.0,,,,,,,,,,,,,,,,,,,,,,,,,,,,,,,,,,,,,,,,,,58.0,34.7,84.0,5.0,6.0,20.0,4.0,1.8,21.0,19.0,2.0,0.21,-0.67,18.8,15.1,3.7,0.38,-0.03
348,2023-2024,Premier-League,Carlton Morris,eng ENG,"FW,MF",Luton Town,28-093,1995.0,29.0,23.0,2052.0,22.8,8.0,4.0,12.0,4.0,4.0,4.0,2.0,0.0,8.5,5.4,2.7,8.1,26.0,44.0,96.0,0.35,0.18,0.53,0.18,0.35,0.37,0.12,0.49,0.24,0.36,50.0,18.0,36.0,2.19,0.79,0.08,0.22,13.1,0.0,0.11,-0.5,-1.4,344.0,553.0,62.2,4501.0,826.0,220.0,305.0,72.1,92.0,149.0,61.7,13.0,23.0,56.5,1.3,1.3,20.0,23.0,10.0,0.0,524.0,17.0,1.0,0.0,2.0,11.0,3.0,1.0,0.0,1.0,0.0,12.0,25.0,62.0,2.72,44.0,0.0,3.0,8.0,6.0,1.0,8.0,0.35,4.0,0.0,0.0,3.0,1.0,0.0,9.0,6.0,3.0,3.0,3.0,4.0,9.0,44.4,5.0,15.0,1.0,14.0,1.0,10.0,32.0,0.0,780.0,37.0,72.0,360.0,356.0,105.0,776.0,39.0,22.0,56.4,13.0,33.3,394.0,2047.0,784.0,21.0,14.0,40.0,43.0,584.0,0.0,36.0,35.0,8.0,0.0,0.0,0.0,55.0,92.0,122.0,43.0,,,,,,,,,,,,,,,,,,,,,,,,,,,,,,,,,,,,,,,,,,71.0,78.6,84.0,13.0,6.0,21.0,0.0,0.76,30.0,47.0,-17.0,-0.75,-0.58,27.9,47.8,-19.9,-0.87,-0.18
349,2023-2024,Premier-League,Mason Mount,eng ENG,MF,Manchester Utd,25-068,1999.0,8.0,4.0,400.0,4.4,0.0,0.0,0.0,0.0,0.0,0.0,1.0,0.0,0.2,0.2,0.2,0.4,6.0,15.0,26.0,0.0,0.0,0.0,0.0,0.0,0.05,0.04,0.09,0.05,0.09,3.0,0.0,0.0,0.68,0.0,0.0,0.0,13.2,0.0,0.07,-0.2,-0.2,130.0,163.0,79.8,1771.0,570.0,81.0,94.0,86.2,28.0,36.0,77.8,9.0,15.0,60.0,0.3,-0.2,5.0,13.0,5.0,1.0,152.0,11.0,1.0,1.0,1.0,13.0,1.0,8.0,3.0,4.0,0.0,0.0,3.0,17.0,3.83,10.0,2.0,2.0,0.0,1.0,2.0,0.0,0.0,0.0,0.0,0.0,0.0,0.0,0.0,16.0,10.0,4.0,7.0,5.0,3.0,12.0,25.0,9.0,5.0,1.0,4.0,3.0,19.0,1.0,0.0,214.0,5.0,31.0,89.0,97.0,14.0,214.0,8.0,4.0,50.0,2.0,25.0,108.0,610.0,250.0,4.0,1.0,9.0,6.0,130.0,0.0,7.0,6.0,0.0,0.0,0.0,0.0,27.0,4.0,7.0,36.4,,,,,,,,,,,,,,,,,,,,,,,,,,,,,,,,,,,,,,,,,,50.0,15.9,72.0,0.0,4.0,28.0,0.0,1.88,2.0,6.0,-4.0,-0.9,-1.07,5.9,6.9,-1.0,-0.23,-0.09
350,2023-2024,Premier-League,Divin Mubama,eng ENG,FW,West Ham,19-145,2004.0,5.0,0.0,80.0,0.9,0.0,0.0,0.0,0.0,0.0,0.0,0.0,0.0,0.1,0.1,0.0,0.1,0.0,0.0,5.0,0.0,0.0,0.0,0.0,0.0,0.17,0.0,0.17,0.17,0.17,1.0,0.0,0.0,1.13,0.0,0.0,0.0,12.5,0.0,0.15,-0.1,-0.1,16.0,22.0,72.7,200.0,15.0,12.0,16.0,75.0,2.0,3.0,66.7,1.0,1.0,100.0,0.0,0.0,0.0,0.0,0.0,0.0,20.0,2.0,0.0,0.0,0.0,0.0,0.0,0.0,0.0,0.0,0.0,0.0,0.0,0.0,0.0,0.0,0.0,0.0,0.0,0.0,0.0,0.0,0.0,0.0,0.0,0.0,0.0,0.0,0.0,0.0,0.0,0.0,0.0,0.0,0.0,0.0,0.0,0.0,0.0,0.0,0.0,0.0,0.0,0.0,0.0,32.0,0.0,3.0,20.0,9.0,1.0,32.0,0.0,0.0,0.0,0.0,0.0,18.0,41.0,12.0,1.0,0.0,6.0,0.0,24.0,0.0,1.0,1.0,0.0,0.0,0.0,0.0,4.0,4.0,5.0,44.4,,,,,,,,,,,,,,,,,,,,,,,,,,,,,,,,,,,,,,,,,,16.0,3.2,0.0,0.0,5.0,16.0,18.0,1.6,2.0,2.0,0.0,0.0,0.15,1.3,2.6,-1.3,-1.46,-1.09
351,2023-2024,Premier-League,Mykhailo Mudryk,ua UKR,"FW,MF",Chelsea,23-073,2001.0,21.0,9.0,911.0,10.1,4.0,2.0,6.0,4.0,0.0,0.0,3.0,0.0,2.8,2.8,1.8,4.6,58.0,27.0,92.0,0.4,0.2,0.59,0.4,0.59,0.28,0.18,0.46,0.28,0.46,17.0,5.0,29.4,1.68,0.49,0.24,0.8,16.8,0.0,0.16,1.2,1.2,225.0,335.0,67.2,2995.0,994.0,150.0,188.0,79.8,45.0,80.0,56.3,14.0,31.0,45.2,1.8,0.2,15.0,16.0,14.0,2.0,294.0,36.0,3.0,4.0,1.0,48.0,4.0,29.0,10.0,7.0,1.0,5.0,9.0,32.0,3.16,19.0,6.0,4.0,1.0,2.0,0.0,7.0,0.69,2.0,1.0,2.0,1.0,1.0,0.0,18.0,11.0,8.0,5.0,5.0,8.0,23.0,34.8,15.0,10.0,1.0,9.0,4.0,22.0,6.0,0.0,470.0,6.0,58.0,159.0,265.0,51.0,470.0,52.0,22.0,42.3,22.0,42.3,328.0,2779.0,1580.0,44.0,25.0,35.0,13.0,350.0,0.0,15.0,17.0,1.0,1.0,0.0,0.0,29.0,3.0,9.0,25.0,,,,,,,,,,,,,,,,,,,,,,,,,,,,,,,,,,,,,,,,,,43.0,37.5,68.0,1.0,12.0,25.0,4.0,1.24,21.0,15.0,6.0,0.59,0.83,18.3,12.9,5.4,0.53,0.27
352,2023-2024,Premier-League,Rodrigo Muniz,br BRA,FW,Fulham,22-319,2001.0,17.0,10.0,936.0,10.4,7.0,1.0,8.0,7.0,0.0,0.0,1.0,0.0,5.2,5.2,1.6,6.8,3.0,10.0,41.0,0.67,0.1,0.77,0.67,0.77,0.5,0.16,0.66,0.5,0.66,43.0,14.0,32.6,4.13,1.35,0.16,0.5,12.6,0.0,0.12,1.8,1.8,77.0,135.0,57.0,1042.0,258.0,47.0,71.0,66.2,20.0,37.0,54.1,4.0,6.0,66.7,0.8,-0.6,12.0,6.0,4.0,0.0,126.0,8.0,0.0,1.0,0.0,2.0,0.0,0.0,0.0,0.0,0.0,1.0,3.0,20.0,1.92,10.0,0.0,1.0,4.0,3.0,2.0,0.0,0.0,0.0,0.0,0.0,0.0,0.0,0.0,4.0,2.0,1.0,3.0,0.0,1.0,4.0,25.0,3.0,6.0,2.0,4.0,4.0,8.0,12.0,0.0,276.0,18.0,27.0,125.0,128.0,70.0,276.0,14.0,2.0,14.3,11.0,78.6,147.0,478.0,153.0,3.0,2.0,30.0,20.0,203.0,0.0,17.0,18.0,4.0,0.0,0.0,0.0,24.0,49.0,69.0,41.5,,,,,,,,,,,,,,,,,,,,,,,,,,,,,,,,,,,,,,,,,,55.0,35.9,79.0,4.0,7.0,21.0,7.0,1.06,16.0,15.0,1.0,0.1,0.2,15.6,16.8,-1.1,-0.11,0.39
353,2023-2024,Premier-League,Daniel Muñoz,co COL,"DF,MF",Crystal Palace,27-297,1996.0,6.0,6.0,540.0,6.0,0.0,1.0,1.0,0.0,0.0,0.0,3.0,0.0,0.6,0.6,0.5,1.2,6.0,13.0,28.0,0.0,0.17,0.17,0.0,0.17,0.11,0.09,0.19,0.11,0.19,3.0,0.0,0.0,0.5,0.0,0.0,0.0,6.6,0.0,0.21,-0.6,-0.6,183.0,232.0,78.9,2534.0,932.0,117.0,136.0,86.0,58.0,78.0,74.4,6.0,12.0,50.0,0.3,0.5,7.0,4.0,2.0,0.0,186.0,46.0,0.0,0.0,0.0,5.0,46.0,0.0,0.0,0.0,0.0,0.0,4.0,12.0,2.0,10.0,0.0,1.0,0.0,1.0,0.0,3.0,0.5,2.0,0.0,1.0,0.0,0.0,0.0,12.0,11.0,9.0,2.0,1.0,6.0,16.0,37.5,10.0,10.0,5.0,5.0,8.0,20.0,22.0,0.0,313.0,29.0,98.0,126.0,91.0,12.0,313.0,12.0,7.0,58.3,4.0,33.3,125.0,524.0,254.0,3.0,1.0,5.0,1.0,153.0,0.0,10.0,3.0,4.0,0.0,0.0,0.0,21.0,9.0,4.0,69.2,,,,,,,,,,,,,,,,,,,,,,,,,,,,,,,,,,,,,,,,,,90.0,21.4,90.0,6.0,0.0,0.0,0.0,0.83,8.0,12.0,-4.0,-0.67,-0.17,7.0,7.3,-0.3,-0.06,0.24
354,2023-2024,Premier-League,Arijanet Muric,xk KVX,GK,Burnley,25-132,1998.0,1.0,1.0,90.0,1.0,0.0,0.0,0.0,0.0,0.0,0.0,0.0,0.0,0.0,0.0,0.0,0.0,0.0,1.0,0.0,0.0,0.0,0.0,0.0,0.0,0.0,0.0,0.0,0.0,0.0,0.0,0.0,0.0,0.0,0.0,0.0,0.0,0.0,0.0,0.0,0.0,0.0,24.0,36.0,66.7,904.0,696.0,2.0,2.0,100.0,7.0,8.0,87.5,14.0,23.0,60.9,0.0,0.0,0.0,2.0,0.0,0.0,24.0,10.0,8.0,0.0,1.0,0.0,0.0,0.0,0.0,0.0,0.0,2.0,0.0,0.0,0.0,0.0,0.0,0.0,0.0,0.0,0.0,0.0,0.0,0.0,0.0,0.0,0.0,0.0,0.0,0.0,0.0,0.0,0.0,0.0,0.0,0.0,0.0,0.0,0.0,0.0,0.0,0.0,0.0,1.0,0.0,40.0,22.0,33.0,7.0,0.0,0.0,40.0,0.0,0.0,0.0,0.0,0.0,22.0,76.0,39.0,0.0,0.0,0.0,0.0,18.0,0.0,0.0,3.0,0.0,0.0,0.0,0.0,0.0,1.0,0.0,100.0,1.0,1.0,90.0,1.0,1.0,5.0,4.0,80.0,1.0,0.0,0.0,0.0,0.0,0.0,0.0,0.0,0.0,0.0,0.0,1.0,0.0,0.6,0.13,-0.4,-0.37,11.0,20.0,55.0,32.0,3.0,59.4,44.1,2.0,50.0,22.0,13.0,1.0,7.7,1.0,1.0,12.3,90.0,3.4,90.0,1.0,0.0,0.0,25.0,3.0,2.0,1.0,1.0,1.0,2.25,2.7,1.0,1.6,1.63,2.48
355,2023-2024,Premier-League,Murillo,br BRA,DF,Nott'ham Forest,21-258,2002.0,23.0,23.0,1996.0,22.2,0.0,1.0,1.0,0.0,0.0,0.0,3.0,0.0,1.1,1.1,1.2,2.2,18.0,71.0,7.0,0.0,0.05,0.05,0.0,0.05,0.05,0.05,0.1,0.05,0.1,12.0,5.0,41.7,0.54,0.23,0.0,0.0,20.6,2.0,0.09,-1.1,-1.1,777.0,1021.0,76.1,15977.0,7094.0,264.0,302.0,87.4,395.0,459.0,86.1,110.0,234.0,47.0,0.6,-0.2,5.0,71.0,10.0,0.0,972.0,43.0,32.0,4.0,9.0,3.0,2.0,0.0,0.0,0.0,0.0,6.0,11.0,18.0,0.81,11.0,0.0,4.0,3.0,0.0,0.0,1.0,0.05,1.0,0.0,0.0,0.0,0.0,0.0,34.0,22.0,25.0,8.0,1.0,14.0,26.0,53.8,12.0,33.0,18.0,15.0,25.0,59.0,135.0,0.0,1302.0,242.0,740.0,504.0,71.0,24.0,1302.0,29.0,17.0,58.6,12.0,41.4,698.0,3757.0,2372.0,11.0,2.0,13.0,12.0,767.0,0.0,24.0,5.0,0.0,0.0,0.0,0.0,110.0,26.0,34.0,43.3,,,,,,,,,,,,,,,,,,,,,,,,,,,,,,,,,,,,,,,,,,87.0,76.5,87.0,20.0,0.0,0.0,0.0,0.78,27.0,40.0,-13.0,-0.59,-0.15,28.2,31.4,-3.2,-0.15,0.21
356,2023-2024,Premier-League,Alex Murphy,ie IRL,"FW,DF",Newcastle Utd,19-267,2004.0,1.0,0.0,4.0,0.0,0.0,0.0,0.0,0.0,0.0,0.0,0.0,0.0,0.0,0.0,0.0,0.0,0.0,0.0,0.0,0.0,0.0,0.0,0.0,0.0,0.0,0.0,0.0,0.0,0.0,0.0,0.0,0.0,0.0,0.0,0.0,0.0,0.0,0.0,0.0,0.0,0.0,4.0,4.0,100.0,81.0,8.0,2.0,2.0,100.0,1.0,1.0,100.0,1.0,1.0,100.0,0.0,0.0,0.0,1.0,0.0,0.0,4.0,0.0,0.0,0.0,0.0,0.0,0.0,0.0,0.0,0.0,0.0,0.0,0.0,0.0,0.0,0.0,0.0,0.0,0.0,0.0,0.0,0.0,0.0,0.0,0.0,0.0,0.0,0.0,0.0,0.0,0.0,0.0,0.0,0.0,0.0,1.0,0.0,1.0,0.0,0.0,0.0,1.0,1.0,0.0,0.0,5.0,0.0,2.0,3.0,0.0,0.0,5.0,0.0,0.0,0.0,0.0,0.0,4.0,8.0,1.0,0.0,0.0,0.0,0.0,4.0,0.0,1.0,0.0,0.0,0.0,0.0,0.0,1.0,0.0,0.0,0.0,,,,,,,,,,,,,,,,,,,,,,,,,,,,,,,,,,,,,,,,,,4.0,0.2,0.0,0.0,1.0,4.0,9.0,3.0,0.0,0.0,0.0,0.0,-0.39,0.0,0.0,0.0,0.0,-0.07
357,2023-2024,Premier-League,Jacob Murphy,eng ENG,FW,Newcastle Utd,29-023,1995.0,11.0,4.0,476.0,5.3,2.0,3.0,5.0,2.0,0.0,0.0,1.0,0.0,0.9,0.9,2.1,3.1,18.0,23.0,39.0,0.38,0.57,0.95,0.38,0.95,0.18,0.4,0.58,0.18,0.58,15.0,5.0,33.3,2.84,0.95,0.13,0.4,18.9,0.0,0.06,1.1,1.1,119.0,185.0,64.3,1926.0,747.0,69.0,85.0,81.2,39.0,64.0,60.9,10.0,25.0,40.0,1.3,0.9,10.0,16.0,10.0,2.0,173.0,12.0,5.0,7.0,0.0,31.0,3.0,3.0,1.0,1.0,0.0,0.0,8.0,19.0,3.58,10.0,3.0,2.0,3.0,1.0,0.0,4.0,0.75,3.0,0.0,1.0,0.0,0.0,0.0,9.0,6.0,4.0,2.0,3.0,5.0,9.0,55.6,4.0,9.0,0.0,9.0,0.0,9.0,7.0,0.0,258.0,9.0,40.0,99.0,125.0,23.0,258.0,16.0,8.0,50.0,7.0,43.8,143.0,930.0,444.0,13.0,8.0,10.0,8.0,171.0,0.0,4.0,8.0,1.0,0.0,0.0,0.0,24.0,0.0,3.0,0.0,,,,,,,,,,,,,,,,,,,,,,,,,,,,,,,,,,,,,,,,,,43.0,18.9,85.0,3.0,7.0,20.0,5.0,1.91,19.0,11.0,8.0,1.51,1.38,11.8,7.7,4.1,0.78,0.87
358,2023-2024,Premier-League,Vitaliy Mykolenko,ua UKR,DF,Everton,24-294,1999.0,23.0,23.0,2064.0,22.9,2.0,0.0,2.0,2.0,0.0,0.0,1.0,0.0,1.5,1.5,0.7,2.2,12.0,46.0,59.0,0.09,0.0,0.09,0.09,0.09,0.06,0.03,0.1,0.06,0.1,24.0,5.0,20.8,1.05,0.22,0.08,0.4,18.4,0.0,0.06,0.5,0.5,722.0,970.0,74.4,11122.0,4638.0,408.0,461.0,88.5,232.0,317.0,73.2,61.0,131.0,46.6,0.9,-0.7,11.0,34.0,14.0,9.0,791.0,177.0,0.0,1.0,2.0,48.0,177.0,0.0,0.0,0.0,0.0,2.0,27.0,33.0,1.44,28.0,0.0,1.0,4.0,0.0,0.0,2.0,0.09,0.0,0.0,0.0,2.0,0.0,0.0,60.0,34.0,40.0,19.0,1.0,35.0,56.0,62.5,21.0,28.0,10.0,18.0,32.0,92.0,75.0,0.0,1252.0,97.0,441.0,511.0,312.0,27.0,1252.0,27.0,16.0,59.3,10.0,37.0,512.0,2112.0,874.0,20.0,0.0,31.0,11.0,580.0,0.0,19.0,8.0,1.0,0.0,0.0,0.0,124.0,23.0,25.0,47.9,,,,,,,,,,,,,,,,,,,,,,,,,,,,,,,,,,,,,,,,,,90.0,81.9,90.0,21.0,0.0,0.0,4.0,1.17,25.0,30.0,-5.0,-0.22,0.77,33.7,31.7,2.0,0.09,-0.03
359,2023-2024,Premier-League,Marvelous Nakamba,zw ZIM,MF,Luton Town,30-059,1994.0,13.0,13.0,1130.0,12.6,0.0,0.0,0.0,0.0,0.0,0.0,5.0,0.0,0.2,0.2,0.4,0.6,1.0,36.0,5.0,0.0,0.0,0.0,0.0,0.0,0.01,0.03,0.05,0.01,0.05,5.0,0.0,0.0,0.4,0.0,0.0,0.0,23.6,0.0,0.04,-0.2,-0.2,356.0,423.0,84.2,5622.0,1605.0,184.0,203.0,90.6,126.0,143.0,88.1,27.0,42.0,64.3,0.5,-0.4,7.0,27.0,2.0,1.0,404.0,18.0,14.0,0.0,5.0,4.0,3.0,0.0,0.0,0.0,0.0,1.0,10.0,13.0,1.03,13.0,0.0,0.0,0.0,0.0,0.0,0.0,0.0,0.0,0.0,0.0,0.0,0.0,0.0,40.0,24.0,24.0,14.0,2.0,24.0,42.0,57.1,18.0,23.0,6.0,17.0,11.0,51.0,11.0,1.0,546.0,30.0,133.0,320.0,101.0,3.0,546.0,10.0,3.0,30.0,5.0,50.0,224.0,1064.0,344.0,8.0,0.0,10.0,4.0,251.0,0.0,24.0,9.0,0.0,0.0,0.0,0.0,90.0,4.0,7.0,36.4,,,,,,,,,,,,,,,,,,,,,,,,,,,,,,,,,,,,,,,,,,87.0,43.3,87.0,10.0,0.0,0.0,0.0,0.46,10.0,24.0,-14.0,-1.12,-0.87,12.8,25.7,-12.9,-1.02,-0.33
360,2023-2024,Premier-League,Michael Ndiweni,eng ENG,FW,Newcastle Utd,20-107,2003.0,1.0,0.0,1.0,0.0,0.0,0.0,0.0,0.0,0.0,0.0,0.0,0.0,0.0,0.0,0.0,0.0,0.0,0.0,0.0,0.0,0.0,0.0,0.0,0.0,0.0,0.0,0.0,0.0,0.0,0.0,0.0,0.0,0.0,0.0,0.0,0.0,0.0,0.0,0.0,0.0,0.0,1.0,2.0,50.0,16.0,15.0,0.0,0.0,0.0,1.0,1.0,100.0,0.0,0.0,0.0,0.0,0.0,0.0,0.0,0.0,0.0,2.0,0.0,0.0,0.0,0.0,0.0,0.0,0.0,0.0,0.0,0.0,0.0,1.0,0.0,0.0,0.0,0.0,0.0,0.0,0.0,0.0,0.0,0.0,0.0,0.0,0.0,0.0,0.0,0.0,0.0,0.0,0.0,0.0,0.0,0.0,0.0,0.0,0.0,0.0,0.0,0.0,0.0,0.0,0.0,0.0,2.0,0.0,0.0,2.0,0.0,0.0,2.0,0.0,0.0,0.0,0.0,0.0,0.0,0.0,0.0,0.0,0.0,0.0,0.0,0.0,0.0,0.0,0.0,0.0,0.0,0.0,0.0,0.0,0.0,0.0,0.0,,,,,,,,,,,,,,,,,,,,,,,,,,,,,,,,,,,,,,,,,,1.0,0.0,0.0,0.0,1.0,1.0,0.0,3.0,0.0,0.0,0.0,0.0,-0.39,0.0,0.0,0.0,0.0,-0.07
361,2023-2024,Premier-League,Reiss Nelson,eng ENG,"FW,MF",Arsenal,24-099,1999.0,14.0,0.0,194.0,2.2,0.0,0.0,0.0,0.0,0.0,0.0,1.0,0.0,0.1,0.1,0.6,0.7,8.0,3.0,19.0,0.0,0.0,0.0,0.0,0.0,0.05,0.26,0.31,0.05,0.31,3.0,1.0,33.3,1.39,0.46,0.0,0.0,22.3,0.0,0.03,-0.1,-0.1,94.0,111.0,84.7,1327.0,243.0,58.0,61.0,95.1,26.0,31.0,83.9,6.0,12.0,50.0,0.4,-0.6,4.0,1.0,4.0,2.0,100.0,11.0,4.0,0.0,1.0,14.0,3.0,4.0,4.0,0.0,0.0,0.0,3.0,7.0,3.25,6.0,1.0,0.0,0.0,0.0,0.0,0.0,0.0,0.0,0.0,0.0,0.0,0.0,0.0,8.0,5.0,4.0,1.0,3.0,8.0,9.0,88.9,1.0,4.0,1.0,3.0,1.0,9.0,5.0,0.0,147.0,7.0,26.0,46.0,79.0,10.0,147.0,6.0,0.0,0.0,6.0,100.0,97.0,557.0,253.0,5.0,4.0,7.0,4.0,97.0,0.0,3.0,5.0,0.0,0.0,0.0,0.0,19.0,0.0,4.0,0.0,,,,,,,,,,,,,,,,,,,,,,,,,,,,,,,,,,,,,,,,,,14.0,7.7,0.0,0.0,14.0,14.0,14.0,2.21,8.0,1.0,7.0,3.25,1.74,6.4,2.1,4.3,1.99,0.71
362,2023-2024,Premier-League,Zack Nelson,eng ENG,MF,Luton Town,19-176,2004.0,1.0,0.0,4.0,0.0,0.0,0.0,0.0,0.0,0.0,0.0,0.0,0.0,0.0,0.0,0.0,0.0,0.0,0.0,0.0,0.0,0.0,0.0,0.0,0.0,0.0,0.0,0.0,0.0,0.0,0.0,0.0,0.0,0.0,0.0,0.0,0.0,0.0,0.0,0.0,0.0,0.0,1.0,1.0,100.0,13.0,0.0,1.0,1.0,100.0,0.0,0.0,0.0,0.0,0.0,0.0,0.0,0.0,0.0,0.0,0.0,0.0,1.0,0.0,0.0,0.0,0.0,0.0,0.0,0.0,0.0,0.0,0.0,0.0,0.0,0.0,0.0,0.0,0.0,0.0,0.0,0.0,0.0,0.0,0.0,0.0,0.0,0.0,0.0,0.0,0.0,0.0,0.0,0.0,0.0,0.0,0.0,0.0,0.0,0.0,0.0,0.0,0.0,0.0,0.0,0.0,0.0,2.0,0.0,2.0,0.0,0.0,0.0,2.0,0.0,0.0,0.0,0.0,0.0,1.0,6.0,0.0,0.0,0.0,1.0,0.0,1.0,0.0,0.0,0.0,0.0,0.0,0.0,0.0,0.0,0.0,0.0,0.0,,,,,,,,,,,,,,,,,,,,,,,,,,,,,,,,,,,,,,,,,,4.0,0.2,0.0,0.0,1.0,4.0,11.0,1.0,1.0,0.0,1.0,22.5,23.16,0.2,0.3,-0.1,-2.52,-1.69
363,2023-2024,Premier-League,Neto,br BRA,GK,Bournemouth,34-243,1989.0,26.0,26.0,2340.0,26.0,0.0,0.0,0.0,0.0,0.0,0.0,4.0,0.0,0.0,0.0,0.0,0.0,0.0,0.0,0.0,0.0,0.0,0.0,0.0,0.0,0.0,0.0,0.0,0.0,0.0,0.0,0.0,0.0,0.0,0.0,0.0,0.0,0.0,0.0,0.0,0.0,0.0,556.0,852.0,65.3,16140.0,11950.0,81.0,83.0,97.6,292.0,301.0,97.0,182.0,461.0,39.5,0.0,0.0,0.0,16.0,0.0,0.0,596.0,252.0,66.0,0.0,2.0,0.0,0.0,0.0,0.0,0.0,0.0,4.0,2.0,4.0,0.15,3.0,1.0,0.0,0.0,0.0,0.0,0.0,0.0,0.0,0.0,0.0,0.0,0.0,0.0,0.0,0.0,0.0,0.0,0.0,0.0,0.0,0.0,0.0,1.0,0.0,1.0,1.0,1.0,11.0,1.0,921.0,767.0,913.0,8.0,0.0,0.0,921.0,1.0,1.0,100.0,0.0,0.0,510.0,3079.0,2022.0,0.0,0.0,0.0,0.0,379.0,0.0,1.0,0.0,0.0,0.0,0.0,0.0,29.0,7.0,0.0,100.0,26.0,26.0,2340.0,45.0,1.73,138.0,93.0,70.3,8.0,8.0,10.0,6.0,23.1,5.0,4.0,1.0,0.0,20.0,1.0,3.0,1.0,46.1,0.31,2.1,0.08,136.0,394.0,34.5,662.0,123.0,43.2,36.4,186.0,58.1,44.8,339.0,23.0,6.8,27.0,1.04,13.8,90.0,92.9,90.0,26.0,0.0,0.0,0.0,1.23,38.0,45.0,-7.0,-0.27,1.73,40.6,42.1,-1.5,-0.06,0.33
364,2023-2024,Premier-League,Pedro Neto,pt POR,"FW,MF",Wolves,24-009,2000.0,19.0,18.0,1503.0,16.7,2.0,9.0,11.0,2.0,0.0,0.0,4.0,0.0,3.4,3.4,4.4,7.9,97.0,54.0,148.0,0.12,0.54,0.66,0.12,0.66,0.21,0.27,0.47,0.21,0.47,35.0,11.0,31.4,2.1,0.66,0.06,0.18,16.5,2.0,0.1,-1.4,-1.4,532.0,714.0,74.5,8219.0,1968.0,304.0,348.0,87.4,153.0,209.0,73.2,49.0,98.0,50.0,3.7,4.6,38.0,23.0,29.0,12.0,637.0,73.0,23.0,1.0,5.0,115.0,14.0,34.0,16.0,10.0,2.0,4.0,17.0,74.0,4.43,41.0,15.0,8.0,4.0,6.0,0.0,14.0,0.84,8.0,2.0,2.0,1.0,1.0,0.0,7.0,3.0,3.0,2.0,2.0,5.0,15.0,33.3,10.0,5.0,1.0,4.0,4.0,11.0,2.0,0.0,894.0,4.0,62.0,355.0,499.0,83.0,894.0,88.0,37.0,42.0,42.0,47.7,574.0,4848.0,2558.0,63.0,42.0,44.0,20.0,673.0,0.0,15.0,20.0,2.0,1.0,0.0,0.0,79.0,4.0,18.0,18.2,,,,,,,,,,,,,,,,,,,,,,,,,,,,,,,,,,,,,,,,,,79.0,59.6,83.0,12.0,1.0,11.0,1.0,1.47,22.0,27.0,-5.0,-0.3,-0.56,21.7,29.0,-7.3,-0.44,-0.17
365,2023-2024,Premier-League,Moussa Niakhate,sn SEN,DF,Nott'ham Forest,28-010,1996.0,16.0,12.0,1160.0,12.9,1.0,0.0,1.0,1.0,0.0,0.0,4.0,1.0,1.1,1.1,0.1,1.2,12.0,30.0,6.0,0.08,0.0,0.08,0.08,0.08,0.08,0.01,0.09,0.08,0.09,5.0,1.0,20.0,0.39,0.08,0.2,1.0,9.0,0.0,0.22,-0.1,-0.1,473.0,604.0,78.3,8854.0,3164.0,176.0,188.0,93.6,243.0,307.0,79.2,50.0,95.0,52.6,0.2,-0.1,3.0,25.0,5.0,1.0,531.0,72.0,6.0,0.0,2.0,11.0,65.0,0.0,0.0,0.0,0.0,1.0,7.0,9.0,0.7,6.0,3.0,0.0,0.0,0.0,0.0,0.0,0.0,0.0,0.0,0.0,0.0,0.0,0.0,33.0,21.0,26.0,7.0,0.0,14.0,18.0,77.8,4.0,16.0,10.0,6.0,9.0,42.0,42.0,0.0,724.0,95.0,354.0,278.0,100.0,7.0,724.0,2.0,2.0,100.0,0.0,0.0,395.0,2035.0,973.0,10.0,1.0,4.0,1.0,411.0,1.0,8.0,3.0,0.0,0.0,0.0,0.0,78.0,12.0,4.0,75.0,,,,,,,,,,,,,,,,,,,,,,,,,,,,,,,,,,,,,,,,,,73.0,44.4,87.0,11.0,4.0,29.0,9.0,0.88,18.0,28.0,-10.0,-0.78,-0.4,17.3,22.4,-5.2,-0.4,-0.37
366,2023-2024,Premier-League,Eddie Nketiah,eng ENG,FW,Arsenal,24-293,1999.0,24.0,10.0,1052.0,11.7,5.0,2.0,7.0,5.0,0.0,0.0,3.0,0.0,4.4,4.4,0.8,5.2,21.0,19.0,73.0,0.43,0.17,0.6,0.43,0.6,0.38,0.07,0.45,0.38,0.45,36.0,11.0,30.6,3.08,0.94,0.14,0.45,12.6,0.0,0.12,0.6,0.6,164.0,208.0,78.8,2271.0,259.0,96.0,116.0,82.8,58.0,68.0,85.3,3.0,4.0,75.0,0.7,1.2,9.0,7.0,5.0,0.0,192.0,16.0,0.0,3.0,0.0,5.0,1.0,0.0,0.0,0.0,0.0,0.0,9.0,27.0,2.31,16.0,0.0,3.0,5.0,3.0,0.0,8.0,0.68,3.0,0.0,1.0,1.0,3.0,0.0,12.0,7.0,2.0,6.0,4.0,2.0,7.0,28.6,5.0,11.0,0.0,11.0,4.0,16.0,3.0,0.0,356.0,4.0,16.0,144.0,198.0,69.0,356.0,29.0,8.0,27.6,14.0,48.3,224.0,1123.0,469.0,11.0,10.0,36.0,15.0,265.0,0.0,21.0,26.0,7.0,2.0,0.0,0.0,21.0,22.0,23.0,48.9,,,,,,,,,,,,,,,,,,,,,,,,,,,,,,,,,,,,,,,,,,44.0,41.7,78.0,3.0,14.0,19.0,4.0,2.17,24.0,10.0,14.0,1.2,-0.76,22.0,9.9,12.2,1.04,-0.49
367,2023-2024,Premier-League,Christopher Nkunku,fr FRA,"FW,MF",Chelsea,26-125,1997.0,7.0,2.0,319.0,3.5,2.0,0.0,2.0,2.0,0.0,0.0,0.0,0.0,1.7,1.7,0.1,1.9,7.0,9.0,28.0,0.56,0.0,0.56,0.56,0.56,0.49,0.04,0.53,0.49,0.53,11.0,5.0,45.5,3.1,1.41,0.18,0.4,9.7,0.0,0.16,0.3,0.3,87.0,99.0,87.9,1045.0,238.0,59.0,62.0,95.2,15.0,18.0,83.3,2.0,3.0,66.7,0.3,-0.1,2.0,4.0,5.0,0.0,86.0,12.0,0.0,2.0,1.0,1.0,1.0,0.0,0.0,0.0,0.0,1.0,3.0,9.0,2.54,7.0,0.0,1.0,1.0,0.0,0.0,1.0,0.28,1.0,0.0,0.0,0.0,0.0,0.0,2.0,1.0,0.0,2.0,0.0,0.0,0.0,0.0,0.0,3.0,0.0,3.0,2.0,4.0,3.0,0.0,139.0,4.0,9.0,52.0,78.0,22.0,139.0,4.0,1.0,25.0,3.0,75.0,82.0,343.0,148.0,5.0,2.0,13.0,4.0,109.0,0.0,6.0,3.0,3.0,0.0,0.0,0.0,4.0,5.0,2.0,71.4,,,,,,,,,,,,,,,,,,,,,,,,,,,,,,,,,,,,,,,,,,46.0,13.1,71.0,0.0,5.0,36.0,1.0,1.43,8.0,10.0,-2.0,-0.56,-0.73,6.6,6.2,0.4,0.11,-0.29
368,2023-2024,Premier-League,Rhys Norrington-Davies,wls WAL,DF,Sheffield Utd,24-331,1999.0,5.0,2.0,110.0,1.2,0.0,0.0,0.0,0.0,0.0,0.0,1.0,0.0,0.0,0.0,0.0,0.0,3.0,2.0,6.0,0.0,0.0,0.0,0.0,0.0,0.0,0.01,0.01,0.0,0.01,0.0,0.0,0.0,0.0,0.0,0.0,0.0,0.0,0.0,0.0,0.0,0.0,48.0,67.0,71.6,811.0,222.0,23.0,25.0,92.0,23.0,31.0,74.2,2.0,7.0,28.6,0.0,0.0,1.0,1.0,0.0,0.0,55.0,12.0,1.0,0.0,1.0,2.0,11.0,0.0,0.0,0.0,0.0,0.0,2.0,1.0,0.82,1.0,0.0,0.0,0.0,0.0,0.0,0.0,0.0,0.0,0.0,0.0,0.0,0.0,0.0,1.0,1.0,1.0,0.0,0.0,0.0,1.0,0.0,1.0,2.0,0.0,2.0,1.0,2.0,2.0,0.0,77.0,4.0,26.0,38.0,14.0,1.0,77.0,1.0,1.0,100.0,0.0,0.0,46.0,266.0,119.0,1.0,0.0,2.0,2.0,47.0,0.0,3.0,1.0,1.0,0.0,0.0,0.0,4.0,1.0,1.0,50.0,,,,,,,,,,,,,,,,,,,,,,,,,,,,,,,,,,,,,,,,,,22.0,4.4,27.0,0.0,3.0,19.0,1.0,0.8,1.0,6.0,-5.0,-4.09,-2.41,1.7,2.5,-0.7,-0.6,0.56
369,2023-2024,Premier-League,Oliver Norwood,nir NIR,MF,Sheffield Utd,32-341,1991.0,24.0,16.0,1408.0,15.6,1.0,0.0,1.0,0.0,1.0,1.0,7.0,0.0,1.1,0.3,0.6,0.9,3.0,69.0,9.0,0.06,0.0,0.06,0.0,0.0,0.07,0.04,0.11,0.02,0.06,14.0,5.0,35.7,0.89,0.32,0.0,0.0,32.9,0.0,0.02,-0.1,-0.3,605.0,871.0,69.5,11697.0,4485.0,237.0,285.0,83.2,246.0,303.0,81.2,101.0,242.0,41.7,1.2,-0.6,15.0,63.0,11.0,2.0,778.0,90.0,54.0,2.0,7.0,50.0,1.0,33.0,5.0,23.0,2.0,3.0,10.0,30.0,1.92,17.0,12.0,0.0,1.0,0.0,0.0,1.0,0.06,1.0,0.0,0.0,0.0,0.0,0.0,41.0,26.0,18.0,18.0,5.0,20.0,45.0,44.4,25.0,24.0,9.0,15.0,21.0,62.0,38.0,0.0,1025.0,63.0,317.0,549.0,163.0,6.0,1024.0,2.0,0.0,0.0,1.0,50.0,455.0,1606.0,652.0,5.0,0.0,9.0,3.0,600.0,0.0,15.0,8.0,0.0,0.0,1.0,0.0,98.0,14.0,16.0,46.7,,,,,,,,,,,,,,,,,,,,,,,,,,,,,,,,,,,,,,,,,,59.0,55.9,82.0,12.0,8.0,11.0,3.0,0.46,12.0,43.0,-31.0,-1.98,-0.44,12.0,34.2,-22.2,-1.42,-0.63
370,2023-2024,Premier-League,Matheus Nunes,pt POR,MF,Wolves,25-204,1998.0,2.0,2.0,179.0,2.0,0.0,0.0,0.0,0.0,0.0,0.0,2.0,1.0,0.1,0.1,0.1,0.2,7.0,8.0,9.0,0.0,0.0,0.0,0.0,0.0,0.04,0.05,0.09,0.04,0.09,1.0,0.0,0.0,0.5,0.0,0.0,0.0,15.4,0.0,0.08,-0.1,-0.1,87.0,106.0,82.1,1077.0,279.0,59.0,68.0,86.8,23.0,26.0,88.5,2.0,6.0,33.3,0.2,-0.1,3.0,6.0,1.0,0.0,97.0,8.0,4.0,0.0,0.0,3.0,2.0,1.0,1.0,0.0,0.0,1.0,2.0,7.0,3.52,5.0,2.0,0.0,0.0,0.0,0.0,0.0,0.0,0.0,0.0,0.0,0.0,0.0,0.0,3.0,1.0,3.0,0.0,0.0,2.0,6.0,33.3,4.0,0.0,0.0,0.0,6.0,9.0,1.0,0.0,131.0,4.0,30.0,66.0,40.0,6.0,131.0,17.0,11.0,64.7,4.0,23.5,93.0,634.0,336.0,6.0,3.0,3.0,4.0,95.0,1.0,1.0,7.0,3.0,0.0,0.0,0.0,10.0,2.0,1.0,66.7,,,,,,,,,,,,,,,,,,,,,,,,,,,,,,,,,,,,,,,,,,90.0,7.1,90.0,1.0,0.0,0.0,0.0,0.0,1.0,5.0,-4.0,-2.01,-2.09,4.3,4.4,-0.1,-0.06,0.33
371,2023-2024,Premier-League,Matheus Nunes,pt POR,"MF,FW",Manchester City,25-204,1998.0,11.0,6.0,505.0,5.6,0.0,2.0,2.0,0.0,0.0,0.0,0.0,0.0,0.4,0.4,1.0,1.4,21.0,24.0,47.0,0.0,0.36,0.36,0.0,0.36,0.06,0.18,0.25,0.06,0.25,3.0,2.0,66.7,0.53,0.36,0.0,0.0,17.8,0.0,0.12,-0.4,-0.4,264.0,314.0,84.1,3626.0,596.0,162.0,177.0,91.5,80.0,91.0,87.9,10.0,21.0,47.6,1.3,1.0,7.0,17.0,11.0,2.0,302.0,12.0,7.0,0.0,1.0,15.0,2.0,3.0,2.0,0.0,0.0,0.0,10.0,17.0,3.03,13.0,0.0,0.0,1.0,3.0,0.0,3.0,0.53,3.0,0.0,0.0,0.0,0.0,0.0,8.0,3.0,1.0,5.0,2.0,4.0,10.0,40.0,6.0,4.0,1.0,3.0,0.0,8.0,7.0,0.0,376.0,11.0,42.0,170.0,170.0,25.0,376.0,21.0,9.0,42.9,12.0,57.1,240.0,1376.0,662.0,16.0,8.0,14.0,10.0,311.0,0.0,5.0,12.0,2.0,0.0,0.0,0.0,22.0,4.0,6.0,40.0,,,,,,,,,,,,,,,,,,,,,,,,,,,,,,,,,,,,,,,,,,46.0,20.0,68.0,2.0,5.0,20.0,12.0,2.18,12.0,6.0,6.0,1.07,-0.23,9.3,5.4,3.9,0.7,-0.43
372,2023-2024,Premier-League,Darwin Núñez,uy URU,FW,Liverpool,24-268,1999.0,26.0,17.0,1571.0,17.5,10.0,7.0,17.0,10.0,0.0,1.0,8.0,0.0,13.5,12.7,5.3,18.0,46.0,45.0,159.0,0.57,0.4,0.97,0.57,0.97,0.77,0.3,1.08,0.73,1.03,85.0,37.0,43.5,4.87,2.12,0.12,0.27,15.0,0.0,0.15,-3.5,-2.7,275.0,390.0,70.5,3849.0,851.0,161.0,205.0,78.5,80.0,115.0,69.6,17.0,32.0,53.1,3.6,1.7,27.0,19.0,22.0,0.0,377.0,13.0,2.0,3.0,1.0,14.0,2.0,0.0,0.0,0.0,0.0,0.0,11.0,65.0,3.72,48.0,0.0,3.0,12.0,2.0,0.0,13.0,0.74,10.0,0.0,0.0,2.0,1.0,0.0,19.0,12.0,2.0,9.0,8.0,10.0,21.0,47.6,11.0,17.0,6.0,11.0,2.0,21.0,5.0,0.0,615.0,10.0,33.0,187.0,408.0,146.0,614.0,37.0,12.0,32.4,18.0,48.6,379.0,2203.0,1085.0,30.0,26.0,39.0,23.0,462.0,0.0,22.0,12.0,25.0,1.0,0.0,0.0,47.0,27.0,43.0,38.6,,,,,,,,,,,,,,,,,,,,,,,,,,,,,,,,,,,,,,,,,,60.0,62.3,80.0,7.0,9.0,24.0,1.0,2.35,42.0,15.0,27.0,1.55,0.41,41.4,20.5,20.9,1.19,0.51
373,2023-2024,Premier-League,Ethan Nwaneri,eng ENG,FW,Arsenal,16-363,2007.0,1.0,0.0,14.0,0.2,0.0,0.0,0.0,0.0,0.0,0.0,0.0,0.0,0.0,0.0,0.0,0.0,2.0,2.0,1.0,0.0,0.0,0.0,0.0,0.0,0.0,0.15,0.15,0.0,0.15,0.0,0.0,0.0,0.0,0.0,0.0,0.0,0.0,0.0,0.0,0.0,0.0,15.0,18.0,83.3,209.0,56.0,10.0,13.0,76.9,5.0,5.0,100.0,0.0,0.0,0.0,0.0,0.0,1.0,1.0,2.0,0.0,18.0,0.0,0.0,0.0,0.0,0.0,0.0,0.0,0.0,0.0,0.0,0.0,0.0,1.0,6.43,1.0,0.0,0.0,0.0,0.0,0.0,0.0,0.0,0.0,0.0,0.0,0.0,0.0,0.0,0.0,0.0,0.0,0.0,0.0,0.0,0.0,0.0,0.0,1.0,0.0,1.0,0.0,0.0,0.0,0.0,20.0,0.0,0.0,9.0,11.0,2.0,20.0,1.0,0.0,0.0,0.0,0.0,16.0,123.0,66.0,2.0,0.0,0.0,0.0,17.0,0.0,1.0,1.0,0.0,0.0,0.0,0.0,0.0,1.0,0.0,100.0,,,,,,,,,,,,,,,,,,,,,,,,,,,,,,,,,,,,,,,,,,14.0,0.6,0.0,0.0,1.0,14.0,1.0,3.0,0.0,0.0,0.0,0.0,-1.65,0.0,0.1,-0.1,-0.69,-2.03
374,2023-2024,Premier-League,Christian Nørgaard,dk DEN,MF,Brentford,30-008,1994.0,26.0,26.0,2175.0,24.2,2.0,1.0,3.0,2.0,0.0,0.0,8.0,0.0,3.4,3.4,1.7,5.1,11.0,146.0,39.0,0.08,0.04,0.12,0.08,0.12,0.14,0.07,0.21,0.14,0.21,33.0,7.0,21.2,1.37,0.29,0.06,0.29,14.5,0.0,0.1,-1.4,-1.4,1008.0,1281.0,78.7,16337.0,5397.0,525.0,601.0,87.4,394.0,488.0,80.7,71.0,131.0,54.2,2.1,-0.7,21.0,102.0,24.0,3.0,1215.0,60.0,19.0,7.0,8.0,19.0,26.0,0.0,0.0,0.0,0.0,6.0,14.0,55.0,2.28,42.0,6.0,0.0,3.0,2.0,2.0,3.0,0.12,3.0,0.0,0.0,0.0,0.0,0.0,73.0,46.0,39.0,27.0,7.0,29.0,80.0,36.3,51.0,40.0,2.0,38.0,46.0,119.0,50.0,0.0,1595.0,86.0,448.0,821.0,334.0,51.0,1595.0,10.0,6.0,60.0,4.0,40.0,733.0,2824.0,1361.0,21.0,3.0,21.0,12.0,925.0,0.0,33.0,27.0,1.0,0.0,0.0,0.0,185.0,39.0,42.0,48.1,,,,,,,,,,,,,,,,,,,,,,,,,,,,,,,,,,,,,,,,,,84.0,83.3,84.0,19.0,0.0,0.0,0.0,0.88,33.0,45.0,-12.0,-0.5,-0.29,36.5,37.3,-0.7,-0.03,-0.16
375,2023-2024,Premier-League,Dara O'Shea,ie IRL,DF,Burnley,25-014,1999.0,25.0,24.0,2196.0,24.4,1.0,3.0,4.0,1.0,0.0,0.0,5.0,0.0,0.5,0.5,1.5,2.0,23.0,99.0,7.0,0.04,0.12,0.16,0.04,0.16,0.02,0.06,0.08,0.02,0.08,13.0,3.0,23.1,0.53,0.12,0.08,0.33,10.2,0.0,0.04,0.5,0.5,1072.0,1346.0,79.6,21376.0,7960.0,341.0,407.0,83.8,589.0,661.0,89.1,130.0,237.0,54.9,0.6,1.5,9.0,111.0,3.0,1.0,1306.0,34.0,24.0,2.0,7.0,7.0,8.0,0.0,0.0,0.0,0.0,6.0,16.0,22.0,0.9,19.0,0.0,0.0,2.0,0.0,1.0,5.0,0.2,5.0,0.0,0.0,0.0,0.0,0.0,23.0,13.0,13.0,8.0,2.0,8.0,16.0,50.0,8.0,31.0,22.0,9.0,24.0,47.0,126.0,1.0,1595.0,239.0,762.0,741.0,98.0,38.0,1595.0,2.0,1.0,50.0,1.0,50.0,888.0,4587.0,2823.0,9.0,1.0,8.0,1.0,1008.0,0.0,25.0,11.0,1.0,0.0,0.0,1.0,112.0,92.0,55.0,62.6,,,,,,,,,,,,,,,,,,,,,,,,,,,,,,,,,,,,,,,,,,88.0,84.1,90.0,22.0,1.0,45.0,1.0,0.52,25.0,57.0,-32.0,-1.31,-0.88,24.2,43.9,-19.7,-0.81,-0.28
376,2023-2024,Premier-League,Michael Obafemi,ie IRL,"FW,MF",Burnley,23-256,2000.0,2.0,0.0,20.0,0.2,0.0,0.0,0.0,0.0,0.0,0.0,0.0,0.0,0.1,0.1,0.0,0.1,0.0,0.0,3.0,0.0,0.0,0.0,0.0,0.0,0.4,0.0,0.4,0.4,0.4,2.0,0.0,0.0,9.0,0.0,0.0,0.0,19.8,0.0,0.05,-0.1,-0.1,4.0,5.0,80.0,55.0,2.0,3.0,3.0,100.0,1.0,1.0,100.0,0.0,0.0,0.0,0.0,0.0,0.0,0.0,0.0,0.0,5.0,0.0,0.0,0.0,0.0,0.0,0.0,0.0,0.0,0.0,0.0,0.0,0.0,1.0,4.29,1.0,0.0,0.0,0.0,0.0,0.0,1.0,4.29,1.0,0.0,0.0,0.0,0.0,0.0,0.0,0.0,0.0,0.0,0.0,0.0,0.0,0.0,0.0,1.0,0.0,1.0,0.0,0.0,0.0,0.0,9.0,0.0,0.0,3.0,6.0,4.0,9.0,3.0,3.0,100.0,0.0,0.0,6.0,32.0,11.0,0.0,0.0,0.0,1.0,6.0,0.0,0.0,0.0,0.0,0.0,0.0,0.0,1.0,0.0,1.0,0.0,,,,,,,,,,,,,,,,,,,,,,,,,,,,,,,,,,,,,,,,,,10.0,0.8,0.0,0.0,2.0,10.0,4.0,1.5,1.0,0.0,1.0,4.5,5.72,0.4,0.0,0.4,1.78,2.56
377,2023-2024,Premier-League,Wilson Odobert,fr FRA,"MF,FW",Burnley,19-111,2004.0,20.0,16.0,1322.0,14.7,3.0,2.0,5.0,3.0,0.0,0.0,2.0,0.0,1.8,1.8,1.5,3.3,64.0,27.0,80.0,0.2,0.14,0.34,0.2,0.34,0.12,0.1,0.22,0.12,0.22,31.0,9.0,29.0,2.11,0.61,0.1,0.33,19.4,0.0,0.06,1.2,1.2,240.0,323.0,74.3,3106.0,728.0,162.0,190.0,85.3,67.0,85.0,78.8,3.0,11.0,27.3,2.0,0.5,20.0,9.0,9.0,1.0,316.0,6.0,0.0,1.0,0.0,15.0,2.0,0.0,0.0,0.0,0.0,1.0,22.0,44.0,3.0,30.0,0.0,7.0,4.0,3.0,0.0,3.0,0.2,3.0,0.0,0.0,0.0,0.0,0.0,14.0,11.0,5.0,5.0,4.0,6.0,18.0,33.3,12.0,22.0,2.0,20.0,4.0,18.0,9.0,0.0,493.0,19.0,89.0,165.0,253.0,63.0,493.0,75.0,36.0,48.0,33.0,44.0,324.0,2856.0,1801.0,35.0,29.0,28.0,16.0,332.0,0.0,6.0,14.0,1.0,0.0,0.0,0.0,64.0,9.0,12.0,42.9,,,,,,,,,,,,,,,,,,,,,,,,,,,,,,,,,,,,,,,,,,66.0,50.7,80.0,5.0,4.0,10.0,4.0,0.5,14.0,34.0,-20.0,-1.36,-0.38,14.2,28.2,-14.0,-0.95,-0.38
378,2023-2024,Premier-League,Chiedozie Ogbene,ie IRL,"MF,DF",Luton Town,26-322,1997.0,28.0,19.0,1902.0,21.1,4.0,1.0,5.0,4.0,0.0,0.0,1.0,0.0,4.1,4.1,3.1,7.3,122.0,47.0,142.0,0.19,0.05,0.24,0.19,0.24,0.2,0.15,0.34,0.2,0.34,32.0,13.0,40.6,1.51,0.62,0.13,0.31,15.3,0.0,0.13,-0.1,-0.1,561.0,749.0,74.9,7695.0,2171.0,355.0,397.0,89.4,162.0,220.0,73.6,19.0,51.0,37.3,3.5,-2.1,24.0,20.0,18.0,5.0,662.0,86.0,5.0,0.0,2.0,77.0,75.0,0.0,0.0,0.0,0.0,1.0,43.0,74.0,3.5,49.0,2.0,12.0,4.0,7.0,0.0,6.0,0.28,1.0,0.0,2.0,1.0,2.0,0.0,17.0,10.0,10.0,7.0,0.0,12.0,22.0,54.5,10.0,14.0,3.0,11.0,5.0,22.0,33.0,2.0,1013.0,46.0,193.0,363.0,487.0,84.0,1013.0,114.0,58.0,50.9,41.0,36.0,624.0,5740.0,3484.0,70.0,44.0,58.0,19.0,629.0,0.0,8.0,47.0,7.0,1.0,0.0,0.0,120.0,26.0,23.0,53.1,,,,,,,,,,,,,,,,,,,,,,,,,,,,,,,,,,,,,,,,,,68.0,72.9,87.0,14.0,9.0,27.0,0.0,0.79,33.0,42.0,-9.0,-0.43,0.72,28.8,43.4,-14.6,-0.69,0.53
379,2023-2024,Premier-League,Angelo Ogbonna,it ITA,DF,West Ham,35-300,1988.0,7.0,3.0,321.0,3.6,0.0,0.0,0.0,0.0,0.0,0.0,0.0,0.0,0.0,0.0,0.0,0.0,0.0,3.0,0.0,0.0,0.0,0.0,0.0,0.0,0.0,0.0,0.0,0.0,0.0,0.0,0.0,0.0,0.0,0.0,0.0,0.0,0.0,0.0,0.0,0.0,0.0,78.0,89.0,87.6,1521.0,477.0,24.0,25.0,96.0,45.0,46.0,97.8,7.0,15.0,46.7,0.0,0.0,0.0,4.0,0.0,0.0,82.0,7.0,4.0,0.0,1.0,0.0,0.0,0.0,0.0,0.0,0.0,0.0,1.0,0.0,0.0,0.0,0.0,0.0,0.0,0.0,0.0,0.0,0.0,0.0,0.0,0.0,0.0,0.0,0.0,3.0,1.0,3.0,0.0,0.0,2.0,2.0,100.0,0.0,10.0,8.0,2.0,2.0,5.0,18.0,0.0,120.0,32.0,85.0,35.0,0.0,0.0,120.0,1.0,1.0,100.0,0.0,0.0,60.0,286.0,86.0,0.0,0.0,0.0,0.0,67.0,0.0,0.0,2.0,0.0,0.0,0.0,0.0,5.0,2.0,2.0,50.0,,,,,,,,,,,,,,,,,,,,,,,,,,,,,,,,,,,,,,,,,,46.0,12.7,90.0,3.0,4.0,13.0,21.0,2.29,6.0,2.0,4.0,1.12,1.45,7.0,7.6,-0.6,-0.17,0.27
380,2023-2024,Premier-League,Michael Olakigbe,eng ENG,"DF,FW",Brentford,19-328,2004.0,8.0,0.0,59.0,0.7,0.0,0.0,0.0,0.0,0.0,0.0,0.0,0.0,0.1,0.1,0.0,0.1,10.0,4.0,17.0,0.0,0.0,0.0,0.0,0.0,0.18,0.0,0.18,0.18,0.18,3.0,0.0,0.0,4.58,0.0,0.0,0.0,20.5,0.0,0.04,-0.1,-0.1,27.0,40.0,67.5,347.0,74.0,17.0,20.0,85.0,7.0,10.0,70.0,1.0,5.0,20.0,0.0,0.0,0.0,2.0,1.0,0.0,38.0,2.0,1.0,0.0,0.0,7.0,1.0,0.0,0.0,0.0,0.0,0.0,3.0,3.0,4.58,2.0,0.0,1.0,0.0,0.0,0.0,0.0,0.0,0.0,0.0,0.0,0.0,0.0,0.0,3.0,0.0,2.0,1.0,0.0,2.0,4.0,50.0,2.0,7.0,0.0,7.0,1.0,4.0,0.0,1.0,70.0,0.0,11.0,21.0,38.0,10.0,70.0,11.0,3.0,27.3,7.0,63.6,42.0,437.0,229.0,5.0,3.0,4.0,1.0,48.0,0.0,2.0,2.0,1.0,0.0,0.0,0.0,7.0,1.0,2.0,33.3,,,,,,,,,,,,,,,,,,,,,,,,,,,,,,,,,,,,,,,,,,7.0,2.3,0.0,0.0,8.0,7.0,9.0,0.63,1.0,0.0,1.0,1.53,2.02,2.0,0.8,1.3,1.93,1.98
381,2023-2024,Premier-League,Michael Olise,fr FRA,"FW,MF",Crystal Palace,22-097,2001.0,11.0,8.0,755.0,8.4,6.0,3.0,9.0,5.0,1.0,1.0,0.0,0.0,3.2,2.4,3.3,5.7,35.0,38.0,82.0,0.72,0.36,1.07,0.6,0.95,0.38,0.4,0.77,0.28,0.68,30.0,9.0,30.0,3.58,1.07,0.17,0.56,17.9,2.0,0.08,2.8,2.6,302.0,429.0,70.4,4994.0,1552.0,164.0,189.0,86.8,87.0,118.0,73.7,37.0,82.0,45.1,2.9,-0.3,22.0,27.0,17.0,3.0,349.0,77.0,30.0,2.0,2.0,76.0,7.0,30.0,19.0,8.0,2.0,3.0,17.0,50.0,5.96,24.0,11.0,7.0,4.0,4.0,0.0,6.0,0.72,5.0,0.0,1.0,0.0,0.0,0.0,14.0,8.0,5.0,8.0,1.0,8.0,20.0,40.0,12.0,14.0,0.0,14.0,6.0,20.0,8.0,0.0,563.0,10.0,75.0,219.0,278.0,47.0,562.0,46.0,27.0,58.7,12.0,26.1,343.0,2321.0,1253.0,25.0,17.0,24.0,22.0,394.0,0.0,7.0,29.0,2.0,0.0,0.0,0.0,41.0,3.0,13.0,18.8,,,,,,,,,,,,,,,,,,,,,,,,,,,,,,,,,,,,,,,,,,69.0,30.0,87.0,7.0,3.0,19.0,0.0,0.82,13.0,16.0,-3.0,-0.36,0.25,10.9,11.7,-0.8,-0.09,0.22
382,2023-2024,Premier-League,Robin Olsen,se SWE,GK,Aston Villa,34-070,1990.0,1.0,1.0,90.0,1.0,0.0,0.0,0.0,0.0,0.0,0.0,0.0,0.0,0.0,0.0,0.0,0.0,0.0,0.0,0.0,0.0,0.0,0.0,0.0,0.0,0.0,0.0,0.0,0.0,0.0,0.0,0.0,0.0,0.0,0.0,0.0,0.0,0.0,0.0,0.0,0.0,0.0,30.0,39.0,76.9,675.0,414.0,12.0,12.0,100.0,11.0,11.0,100.0,7.0,16.0,43.8,0.0,0.0,0.0,1.0,0.0,0.0,37.0,2.0,0.0,0.0,0.0,0.0,0.0,0.0,0.0,0.0,0.0,0.0,0.0,0.0,0.0,0.0,0.0,0.0,0.0,0.0,0.0,0.0,0.0,0.0,0.0,0.0,0.0,0.0,0.0,0.0,0.0,0.0,0.0,0.0,0.0,0.0,0.0,0.0,0.0,0.0,0.0,0.0,0.0,0.0,0.0,39.0,37.0,39.0,0.0,0.0,0.0,39.0,0.0,0.0,0.0,0.0,0.0,24.0,152.0,69.0,0.0,0.0,0.0,0.0,25.0,0.0,0.0,0.0,0.0,0.0,0.0,0.0,1.0,0.0,0.0,0.0,1.0,1.0,90.0,1.0,1.0,2.0,1.0,50.0,1.0,0.0,0.0,0.0,0.0,0.0,0.0,0.0,0.0,0.0,0.0,0.0,0.0,0.5,0.23,-0.5,-0.54,5.0,12.0,41.7,37.0,3.0,29.7,28.0,2.0,50.0,35.0,11.0,0.0,0.0,1.0,1.0,23.0,90.0,3.6,90.0,1.0,0.0,0.0,20.0,3.0,3.0,1.0,2.0,2.0,1.41,2.5,0.7,1.8,1.78,1.43
383,2023-2024,Premier-League,Andrew Omobamidele,ie IRL,DF,Nott'ham Forest,21-269,2002.0,7.0,5.0,496.0,5.5,0.0,0.0,0.0,0.0,0.0,0.0,2.0,0.0,0.0,0.0,0.0,0.0,1.0,6.0,0.0,0.0,0.0,0.0,0.0,0.0,0.0,0.0,0.0,0.0,0.0,0.0,0.0,0.0,0.0,0.0,0.0,0.0,0.0,0.0,0.0,0.0,0.0,164.0,190.0,86.3,3076.0,832.0,54.0,64.0,84.4,100.0,110.0,90.9,10.0,14.0,71.4,0.0,0.0,1.0,5.0,0.0,0.0,185.0,5.0,5.0,0.0,0.0,0.0,0.0,0.0,0.0,0.0,0.0,0.0,1.0,2.0,0.36,2.0,0.0,0.0,0.0,0.0,0.0,0.0,0.0,0.0,0.0,0.0,0.0,0.0,0.0,9.0,3.0,8.0,1.0,0.0,5.0,8.0,62.5,3.0,8.0,6.0,2.0,10.0,19.0,31.0,1.0,256.0,49.0,139.0,112.0,6.0,1.0,256.0,0.0,0.0,0.0,0.0,0.0,136.0,681.0,272.0,0.0,0.0,3.0,0.0,148.0,0.0,4.0,1.0,0.0,0.0,0.0,1.0,10.0,4.0,7.0,36.4,,,,,,,,,,,,,,,,,,,,,,,,,,,,,,,,,,,,,,,,,,71.0,19.0,90.0,5.0,2.0,23.0,4.0,0.57,6.0,9.0,-3.0,-0.54,0.01,5.8,7.8,-2.0,-0.36,-0.2
384,2023-2024,Premier-League,Amadou Onana,be BEL,MF,Everton,22-215,2001.0,22.0,18.0,1663.0,18.5,2.0,0.0,2.0,2.0,0.0,0.0,4.0,0.0,1.8,1.8,2.5,4.3,18.0,88.0,34.0,0.11,0.0,0.11,0.11,0.11,0.1,0.14,0.23,0.1,0.23,24.0,6.0,25.0,1.3,0.32,0.08,0.33,19.5,0.0,0.07,0.2,0.2,682.0,811.0,84.1,11502.0,3211.0,349.0,386.0,90.4,238.0,277.0,85.9,72.0,97.0,74.2,1.2,-2.5,17.0,76.0,11.0,1.0,798.0,7.0,6.0,5.0,11.0,3.0,1.0,0.0,0.0,0.0,0.0,6.0,8.0,50.0,2.71,42.0,0.0,1.0,3.0,4.0,0.0,0.0,0.0,0.0,0.0,0.0,0.0,0.0,0.0,54.0,31.0,26.0,21.0,7.0,14.0,30.0,46.7,16.0,17.0,3.0,14.0,13.0,67.0,23.0,0.0,1009.0,41.0,224.0,568.0,225.0,24.0,1009.0,22.0,8.0,36.4,7.0,31.8,526.0,2362.0,1133.0,26.0,3.0,16.0,7.0,664.0,0.0,31.0,37.0,1.0,0.0,1.0,0.0,133.0,44.0,15.0,74.6,,,,,,,,,,,,,,,,,,,,,,,,,,,,,,,,,,,,,,,,,,76.0,66.0,85.0,14.0,4.0,31.0,0.0,1.0,19.0,30.0,-11.0,-0.6,-0.7,27.8,27.9,0.0,0.0,-0.27
385,2023-2024,Premier-League,André Onana,cm CMR,GK,Manchester Utd,27-351,1996.0,28.0,28.0,2520.0,28.0,0.0,0.0,0.0,0.0,0.0,0.0,4.0,0.0,0.0,0.0,0.1,0.1,1.0,5.0,0.0,0.0,0.0,0.0,0.0,0.0,0.0,0.01,0.01,0.0,0.01,0.0,0.0,0.0,0.0,0.0,0.0,0.0,0.0,0.0,0.0,0.0,0.0,822.0,1113.0,73.9,20189.0,13649.0,205.0,206.0,99.5,415.0,425.0,97.6,195.0,470.0,41.5,0.1,-0.1,3.0,28.0,2.0,0.0,925.0,184.0,52.0,1.0,6.0,0.0,0.0,0.0,0.0,0.0,0.0,4.0,2.0,5.0,0.18,5.0,0.0,0.0,0.0,0.0,0.0,1.0,0.04,1.0,0.0,0.0,0.0,0.0,0.0,1.0,0.0,1.0,0.0,0.0,1.0,1.0,100.0,0.0,0.0,0.0,0.0,0.0,1.0,9.0,1.0,1188.0,906.0,1159.0,29.0,0.0,0.0,1188.0,0.0,0.0,0.0,0.0,0.0,815.0,4256.0,2707.0,0.0,0.0,1.0,0.0,699.0,0.0,0.0,3.0,0.0,0.0,0.0,0.0,33.0,11.0,2.0,84.6,28.0,28.0,2520.0,39.0,1.39,141.0,103.0,74.5,15.0,2.0,11.0,8.0,28.6,3.0,3.0,0.0,0.0,0.0,1.0,7.0,1.0,42.0,0.29,4.0,0.14,111.0,367.0,30.2,977.0,103.0,29.9,30.8,132.0,56.8,44.0,448.0,29.0,6.5,30.0,1.07,13.7,90.0,100.0,90.0,28.0,0.0,0.0,0.0,1.68,39.0,39.0,0.0,0.0,0.0,43.3,47.4,-4.2,-0.15,0.0
386,2023-2024,Premier-League,Ryan One,sct SCO,FW,Sheffield Utd,17-266,2006.0,1.0,0.0,8.0,0.1,0.0,0.0,0.0,0.0,0.0,0.0,0.0,0.0,0.0,0.0,0.0,0.0,1.0,0.0,0.0,0.0,0.0,0.0,0.0,0.0,0.0,0.0,0.0,0.0,0.0,0.0,0.0,0.0,0.0,0.0,0.0,0.0,0.0,0.0,0.0,0.0,0.0,1.0,1.0,100.0,7.0,0.0,1.0,1.0,100.0,0.0,0.0,0.0,0.0,0.0,0.0,0.0,0.0,0.0,0.0,0.0,0.0,1.0,0.0,0.0,0.0,0.0,0.0,0.0,0.0,0.0,0.0,0.0,0.0,0.0,0.0,0.0,0.0,0.0,0.0,0.0,0.0,0.0,0.0,0.0,0.0,0.0,0.0,0.0,0.0,0.0,0.0,0.0,0.0,0.0,0.0,0.0,0.0,0.0,0.0,0.0,0.0,0.0,0.0,0.0,0.0,0.0,2.0,1.0,1.0,1.0,1.0,0.0,2.0,0.0,0.0,0.0,0.0,0.0,1.0,11.0,11.0,1.0,0.0,0.0,0.0,0.0,0.0,0.0,0.0,0.0,0.0,0.0,0.0,1.0,0.0,0.0,0.0,,,,,,,,,,,,,,,,,,,,,,,,,,,,,,,,,,,,,,,,,,8.0,0.3,0.0,0.0,1.0,8.0,3.0,0.0,0.0,2.0,-2.0,-22.5,-20.78,0.0,1.2,-1.2,-13.13,-12.02
387,2023-2024,Premier-League,Tyler Onyango,eng ENG,MF,Everton,21-014,2003.0,1.0,0.0,1.0,0.0,0.0,0.0,0.0,0.0,0.0,0.0,0.0,0.0,0.0,0.0,0.0,0.0,0.0,0.0,0.0,0.0,0.0,0.0,0.0,0.0,0.0,0.0,0.0,0.0,0.0,0.0,0.0,0.0,0.0,0.0,0.0,0.0,0.0,0.0,0.0,0.0,0.0,0.0,0.0,0.0,0.0,0.0,0.0,0.0,0.0,0.0,0.0,0.0,0.0,0.0,0.0,0.0,0.0,0.0,0.0,0.0,0.0,0.0,0.0,0.0,0.0,0.0,0.0,0.0,0.0,0.0,0.0,0.0,0.0,0.0,0.0,0.0,0.0,0.0,0.0,0.0,0.0,0.0,0.0,0.0,0.0,0.0,0.0,0.0,0.0,0.0,0.0,0.0,0.0,0.0,0.0,0.0,0.0,0.0,0.0,0.0,0.0,0.0,0.0,0.0,0.0,0.0,0.0,0.0,0.0,0.0,0.0,0.0,0.0,0.0,0.0,0.0,0.0,0.0,0.0,0.0,0.0,0.0,0.0,0.0,0.0,0.0,0.0,0.0,0.0,0.0,0.0,0.0,0.0,0.0,0.0,0.0,0.0,,,,,,,,,,,,,,,,,,,,,,,,,,,,,,,,,,,,,,,,,,1.0,0.0,0.0,0.0,1.0,1.0,4.0,0.0,0.0,0.0,0.0,0.0,0.36,0.0,0.0,0.0,0.0,-0.09
388,2023-2024,Premier-League,Frank Onyeka,ng NGA,MF,Brentford,26-077,1998.0,22.0,11.0,1141.0,12.7,0.0,2.0,2.0,0.0,0.0,0.0,8.0,0.0,1.9,1.9,1.8,3.7,16.0,33.0,39.0,0.0,0.16,0.16,0.0,0.16,0.15,0.14,0.29,0.15,0.29,21.0,8.0,38.1,1.66,0.63,0.0,0.0,17.7,0.0,0.09,-1.9,-1.9,287.0,378.0,75.9,4466.0,1101.0,152.0,175.0,86.9,110.0,143.0,76.9,17.0,33.0,51.5,1.4,0.2,11.0,22.0,10.0,4.0,371.0,6.0,2.0,2.0,0.0,15.0,4.0,0.0,0.0,0.0,0.0,1.0,12.0,31.0,2.45,21.0,0.0,2.0,3.0,4.0,1.0,1.0,0.08,0.0,0.0,0.0,1.0,0.0,0.0,35.0,22.0,9.0,21.0,5.0,14.0,25.0,56.0,11.0,15.0,7.0,8.0,23.0,58.0,16.0,0.0,561.0,30.0,126.0,274.0,171.0,27.0,561.0,29.0,11.0,37.9,14.0,48.3,309.0,1559.0,569.0,14.0,4.0,32.0,11.0,323.0,0.0,24.0,31.0,4.0,0.0,0.0,0.0,71.0,9.0,23.0,28.1,,,,,,,,,,,,,,,,,,,,,,,,,,,,,,,,,,,,,,,,,,52.0,43.7,78.0,3.0,11.0,26.0,1.0,0.73,16.0,27.0,-11.0,-0.87,-0.75,22.5,20.8,1.7,0.14,0.25
389,2023-2024,Premier-League,Divock Origi,be BEL,FW,Nott'ham Forest,28-335,1995.0,15.0,5.0,472.0,5.2,0.0,1.0,1.0,0.0,0.0,0.0,1.0,0.0,1.1,1.1,1.9,3.0,13.0,11.0,26.0,0.0,0.19,0.19,0.0,0.19,0.2,0.37,0.57,0.2,0.57,10.0,2.0,20.0,1.91,0.38,0.0,0.0,20.2,0.0,0.11,-1.1,-1.1,66.0,103.0,64.1,1002.0,272.0,42.0,56.0,75.0,13.0,24.0,54.2,8.0,10.0,80.0,0.8,-0.9,7.0,5.0,5.0,1.0,102.0,1.0,1.0,3.0,0.0,10.0,0.0,0.0,0.0,0.0,0.0,0.0,8.0,13.0,2.48,10.0,1.0,1.0,1.0,0.0,0.0,2.0,0.38,2.0,0.0,0.0,0.0,0.0,0.0,4.0,2.0,3.0,0.0,1.0,0.0,0.0,0.0,0.0,5.0,0.0,5.0,2.0,6.0,2.0,0.0,165.0,2.0,16.0,77.0,75.0,18.0,165.0,14.0,5.0,35.7,8.0,57.1,100.0,666.0,312.0,6.0,5.0,15.0,9.0,124.0,0.0,12.0,6.0,2.0,0.0,0.0,0.0,13.0,8.0,16.0,33.3,,,,,,,,,,,,,,,,,,,,,,,,,,,,,,,,,,,,,,,,,,31.0,18.1,56.0,0.0,10.0,19.0,3.0,0.47,4.0,5.0,-1.0,-0.19,0.44,8.4,7.6,0.7,0.14,0.4
390,2023-2024,Premier-League,Stefan Ortega,de GER,GK,Manchester City,31-133,1992.0,3.0,1.0,208.0,2.3,0.0,0.0,0.0,0.0,0.0,0.0,0.0,0.0,0.0,0.0,0.0,0.0,0.0,0.0,0.0,0.0,0.0,0.0,0.0,0.0,0.0,0.0,0.0,0.0,0.0,0.0,0.0,0.0,0.0,0.0,0.0,0.0,0.0,0.0,0.0,0.0,0.0,79.0,112.0,70.5,1932.0,1434.0,18.0,18.0,100.0,42.0,44.0,95.5,19.0,49.0,38.8,0.0,0.0,0.0,1.0,0.0,0.0,103.0,9.0,4.0,0.0,0.0,0.0,0.0,0.0,0.0,0.0,0.0,0.0,1.0,0.0,0.0,0.0,0.0,0.0,0.0,0.0,0.0,0.0,0.0,0.0,0.0,0.0,0.0,0.0,0.0,0.0,0.0,0.0,0.0,0.0,0.0,0.0,0.0,0.0,0.0,0.0,0.0,0.0,0.0,0.0,1.0,118.0,78.0,117.0,1.0,0.0,0.0,118.0,0.0,0.0,0.0,0.0,0.0,86.0,311.0,166.0,0.0,0.0,0.0,0.0,82.0,0.0,0.0,0.0,0.0,0.0,0.0,0.0,6.0,0.0,0.0,0.0,3.0,1.0,208.0,3.0,1.3,12.0,9.0,75.0,1.0,0.0,0.0,0.0,0.0,0.0,0.0,0.0,0.0,0.0,0.0,0.0,0.0,3.7,0.31,0.7,0.31,9.0,32.0,28.1,107.0,7.0,26.2,29.9,5.0,80.0,56.2,31.0,2.0,6.5,6.0,2.6,18.6,69.0,8.3,90.0,1.0,2.0,59.0,25.0,2.33,5.0,3.0,2.0,0.87,-0.42,4.1,3.4,0.7,0.32,-0.78
391,2023-2024,Premier-League,Ben Osborn,eng ENG,"DF,MF",Sheffield Utd,29-226,1994.0,15.0,6.0,705.0,7.8,0.0,1.0,1.0,0.0,0.0,0.0,2.0,0.0,0.2,0.2,0.3,0.5,4.0,29.0,26.0,0.0,0.13,0.13,0.0,0.13,0.02,0.04,0.06,0.02,0.06,2.0,0.0,0.0,0.26,0.0,0.0,0.0,19.5,0.0,0.08,-0.2,-0.2,203.0,279.0,72.8,3206.0,1206.0,111.0,129.0,86.0,64.0,88.0,72.7,18.0,41.0,43.9,0.4,0.7,7.0,14.0,7.0,5.0,248.0,30.0,1.0,0.0,1.0,20.0,20.0,2.0,2.0,0.0,0.0,1.0,7.0,11.0,1.4,11.0,0.0,0.0,0.0,0.0,0.0,1.0,0.13,1.0,0.0,0.0,0.0,0.0,0.0,10.0,3.0,4.0,4.0,2.0,4.0,7.0,57.1,3.0,9.0,0.0,9.0,2.0,12.0,18.0,0.0,342.0,14.0,101.0,131.0,114.0,6.0,342.0,7.0,3.0,42.9,4.0,57.1,167.0,754.0,289.0,2.0,0.0,6.0,7.0,188.0,0.0,5.0,4.0,1.0,0.0,0.0,0.0,43.0,3.0,9.0,25.0,,,,,,,,,,,,,,,,,,,,,,,,,,,,,,,,,,,,,,,,,,47.0,28.0,75.0,3.0,9.0,28.0,5.0,0.53,9.0,15.0,-6.0,-0.77,1.42,7.2,15.1,-7.9,-1.01,0.18
392,2023-2024,Premier-League,Gabriel Osho,ng NGA,DF,Luton Town,25-217,1998.0,16.0,16.0,1396.0,15.5,2.0,0.0,2.0,2.0,0.0,0.0,3.0,0.0,1.0,1.0,0.1,1.1,4.0,25.0,0.0,0.13,0.0,0.13,0.13,0.13,0.07,0.0,0.07,0.07,0.07,8.0,2.0,25.0,0.52,0.13,0.25,1.0,11.6,0.0,0.13,1.0,1.0,420.0,521.0,80.6,7824.0,2781.0,140.0,160.0,87.5,255.0,288.0,88.5,24.0,62.0,38.7,0.1,-0.1,1.0,17.0,1.0,0.0,515.0,5.0,5.0,0.0,0.0,1.0,0.0,0.0,0.0,0.0,0.0,1.0,2.0,4.0,0.26,3.0,0.0,1.0,0.0,0.0,0.0,2.0,0.13,2.0,0.0,0.0,0.0,0.0,0.0,31.0,17.0,15.0,15.0,1.0,12.0,20.0,60.0,8.0,34.0,18.0,16.0,29.0,60.0,71.0,0.0,730.0,130.0,414.0,284.0,41.0,15.0,730.0,10.0,6.0,60.0,4.0,40.0,334.0,1597.0,737.0,8.0,0.0,9.0,10.0,335.0,0.0,19.0,7.0,0.0,0.0,0.0,0.0,79.0,26.0,29.0,47.3,,,,,,,,,,,,,,,,,,,,,,,,,,,,,,,,,,,,,,,,,,87.0,53.5,87.0,14.0,0.0,0.0,1.0,1.0,25.0,32.0,-7.0,-0.45,0.36,18.8,33.5,-14.7,-0.95,-0.25
393,2023-2024,Premier-League,William Osula,dk DEN,FW,Sheffield Utd,20-227,2003.0,18.0,9.0,730.0,8.1,0.0,0.0,0.0,0.0,0.0,0.0,4.0,0.0,1.6,1.6,0.1,1.7,6.0,2.0,37.0,0.0,0.0,0.0,0.0,0.0,0.2,0.01,0.2,0.2,0.2,20.0,7.0,35.0,2.47,0.86,0.0,0.0,14.2,0.0,0.08,-1.6,-1.6,40.0,84.0,47.6,472.0,83.0,27.0,50.0,54.0,5.0,17.0,29.4,2.0,5.0,40.0,0.1,-0.1,1.0,3.0,2.0,1.0,83.0,0.0,0.0,0.0,0.0,2.0,0.0,0.0,0.0,0.0,0.0,1.0,1.0,11.0,1.36,3.0,0.0,0.0,5.0,3.0,0.0,1.0,0.12,0.0,0.0,0.0,1.0,0.0,0.0,2.0,2.0,1.0,0.0,1.0,1.0,2.0,50.0,1.0,3.0,1.0,2.0,2.0,4.0,8.0,0.0,182.0,8.0,21.0,71.0,95.0,26.0,182.0,15.0,2.0,13.3,11.0,73.3,99.0,517.0,180.0,7.0,2.0,30.0,10.0,129.0,0.0,14.0,11.0,6.0,0.0,0.0,0.0,12.0,23.0,66.0,25.8,,,,,,,,,,,,,,,,,,,,,,,,,,,,,,,,,,,,,,,,,,41.0,29.0,60.0,1.0,9.0,21.0,3.0,0.33,4.0,20.0,-16.0,-1.97,-0.26,4.9,18.4,-13.5,-1.67,-0.75
394,2023-2024,Premier-League,Dango Ouattara,bf BFA,"DF,FW",Bournemouth,22-036,2002.0,20.0,6.0,673.0,7.5,1.0,1.0,2.0,1.0,0.0,0.0,2.0,0.0,1.9,1.9,1.0,2.9,33.0,28.0,62.0,0.13,0.13,0.27,0.13,0.27,0.25,0.14,0.39,0.25,0.39,20.0,3.0,15.0,2.67,0.4,0.05,0.33,14.5,0.0,0.09,-0.9,-0.9,249.0,369.0,67.5,4134.0,1308.0,122.0,161.0,75.8,103.0,141.0,73.0,19.0,37.0,51.4,0.9,0.0,11.0,17.0,8.0,4.0,310.0,58.0,5.0,1.0,0.0,28.0,51.0,2.0,0.0,0.0,0.0,1.0,12.0,30.0,4.02,23.0,0.0,4.0,1.0,1.0,1.0,2.0,0.27,2.0,0.0,0.0,0.0,0.0,0.0,30.0,17.0,16.0,7.0,7.0,13.0,23.0,56.5,10.0,10.0,2.0,8.0,9.0,39.0,20.0,0.0,502.0,20.0,133.0,168.0,211.0,48.0,502.0,25.0,15.0,60.0,7.0,28.0,236.0,1522.0,865.0,12.0,12.0,14.0,6.0,262.0,0.0,7.0,9.0,3.0,0.0,0.0,0.0,43.0,20.0,23.0,46.5,,,,,,,,,,,,,,,,,,,,,,,,,,,,,,,,,,,,,,,,,,34.0,26.7,71.0,2.0,14.0,18.0,2.0,1.45,13.0,13.0,0.0,0.0,0.54,12.1,9.6,2.5,0.33,0.56
395,2023-2024,Premier-League,David Ozoh,eng ENG,MF,Crystal Palace,18-292,2005.0,8.0,0.0,135.0,1.5,0.0,0.0,0.0,0.0,0.0,0.0,1.0,0.0,0.0,0.0,0.0,0.0,2.0,3.0,3.0,0.0,0.0,0.0,0.0,0.0,0.0,0.0,0.0,0.0,0.0,0.0,0.0,0.0,0.0,0.0,0.0,0.0,0.0,0.0,0.0,0.0,0.0,40.0,43.0,93.0,576.0,82.0,17.0,18.0,94.4,21.0,21.0,100.0,0.0,0.0,0.0,0.0,0.0,0.0,3.0,0.0,0.0,43.0,0.0,0.0,0.0,0.0,0.0,0.0,0.0,0.0,0.0,0.0,0.0,1.0,0.0,0.0,0.0,0.0,0.0,0.0,0.0,0.0,0.0,0.0,0.0,0.0,0.0,0.0,0.0,0.0,9.0,5.0,3.0,5.0,1.0,5.0,6.0,83.3,1.0,2.0,0.0,2.0,0.0,9.0,2.0,0.0,64.0,1.0,18.0,36.0,11.0,0.0,64.0,3.0,1.0,33.3,2.0,66.7,31.0,141.0,36.0,2.0,0.0,2.0,4.0,35.0,0.0,2.0,0.0,0.0,0.0,0.0,0.0,8.0,3.0,4.0,42.9,,,,,,,,,,,,,,,,,,,,,,,,,,,,,,,,,,,,,,,,,,17.0,5.4,0.0,0.0,8.0,17.0,8.0,1.13,2.0,4.0,-2.0,-1.33,-0.84,2.7,2.5,0.1,0.09,0.35
396,2023-2024,Premier-League,João Palhinha,pt POR,MF,Fulham,28-253,1995.0,24.0,22.0,1960.0,21.8,3.0,1.0,4.0,3.0,0.0,0.0,12.0,0.0,2.2,2.2,0.3,2.5,7.0,63.0,9.0,0.14,0.05,0.18,0.14,0.18,0.1,0.01,0.12,0.1,0.12,30.0,10.0,33.3,1.38,0.46,0.1,0.3,15.8,0.0,0.07,0.8,0.8,761.0,926.0,82.2,13448.0,3427.0,362.0,408.0,88.7,305.0,342.0,89.2,78.0,119.0,65.5,0.7,0.7,9.0,64.0,3.0,1.0,880.0,40.0,37.0,6.0,13.0,1.0,1.0,0.0,0.0,0.0,0.0,6.0,22.0,22.0,1.01,15.0,1.0,0.0,4.0,0.0,2.0,2.0,0.09,1.0,0.0,0.0,1.0,0.0,0.0,110.0,57.0,62.0,38.0,10.0,73.0,114.0,64.0,41.0,45.0,8.0,37.0,39.0,149.0,41.0,0.0,1255.0,89.0,401.0,690.0,179.0,31.0,1255.0,18.0,8.0,44.4,8.0,44.4,575.0,2125.0,733.0,8.0,0.0,27.0,20.0,706.0,0.0,39.0,48.0,2.0,0.0,1.0,0.0,147.0,32.0,23.0,58.2,,,,,,,,,,,,,,,,,,,,,,,,,,,,,,,,,,,,,,,,,,82.0,75.1,87.0,15.0,2.0,23.0,0.0,1.08,31.0,31.0,0.0,0.0,0.14,26.4,36.5,-10.1,-0.46,-0.41
397,2023-2024,Premier-League,Cole Palmer,eng ENG,MF,Manchester City,21-317,2002.0,1.0,0.0,11.0,0.1,0.0,0.0,0.0,0.0,0.0,0.0,0.0,0.0,0.0,0.0,0.0,0.0,0.0,0.0,0.0,0.0,0.0,0.0,0.0,0.0,0.0,0.0,0.0,0.0,0.0,0.0,0.0,0.0,0.0,0.0,0.0,0.0,0.0,0.0,0.0,0.0,0.0,4.0,5.0,80.0,51.0,0.0,2.0,2.0,100.0,2.0,3.0,66.7,0.0,0.0,0.0,0.0,0.0,0.0,0.0,0.0,0.0,5.0,0.0,0.0,0.0,0.0,0.0,0.0,0.0,0.0,0.0,0.0,0.0,0.0,0.0,0.0,0.0,0.0,0.0,0.0,0.0,0.0,0.0,0.0,0.0,0.0,0.0,0.0,0.0,0.0,0.0,0.0,0.0,0.0,0.0,0.0,0.0,0.0,0.0,0.0,0.0,0.0,0.0,0.0,0.0,0.0,6.0,0.0,0.0,4.0,2.0,0.0,6.0,0.0,0.0,0.0,0.0,0.0,6.0,35.0,4.0,0.0,0.0,1.0,0.0,6.0,0.0,1.0,0.0,0.0,0.0,0.0,0.0,0.0,0.0,0.0,0.0,,,,,,,,,,,,,,,,,,,,,,,,,,,,,,,,,,,,,,,,,,11.0,0.4,0.0,0.0,1.0,11.0,2.0,3.0,0.0,0.0,0.0,0.0,-1.26,0.1,0.1,0.1,0.62,-0.42
398,2023-2024,Premier-League,Cole Palmer,eng ENG,"FW,MF",Chelsea,21-317,2002.0,23.0,19.0,1740.0,19.3,11.0,8.0,19.0,6.0,5.0,5.0,7.0,0.0,8.9,4.9,6.6,11.5,64.0,133.0,122.0,0.57,0.41,0.98,0.31,0.72,0.46,0.34,0.8,0.25,0.6,52.0,20.0,38.5,2.69,1.03,0.12,0.3,22.8,4.0,0.09,2.1,1.1,783.0,964.0,81.2,12795.0,3763.0,408.0,448.0,91.1,272.0,317.0,85.8,70.0,114.0,61.4,5.6,1.4,37.0,92.0,53.0,4.0,901.0,55.0,12.0,20.0,10.0,33.0,12.0,22.0,3.0,7.0,0.0,8.0,25.0,89.0,4.6,72.0,1.0,5.0,5.0,2.0,4.0,14.0,0.72,11.0,0.0,1.0,1.0,0.0,1.0,19.0,11.0,8.0,5.0,6.0,6.0,16.0,37.5,10.0,16.0,1.0,15.0,13.0,32.0,11.0,2.0,1184.0,17.0,135.0,518.0,542.0,71.0,1179.0,70.0,32.0,45.7,34.0,48.6,790.0,4813.0,2194.0,36.0,21.0,40.0,34.0,932.0,0.0,16.0,16.0,5.0,0.0,0.0,0.0,74.0,1.0,4.0,20.0,,,,,,,,,,,,,,,,,,,,,,,,,,,,,,,,,,,,,,,,,,76.0,71.6,86.0,9.0,4.0,26.0,0.0,1.39,37.0,34.0,3.0,0.16,0.29,36.1,32.1,3.9,0.2,-0.56
399,2023-2024,Premier-League,Emerson Palmieri,it ITA,DF,West Ham,29-228,1994.0,26.0,25.0,2271.0,25.2,1.0,2.0,3.0,1.0,0.0,0.0,7.0,0.0,1.1,1.1,2.2,3.3,43.0,89.0,88.0,0.04,0.08,0.12,0.04,0.12,0.04,0.09,0.13,0.04,0.13,15.0,3.0,20.0,0.59,0.12,0.07,0.33,18.6,0.0,0.07,-0.1,-0.1,1037.0,1274.0,81.4,14005.0,5579.0,656.0,729.0,90.0,300.0,378.0,79.4,33.0,60.0,55.0,1.8,-0.2,20.0,65.0,18.0,7.0,1077.0,194.0,7.0,2.0,3.0,35.0,187.0,0.0,0.0,0.0,0.0,3.0,43.0,52.0,2.06,37.0,3.0,3.0,2.0,5.0,2.0,7.0,0.28,4.0,1.0,1.0,0.0,1.0,0.0,78.0,52.0,33.0,33.0,12.0,42.0,59.0,71.2,17.0,32.0,7.0,25.0,31.0,109.0,72.0,0.0,1581.0,120.0,499.0,725.0,373.0,33.0,1581.0,44.0,18.0,40.9,21.0,47.7,789.0,4211.0,2153.0,38.0,9.0,25.0,10.0,904.0,0.0,20.0,25.0,1.0,2.0,0.0,0.0,111.0,17.0,17.0,50.0,,,,,,,,,,,,,,,,,,,,,,,,,,,,,,,,,,,,,,,,,,87.0,90.1,89.0,22.0,1.0,45.0,0.0,1.62,43.0,42.0,1.0,0.04,1.85,35.6,46.9,-11.3,-0.45,-0.47
400,2023-2024,Premier-League,Lucas Paquetá,br BRA,"FW,MF",West Ham,26-204,1997.0,21.0,21.0,1756.0,19.5,3.0,5.0,8.0,2.0,1.0,1.0,7.0,0.0,3.9,3.1,3.7,6.8,25.0,129.0,84.0,0.15,0.26,0.41,0.1,0.36,0.2,0.19,0.39,0.16,0.35,28.0,6.0,21.4,1.44,0.31,0.07,0.33,16.7,0.0,0.11,-0.9,-1.1,744.0,1008.0,73.8,11346.0,3943.0,404.0,481.0,84.0,237.0,307.0,77.2,62.0,115.0,53.9,3.6,1.3,30.0,90.0,32.0,3.0,971.0,31.0,7.0,21.0,11.0,18.0,8.0,0.0,0.0,0.0,0.0,6.0,40.0,61.0,3.13,49.0,0.0,7.0,0.0,5.0,0.0,12.0,0.62,10.0,0.0,2.0,0.0,0.0,0.0,50.0,36.0,26.0,19.0,5.0,20.0,40.0,50.0,20.0,22.0,0.0,22.0,14.0,64.0,20.0,1.0,1275.0,26.0,228.0,715.0,349.0,45.0,1274.0,59.0,31.0,52.5,23.0,39.0,785.0,3319.0,1367.0,29.0,8.0,47.0,56.0,946.0,0.0,33.0,50.0,3.0,0.0,0.0,0.0,147.0,42.0,43.0,49.4,,,,,,,,,,,,,,,,,,,,,,,,,,,,,,,,,,,,,,,,,,84.0,69.7,84.0,9.0,0.0,0.0,0.0,1.9,37.0,28.0,9.0,0.46,1.99,27.7,30.4,-2.7,-0.14,0.87
401,2023-2024,Premier-League,Ben Parkinson,eng ENG,FW,Newcastle Utd,19-008,2005.0,1.0,0.0,25.0,0.3,0.0,0.0,0.0,0.0,0.0,0.0,0.0,0.0,0.0,0.0,0.0,0.0,0.0,0.0,0.0,0.0,0.0,0.0,0.0,0.0,0.0,0.0,0.0,0.0,0.0,0.0,0.0,0.0,0.0,0.0,0.0,0.0,0.0,0.0,0.0,0.0,0.0,1.0,3.0,33.3,15.0,0.0,0.0,1.0,0.0,1.0,2.0,50.0,0.0,0.0,0.0,0.0,0.0,0.0,0.0,0.0,0.0,2.0,1.0,0.0,0.0,0.0,0.0,0.0,0.0,0.0,0.0,0.0,0.0,0.0,0.0,0.0,0.0,0.0,0.0,0.0,0.0,0.0,0.0,0.0,0.0,0.0,0.0,0.0,0.0,0.0,0.0,0.0,0.0,0.0,0.0,0.0,0.0,0.0,0.0,1.0,0.0,1.0,0.0,0.0,1.0,0.0,6.0,2.0,2.0,1.0,3.0,0.0,6.0,0.0,0.0,0.0,0.0,0.0,0.0,0.0,0.0,0.0,0.0,0.0,0.0,2.0,0.0,0.0,0.0,1.0,0.0,0.0,0.0,0.0,0.0,2.0,0.0,,,,,,,,,,,,,,,,,,,,,,,,,,,,,,,,,,,,,,,,,,25.0,1.0,0.0,0.0,1.0,25.0,4.0,0.0,0.0,1.0,-1.0,-3.6,-4.03,0.2,1.7,-1.5,-5.37,-5.5
402,2023-2024,Premier-League,Thomas Partey,gh GHA,"DF,MF",Arsenal,30-279,1993.0,6.0,3.0,278.0,3.1,0.0,0.0,0.0,0.0,0.0,0.0,0.0,0.0,0.1,0.1,0.1,0.2,12.0,34.0,5.0,0.0,0.0,0.0,0.0,0.0,0.02,0.03,0.06,0.02,0.06,2.0,1.0,50.0,0.65,0.32,0.0,0.0,17.0,0.0,0.04,-0.1,-0.1,260.0,289.0,90.0,4187.0,1156.0,135.0,144.0,93.8,99.0,110.0,90.0,20.0,27.0,74.1,0.2,-0.1,3.0,29.0,8.0,2.0,271.0,17.0,7.0,1.0,1.0,2.0,10.0,0.0,0.0,0.0,0.0,1.0,0.0,10.0,3.24,10.0,0.0,0.0,0.0,0.0,0.0,2.0,0.65,2.0,0.0,0.0,0.0,0.0,0.0,6.0,5.0,5.0,1.0,0.0,4.0,6.0,66.7,2.0,2.0,1.0,1.0,4.0,10.0,2.0,0.0,311.0,4.0,52.0,192.0,69.0,4.0,311.0,9.0,6.0,66.7,1.0,11.1,198.0,989.0,588.0,11.0,1.0,2.0,3.0,233.0,0.0,0.0,3.0,0.0,0.0,0.0,0.0,25.0,3.0,3.0,50.0,,,,,,,,,,,,,,,,,,,,,,,,,,,,,,,,,,,,,,,,,,46.0,11.0,78.0,2.0,3.0,14.0,1.0,2.67,4.0,2.0,2.0,0.65,-1.12,4.4,2.5,1.8,0.6,-0.82
403,2023-2024,Premier-League,Nathan Patterson,sct SCO,DF,Everton,22-154,2001.0,19.0,9.0,961.0,10.7,0.0,2.0,2.0,0.0,0.0,0.0,4.0,0.0,0.3,0.3,1.7,2.0,17.0,37.0,32.0,0.0,0.19,0.19,0.0,0.19,0.03,0.16,0.19,0.03,0.19,4.0,0.0,0.0,0.37,0.0,0.0,0.0,20.9,0.0,0.08,-0.3,-0.3,367.0,512.0,71.7,5741.0,2638.0,207.0,236.0,87.7,115.0,170.0,67.6,35.0,82.0,42.7,1.0,0.3,8.0,30.0,14.0,6.0,411.0,100.0,1.0,1.0,1.0,29.0,99.0,0.0,0.0,0.0,0.0,1.0,11.0,19.0,1.78,13.0,3.0,0.0,1.0,0.0,2.0,2.0,0.19,2.0,0.0,0.0,0.0,0.0,0.0,33.0,23.0,21.0,10.0,2.0,14.0,37.0,37.8,23.0,14.0,3.0,11.0,9.0,42.0,32.0,0.0,636.0,47.0,194.0,262.0,186.0,8.0,636.0,17.0,6.0,35.3,10.0,58.8,277.0,1192.0,620.0,12.0,4.0,19.0,6.0,315.0,0.0,17.0,5.0,1.0,0.0,0.0,0.0,59.0,6.0,10.0,37.5,,,,,,,,,,,,,,,,,,,,,,,,,,,,,,,,,,,,,,,,,,51.0,38.1,87.0,8.0,10.0,18.0,9.0,1.11,12.0,19.0,-7.0,-0.66,-0.48,17.2,18.4,-1.2,-0.11,-0.33
404,2023-2024,Premier-League,Myles Peart-Harris,eng ENG,"DF,MF",Brentford,21-182,2002.0,3.0,0.0,13.0,0.1,0.0,0.0,0.0,0.0,0.0,0.0,0.0,0.0,0.0,0.0,0.0,0.0,2.0,1.0,1.0,0.0,0.0,0.0,0.0,0.0,0.0,0.12,0.12,0.0,0.12,0.0,0.0,0.0,0.0,0.0,0.0,0.0,0.0,0.0,0.0,0.0,0.0,6.0,10.0,60.0,68.0,10.0,5.0,5.0,100.0,1.0,2.0,50.0,0.0,2.0,0.0,0.0,0.0,1.0,1.0,0.0,0.0,8.0,2.0,0.0,0.0,0.0,1.0,2.0,0.0,0.0,0.0,0.0,0.0,0.0,1.0,6.92,1.0,0.0,0.0,0.0,0.0,0.0,0.0,0.0,0.0,0.0,0.0,0.0,0.0,0.0,0.0,0.0,0.0,0.0,0.0,0.0,0.0,0.0,0.0,0.0,0.0,0.0,0.0,0.0,1.0,0.0,11.0,0.0,1.0,3.0,7.0,1.0,11.0,0.0,0.0,0.0,0.0,0.0,8.0,64.0,37.0,1.0,0.0,0.0,2.0,8.0,0.0,2.0,2.0,0.0,0.0,0.0,0.0,0.0,0.0,5.0,0.0,,,,,,,,,,,,,,,,,,,,,,,,,,,,,,,,,,,,,,,,,,4.0,0.5,0.0,0.0,3.0,4.0,6.0,1.0,0.0,0.0,0.0,0.0,0.45,0.7,0.1,0.6,4.42,4.45
405,2023-2024,Premier-League,Sydie Peck,eng ENG,MF,Sheffield Utd,19-187,2004.0,1.0,0.0,10.0,0.1,0.0,0.0,0.0,0.0,0.0,0.0,0.0,0.0,0.0,0.0,0.0,0.0,0.0,0.0,0.0,0.0,0.0,0.0,0.0,0.0,0.0,0.0,0.0,0.0,0.0,0.0,0.0,0.0,0.0,0.0,0.0,0.0,0.0,0.0,0.0,0.0,0.0,1.0,1.0,100.0,10.0,0.0,1.0,1.0,100.0,0.0,0.0,0.0,0.0,0.0,0.0,0.0,0.0,0.0,0.0,0.0,0.0,1.0,0.0,0.0,0.0,0.0,0.0,0.0,0.0,0.0,0.0,0.0,0.0,0.0,0.0,0.0,0.0,0.0,0.0,0.0,0.0,0.0,0.0,0.0,0.0,0.0,0.0,0.0,0.0,0.0,0.0,0.0,0.0,0.0,0.0,0.0,0.0,0.0,0.0,0.0,0.0,0.0,0.0,0.0,0.0,0.0,1.0,0.0,0.0,1.0,0.0,0.0,1.0,0.0,0.0,0.0,0.0,0.0,0.0,0.0,0.0,0.0,0.0,0.0,0.0,1.0,0.0,0.0,0.0,0.0,0.0,0.0,0.0,1.0,0.0,0.0,0.0,,,,,,,,,,,,,,,,,,,,,,,,,,,,,,,,,,,,,,,,,,10.0,0.4,0.0,0.0,1.0,10.0,1.0,3.0,0.0,0.0,0.0,0.0,1.79,0.2,0.1,0.1,1.06,2.21
406,2023-2024,Premier-League,Facundo Pellistri,uy URU,"FW,MF",Manchester Utd,22-089,2001.0,9.0,1.0,172.0,1.9,0.0,1.0,1.0,0.0,0.0,0.0,0.0,0.0,0.7,0.7,0.1,0.8,6.0,6.0,31.0,0.0,0.52,0.52,0.0,0.52,0.38,0.05,0.43,0.38,0.43,4.0,2.0,50.0,2.09,1.05,0.0,0.0,11.5,0.0,0.18,-0.7,-0.7,60.0,79.0,75.9,675.0,146.0,47.0,53.0,88.7,11.0,17.0,64.7,0.0,0.0,0.0,0.4,0.9,1.0,4.0,2.0,0.0,78.0,0.0,0.0,0.0,0.0,4.0,0.0,0.0,0.0,0.0,0.0,1.0,5.0,3.0,1.57,2.0,0.0,0.0,0.0,1.0,0.0,1.0,0.52,1.0,0.0,0.0,0.0,0.0,0.0,5.0,3.0,4.0,1.0,0.0,1.0,3.0,33.3,2.0,7.0,1.0,6.0,1.0,6.0,5.0,0.0,117.0,5.0,23.0,37.0,58.0,13.0,117.0,11.0,5.0,45.5,4.0,36.4,74.0,482.0,185.0,7.0,4.0,4.0,4.0,79.0,0.0,4.0,6.0,0.0,0.0,0.0,0.0,11.0,6.0,4.0,60.0,,,,,,,,,,,,,,,,,,,,,,,,,,,,,,,,,,,,,,,,,,19.0,6.8,60.0,0.0,8.0,14.0,11.0,1.11,2.0,2.0,0.0,0.0,0.0,3.2,3.7,-0.5,-0.27,-0.13
407,2023-2024,Premier-League,Andreas Pereira,br BRA,MF,Fulham,28-077,1996.0,29.0,26.0,2001.0,22.2,1.0,5.0,6.0,1.0,0.0,0.0,5.0,0.0,2.3,2.3,5.2,7.5,42.0,94.0,94.0,0.04,0.22,0.27,0.04,0.27,0.11,0.23,0.34,0.11,0.34,38.0,10.0,26.3,1.71,0.45,0.03,0.1,22.9,6.0,0.06,-1.3,-1.3,674.0,958.0,70.4,11797.0,3836.0,341.0,393.0,86.8,213.0,280.0,76.1,97.0,210.0,46.2,3.8,-0.2,62.0,69.0,25.0,6.0,763.0,190.0,48.0,12.0,8.0,159.0,2.0,114.0,35.0,55.0,1.0,5.0,30.0,99.0,4.46,57.0,36.0,1.0,2.0,3.0,0.0,9.0,0.41,7.0,2.0,0.0,0.0,0.0,0.0,19.0,9.0,3.0,8.0,8.0,8.0,29.0,27.6,21.0,14.0,2.0,12.0,3.0,22.0,12.0,0.0,1129.0,18.0,114.0,488.0,536.0,48.0,1129.0,30.0,14.0,46.7,16.0,53.3,609.0,3312.0,1584.0,41.0,9.0,33.0,34.0,740.0,0.0,14.0,19.0,3.0,0.0,0.0,0.0,75.0,11.0,29.0,27.5,,,,,,,,,,,,,,,,,,,,,,,,,,,,,,,,,,,,,,,,,,69.0,76.7,74.0,4.0,3.0,28.0,0.0,1.31,33.0,28.0,5.0,0.22,1.11,29.4,33.1,-3.7,-0.16,0.85
408,2023-2024,Premier-League,Ivan Perišić,hr CRO,FW,Tottenham,35-045,1989.0,5.0,0.0,103.0,1.1,0.0,1.0,1.0,0.0,0.0,0.0,2.0,0.0,0.1,0.1,0.9,1.0,15.0,9.0,17.0,0.0,0.87,0.87,0.0,0.87,0.1,0.75,0.85,0.1,0.85,2.0,0.0,0.0,1.75,0.0,0.0,0.0,13.0,0.0,0.06,-0.1,-0.1,53.0,76.0,69.7,828.0,363.0,31.0,39.0,79.5,14.0,22.0,63.6,7.0,13.0,53.8,0.7,0.1,5.0,4.0,6.0,2.0,72.0,4.0,1.0,0.0,1.0,13.0,2.0,1.0,1.0,0.0,0.0,0.0,1.0,8.0,6.99,6.0,1.0,1.0,0.0,0.0,0.0,2.0,1.75,1.0,1.0,0.0,0.0,0.0,0.0,3.0,2.0,1.0,1.0,1.0,3.0,5.0,60.0,2.0,1.0,0.0,1.0,2.0,5.0,1.0,0.0,93.0,3.0,24.0,20.0,49.0,10.0,93.0,7.0,4.0,57.1,3.0,42.9,65.0,398.0,277.0,5.0,6.0,2.0,0.0,74.0,0.0,2.0,1.0,0.0,0.0,0.0,0.0,3.0,5.0,0.0,100.0,,,,,,,,,,,,,,,,,,,,,,,,,,,,,,,,,,,,,,,,,,21.0,4.1,0.0,0.0,5.0,21.0,0.0,2.6,4.0,1.0,3.0,2.62,2.1,2.1,1.5,0.7,0.6,0.51
409,2023-2024,Premier-League,Đorđe Petrović,rs SRB,GK,Chelsea,24-162,1999.0,12.0,11.0,997.0,11.1,0.0,0.0,0.0,0.0,0.0,0.0,2.0,0.0,0.0,0.0,0.0,0.0,0.0,0.0,0.0,0.0,0.0,0.0,0.0,0.0,0.0,0.0,0.0,0.0,0.0,0.0,0.0,0.0,0.0,0.0,0.0,0.0,0.0,0.0,0.0,0.0,0.0,306.0,405.0,75.6,7424.0,4779.0,88.0,88.0,100.0,148.0,149.0,99.3,69.0,165.0,41.8,0.0,0.0,0.0,2.0,0.0,0.0,318.0,85.0,13.0,0.0,0.0,0.0,0.0,0.0,0.0,0.0,0.0,2.0,0.0,1.0,0.09,1.0,0.0,0.0,0.0,0.0,0.0,0.0,0.0,0.0,0.0,0.0,0.0,0.0,0.0,0.0,0.0,0.0,0.0,0.0,0.0,0.0,0.0,0.0,0.0,0.0,0.0,0.0,0.0,5.0,0.0,431.0,376.0,430.0,1.0,0.0,0.0,431.0,0.0,0.0,0.0,0.0,0.0,254.0,1077.0,574.0,0.0,0.0,1.0,0.0,232.0,0.0,0.0,0.0,0.0,0.0,0.0,0.0,9.0,2.0,0.0,100.0,12.0,11.0,997.0,20.0,1.81,60.0,41.0,68.3,6.0,2.0,3.0,2.0,18.2,2.0,1.0,0.0,1.0,0.0,0.0,3.0,1.0,15.0,0.24,-4.0,-0.36,44.0,131.0,33.6,331.0,53.0,27.2,29.5,72.0,56.9,41.8,163.0,10.0,6.1,15.0,1.35,16.5,83.0,41.0,90.0,11.0,1.0,7.0,12.0,1.67,21.0,20.0,1.0,0.09,0.03,19.8,16.5,3.3,0.3,-0.11
410,2023-2024,Premier-League,Kalvin Phillips,eng ENG,MF,West Ham,28-107,1995.0,6.0,3.0,271.0,3.0,0.0,0.0,0.0,0.0,0.0,0.0,3.0,1.0,0.1,0.1,0.0,0.1,3.0,16.0,4.0,0.0,0.0,0.0,0.0,0.0,0.03,0.0,0.03,0.03,0.03,3.0,2.0,66.7,1.0,0.66,0.0,0.0,25.8,0.0,0.03,-0.1,-0.1,124.0,154.0,80.5,2251.0,489.0,53.0,63.0,84.1,57.0,66.0,86.4,11.0,19.0,57.9,0.0,0.0,0.0,21.0,0.0,0.0,147.0,6.0,6.0,1.0,1.0,1.0,0.0,0.0,0.0,0.0,0.0,1.0,2.0,5.0,1.66,5.0,0.0,0.0,0.0,0.0,0.0,0.0,0.0,0.0,0.0,0.0,0.0,0.0,0.0,8.0,3.0,2.0,5.0,1.0,5.0,7.0,71.4,2.0,3.0,0.0,3.0,4.0,12.0,2.0,1.0,184.0,6.0,33.0,132.0,20.0,1.0,184.0,5.0,1.0,20.0,4.0,80.0,97.0,499.0,194.0,1.0,0.0,3.0,3.0,121.0,1.0,12.0,4.0,0.0,0.0,0.0,0.0,20.0,7.0,1.0,87.5,,,,,,,,,,,,,,,,,,,,,,,,,,,,,,,,,,,,,,,,,,45.0,10.8,61.0,0.0,3.0,30.0,0.0,0.83,3.0,7.0,-4.0,-1.33,-1.33,3.3,4.7,-1.4,-0.47,-0.07
411,2023-2024,Premier-League,Kalvin Phillips,eng ENG,MF,Manchester City,28-107,1995.0,4.0,0.0,93.0,1.0,0.0,0.0,0.0,0.0,0.0,0.0,0.0,0.0,0.1,0.1,0.0,0.1,7.0,7.0,3.0,0.0,0.0,0.0,0.0,0.0,0.07,0.0,0.07,0.07,0.07,2.0,0.0,0.0,1.94,0.0,0.0,0.0,21.7,0.0,0.04,-0.1,-0.1,62.0,70.0,88.6,1067.0,300.0,31.0,32.0,96.9,24.0,26.0,92.3,7.0,10.0,70.0,0.1,0.0,0.0,8.0,1.0,1.0,67.0,3.0,3.0,0.0,0.0,2.0,0.0,0.0,0.0,0.0,0.0,0.0,1.0,1.0,0.98,0.0,0.0,0.0,1.0,0.0,0.0,0.0,0.0,0.0,0.0,0.0,0.0,0.0,0.0,3.0,3.0,1.0,1.0,1.0,0.0,0.0,0.0,0.0,0.0,0.0,0.0,2.0,5.0,2.0,0.0,87.0,3.0,14.0,52.0,23.0,1.0,87.0,3.0,1.0,33.3,2.0,66.7,51.0,402.0,221.0,5.0,1.0,4.0,2.0,57.0,0.0,3.0,2.0,0.0,0.0,0.0,0.0,8.0,0.0,0.0,0.0,,,,,,,,,,,,,,,,,,,,,,,,,,,,,,,,,,,,,,,,,,23.0,3.7,0.0,0.0,4.0,23.0,16.0,2.25,3.0,2.0,1.0,0.97,-0.29,1.7,1.6,0.2,0.17,-0.9
412,2023-2024,Premier-League,Jaden Philogene Bidace,eng ENG,FW,Aston Villa,22-039,2002.0,1.0,0.0,4.0,0.0,0.0,0.0,0.0,0.0,0.0,0.0,0.0,0.0,0.0,0.0,0.0,0.0,2.0,0.0,1.0,0.0,0.0,0.0,0.0,0.0,0.0,0.0,0.0,0.0,0.0,0.0,0.0,0.0,0.0,0.0,0.0,0.0,0.0,0.0,0.0,0.0,0.0,3.0,4.0,75.0,27.0,5.0,3.0,3.0,100.0,0.0,0.0,0.0,0.0,0.0,0.0,0.0,0.0,0.0,0.0,0.0,0.0,4.0,0.0,0.0,0.0,0.0,0.0,0.0,0.0,0.0,0.0,0.0,0.0,1.0,0.0,0.0,0.0,0.0,0.0,0.0,0.0,0.0,0.0,0.0,0.0,0.0,0.0,0.0,0.0,0.0,0.0,0.0,0.0,0.0,0.0,0.0,0.0,0.0,0.0,0.0,0.0,0.0,0.0,0.0,0.0,0.0,4.0,0.0,1.0,1.0,2.0,1.0,4.0,0.0,0.0,0.0,0.0,0.0,2.0,39.0,39.0,1.0,1.0,0.0,0.0,3.0,0.0,0.0,0.0,0.0,0.0,0.0,0.0,1.0,0.0,0.0,0.0,,,,,,,,,,,,,,,,,,,,,,,,,,,,,,,,,,,,,,,,,,4.0,0.2,0.0,0.0,1.0,4.0,0.0,0.0,0.0,1.0,-1.0,-22.5,-23.18,0.3,0.6,-0.3,-5.72,-6.13
413,2023-2024,Premier-League,Jordan Pickford,eng ENG,GK,Everton,30-011,1994.0,28.0,28.0,2520.0,28.0,0.0,0.0,0.0,0.0,0.0,0.0,4.0,0.0,0.0,0.0,0.1,0.1,1.0,5.0,0.0,0.0,0.0,0.0,0.0,0.0,0.0,0.0,0.0,0.0,0.0,0.0,0.0,0.0,0.0,0.0,0.0,0.0,0.0,0.0,0.0,0.0,0.0,756.0,1151.0,65.7,25058.0,19837.0,113.0,113.0,100.0,293.0,304.0,96.4,348.0,725.0,48.0,0.3,-0.1,4.0,67.0,5.0,0.0,783.0,362.0,163.0,1.0,4.0,0.0,0.0,0.0,0.0,0.0,0.0,6.0,0.0,20.0,0.71,11.0,9.0,0.0,0.0,0.0,0.0,0.0,0.0,0.0,0.0,0.0,0.0,0.0,0.0,0.0,0.0,0.0,0.0,0.0,0.0,0.0,0.0,0.0,2.0,0.0,2.0,0.0,0.0,14.0,0.0,1224.0,794.0,1129.0,100.0,0.0,0.0,1224.0,0.0,0.0,0.0,0.0,0.0,678.0,4468.0,3013.0,0.0,0.0,0.0,0.0,566.0,0.0,1.0,6.0,0.0,0.0,1.0,1.0,24.0,1.0,0.0,100.0,28.0,28.0,2520.0,39.0,1.39,120.0,83.0,73.3,8.0,7.0,13.0,8.0,28.6,7.0,7.0,0.0,0.0,0.0,0.0,9.0,2.0,38.0,0.26,1.0,0.04,273.0,632.0,43.2,946.0,106.0,55.2,40.7,199.0,55.3,45.2,390.0,18.0,4.6,42.0,1.5,17.4,90.0,100.0,90.0,28.0,0.0,0.0,0.0,1.11,29.0,39.0,-10.0,-0.36,0.0,42.3,39.8,2.6,0.09,0.0
414,2023-2024,Premier-League,Ethan Pinnock,jm JAM,DF,Brentford,30-294,1993.0,23.0,23.0,2070.0,23.0,1.0,0.0,1.0,1.0,0.0,0.0,0.0,0.0,1.7,1.7,1.0,2.7,10.0,54.0,15.0,0.04,0.0,0.04,0.04,0.04,0.07,0.04,0.12,0.07,0.12,15.0,3.0,20.0,0.65,0.13,0.07,0.33,9.5,0.0,0.11,-0.7,-0.7,1006.0,1207.0,83.3,19079.0,6392.0,331.0,388.0,85.3,569.0,619.0,91.9,85.0,154.0,55.2,0.7,-1.0,4.0,69.0,4.0,0.0,1159.0,46.0,22.0,0.0,6.0,7.0,23.0,0.0,0.0,0.0,0.0,2.0,13.0,23.0,1.0,16.0,1.0,0.0,5.0,0.0,1.0,1.0,0.04,1.0,0.0,0.0,0.0,0.0,0.0,32.0,21.0,21.0,11.0,0.0,8.0,17.0,47.1,9.0,34.0,21.0,13.0,36.0,68.0,144.0,2.0,1482.0,254.0,844.0,546.0,99.0,38.0,1482.0,9.0,6.0,66.7,2.0,22.2,761.0,4188.0,2554.0,4.0,1.0,4.0,3.0,867.0,0.0,2.0,10.0,0.0,0.0,0.0,0.0,112.0,92.0,38.0,70.8,,,,,,,,,,,,,,,,,,,,,,,,,,,,,,,,,,,,,,,,,,90.0,79.3,90.0,23.0,0.0,0.0,0.0,1.09,34.0,39.0,-5.0,-0.22,1.12,38.3,32.5,5.8,0.25,1.24
415,2023-2024,Premier-League,Nick Pope,eng ENG,GK,Newcastle Utd,31-334,1992.0,14.0,14.0,1255.0,13.9,0.0,0.0,0.0,0.0,0.0,0.0,0.0,0.0,0.0,0.0,0.0,0.0,0.0,0.0,0.0,0.0,0.0,0.0,0.0,0.0,0.0,0.0,0.0,0.0,0.0,1.0,0.0,0.0,0.07,0.0,0.0,0.0,14.3,0.0,0.03,0.0,0.0,289.0,367.0,78.7,7287.0,4347.0,55.0,56.0,98.2,162.0,165.0,98.2,71.0,144.0,49.3,0.0,0.0,0.0,5.0,0.0,0.0,257.0,110.0,25.0,0.0,0.0,0.0,0.0,0.0,0.0,0.0,0.0,0.0,0.0,1.0,0.07,1.0,0.0,0.0,0.0,0.0,0.0,0.0,0.0,0.0,0.0,0.0,0.0,0.0,0.0,0.0,0.0,0.0,0.0,0.0,0.0,1.0,0.0,1.0,0.0,0.0,0.0,0.0,0.0,7.0,2.0,400.0,337.0,396.0,3.0,1.0,1.0,400.0,0.0,0.0,0.0,0.0,0.0,199.0,1014.0,576.0,0.0,0.0,0.0,0.0,160.0,0.0,0.0,2.0,0.0,0.0,0.0,0.0,13.0,3.0,1.0,75.0,14.0,14.0,1255.0,14.0,1.0,53.0,39.0,73.6,8.0,2.0,4.0,5.0,35.7,0.0,0.0,0.0,0.0,0.0,1.0,2.0,0.0,15.1,0.3,1.1,0.08,35.0,100.0,35.0,282.0,85.0,18.8,27.8,85.0,55.3,42.3,128.0,6.0,4.7,28.0,2.01,19.8,90.0,49.8,90.0,13.0,0.0,0.0,0.0,1.86,32.0,14.0,18.0,1.29,1.79,28.1,14.0,14.1,1.01,1.88
416,2023-2024,Premier-League,Pedro Porro,es ESP,DF,Tottenham,24-187,1999.0,25.0,25.0,2246.0,25.0,0.0,7.0,7.0,0.0,0.0,0.0,3.0,0.0,2.2,2.2,6.1,8.3,37.0,127.0,108.0,0.0,0.28,0.28,0.0,0.28,0.09,0.25,0.33,0.09,0.33,37.0,6.0,16.2,1.48,0.24,0.0,0.0,20.9,3.0,0.06,-2.2,-2.2,1282.0,1691.0,75.8,19607.0,7531.0,759.0,839.0,90.5,399.0,520.0,76.7,96.0,227.0,42.3,4.9,0.9,43.0,86.0,34.0,8.0,1359.0,324.0,39.0,12.0,9.0,151.0,206.0,79.0,33.0,29.0,1.0,8.0,48.0,82.0,3.29,47.0,24.0,2.0,5.0,4.0,0.0,11.0,0.44,8.0,3.0,0.0,0.0,0.0,0.0,71.0,50.0,35.0,22.0,14.0,47.0,92.0,51.1,45.0,50.0,14.0,36.0,23.0,94.0,79.0,2.0,2014.0,132.0,600.0,806.0,625.0,44.0,2014.0,40.0,20.0,50.0,16.0,40.0,960.0,3796.0,1998.0,31.0,6.0,30.0,9.0,1184.0,0.0,24.0,20.0,0.0,0.0,0.0,0.0,144.0,12.0,12.0,50.0,,,,,,,,,,,,,,,,,,,,,,,,,,,,,,,,,,,,,,,,,,90.0,89.1,90.0,23.0,0.0,0.0,1.0,1.96,51.0,37.0,14.0,0.56,-0.42,44.3,42.0,2.3,0.09,-0.09
417,2023-2024,Premier-League,Jarell Quansah,eng ENG,DF,Liverpool,21-049,2003.0,9.0,6.0,533.0,5.9,0.0,0.0,0.0,0.0,0.0,0.0,1.0,0.0,0.1,0.1,0.0,0.1,5.0,23.0,0.0,0.0,0.0,0.0,0.0,0.0,0.02,0.0,0.02,0.02,0.02,3.0,1.0,33.3,0.51,0.17,0.0,0.0,15.8,0.0,0.04,-0.1,-0.1,484.0,552.0,87.7,8769.0,2834.0,153.0,168.0,91.1,298.0,314.0,94.9,26.0,52.0,50.0,0.0,0.0,0.0,22.0,0.0,0.0,542.0,8.0,5.0,0.0,2.0,0.0,2.0,0.0,0.0,0.0,0.0,2.0,2.0,1.0,0.17,1.0,0.0,0.0,0.0,0.0,0.0,0.0,0.0,0.0,0.0,0.0,0.0,0.0,0.0,7.0,6.0,6.0,1.0,0.0,4.0,6.0,66.7,2.0,5.0,2.0,3.0,5.0,12.0,19.0,0.0,595.0,47.0,244.0,343.0,12.0,2.0,595.0,5.0,3.0,60.0,2.0,40.0,424.0,2240.0,1039.0,2.0,0.0,0.0,0.0,451.0,0.0,7.0,1.0,0.0,0.0,1.0,0.0,31.0,25.0,11.0,69.4,,,,,,,,,,,,,,,,,,,,,,,,,,,,,,,,,,,,,,,,,,59.0,21.2,83.0,4.0,3.0,12.0,15.0,2.78,13.0,4.0,9.0,1.52,0.16,13.5,6.2,7.3,1.24,0.3
418,2023-2024,Premier-League,Ionuț Radu,ro ROU,GK,Bournemouth,26-295,1997.0,2.0,2.0,180.0,2.0,0.0,0.0,0.0,0.0,0.0,0.0,0.0,0.0,0.0,0.0,0.0,0.0,0.0,0.0,0.0,0.0,0.0,0.0,0.0,0.0,0.0,0.0,0.0,0.0,0.0,0.0,0.0,0.0,0.0,0.0,0.0,0.0,0.0,0.0,0.0,0.0,0.0,56.0,68.0,82.4,1211.0,583.0,19.0,19.0,100.0,29.0,30.0,96.7,8.0,19.0,42.1,0.0,0.0,0.0,0.0,0.0,0.0,54.0,14.0,3.0,0.0,0.0,0.0,0.0,0.0,0.0,0.0,0.0,0.0,0.0,0.0,0.0,0.0,0.0,0.0,0.0,0.0,0.0,0.0,0.0,0.0,0.0,0.0,0.0,0.0,0.0,0.0,0.0,0.0,0.0,0.0,0.0,0.0,0.0,0.0,0.0,0.0,0.0,0.0,0.0,0.0,0.0,70.0,64.0,70.0,0.0,0.0,0.0,70.0,0.0,0.0,0.0,0.0,0.0,51.0,215.0,101.0,0.0,0.0,0.0,0.0,40.0,0.0,0.0,0.0,0.0,0.0,0.0,0.0,0.0,0.0,0.0,0.0,2.0,2.0,180.0,7.0,3.5,11.0,4.0,36.4,1.0,0.0,1.0,0.0,0.0,0.0,0.0,0.0,0.0,0.0,0.0,3.0,0.0,2.9,0.27,-4.1,-2.04,5.0,15.0,33.3,57.0,10.0,19.3,26.9,11.0,36.4,29.2,19.0,2.0,10.5,0.0,0.0,9.6,90.0,7.1,90.0,2.0,0.0,0.0,11.0,1.5,3.0,7.0,-4.0,-2.0,-1.73,2.0,2.8,-0.8,-0.39,-0.33
419,2023-2024,Premier-League,Jesuran Rak Sakyi,eng ENG,"MF,FW",Crystal Palace,21-165,2002.0,6.0,0.0,136.0,1.5,0.0,0.0,0.0,0.0,0.0,0.0,0.0,0.0,0.4,0.4,0.2,0.6,7.0,2.0,18.0,0.0,0.0,0.0,0.0,0.0,0.28,0.1,0.38,0.28,0.38,5.0,1.0,20.0,3.31,0.66,0.0,0.0,15.5,0.0,0.08,-0.4,-0.4,37.0,50.0,74.0,535.0,79.0,24.0,28.0,85.7,11.0,16.0,68.8,2.0,3.0,66.7,0.1,-0.2,2.0,2.0,0.0,0.0,50.0,0.0,0.0,0.0,0.0,3.0,0.0,0.0,0.0,0.0,0.0,0.0,2.0,6.0,3.97,4.0,0.0,2.0,0.0,0.0,0.0,0.0,0.0,0.0,0.0,0.0,0.0,0.0,0.0,4.0,1.0,3.0,1.0,0.0,2.0,3.0,66.7,1.0,2.0,0.0,2.0,3.0,7.0,1.0,0.0,77.0,1.0,10.0,19.0,48.0,13.0,77.0,10.0,4.0,40.0,5.0,50.0,46.0,252.0,145.0,3.0,5.0,4.0,3.0,54.0,0.0,1.0,5.0,0.0,0.0,0.0,0.0,6.0,2.0,1.0,66.7,,,,,,,,,,,,,,,,,,,,,,,,,,,,,,,,,,,,,,,,,,23.0,5.4,0.0,0.0,6.0,23.0,4.0,0.33,1.0,3.0,-2.0,-1.32,-0.83,2.4,3.1,-0.7,-0.47,-0.23
420,2023-2024,Premier-League,Aaron Ramsdale,eng ENG,GK,Arsenal,25-309,1998.0,6.0,6.0,540.0,6.0,0.0,0.0,0.0,0.0,0.0,0.0,0.0,0.0,0.0,0.0,0.0,0.0,0.0,2.0,0.0,0.0,0.0,0.0,0.0,0.0,0.0,0.0,0.0,0.0,0.0,0.0,0.0,0.0,0.0,0.0,0.0,0.0,0.0,0.0,0.0,0.0,0.0,131.0,188.0,69.7,3303.0,2420.0,38.0,38.0,100.0,61.0,62.0,98.4,32.0,86.0,37.2,0.0,0.0,0.0,4.0,0.0,0.0,153.0,35.0,16.0,0.0,0.0,0.0,0.0,0.0,0.0,0.0,0.0,0.0,2.0,0.0,0.0,0.0,0.0,0.0,0.0,0.0,0.0,0.0,0.0,0.0,0.0,0.0,0.0,0.0,0.0,0.0,0.0,0.0,0.0,0.0,0.0,0.0,0.0,0.0,0.0,0.0,0.0,0.0,0.0,3.0,2.0,197.0,140.0,186.0,11.0,0.0,0.0,197.0,0.0,0.0,0.0,0.0,0.0,137.0,697.0,399.0,0.0,0.0,1.0,0.0,104.0,0.0,0.0,1.0,0.0,0.0,0.0,0.0,6.0,0.0,0.0,0.0,6.0,6.0,540.0,5.0,0.83,14.0,9.0,64.3,5.0,1.0,0.0,2.0,33.3,0.0,0.0,0.0,0.0,0.0,0.0,1.0,0.0,3.7,0.26,-1.3,-0.22,19.0,69.0,27.5,169.0,30.0,34.9,33.3,19.0,52.6,41.4,46.0,8.0,17.4,9.0,1.5,14.6,90.0,21.4,90.0,6.0,0.0,0.0,21.0,2.67,11.0,5.0,6.0,1.0,-0.82,11.1,5.8,5.3,0.89,-0.56
421,2023-2024,Premier-League,Aaron Ramsey,eng ENG,"MF,FW",Burnley,21-057,2003.0,14.0,5.0,527.0,5.9,0.0,0.0,0.0,0.0,0.0,0.0,1.0,0.0,0.3,0.3,0.4,0.7,8.0,8.0,17.0,0.0,0.0,0.0,0.0,0.0,0.06,0.07,0.13,0.06,0.13,6.0,2.0,33.3,1.02,0.34,0.0,0.0,16.5,0.0,0.06,-0.3,-0.3,118.0,151.0,78.1,1856.0,224.0,71.0,84.0,84.5,37.0,46.0,80.4,9.0,10.0,90.0,0.5,-0.4,1.0,7.0,2.0,0.0,141.0,9.0,1.0,1.0,0.0,2.0,2.0,0.0,0.0,0.0,0.0,1.0,9.0,5.0,0.85,5.0,0.0,0.0,0.0,0.0,0.0,0.0,0.0,0.0,0.0,0.0,0.0,0.0,0.0,17.0,14.0,7.0,5.0,5.0,8.0,16.0,50.0,8.0,11.0,2.0,9.0,1.0,18.0,10.0,0.0,228.0,15.0,63.0,102.0,65.0,9.0,228.0,10.0,3.0,30.0,6.0,60.0,117.0,514.0,168.0,5.0,4.0,11.0,10.0,142.0,0.0,7.0,3.0,1.0,0.0,1.0,0.0,24.0,4.0,5.0,44.4,,,,,,,,,,,,,,,,,,,,,,,,,,,,,,,,,,,,,,,,,,38.0,20.2,68.0,0.0,9.0,21.0,3.0,0.36,4.0,17.0,-13.0,-2.22,-1.31,5.4,11.5,-6.1,-1.04,-0.35
422,2023-2024,Premier-League,Jacob Ramsey,eng ENG,"MF,FW",Aston Villa,22-295,2001.0,16.0,8.0,853.0,9.5,1.0,1.0,2.0,1.0,0.0,0.0,2.0,0.0,2.2,2.2,1.0,3.2,33.0,28.0,69.0,0.11,0.11,0.21,0.11,0.21,0.23,0.11,0.34,0.23,0.34,19.0,4.0,21.1,2.0,0.42,0.05,0.25,15.9,0.0,0.11,-1.2,-1.2,257.0,322.0,79.8,3751.0,863.0,143.0,173.0,82.7,97.0,115.0,84.3,9.0,12.0,75.0,1.4,0.0,10.0,22.0,5.0,0.0,310.0,12.0,1.0,3.0,0.0,11.0,1.0,10.0,3.0,0.0,0.0,0.0,9.0,29.0,3.06,23.0,2.0,1.0,2.0,0.0,1.0,3.0,0.32,2.0,1.0,0.0,0.0,0.0,0.0,16.0,8.0,7.0,6.0,3.0,5.0,15.0,33.3,10.0,15.0,2.0,13.0,3.0,19.0,8.0,0.0,433.0,10.0,69.0,178.0,195.0,47.0,433.0,20.0,8.0,40.0,11.0,55.0,271.0,1777.0,836.0,19.0,11.0,18.0,21.0,314.0,0.0,7.0,12.0,0.0,0.0,0.0,0.0,42.0,5.0,3.0,62.5,,,,,,,,,,,,,,,,,,,,,,,,,,,,,,,,,,,,,,,,,,53.0,33.8,80.0,5.0,8.0,26.0,0.0,2.19,22.0,12.0,10.0,1.06,0.62,18.5,13.2,5.3,0.56,0.24
423,2023-2024,Premier-League,Marcus Rashford,eng ENG,FW,Manchester Utd,26-139,1997.0,27.0,23.0,1988.0,22.1,7.0,2.0,9.0,5.0,2.0,2.0,2.0,0.0,7.1,5.5,2.2,7.7,86.0,58.0,161.0,0.32,0.09,0.41,0.23,0.32,0.32,0.1,0.42,0.25,0.35,57.0,18.0,31.6,2.58,0.81,0.09,0.28,16.9,1.0,0.1,-0.1,-0.5,455.0,615.0,74.0,6281.0,1643.0,278.0,336.0,82.7,118.0,165.0,71.5,28.0,50.0,56.0,2.6,-0.2,19.0,27.0,29.0,1.0,589.0,19.0,0.0,4.0,4.0,30.0,12.0,2.0,0.0,0.0,0.0,7.0,17.0,76.0,3.44,47.0,1.0,15.0,7.0,6.0,0.0,9.0,0.41,7.0,0.0,1.0,0.0,1.0,0.0,16.0,9.0,8.0,3.0,5.0,7.0,24.0,29.2,17.0,12.0,1.0,11.0,4.0,20.0,14.0,0.0,854.0,19.0,102.0,268.0,498.0,119.0,852.0,98.0,44.0,44.9,46.0,46.9,583.0,4341.0,2160.0,48.0,59.0,47.0,33.0,667.0,0.0,10.0,19.0,10.0,1.0,0.0,0.0,71.0,12.0,21.0,36.4,,,,,,,,,,,,,,,,,,,,,,,,,,,,,,,,,,,,,,,,,,74.0,78.9,83.0,11.0,4.0,18.0,0.0,1.63,30.0,31.0,-1.0,-0.05,-0.21,31.8,39.7,-7.9,-0.36,-0.98
424,2023-2024,Premier-League,David Raya,es ESP,GK,Arsenal,28-185,1995.0,22.0,22.0,1980.0,22.0,0.0,0.0,0.0,0.0,0.0,0.0,0.0,0.0,0.0,0.0,0.0,0.0,0.0,2.0,0.0,0.0,0.0,0.0,0.0,0.0,0.0,0.0,0.0,0.0,0.0,0.0,0.0,0.0,0.0,0.0,0.0,0.0,0.0,0.0,0.0,0.0,0.0,547.0,719.0,76.1,12814.0,8810.0,163.0,163.0,100.0,274.0,276.0,99.3,109.0,275.0,39.6,0.0,0.0,0.0,21.0,0.0,0.0,610.0,107.0,40.0,0.0,1.0,0.0,0.0,0.0,0.0,0.0,0.0,2.0,1.0,3.0,0.14,2.0,1.0,0.0,0.0,0.0,0.0,0.0,0.0,0.0,0.0,0.0,0.0,0.0,0.0,1.0,1.0,1.0,0.0,0.0,1.0,1.0,100.0,0.0,0.0,0.0,0.0,0.0,1.0,6.0,4.0,740.0,507.0,718.0,22.0,0.0,0.0,740.0,0.0,0.0,0.0,0.0,0.0,491.0,2202.0,1245.0,0.0,0.0,0.0,0.0,425.0,0.0,0.0,2.0,0.0,0.0,0.0,0.0,28.0,3.0,1.0,75.0,22.0,22.0,1980.0,19.0,0.86,51.0,32.0,64.7,15.0,3.0,4.0,9.0,40.9,2.0,1.0,1.0,0.0,50.0,0.0,4.0,1.0,15.5,0.28,-2.5,-0.11,79.0,233.0,33.9,650.0,114.0,30.5,30.0,67.0,52.2,43.4,194.0,29.0,14.9,39.0,1.77,18.6,90.0,78.6,90.0,22.0,0.0,0.0,3.0,2.18,59.0,19.0,40.0,1.82,0.82,45.5,13.6,31.9,1.45,0.56
425,2023-2024,Premier-League,Tim Ream,us USA,DF,Fulham,36-165,1987.0,17.0,16.0,1413.0,15.7,1.0,0.0,1.0,1.0,0.0,0.0,4.0,1.0,1.0,1.0,0.0,1.0,11.0,65.0,3.0,0.06,0.0,0.06,0.06,0.06,0.06,0.0,0.06,0.06,0.06,1.0,1.0,100.0,0.06,0.06,1.0,1.0,1.3,0.0,0.96,0.0,0.0,898.0,1010.0,88.9,17990.0,6481.0,293.0,316.0,92.7,488.0,531.0,91.9,106.0,139.0,76.3,0.1,0.0,0.0,76.0,1.0,0.0,965.0,44.0,16.0,0.0,8.0,1.0,0.0,0.0,0.0,0.0,0.0,1.0,8.0,8.0,0.51,7.0,1.0,0.0,0.0,0.0,0.0,1.0,0.06,1.0,0.0,0.0,0.0,0.0,0.0,18.0,9.0,11.0,5.0,2.0,7.0,15.0,46.7,8.0,22.0,15.0,7.0,25.0,43.0,56.0,2.0,1149.0,148.0,543.0,584.0,30.0,7.0,1149.0,6.0,5.0,83.3,1.0,16.7,710.0,4044.0,2660.0,6.0,2.0,6.0,3.0,774.0,1.0,8.0,4.0,1.0,0.0,2.0,0.0,78.0,24.0,18.0,57.1,,,,,,,,,,,,,,,,,,,,,,,,,,,,,,,,,,,,,,,,,,83.0,54.1,87.0,14.0,1.0,16.0,6.0,1.12,20.0,27.0,-7.0,-0.45,-0.9,19.8,25.9,-6.1,-0.39,-0.05
426,2023-2024,Premier-League,Nathan Redmond,eng ENG,"FW,MF",Burnley,30-012,1994.0,12.0,0.0,142.0,1.6,0.0,0.0,0.0,0.0,0.0,0.0,1.0,0.0,0.0,0.0,0.3,0.3,7.0,8.0,22.0,0.0,0.0,0.0,0.0,0.0,0.0,0.19,0.19,0.0,0.19,0.0,0.0,0.0,0.0,0.0,0.0,0.0,0.0,0.0,0.0,0.0,0.0,48.0,73.0,65.8,723.0,137.0,30.0,36.0,83.3,11.0,19.0,57.9,4.0,9.0,44.4,0.4,-0.3,3.0,3.0,4.0,1.0,71.0,0.0,0.0,0.0,1.0,3.0,0.0,0.0,0.0,0.0,0.0,2.0,1.0,8.0,5.07,6.0,0.0,1.0,0.0,1.0,0.0,1.0,0.63,1.0,0.0,0.0,0.0,0.0,0.0,2.0,1.0,0.0,0.0,2.0,1.0,4.0,25.0,3.0,1.0,0.0,1.0,0.0,2.0,3.0,0.0,88.0,3.0,10.0,31.0,50.0,9.0,88.0,6.0,4.0,66.7,2.0,33.3,57.0,435.0,291.0,5.0,1.0,1.0,2.0,67.0,0.0,4.0,2.0,2.0,0.0,0.0,0.0,6.0,1.0,1.0,50.0,,,,,,,,,,,,,,,,,,,,,,,,,,,,,,,,,,,,,,,,,,12.0,5.4,0.0,0.0,12.0,12.0,3.0,0.58,2.0,5.0,-3.0,-1.9,-0.77,2.7,3.8,-1.1,-0.68,0.09
427,2023-2024,Premier-League,Harrison Reed,eng ENG,MF,Fulham,29-051,1995.0,23.0,13.0,1147.0,12.7,0.0,1.0,1.0,0.0,0.0,0.0,5.0,0.0,0.2,0.2,0.9,1.1,9.0,45.0,34.0,0.0,0.08,0.08,0.0,0.08,0.02,0.07,0.09,0.02,0.09,7.0,1.0,14.3,0.55,0.08,0.0,0.0,22.2,0.0,0.03,-0.2,-0.2,538.0,642.0,83.8,8345.0,1916.0,259.0,287.0,90.2,232.0,264.0,87.9,28.0,44.0,63.6,1.2,0.1,11.0,36.0,11.0,2.0,604.0,38.0,19.0,2.0,0.0,17.0,5.0,4.0,1.0,3.0,0.0,0.0,20.0,22.0,1.73,20.0,1.0,0.0,0.0,1.0,0.0,3.0,0.24,2.0,1.0,0.0,0.0,0.0,0.0,25.0,16.0,7.0,15.0,3.0,11.0,28.0,39.3,17.0,18.0,9.0,9.0,11.0,36.0,20.0,0.0,764.0,28.0,183.0,435.0,147.0,8.0,764.0,10.0,5.0,50.0,5.0,50.0,403.0,1567.0,532.0,7.0,1.0,16.0,12.0,525.0,0.0,22.0,10.0,0.0,0.0,0.0,0.0,61.0,8.0,12.0,40.0,,,,,,,,,,,,,,,,,,,,,,,,,,,,,,,,,,,,,,,,,,50.0,43.9,78.0,6.0,10.0,13.0,6.0,1.48,17.0,21.0,-4.0,-0.31,-0.5,16.6,21.9,-5.3,-0.42,-0.1
428,2023-2024,Premier-League,Sergio Reguilón,es ESP,DF,Manchester Utd,27-093,1996.0,9.0,4.0,412.0,4.6,0.0,0.0,0.0,0.0,0.0,0.0,3.0,0.0,0.2,0.2,0.7,0.9,11.0,27.0,38.0,0.0,0.0,0.0,0.0,0.0,0.04,0.16,0.2,0.04,0.2,4.0,0.0,0.0,0.87,0.0,0.0,0.0,18.1,0.0,0.05,-0.2,-0.2,244.0,314.0,77.7,3669.0,1356.0,137.0,157.0,87.3,84.0,111.0,75.7,16.0,26.0,61.5,0.6,-0.7,8.0,20.0,4.0,2.0,252.0,60.0,5.0,0.0,1.0,29.0,49.0,6.0,1.0,4.0,0.0,2.0,7.0,15.0,3.28,13.0,1.0,0.0,1.0,0.0,0.0,1.0,0.22,1.0,0.0,0.0,0.0,0.0,0.0,13.0,8.0,6.0,2.0,5.0,8.0,17.0,47.1,9.0,10.0,0.0,10.0,5.0,18.0,7.0,0.0,378.0,8.0,70.0,155.0,155.0,9.0,378.0,11.0,3.0,27.3,4.0,36.4,184.0,847.0,441.0,4.0,2.0,8.0,1.0,217.0,0.0,4.0,11.0,3.0,0.0,0.0,0.0,21.0,5.0,9.0,35.7,,,,,,,,,,,,,,,,,,,,,,,,,,,,,,,,,,,,,,,,,,46.0,16.3,83.0,1.0,5.0,16.0,5.0,1.0,4.0,7.0,-3.0,-0.66,-0.78,6.7,6.0,0.7,0.15,0.35
429,2023-2024,Premier-League,Sergio Reguilón,es ESP,DF,Brentford,27-093,1996.0,8.0,7.0,515.0,5.7,0.0,1.0,1.0,0.0,0.0,0.0,2.0,1.0,0.5,0.5,1.1,1.6,9.0,6.0,18.0,0.0,0.17,0.17,0.0,0.17,0.09,0.19,0.28,0.09,0.28,8.0,1.0,12.5,1.4,0.17,0.0,0.0,16.8,0.0,0.07,-0.5,-0.5,119.0,193.0,61.7,1971.0,838.0,56.0,76.0,73.7,43.0,67.0,64.2,13.0,28.0,46.4,0.7,-0.1,6.0,2.0,7.0,6.0,164.0,28.0,15.0,0.0,0.0,23.0,7.0,6.0,4.0,0.0,0.0,1.0,8.0,11.0,1.92,6.0,3.0,0.0,2.0,0.0,0.0,3.0,0.52,0.0,1.0,0.0,2.0,0.0,0.0,24.0,10.0,15.0,8.0,1.0,14.0,23.0,60.9,9.0,12.0,1.0,11.0,7.0,31.0,16.0,0.0,284.0,22.0,99.0,96.0,96.0,13.0,284.0,11.0,3.0,27.3,7.0,63.6,108.0,649.0,275.0,8.0,1.0,13.0,3.0,131.0,0.0,8.0,7.0,1.0,0.0,1.0,0.0,32.0,5.0,7.0,41.7,,,,,,,,,,,,,,,,,,,,,,,,,,,,,,,,,,,,,,,,,,64.0,19.7,71.0,2.0,1.0,17.0,0.0,0.88,7.0,13.0,-6.0,-1.05,-0.75,6.2,10.6,-4.5,-0.78,-0.97
430,2023-2024,Premier-League,Bobby Reid,jm JAM,FW,Fulham,31-045,1993.0,25.0,14.0,1170.0,13.0,5.0,2.0,7.0,5.0,0.0,0.0,3.0,0.0,3.8,3.8,1.7,5.5,30.0,37.0,78.0,0.38,0.15,0.54,0.38,0.54,0.29,0.13,0.41,0.29,0.41,25.0,7.0,28.0,1.92,0.54,0.2,0.71,15.8,0.0,0.15,1.2,1.2,305.0,412.0,74.0,4221.0,1141.0,180.0,205.0,87.8,92.0,131.0,70.2,12.0,29.0,41.4,1.0,0.3,13.0,19.0,15.0,4.0,406.0,6.0,2.0,2.0,0.0,30.0,3.0,1.0,0.0,0.0,0.0,0.0,15.0,29.0,2.18,23.0,0.0,1.0,3.0,0.0,2.0,4.0,0.3,3.0,0.0,0.0,0.0,0.0,1.0,16.0,11.0,3.0,11.0,2.0,3.0,11.0,27.3,8.0,17.0,2.0,15.0,3.0,19.0,12.0,0.0,555.0,19.0,78.0,249.0,233.0,42.0,555.0,21.0,7.0,33.3,10.0,47.6,340.0,1613.0,745.0,17.0,8.0,25.0,8.0,404.0,0.0,13.0,19.0,4.0,0.0,0.0,0.0,49.0,10.0,16.0,38.5,,,,,,,,,,,,,,,,,,,,,,,,,,,,,,,,,,,,,,,,,,47.0,44.8,70.0,1.0,11.0,17.0,4.0,1.28,18.0,26.0,-8.0,-0.62,-1.05,15.7,24.4,-8.7,-0.65,-0.54
431,2023-2024,Premier-League,Gio Reyna,us USA,"MF,FW",Nott'ham Forest,21-126,2002.0,3.0,0.0,41.0,0.5,0.0,0.0,0.0,0.0,0.0,0.0,0.0,0.0,0.1,0.1,0.1,0.2,1.0,1.0,5.0,0.0,0.0,0.0,0.0,0.0,0.14,0.19,0.33,0.14,0.33,1.0,0.0,0.0,2.2,0.0,0.0,0.0,25.0,0.0,0.06,-0.1,-0.1,36.0,42.0,85.7,518.0,55.0,22.0,22.0,100.0,10.0,11.0,90.9,2.0,2.0,100.0,0.0,-0.1,1.0,2.0,0.0,0.0,40.0,0.0,0.0,0.0,0.0,0.0,0.0,0.0,0.0,0.0,0.0,2.0,2.0,0.0,0.0,0.0,0.0,0.0,0.0,0.0,0.0,0.0,0.0,0.0,0.0,0.0,0.0,0.0,0.0,1.0,1.0,1.0,0.0,0.0,0.0,0.0,0.0,0.0,0.0,0.0,0.0,1.0,2.0,0.0,0.0,47.0,0.0,3.0,18.0,26.0,2.0,47.0,1.0,1.0,100.0,0.0,0.0,25.0,101.0,22.0,0.0,1.0,0.0,1.0,39.0,0.0,1.0,0.0,0.0,0.0,0.0,0.0,3.0,3.0,1.0,75.0,,,,,,,,,,,,,,,,,,,,,,,,,,,,,,,,,,,,,,,,,,14.0,1.6,0.0,0.0,3.0,14.0,2.0,0.33,0.0,0.0,0.0,0.0,0.56,0.3,0.3,0.0,-0.01,0.18
432,2023-2024,Premier-League,Rodrigo Ribeiro,pt POR,FW,Nott'ham Forest,18-325,2005.0,1.0,0.0,1.0,0.0,0.0,0.0,0.0,0.0,0.0,0.0,0.0,0.0,0.0,0.0,0.0,0.0,0.0,0.0,1.0,0.0,0.0,0.0,0.0,0.0,0.0,0.0,0.0,0.0,0.0,0.0,0.0,0.0,0.0,0.0,0.0,0.0,0.0,0.0,0.0,0.0,0.0,2.0,2.0,100.0,29.0,0.0,1.0,1.0,100.0,1.0,1.0,100.0,0.0,0.0,0.0,0.0,0.0,0.0,0.0,0.0,0.0,2.0,0.0,0.0,0.0,0.0,0.0,0.0,0.0,0.0,0.0,0.0,0.0,0.0,0.0,0.0,0.0,0.0,0.0,0.0,0.0,0.0,0.0,0.0,0.0,0.0,0.0,0.0,0.0,0.0,0.0,0.0,0.0,0.0,0.0,0.0,0.0,0.0,0.0,0.0,0.0,0.0,1.0,1.0,0.0,0.0,3.0,0.0,0.0,0.0,3.0,0.0,3.0,0.0,0.0,0.0,0.0,0.0,2.0,5.0,0.0,0.0,0.0,0.0,0.0,2.0,0.0,0.0,0.0,0.0,0.0,0.0,0.0,0.0,0.0,0.0,0.0,,,,,,,,,,,,,,,,,,,,,,,,,,,,,,,,,,,,,,,,,,1.0,0.0,0.0,0.0,1.0,1.0,5.0,1.0,0.0,0.0,0.0,0.0,0.55,0.0,0.0,0.0,2.37,2.56
433,2023-2024,Premier-League,Declan Rice,eng ENG,MF,Arsenal,25-064,1999.0,28.0,28.0,2391.0,26.6,6.0,5.0,11.0,6.0,0.0,0.0,3.0,0.0,2.2,2.2,3.7,5.9,55.0,227.0,39.0,0.23,0.19,0.41,0.23,0.41,0.08,0.14,0.22,0.08,0.22,40.0,14.0,35.0,1.51,0.53,0.15,0.43,20.9,2.0,0.06,3.8,3.8,1676.0,1870.0,89.6,28518.0,7674.0,763.0,821.0,92.9,765.0,809.0,94.6,118.0,177.0,66.7,3.4,1.3,29.0,204.0,26.0,2.0,1802.0,62.0,30.0,2.0,14.0,37.0,1.0,28.0,21.0,0.0,0.0,6.0,17.0,68.0,2.56,53.0,9.0,2.0,2.0,0.0,2.0,7.0,0.26,3.0,4.0,0.0,0.0,0.0,0.0,55.0,34.0,28.0,21.0,6.0,24.0,41.0,58.5,17.0,31.0,10.0,21.0,35.0,90.0,43.0,0.0,2128.0,85.0,475.0,1153.0,517.0,34.0,2128.0,29.0,14.0,48.3,11.0,37.9,1380.0,8286.0,4169.0,53.0,7.0,23.0,15.0,1593.0,0.0,21.0,10.0,1.0,0.0,1.0,0.0,133.0,35.0,39.0,47.3,,,,,,,,,,,,,,,,,,,,,,,,,,,,,,,,,,,,,,,,,,85.0,94.9,85.0,20.0,0.0,0.0,0.0,2.29,65.0,23.0,42.0,1.58,-1.21,52.7,18.1,34.6,1.3,-0.48
434,2023-2024,Premier-League,Chris Richards,us USA,"DF,MF",Crystal Palace,23-356,2000.0,19.0,16.0,1464.0,16.3,1.0,0.0,1.0,1.0,0.0,0.0,2.0,0.0,0.3,0.3,0.2,0.5,0.0,26.0,1.0,0.06,0.0,0.06,0.06,0.06,0.02,0.01,0.03,0.02,0.03,6.0,1.0,16.7,0.37,0.06,0.17,1.0,9.7,0.0,0.05,0.7,0.7,460.0,564.0,81.6,8041.0,2329.0,206.0,241.0,85.5,206.0,236.0,87.3,41.0,64.0,64.1,0.1,-0.2,3.0,25.0,1.0,0.0,539.0,23.0,10.0,1.0,3.0,1.0,13.0,0.0,0.0,0.0,0.0,2.0,12.0,10.0,0.61,7.0,0.0,0.0,2.0,0.0,1.0,2.0,0.12,2.0,0.0,0.0,0.0,0.0,0.0,35.0,21.0,18.0,15.0,2.0,15.0,21.0,71.4,6.0,26.0,9.0,17.0,21.0,56.0,80.0,0.0,753.0,114.0,356.0,342.0,59.0,11.0,753.0,0.0,0.0,0.0,0.0,0.0,337.0,1422.0,535.0,5.0,0.0,5.0,3.0,394.0,0.0,10.0,5.0,1.0,0.0,1.0,0.0,58.0,37.0,35.0,51.4,,,,,,,,,,,,,,,,,,,,,,,,,,,,,,,,,,,,,,,,,,77.0,58.1,90.0,16.0,3.0,8.0,9.0,1.11,22.0,33.0,-11.0,-0.68,-0.34,18.9,26.0,-7.2,-0.44,-0.47
435,2023-2024,Premier-League,Richarlison,br BRA,FW,Tottenham,26-313,1997.0,23.0,17.0,1357.0,15.1,10.0,3.0,13.0,10.0,0.0,0.0,3.0,0.0,8.8,8.8,1.8,10.6,23.0,33.0,100.0,0.66,0.2,0.86,0.66,0.86,0.59,0.12,0.7,0.59,0.7,58.0,23.0,39.7,3.85,1.53,0.17,0.43,13.3,0.0,0.15,1.2,1.2,242.0,358.0,67.6,3469.0,857.0,138.0,171.0,80.7,78.0,111.0,70.3,10.0,15.0,66.7,1.2,1.2,14.0,16.0,12.0,1.0,328.0,27.0,3.0,2.0,3.0,13.0,0.0,0.0,0.0,0.0,0.0,3.0,25.0,30.0,1.99,21.0,0.0,3.0,4.0,1.0,1.0,4.0,0.27,4.0,0.0,0.0,0.0,0.0,0.0,16.0,11.0,4.0,8.0,4.0,2.0,9.0,22.2,7.0,32.0,6.0,26.0,8.0,24.0,21.0,0.0,602.0,31.0,82.0,229.0,297.0,111.0,602.0,36.0,10.0,27.8,23.0,63.9,362.0,1532.0,667.0,9.0,13.0,46.0,36.0,418.0,0.0,18.0,24.0,10.0,0.0,0.0,0.0,41.0,22.0,54.0,28.9,,,,,,,,,,,,,,,,,,,,,,,,,,,,,,,,,,,,,,,,,,59.0,53.8,75.0,6.0,6.0,14.0,1.0,2.04,32.0,17.0,15.0,0.99,0.84,26.7,22.9,3.8,0.25,0.33
436,2023-2024,Premier-League,Jaïro Riedewald,nl NED,"MF,FW",Crystal Palace,27-191,1996.0,4.0,2.0,176.0,2.0,0.0,0.0,0.0,0.0,0.0,0.0,0.0,0.0,0.0,0.0,0.0,0.0,2.0,4.0,1.0,0.0,0.0,0.0,0.0,0.0,0.0,0.0,0.0,0.0,0.0,0.0,0.0,0.0,0.0,0.0,0.0,0.0,0.0,0.0,0.0,0.0,0.0,48.0,65.0,73.8,779.0,159.0,24.0,26.0,92.3,21.0,26.0,80.8,2.0,8.0,25.0,0.0,0.0,0.0,1.0,1.0,0.0,58.0,6.0,4.0,0.0,0.0,3.0,0.0,2.0,1.0,0.0,1.0,1.0,2.0,0.0,0.0,0.0,0.0,0.0,0.0,0.0,0.0,0.0,0.0,0.0,0.0,0.0,0.0,0.0,0.0,4.0,1.0,0.0,2.0,2.0,1.0,2.0,50.0,1.0,0.0,0.0,0.0,2.0,6.0,0.0,0.0,77.0,1.0,18.0,38.0,22.0,4.0,77.0,2.0,1.0,50.0,1.0,50.0,34.0,104.0,46.0,0.0,1.0,3.0,2.0,46.0,0.0,3.0,0.0,0.0,0.0,0.0,0.0,8.0,1.0,1.0,50.0,,,,,,,,,,,,,,,,,,,,,,,,,,,,,,,,,,,,,,,,,,44.0,7.0,77.0,0.0,2.0,11.0,19.0,1.5,1.0,2.0,-1.0,-0.51,0.03,2.0,2.8,-0.8,-0.41,-0.17
437,2023-2024,Premier-League,Matt Ritchie,sct SCO,FW,Newcastle Utd,34-190,1989.0,8.0,0.0,109.0,1.2,1.0,0.0,1.0,1.0,0.0,0.0,1.0,0.0,0.8,0.8,0.0,0.8,2.0,7.0,9.0,0.83,0.0,0.83,0.83,0.83,0.67,0.0,0.67,0.67,0.67,5.0,3.0,60.0,4.13,2.48,0.2,0.33,11.9,0.0,0.16,0.2,0.2,50.0,65.0,76.9,664.0,176.0,32.0,35.0,91.4,15.0,19.0,78.9,2.0,7.0,28.6,0.0,0.0,0.0,4.0,2.0,0.0,65.0,0.0,0.0,0.0,0.0,5.0,0.0,0.0,0.0,0.0,0.0,0.0,1.0,2.0,1.65,2.0,0.0,0.0,0.0,0.0,0.0,1.0,0.83,1.0,0.0,0.0,0.0,0.0,0.0,3.0,2.0,1.0,2.0,0.0,2.0,3.0,66.7,1.0,0.0,0.0,0.0,1.0,4.0,5.0,0.0,88.0,4.0,19.0,30.0,39.0,7.0,88.0,2.0,0.0,0.0,1.0,50.0,40.0,183.0,114.0,4.0,1.0,1.0,1.0,61.0,0.0,2.0,1.0,0.0,0.0,0.0,0.0,4.0,0.0,2.0,0.0,,,,,,,,,,,,,,,,,,,,,,,,,,,,,,,,,,,,,,,,,,14.0,4.3,0.0,0.0,8.0,14.0,13.0,1.63,3.0,4.0,-1.0,-0.83,-1.27,2.4,4.0,-1.6,-1.29,-1.43
438,2023-2024,Premier-League,Connor Roberts,wls WAL,DF,Burnley,28-177,1995.0,14.0,8.0,823.0,9.1,0.0,1.0,1.0,0.0,0.0,0.0,5.0,1.0,0.0,0.0,0.2,0.2,6.0,38.0,13.0,0.0,0.11,0.11,0.0,0.11,0.0,0.02,0.02,0.0,0.02,0.0,0.0,0.0,0.0,0.0,0.0,0.0,0.0,0.0,0.0,0.0,0.0,395.0,495.0,79.8,6987.0,2370.0,162.0,182.0,89.0,194.0,222.0,87.4,34.0,67.0,50.7,0.4,0.8,7.0,32.0,8.0,2.0,406.0,87.0,13.0,0.0,2.0,10.0,74.0,0.0,0.0,0.0,0.0,2.0,9.0,18.0,1.97,13.0,5.0,0.0,0.0,0.0,0.0,3.0,0.33,3.0,0.0,0.0,0.0,0.0,0.0,12.0,5.0,6.0,4.0,2.0,8.0,17.0,47.1,9.0,8.0,6.0,2.0,4.0,16.0,25.0,2.0,557.0,28.0,182.0,259.0,120.0,6.0,557.0,2.0,0.0,0.0,2.0,100.0,309.0,1163.0,620.0,10.0,0.0,3.0,1.0,358.0,1.0,5.0,9.0,3.0,0.0,0.0,0.0,40.0,6.0,7.0,46.2,,,,,,,,,,,,,,,,,,,,,,,,,,,,,,,,,,,,,,,,,,59.0,31.5,88.0,6.0,6.0,20.0,5.0,0.64,7.0,22.0,-15.0,-1.64,-0.68,8.4,19.0,-10.7,-1.17,-0.59
439,2023-2024,Premier-League,Andrew Robertson,sct SCO,DF,Liverpool,30-007,1994.0,15.0,11.0,1066.0,11.8,1.0,1.0,2.0,1.0,0.0,0.0,2.0,0.0,0.7,0.7,2.7,3.4,31.0,69.0,60.0,0.08,0.08,0.17,0.08,0.17,0.06,0.23,0.29,0.06,0.29,4.0,2.0,50.0,0.34,0.17,0.25,0.5,8.7,0.0,0.18,0.3,0.3,754.0,927.0,81.3,12846.0,4177.0,362.0,389.0,93.1,310.0,361.0,85.9,71.0,139.0,51.1,2.1,-1.7,35.0,59.0,12.0,7.0,771.0,149.0,31.0,0.0,5.0,95.0,69.0,49.0,24.0,24.0,0.0,7.0,17.0,46.0,3.88,23.0,22.0,0.0,0.0,1.0,0.0,2.0,0.17,1.0,1.0,0.0,0.0,0.0,0.0,26.0,18.0,17.0,7.0,2.0,18.0,26.0,69.2,8.0,10.0,3.0,7.0,9.0,35.0,30.0,0.0,1029.0,50.0,283.0,474.0,278.0,17.0,1029.0,9.0,3.0,33.3,6.0,66.7,572.0,2483.0,1413.0,22.0,3.0,10.0,2.0,682.0,0.0,8.0,3.0,2.0,0.0,0.0,0.0,68.0,9.0,7.0,56.3,,,,,,,,,,,,,,,,,,,,,,,,,,,,,,,,,,,,,,,,,,71.0,42.3,87.0,9.0,4.0,27.0,0.0,2.2,28.0,14.0,14.0,1.18,-0.37,26.5,16.9,9.6,0.81,-0.33
440,2023-2024,Premier-League,Antonee Robinson,us USA,DF,Fulham,26-223,1997.0,28.0,28.0,2468.0,27.4,0.0,6.0,6.0,0.0,0.0,0.0,4.0,0.0,0.5,0.5,3.6,4.1,75.0,94.0,141.0,0.0,0.22,0.22,0.0,0.22,0.02,0.13,0.15,0.02,0.15,10.0,4.0,40.0,0.36,0.15,0.0,0.0,20.9,0.0,0.05,-0.5,-0.5,1101.0,1510.0,72.9,19871.0,7211.0,492.0,594.0,82.8,465.0,586.0,79.4,131.0,247.0,53.0,3.2,2.4,27.0,82.0,34.0,19.0,1272.0,234.0,22.0,1.0,10.0,99.0,212.0,0.0,0.0,0.0,0.0,4.0,57.0,55.0,2.01,51.0,2.0,1.0,0.0,0.0,1.0,7.0,0.26,7.0,0.0,0.0,0.0,0.0,0.0,75.0,47.0,48.0,20.0,7.0,46.0,82.0,56.1,36.0,40.0,5.0,35.0,69.0,144.0,83.0,3.0,1874.0,120.0,674.0,729.0,499.0,50.0,1874.0,67.0,30.0,44.8,30.0,44.8,956.0,5928.0,3013.0,54.0,5.0,36.0,14.0,1023.0,0.0,27.0,16.0,3.0,0.0,0.0,2.0,165.0,37.0,15.0,71.2,,,,,,,,,,,,,,,,,,,,,,,,,,,,,,,,,,,,,,,,,,88.0,94.6,88.0,24.0,0.0,0.0,0.0,1.25,40.0,43.0,-3.0,-0.11,-1.38,36.8,48.1,-11.3,-0.41,-0.9
441,2023-2024,Premier-League,Jack Robinson,eng ENG,DF,Sheffield Utd,30-199,1993.0,27.0,25.0,2322.0,25.8,1.0,1.0,2.0,1.0,0.0,0.0,7.0,0.0,1.0,1.0,1.0,2.1,4.0,41.0,9.0,0.04,0.04,0.08,0.04,0.08,0.04,0.04,0.08,0.04,0.08,9.0,3.0,33.3,0.35,0.12,0.11,0.33,11.6,0.0,0.12,0.0,0.0,713.0,987.0,72.2,13783.0,5993.0,255.0,290.0,87.9,359.0,437.0,82.2,88.0,221.0,39.8,0.7,0.0,9.0,43.0,4.0,2.0,826.0,158.0,24.0,0.0,5.0,7.0,134.0,0.0,0.0,0.0,0.0,3.0,16.0,17.0,0.66,9.0,5.0,0.0,2.0,0.0,1.0,1.0,0.04,0.0,1.0,0.0,0.0,0.0,0.0,36.0,24.0,27.0,9.0,0.0,23.0,33.0,69.7,10.0,41.0,28.0,13.0,29.0,65.0,120.0,2.0,1258.0,208.0,667.0,466.0,132.0,24.0,1258.0,10.0,4.0,40.0,3.0,30.0,554.0,2340.0,1090.0,4.0,1.0,14.0,1.0,606.0,0.0,15.0,12.0,1.0,0.0,0.0,2.0,116.0,54.0,39.0,58.1,,,,,,,,,,,,,,,,,,,,,,,,,,,,,,,,,,,,,,,,,,86.0,92.1,89.0,22.0,2.0,49.0,0.0,0.52,24.0,67.0,-43.0,-1.67,1.52,23.8,51.3,-27.5,-1.07,0.94
442,2023-2024,Premier-League,Rodri,es ESP,MF,Manchester City,27-270,1996.0,25.0,25.0,2166.0,24.1,6.0,5.0,11.0,6.0,0.0,0.0,8.0,1.0,3.3,3.3,2.6,5.8,61.0,264.0,46.0,0.25,0.21,0.46,0.25,0.46,0.14,0.11,0.24,0.14,0.24,51.0,17.0,33.3,2.12,0.71,0.12,0.35,20.8,0.0,0.06,2.7,2.7,2433.0,2649.0,91.8,41853.0,11449.0,1178.0,1252.0,94.1,945.0,1011.0,93.5,257.0,304.0,84.5,4.7,2.4,35.0,274.0,46.0,0.0,2590.0,57.0,48.0,14.0,22.0,8.0,5.0,3.0,0.0,0.0,0.0,2.0,12.0,121.0,5.03,97.0,2.0,6.0,5.0,6.0,5.0,17.0,0.71,12.0,0.0,2.0,1.0,1.0,1.0,54.0,33.0,17.0,27.0,10.0,26.0,48.0,54.2,22.0,25.0,7.0,18.0,20.0,74.0,35.0,3.0,2903.0,87.0,499.0,1699.0,725.0,61.0,2903.0,44.0,28.0,63.6,9.0,20.5,1869.0,8588.0,4783.0,67.0,12.0,14.0,20.0,2341.0,0.0,32.0,25.0,6.0,1.0,0.0,0.0,174.0,43.0,18.0,70.5,,,,,,,,,,,,,,,,,,,,,,,,,,,,,,,,,,,,,,,,,,87.0,86.0,87.0,21.0,0.0,0.0,0.0,2.52,59.0,22.0,37.0,1.54,2.05,53.1,22.1,30.9,1.28,1.77
443,2023-2024,Premier-League,Jay Rodriguez,eng ENG,FW,Burnley,34-233,1989.0,16.0,7.0,731.0,8.1,2.0,1.0,3.0,1.0,1.0,1.0,0.0,0.0,3.0,2.2,0.2,2.4,1.0,14.0,23.0,0.25,0.12,0.37,0.12,0.25,0.37,0.02,0.39,0.27,0.3,17.0,6.0,35.3,2.09,0.74,0.06,0.17,13.0,0.0,0.13,-1.0,-1.2,119.0,186.0,64.0,1655.0,337.0,73.0,101.0,72.3,33.0,47.0,70.2,7.0,23.0,30.4,0.1,0.8,4.0,13.0,2.0,0.0,186.0,0.0,0.0,1.0,4.0,1.0,0.0,0.0,0.0,0.0,0.0,0.0,4.0,11.0,1.36,7.0,0.0,1.0,3.0,0.0,0.0,1.0,0.12,1.0,0.0,0.0,0.0,0.0,0.0,12.0,8.0,5.0,4.0,3.0,6.0,10.0,60.0,4.0,10.0,1.0,9.0,1.0,13.0,8.0,0.0,274.0,11.0,44.0,145.0,85.0,22.0,273.0,6.0,4.0,66.7,2.0,33.3,133.0,381.0,113.0,3.0,0.0,18.0,4.0,191.0,0.0,13.0,5.0,6.0,0.0,0.0,0.0,22.0,18.0,36.0,33.3,,,,,,,,,,,,,,,,,,,,,,,,,,,,,,,,,,,,,,,,,,46.0,28.0,80.0,4.0,9.0,19.0,10.0,0.63,9.0,16.0,-7.0,-0.86,0.43,8.1,11.9,-3.8,-0.46,0.42
444,2023-2024,Premier-League,Mads Roerslev,dk DEN,DF,Brentford,24-268,1999.0,25.0,17.0,1471.0,16.3,1.0,2.0,3.0,1.0,0.0,0.0,0.0,0.0,0.9,0.9,1.3,2.2,14.0,30.0,69.0,0.06,0.12,0.18,0.06,0.18,0.05,0.08,0.14,0.05,0.14,6.0,1.0,16.7,0.37,0.06,0.17,1.0,13.7,0.0,0.15,0.1,0.1,365.0,561.0,65.1,6300.0,2082.0,175.0,227.0,77.1,146.0,223.0,65.5,38.0,74.0,51.4,1.0,0.7,12.0,20.0,21.0,19.0,510.0,49.0,2.0,1.0,3.0,48.0,47.0,0.0,0.0,0.0,0.0,2.0,23.0,25.0,1.53,22.0,0.0,2.0,0.0,0.0,1.0,3.0,0.18,3.0,0.0,0.0,0.0,0.0,0.0,36.0,24.0,27.0,6.0,3.0,23.0,44.0,52.3,21.0,11.0,2.0,9.0,15.0,51.0,58.0,0.0,736.0,81.0,279.0,260.0,202.0,17.0,736.0,25.0,9.0,36.0,14.0,56.0,335.0,1504.0,675.0,10.0,4.0,16.0,11.0,390.0,0.0,9.0,9.0,1.0,0.0,0.0,0.0,67.0,10.0,21.0,32.3,,,,,,,,,,,,,,,,,,,,,,,,,,,,,,,,,,,,,,,,,,59.0,56.4,78.0,5.0,8.0,18.0,3.0,0.96,23.0,32.0,-9.0,-0.55,-0.23,24.1,29.2,-5.2,-0.32,-0.72
445,2023-2024,Premier-League,Morgan Rogers,eng ENG,MF,Aston Villa,21-236,2002.0,3.0,0.0,61.0,0.7,0.0,0.0,0.0,0.0,0.0,0.0,1.0,0.0,0.3,0.3,0.1,0.5,2.0,4.0,1.0,0.0,0.0,0.0,0.0,0.0,0.49,0.2,0.69,0.49,0.69,3.0,1.0,33.3,4.43,1.48,0.0,0.0,14.8,0.0,0.11,-0.3,-0.3,14.0,18.0,77.8,254.0,123.0,7.0,10.0,70.0,4.0,4.0,100.0,2.0,2.0,100.0,0.1,-0.1,2.0,2.0,2.0,0.0,18.0,0.0,0.0,0.0,0.0,1.0,0.0,0.0,0.0,0.0,0.0,0.0,1.0,5.0,7.38,3.0,0.0,1.0,0.0,1.0,0.0,1.0,1.48,0.0,0.0,0.0,0.0,1.0,0.0,0.0,0.0,0.0,0.0,0.0,0.0,1.0,0.0,1.0,0.0,0.0,0.0,0.0,0.0,2.0,0.0,27.0,2.0,7.0,12.0,10.0,3.0,27.0,4.0,4.0,100.0,0.0,0.0,18.0,117.0,64.0,1.0,1.0,1.0,0.0,21.0,0.0,3.0,1.0,0.0,0.0,0.0,0.0,3.0,2.0,1.0,66.7,,,,,,,,,,,,,,,,,,,,,,,,,,,,,,,,,,,,,,,,,,20.0,2.4,0.0,0.0,3.0,20.0,3.0,3.0,1.0,2.0,-1.0,-1.48,-2.17,0.9,1.8,-0.9,-1.31,-1.75
446,2023-2024,Premier-League,Cristian Romero,ar ARG,DF,Tottenham,25-326,1998.0,23.0,23.0,1890.0,21.0,4.0,0.0,4.0,4.0,0.0,0.0,4.0,1.0,1.6,1.6,0.4,2.0,24.0,126.0,4.0,0.19,0.0,0.19,0.19,0.19,0.08,0.02,0.1,0.08,0.1,13.0,5.0,38.5,0.62,0.24,0.31,0.8,11.1,0.0,0.13,2.4,2.4,1663.0,1807.0,92.0,29009.0,11518.0,674.0,728.0,92.6,888.0,923.0,96.2,80.0,111.0,72.1,1.1,-0.4,6.0,127.0,9.0,0.0,1716.0,90.0,76.0,4.0,3.0,2.0,8.0,0.0,0.0,0.0,0.0,1.0,19.0,25.0,1.19,21.0,2.0,0.0,1.0,0.0,1.0,1.0,0.05,1.0,0.0,0.0,0.0,0.0,0.0,48.0,32.0,30.0,17.0,1.0,23.0,30.0,76.7,7.0,30.0,13.0,17.0,34.0,82.0,76.0,1.0,2028.0,239.0,883.0,1036.0,126.0,18.0,2028.0,7.0,4.0,57.1,1.0,14.3,1371.0,6615.0,4374.0,31.0,0.0,9.0,4.0,1451.0,0.0,15.0,18.0,1.0,0.0,2.0,1.0,137.0,52.0,29.0,64.2,,,,,,,,,,,,,,,,,,,,,,,,,,,,,,,,,,,,,,,,,,82.0,75.0,82.0,20.0,0.0,0.0,0.0,2.13,48.0,23.0,25.0,1.19,2.33,39.3,28.5,10.8,0.52,1.65
447,2023-2024,Premier-League,Joe Rothwell,eng ENG,MF,Bournemouth,29-067,1995.0,11.0,3.0,386.0,4.3,0.0,0.0,0.0,0.0,0.0,0.0,0.0,0.0,0.1,0.1,0.2,0.3,6.0,20.0,3.0,0.0,0.0,0.0,0.0,0.0,0.02,0.06,0.08,0.02,0.08,2.0,0.0,0.0,0.47,0.0,0.0,0.0,22.7,0.0,0.04,-0.1,-0.1,179.0,216.0,82.9,3185.0,863.0,65.0,68.0,95.6,100.0,108.0,92.6,10.0,30.0,33.3,0.2,-0.2,4.0,20.0,1.0,0.0,194.0,20.0,11.0,0.0,1.0,12.0,0.0,8.0,6.0,0.0,1.0,2.0,3.0,12.0,2.8,6.0,3.0,1.0,1.0,1.0,0.0,1.0,0.23,1.0,0.0,0.0,0.0,0.0,0.0,7.0,2.0,4.0,2.0,1.0,2.0,8.0,25.0,6.0,4.0,2.0,2.0,3.0,10.0,2.0,0.0,251.0,8.0,49.0,147.0,56.0,1.0,251.0,13.0,7.0,53.8,4.0,30.8,140.0,862.0,437.0,4.0,0.0,5.0,2.0,155.0,0.0,4.0,2.0,0.0,0.0,1.0,0.0,32.0,0.0,2.0,0.0,,,,,,,,,,,,,,,,,,,,,,,,,,,,,,,,,,,,,,,,,,35.0,15.3,70.0,1.0,8.0,22.0,8.0,1.18,4.0,12.0,-8.0,-1.87,-1.74,4.0,11.2,-7.2,-1.68,-1.88
448,2023-2024,Premier-League,Pelly Ruddock Mpanzu,cd COD,MF,Luton Town,30-245,1993.0,22.0,9.0,914.0,10.2,0.0,0.0,0.0,0.0,0.0,0.0,0.0,0.0,0.6,0.6,0.4,1.0,9.0,34.0,14.0,0.0,0.0,0.0,0.0,0.0,0.06,0.04,0.1,0.06,0.1,10.0,1.0,10.0,0.98,0.1,0.0,0.0,21.0,0.0,0.06,-0.6,-0.6,219.0,300.0,73.0,3785.0,996.0,96.0,112.0,85.7,91.0,116.0,78.4,17.0,36.0,47.2,1.4,-0.4,6.0,17.0,13.0,2.0,278.0,20.0,6.0,0.0,7.0,11.0,6.0,2.0,0.0,0.0,0.0,2.0,12.0,18.0,1.77,12.0,1.0,1.0,1.0,2.0,1.0,0.0,0.0,0.0,0.0,0.0,0.0,0.0,0.0,9.0,2.0,2.0,6.0,1.0,4.0,8.0,50.0,4.0,11.0,5.0,6.0,7.0,16.0,15.0,1.0,395.0,24.0,86.0,193.0,119.0,13.0,395.0,12.0,7.0,58.3,4.0,33.3,188.0,785.0,313.0,6.0,5.0,9.0,14.0,217.0,0.0,7.0,12.0,0.0,0.0,0.0,0.0,46.0,10.0,16.0,38.5,,,,,,,,,,,,,,,,,,,,,,,,,,,,,,,,,,,,,,,,,,42.0,35.0,74.0,2.0,13.0,19.0,7.0,0.86,10.0,22.0,-12.0,-1.18,-0.86,9.3,23.1,-13.8,-1.36,-0.8
449,2023-2024,Premier-League,José Sá,pt POR,GK,Wolves,31-061,1993.0,26.0,26.0,2227.0,24.7,0.0,0.0,0.0,0.0,0.0,0.0,1.0,0.0,0.0,0.0,0.0,0.0,0.0,0.0,0.0,0.0,0.0,0.0,0.0,0.0,0.0,0.0,0.0,0.0,0.0,0.0,0.0,0.0,0.0,0.0,0.0,0.0,0.0,0.0,0.0,0.0,0.0,506.0,775.0,65.3,12265.0,8111.0,133.0,136.0,97.8,250.0,256.0,97.7,117.0,373.0,31.4,0.0,0.0,0.0,7.0,0.0,0.0,540.0,232.0,52.0,0.0,1.0,0.0,0.0,0.0,0.0,0.0,0.0,3.0,1.0,2.0,0.08,2.0,0.0,0.0,0.0,0.0,0.0,0.0,0.0,0.0,0.0,0.0,0.0,0.0,0.0,0.0,0.0,0.0,0.0,0.0,0.0,1.0,0.0,1.0,3.0,0.0,3.0,0.0,0.0,14.0,5.0,840.0,730.0,835.0,5.0,0.0,0.0,840.0,3.0,3.0,100.0,0.0,0.0,484.0,3291.0,2153.0,1.0,1.0,0.0,1.0,328.0,0.0,0.0,5.0,0.0,0.0,0.0,0.0,21.0,9.0,0.0,100.0,26.0,26.0,2227.0,40.0,1.62,118.0,79.0,70.3,11.0,5.0,10.0,4.0,15.4,5.0,5.0,0.0,0.0,0.0,1.0,3.0,1.0,44.7,0.34,5.7,0.23,59.0,301.0,19.6,592.0,146.0,34.0,33.7,180.0,55.6,42.3,381.0,38.0,10.0,20.0,0.81,13.0,86.0,88.4,86.0,24.0,0.0,0.0,0.0,1.46,40.0,40.0,0.0,0.0,0.61,34.9,42.9,-8.0,-0.32,0.39
450,2023-2024,Premier-League,Bukayo Saka,eng ENG,FW,Arsenal,22-195,2001.0,27.0,27.0,2262.0,25.1,13.0,8.0,21.0,9.0,4.0,4.0,3.0,0.0,11.5,8.4,8.2,16.6,123.0,100.0,422.0,0.52,0.32,0.84,0.36,0.68,0.46,0.33,0.79,0.33,0.66,77.0,24.0,31.2,3.06,0.95,0.12,0.38,16.9,0.0,0.11,1.5,0.6,920.0,1220.0,75.4,13843.0,3481.0,549.0,618.0,88.8,282.0,371.0,76.0,68.0,149.0,45.6,9.2,-0.2,68.0,29.0,58.0,10.0,1102.0,112.0,6.0,3.0,2.0,152.0,10.0,96.0,82.0,0.0,0.0,6.0,35.0,148.0,5.89,107.0,22.0,6.0,9.0,3.0,1.0,17.0,0.68,12.0,2.0,1.0,1.0,1.0,0.0,49.0,26.0,18.0,15.0,16.0,20.0,45.0,44.4,25.0,37.0,2.0,35.0,10.0,59.0,14.0,1.0,1553.0,22.0,129.0,370.0,1063.0,204.0,1549.0,98.0,39.0,39.8,43.0,43.9,1004.0,5785.0,2883.0,56.0,52.0,48.0,36.0,1117.0,0.0,30.0,50.0,7.0,1.0,0.0,0.0,129.0,18.0,29.0,38.3,,,,,,,,,,,,,,,,,,,,,,,,,,,,,,,,,,,,,,,,,,84.0,89.8,84.0,14.0,0.0,0.0,0.0,2.26,63.0,23.0,40.0,1.59,-0.5,52.1,17.9,34.3,1.36,0.34
451,2023-2024,Premier-League,Mohamed Salah,eg EGY,FW,Liverpool,31-277,1992.0,22.0,20.0,1816.0,20.2,15.0,9.0,24.0,11.0,4.0,6.0,2.0,0.0,15.0,10.1,9.4,19.5,76.0,105.0,232.0,0.74,0.45,1.19,0.55,0.99,0.74,0.46,1.21,0.5,0.96,64.0,28.0,43.8,3.17,1.39,0.17,0.39,16.3,1.0,0.16,0.0,0.9,539.0,737.0,73.1,7913.0,2297.0,311.0,366.0,85.0,185.0,256.0,72.3,25.0,46.0,54.3,6.1,-0.4,50.0,40.0,46.0,5.0,707.0,23.0,3.0,14.0,2.0,28.0,16.0,0.0,0.0,0.0,0.0,7.0,30.0,93.0,4.61,71.0,1.0,4.0,11.0,5.0,1.0,16.0,0.79,12.0,0.0,2.0,1.0,1.0,0.0,13.0,9.0,0.0,5.0,8.0,5.0,17.0,29.4,12.0,15.0,1.0,14.0,2.0,15.0,0.0,0.0,968.0,3.0,36.0,350.0,594.0,164.0,962.0,56.0,19.0,33.9,36.0,64.3,705.0,3876.0,1919.0,38.0,52.0,50.0,40.0,797.0,0.0,7.0,19.0,9.0,1.0,0.0,0.0,62.0,4.0,11.0,26.7,,,,,,,,,,,,,,,,,,,,,,,,,,,,,,,,,,,,,,,,,,83.0,72.1,87.0,15.0,2.0,39.0,0.0,2.23,45.0,18.0,27.0,1.34,-0.2,46.0,22.5,23.6,1.17,0.59
452,2023-2024,Premier-League,William Saliba,fr FRA,DF,Arsenal,22-360,2001.0,28.0,28.0,2520.0,28.0,2.0,1.0,3.0,2.0,0.0,0.0,3.0,0.0,1.5,1.5,0.2,1.7,14.0,117.0,5.0,0.07,0.04,0.11,0.07,0.11,0.05,0.01,0.06,0.05,0.06,8.0,2.0,25.0,0.29,0.07,0.25,1.0,11.0,0.0,0.19,0.5,0.5,2064.0,2235.0,92.3,34755.0,12635.0,910.0,964.0,94.4,1046.0,1105.0,94.7,83.0,121.0,68.6,0.8,0.8,5.0,138.0,5.0,1.0,2187.0,46.0,24.0,3.0,2.0,3.0,7.0,0.0,0.0,0.0,0.0,2.0,9.0,23.0,0.82,22.0,0.0,0.0,1.0,0.0,0.0,3.0,0.11,3.0,0.0,0.0,0.0,0.0,0.0,28.0,17.0,17.0,10.0,1.0,13.0,15.0,86.7,2.0,23.0,11.0,12.0,21.0,49.0,57.0,2.0,2409.0,167.0,942.0,1365.0,108.0,12.0,2409.0,5.0,2.0,40.0,3.0,60.0,1592.0,7079.0,4256.0,18.0,1.0,17.0,11.0,1812.0,0.0,14.0,10.0,0.0,0.0,1.0,0.0,154.0,56.0,40.0,58.3,,,,,,,,,,,,,,,,,,,,,,,,,,,,,,,,,,,,,,,,,,90.0,100.0,90.0,28.0,0.0,0.0,0.0,2.29,70.0,24.0,46.0,1.64,0.0,56.6,19.4,37.2,1.33,0.0
453,2023-2024,Premier-League,Albert Sambi Lokonga,be BEL,MF,Luton Town,24-148,1999.0,12.0,11.0,873.0,9.7,0.0,2.0,2.0,0.0,0.0,0.0,2.0,0.0,0.4,0.4,1.3,1.7,18.0,47.0,8.0,0.0,0.21,0.21,0.0,0.21,0.04,0.13,0.17,0.04,0.17,7.0,1.0,14.3,0.72,0.1,0.0,0.0,22.7,0.0,0.06,-0.4,-0.4,437.0,500.0,87.4,7328.0,2120.0,202.0,220.0,91.8,165.0,186.0,88.7,38.0,50.0,76.0,0.6,0.7,7.0,51.0,4.0,0.0,447.0,50.0,21.0,5.0,9.0,10.0,4.0,2.0,1.0,1.0,0.0,3.0,3.0,18.0,1.86,15.0,0.0,0.0,1.0,1.0,1.0,2.0,0.21,2.0,0.0,0.0,0.0,0.0,0.0,19.0,12.0,10.0,7.0,2.0,13.0,18.0,72.2,5.0,19.0,11.0,8.0,6.0,25.0,11.0,0.0,595.0,43.0,145.0,336.0,120.0,6.0,595.0,17.0,8.0,47.1,6.0,35.3,368.0,2054.0,1125.0,13.0,1.0,5.0,5.0,388.0,0.0,12.0,20.0,0.0,0.0,0.0,0.0,45.0,11.0,8.0,57.9,,,,,,,,,,,,,,,,,,,,,,,,,,,,,,,,,,,,,,,,,,73.0,33.4,78.0,4.0,1.0,19.0,0.0,1.0,17.0,17.0,0.0,0.0,0.93,16.2,15.9,0.2,0.03,1.29
454,2023-2024,Premier-League,Davinson Sánchez,co COL,DF,Tottenham,27-280,1996.0,1.0,0.0,77.0,0.9,0.0,0.0,0.0,0.0,0.0,0.0,1.0,0.0,0.1,0.1,0.0,0.1,0.0,2.0,0.0,0.0,0.0,0.0,0.0,0.0,0.14,0.0,0.14,0.14,0.14,1.0,0.0,0.0,1.17,0.0,0.0,0.0,8.6,0.0,0.12,-0.1,-0.1,68.0,75.0,90.7,1045.0,377.0,37.0,38.0,97.4,27.0,29.0,93.1,3.0,6.0,50.0,0.0,0.0,0.0,13.0,0.0,0.0,73.0,2.0,1.0,0.0,0.0,0.0,1.0,0.0,0.0,0.0,0.0,0.0,0.0,1.0,1.17,0.0,0.0,0.0,1.0,0.0,0.0,0.0,0.0,0.0,0.0,0.0,0.0,0.0,0.0,0.0,0.0,0.0,0.0,0.0,0.0,0.0,0.0,0.0,3.0,2.0,1.0,1.0,1.0,2.0,0.0,83.0,8.0,24.0,45.0,14.0,1.0,83.0,0.0,0.0,0.0,0.0,0.0,68.0,238.0,80.0,2.0,0.0,1.0,0.0,66.0,0.0,2.0,1.0,0.0,0.0,0.0,0.0,4.0,3.0,1.0,75.0,,,,,,,,,,,,,,,,,,,,,,,,,,,,,,,,,,,,,,,,,,77.0,3.1,0.0,0.0,1.0,77.0,3.0,1.0,1.0,2.0,-1.0,-1.17,-1.83,0.7,2.2,-1.5,-1.8,-1.96
455,2023-2024,Premier-League,Robert Sánchez,es ESP,GK,Chelsea,26-121,1997.0,16.0,16.0,1433.0,15.9,0.0,0.0,0.0,0.0,0.0,0.0,2.0,0.0,0.0,0.0,0.0,0.0,0.0,1.0,0.0,0.0,0.0,0.0,0.0,0.0,0.0,0.0,0.0,0.0,0.0,0.0,0.0,0.0,0.0,0.0,0.0,0.0,0.0,0.0,0.0,0.0,0.0,500.0,609.0,82.1,11860.0,7720.0,135.0,136.0,99.3,250.0,257.0,97.3,112.0,211.0,53.1,0.0,0.0,0.0,8.0,0.0,0.0,487.0,120.0,29.0,0.0,2.0,0.0,0.0,0.0,0.0,0.0,0.0,2.0,0.0,2.0,0.13,1.0,1.0,0.0,0.0,0.0,0.0,0.0,0.0,0.0,0.0,0.0,0.0,0.0,0.0,0.0,0.0,0.0,0.0,0.0,0.0,0.0,0.0,0.0,0.0,0.0,0.0,0.0,0.0,11.0,3.0,649.0,561.0,644.0,5.0,0.0,0.0,649.0,0.0,0.0,0.0,0.0,0.0,392.0,1890.0,1130.0,0.0,0.0,1.0,0.0,360.0,0.0,0.0,1.0,0.0,0.0,0.0,0.0,20.0,3.0,0.0,100.0,16.0,16.0,1433.0,25.0,1.57,78.0,52.0,70.5,5.0,4.0,7.0,3.0,18.8,3.0,2.0,1.0,0.0,33.3,0.0,3.0,0.0,24.2,0.28,-0.8,-0.05,61.0,147.0,41.5,516.0,87.0,21.3,28.1,91.0,40.7,33.7,202.0,19.0,9.4,27.0,1.7,15.8,90.0,59.0,90.0,15.0,0.0,0.0,2.0,1.19,26.0,25.0,1.0,0.06,-0.03,30.2,23.7,6.5,0.41,0.11
456,2023-2024,Premier-League,Jadon Sancho,eng ENG,"FW,MF",Manchester Utd,23-359,2000.0,3.0,0.0,79.0,0.9,0.0,0.0,0.0,0.0,0.0,0.0,0.0,0.0,0.0,0.0,0.1,0.1,10.0,4.0,5.0,0.0,0.0,0.0,0.0,0.0,0.0,0.06,0.06,0.0,0.06,0.0,0.0,0.0,0.0,0.0,0.0,0.0,0.0,0.0,0.0,0.0,0.0,34.0,43.0,79.1,446.0,116.0,22.0,25.0,88.0,10.0,14.0,71.4,1.0,1.0,100.0,0.1,-0.1,1.0,2.0,2.0,0.0,41.0,1.0,0.0,0.0,0.0,1.0,0.0,1.0,0.0,0.0,0.0,1.0,0.0,4.0,4.62,1.0,1.0,0.0,0.0,1.0,1.0,1.0,1.15,0.0,1.0,0.0,0.0,0.0,0.0,1.0,0.0,1.0,0.0,0.0,1.0,3.0,33.3,2.0,1.0,0.0,1.0,1.0,2.0,0.0,0.0,51.0,4.0,12.0,18.0,26.0,6.0,51.0,7.0,3.0,42.9,3.0,42.9,38.0,298.0,192.0,5.0,5.0,0.0,2.0,34.0,0.0,0.0,2.0,1.0,0.0,0.0,0.0,10.0,0.0,3.0,0.0,,,,,,,,,,,,,,,,,,,,,,,,,,,,,,,,,,,,,,,,,,26.0,3.1,0.0,0.0,3.0,26.0,0.0,2.0,2.0,1.0,1.0,1.14,1.18,2.6,1.9,0.8,0.89,1.07
457,2023-2024,Premier-League,Ibrahim Sangaré,ci CIV,MF,Nott'ham Forest,26-107,1997.0,13.0,12.0,940.0,10.4,0.0,0.0,0.0,0.0,0.0,0.0,6.0,0.0,0.6,0.6,0.3,0.9,5.0,40.0,7.0,0.0,0.0,0.0,0.0,0.0,0.06,0.03,0.09,0.06,0.09,7.0,0.0,0.0,0.67,0.0,0.0,0.0,15.3,0.0,0.09,-0.6,-0.6,295.0,370.0,79.7,4820.0,1487.0,155.0,175.0,88.6,100.0,120.0,83.3,30.0,46.0,65.2,0.4,-0.3,6.0,32.0,5.0,0.0,360.0,7.0,6.0,3.0,6.0,2.0,1.0,0.0,0.0,0.0,0.0,3.0,14.0,17.0,1.63,14.0,0.0,0.0,1.0,1.0,1.0,2.0,0.19,2.0,0.0,0.0,0.0,0.0,0.0,38.0,19.0,21.0,13.0,4.0,11.0,28.0,39.3,17.0,22.0,6.0,16.0,11.0,49.0,20.0,0.0,488.0,35.0,146.0,264.0,80.0,11.0,488.0,11.0,4.0,36.4,7.0,63.6,240.0,1090.0,505.0,3.0,0.0,8.0,6.0,291.0,0.0,20.0,7.0,1.0,0.0,0.0,0.0,57.0,8.0,15.0,34.8,,,,,,,,,,,,,,,,,,,,,,,,,,,,,,,,,,,,,,,,,,72.0,36.0,76.0,4.0,1.0,30.0,2.0,0.85,12.0,14.0,-2.0,-0.19,0.56,13.0,13.6,-0.6,-0.06,0.22
458,2023-2024,Premier-League,Andrey Santos,br BRA,MF,Nott'ham Forest,19-320,2004.0,1.0,0.0,8.0,0.1,0.0,0.0,0.0,0.0,0.0,0.0,0.0,0.0,0.1,0.1,0.0,0.1,0.0,0.0,0.0,0.0,0.0,0.0,0.0,0.0,0.64,0.0,0.64,0.64,0.64,2.0,0.0,0.0,22.5,0.0,0.0,0.0,22.6,0.0,0.03,-0.1,-0.1,6.0,6.0,100.0,90.0,31.0,4.0,4.0,100.0,2.0,2.0,100.0,0.0,0.0,0.0,0.0,0.0,0.0,1.0,0.0,0.0,6.0,0.0,0.0,0.0,0.0,0.0,0.0,0.0,0.0,0.0,0.0,0.0,0.0,2.0,22.5,2.0,0.0,0.0,0.0,0.0,0.0,0.0,0.0,0.0,0.0,0.0,0.0,0.0,0.0,0.0,0.0,0.0,0.0,0.0,0.0,0.0,0.0,0.0,1.0,0.0,1.0,0.0,0.0,0.0,0.0,10.0,1.0,3.0,3.0,4.0,0.0,10.0,1.0,0.0,0.0,1.0,100.0,2.0,15.0,13.0,0.0,0.0,0.0,0.0,4.0,0.0,0.0,0.0,0.0,0.0,0.0,0.0,0.0,0.0,0.0,0.0,,,,,,,,,,,,,,,,,,,,,,,,,,,,,,,,,,,,,,,,,,8.0,0.3,0.0,0.0,1.0,8.0,5.0,0.0,0.0,0.0,0.0,0.0,0.55,0.3,0.0,0.3,3.27,3.48
459,2023-2024,Premier-League,Pablo Sarabia,es ESP,"MF,FW",Wolves,31-312,1992.0,21.0,15.0,1273.0,14.1,3.0,6.0,9.0,2.0,1.0,1.0,1.0,0.0,3.6,2.8,5.2,8.0,33.0,86.0,105.0,0.21,0.42,0.64,0.14,0.57,0.26,0.37,0.62,0.2,0.57,34.0,11.0,32.4,2.4,0.78,0.06,0.18,18.9,5.0,0.08,-0.6,-0.8,511.0,727.0,70.3,8275.0,2913.0,283.0,329.0,86.0,143.0,193.0,74.1,54.0,123.0,43.9,4.0,0.8,41.0,49.0,29.0,5.0,621.0,100.0,27.0,8.0,7.0,99.0,6.0,53.0,27.0,17.0,5.0,6.0,35.0,67.0,4.74,39.0,19.0,2.0,3.0,4.0,0.0,10.0,0.71,7.0,3.0,0.0,0.0,0.0,0.0,15.0,9.0,7.0,6.0,2.0,9.0,24.0,37.5,15.0,14.0,1.0,13.0,8.0,23.0,8.0,0.0,873.0,11.0,99.0,413.0,372.0,43.0,872.0,32.0,14.0,43.8,15.0,46.9,515.0,2666.0,1209.0,40.0,8.0,28.0,16.0,605.0,0.0,11.0,20.0,7.0,0.0,0.0,0.0,64.0,5.0,17.0,22.7,,,,,,,,,,,,,,,,,,,,,,,,,,,,,,,,,,,,,,,,,,61.0,50.5,76.0,4.0,6.0,21.0,7.0,1.67,26.0,16.0,10.0,0.71,1.57,20.7,21.7,-1.0,-0.07,0.6
460,2023-2024,Premier-League,Dane Scarlett,eng ENG,FW,Tottenham,19-360,2004.0,1.0,0.0,1.0,0.0,0.0,0.0,0.0,0.0,0.0,0.0,0.0,0.0,0.0,0.0,0.0,0.0,0.0,0.0,0.0,0.0,0.0,0.0,0.0,0.0,0.0,0.0,0.0,0.0,0.0,0.0,0.0,0.0,0.0,0.0,0.0,0.0,0.0,0.0,0.0,0.0,0.0,0.0,1.0,0.0,0.0,0.0,0.0,0.0,0.0,0.0,1.0,0.0,0.0,0.0,0.0,0.0,0.0,0.0,0.0,0.0,0.0,1.0,0.0,0.0,0.0,0.0,0.0,0.0,0.0,0.0,0.0,0.0,0.0,0.0,0.0,0.0,0.0,0.0,0.0,0.0,0.0,0.0,0.0,0.0,0.0,0.0,0.0,0.0,0.0,0.0,0.0,0.0,0.0,0.0,0.0,0.0,0.0,0.0,0.0,0.0,0.0,0.0,0.0,0.0,0.0,0.0,2.0,0.0,0.0,2.0,0.0,0.0,2.0,0.0,0.0,0.0,0.0,0.0,2.0,5.0,0.0,0.0,0.0,1.0,0.0,2.0,0.0,0.0,0.0,0.0,0.0,0.0,0.0,0.0,0.0,0.0,0.0,,,,,,,,,,,,,,,,,,,,,,,,,,,,,,,,,,,,,,,,,,1.0,0.0,0.0,0.0,1.0,1.0,3.0,3.0,0.0,0.0,0.0,0.0,-0.61,0.0,0.0,0.0,0.0,-0.1
461,2023-2024,Premier-League,Kevin Schade,de GER,"FW,MF",Brentford,22-112,2001.0,5.0,3.0,257.0,2.9,1.0,0.0,1.0,1.0,0.0,0.0,0.0,0.0,0.7,0.7,0.4,1.1,3.0,9.0,18.0,0.35,0.0,0.35,0.35,0.35,0.25,0.15,0.4,0.25,0.4,5.0,2.0,40.0,1.75,0.7,0.2,0.5,15.8,0.0,0.14,0.3,0.3,43.0,71.0,60.6,624.0,171.0,27.0,36.0,75.0,15.0,25.0,60.0,1.0,2.0,50.0,0.4,-0.4,3.0,7.0,3.0,2.0,69.0,0.0,0.0,0.0,0.0,4.0,0.0,0.0,0.0,0.0,0.0,2.0,3.0,8.0,2.8,5.0,0.0,0.0,1.0,2.0,0.0,2.0,0.7,1.0,0.0,0.0,0.0,1.0,0.0,2.0,1.0,1.0,1.0,0.0,0.0,3.0,0.0,3.0,0.0,0.0,0.0,1.0,3.0,3.0,0.0,108.0,2.0,11.0,46.0,51.0,12.0,108.0,10.0,1.0,10.0,9.0,90.0,60.0,417.0,142.0,2.0,3.0,12.0,3.0,72.0,0.0,7.0,5.0,1.0,0.0,0.0,0.0,18.0,11.0,8.0,57.9,,,,,,,,,,,,,,,,,,,,,,,,,,,,,,,,,,,,,,,,,,51.0,9.8,73.0,0.0,2.0,19.0,0.0,1.2,4.0,2.0,2.0,0.7,1.27,4.4,2.4,2.0,0.71,0.79
462,2023-2024,Premier-League,Fabian Schär,ch SUI,DF,Newcastle Utd,32-089,1991.0,28.0,28.0,2443.0,27.1,3.0,1.0,4.0,3.0,0.0,0.0,4.0,0.0,2.4,2.4,0.6,3.0,18.0,102.0,17.0,0.11,0.04,0.15,0.11,0.15,0.09,0.02,0.11,0.09,0.11,30.0,8.0,26.7,1.11,0.29,0.1,0.38,18.7,2.0,0.08,0.6,0.6,1504.0,1799.0,83.6,30602.0,12373.0,509.0,558.0,91.2,763.0,830.0,91.9,216.0,361.0,59.8,1.3,0.4,7.0,117.0,15.0,2.0,1737.0,55.0,49.0,5.0,30.0,6.0,5.0,0.0,0.0,0.0,0.0,7.0,11.0,40.0,1.47,28.0,1.0,2.0,3.0,5.0,1.0,11.0,0.41,7.0,0.0,0.0,0.0,3.0,1.0,30.0,21.0,21.0,8.0,1.0,13.0,30.0,43.3,17.0,40.0,31.0,9.0,25.0,55.0,102.0,0.0,2071.0,300.0,1077.0,891.0,121.0,35.0,2071.0,18.0,10.0,55.6,7.0,38.9,1271.0,6663.0,4190.0,39.0,1.0,13.0,10.0,1452.0,0.0,27.0,20.0,0.0,2.0,0.0,0.0,142.0,53.0,52.0,50.5,,,,,,,,,,,,,,,,,,,,,,,,,,,,,,,,,,,,,,,,,,87.0,96.9,87.0,27.0,0.0,0.0,0.0,1.43,56.0,48.0,8.0,0.29,-3.21,47.7,48.9,-1.2,-0.05,-3.77
463,2023-2024,Premier-League,Jeffrey Schlupp,gh GHA,"FW,MF",Crystal Palace,31-086,1992.0,20.0,17.0,1223.0,13.6,1.0,1.0,2.0,1.0,0.0,0.0,0.0,0.0,1.7,1.7,1.7,3.5,18.0,28.0,37.0,0.07,0.07,0.15,0.07,0.15,0.13,0.13,0.25,0.13,0.25,17.0,9.0,52.9,1.25,0.66,0.06,0.11,18.6,0.0,0.1,-0.7,-0.7,216.0,291.0,74.2,3011.0,790.0,131.0,163.0,80.4,73.0,86.0,84.9,6.0,22.0,27.3,1.2,-0.7,15.0,15.0,6.0,0.0,287.0,4.0,2.0,0.0,0.0,7.0,0.0,0.0,0.0,0.0,0.0,0.0,10.0,23.0,1.69,17.0,0.0,2.0,1.0,2.0,1.0,1.0,0.07,1.0,0.0,0.0,0.0,0.0,0.0,35.0,21.0,14.0,15.0,6.0,9.0,17.0,52.9,8.0,12.0,2.0,10.0,7.0,42.0,23.0,0.0,470.0,21.0,102.0,216.0,159.0,24.0,470.0,34.0,14.0,41.2,16.0,47.1,257.0,1138.0,556.0,10.0,5.0,36.0,21.0,298.0,0.0,22.0,15.0,0.0,0.0,0.0,0.0,48.0,19.0,17.0,52.8,,,,,,,,,,,,,,,,,,,,,,,,,,,,,,,,,,,,,,,,,,61.0,48.5,70.0,2.0,3.0,12.0,2.0,1.1,9.0,21.0,-12.0,-0.88,-0.67,13.2,19.7,-6.4,-0.47,-0.45
464,2023-2024,Premier-League,Alex Scott,eng ENG,MF,Bournemouth,20-210,2003.0,15.0,7.0,692.0,7.7,1.0,1.0,2.0,1.0,0.0,0.0,2.0,0.0,0.5,0.5,0.8,1.3,15.0,33.0,18.0,0.13,0.13,0.26,0.13,0.26,0.06,0.11,0.17,0.06,0.17,9.0,2.0,22.2,1.17,0.26,0.11,0.5,24.5,2.0,0.05,0.5,0.5,238.0,320.0,74.4,3814.0,1113.0,122.0,151.0,80.8,88.0,103.0,85.4,18.0,45.0,40.0,0.7,0.2,12.0,15.0,8.0,1.0,282.0,36.0,6.0,2.0,3.0,32.0,3.0,25.0,21.0,1.0,0.0,2.0,7.0,29.0,3.78,19.0,5.0,1.0,2.0,1.0,1.0,3.0,0.39,2.0,0.0,1.0,0.0,0.0,0.0,16.0,10.0,5.0,8.0,3.0,8.0,16.0,50.0,8.0,11.0,4.0,7.0,11.0,27.0,12.0,1.0,419.0,26.0,85.0,197.0,146.0,14.0,419.0,27.0,8.0,29.6,15.0,55.6,216.0,1419.0,760.0,15.0,5.0,13.0,6.0,239.0,0.0,12.0,17.0,1.0,0.0,0.0,0.0,43.0,11.0,16.0,40.7,,,,,,,,,,,,,,,,,,,,,,,,,,,,,,,,,,,,,,,,,,46.0,27.5,65.0,2.0,8.0,30.0,0.0,1.27,13.0,19.0,-6.0,-0.78,-0.53,11.4,10.6,0.8,0.1,0.26
465,2023-2024,Premier-League,Matz Sels,be BEL,GK,Nott'ham Forest,32-021,1992.0,7.0,7.0,630.0,7.0,0.0,0.0,0.0,0.0,0.0,0.0,1.0,0.0,0.0,0.0,0.0,0.0,0.0,0.0,0.0,0.0,0.0,0.0,0.0,0.0,0.0,0.0,0.0,0.0,0.0,0.0,0.0,0.0,0.0,0.0,0.0,0.0,0.0,0.0,0.0,0.0,0.0,107.0,166.0,64.5,3150.0,2384.0,29.0,29.0,100.0,39.0,39.0,100.0,39.0,98.0,39.8,0.0,0.0,0.0,5.0,1.0,0.0,112.0,54.0,17.0,0.0,0.0,0.0,0.0,0.0,0.0,0.0,0.0,0.0,0.0,0.0,0.0,0.0,0.0,0.0,0.0,0.0,0.0,0.0,0.0,0.0,0.0,0.0,0.0,0.0,0.0,0.0,0.0,0.0,0.0,0.0,0.0,0.0,0.0,0.0,0.0,0.0,0.0,0.0,0.0,4.0,0.0,173.0,133.0,171.0,2.0,0.0,0.0,173.0,0.0,0.0,0.0,0.0,0.0,94.0,486.0,280.0,0.0,0.0,0.0,0.0,76.0,0.0,0.0,2.0,0.0,0.0,0.0,0.0,2.0,1.0,0.0,100.0,7.0,7.0,630.0,11.0,1.57,23.0,13.0,52.2,1.0,2.0,4.0,1.0,14.3,0.0,0.0,0.0,0.0,0.0,0.0,5.0,1.0,5.7,0.25,-4.3,-0.62,33.0,90.0,36.7,129.0,20.0,51.9,38.7,37.0,62.2,44.9,103.0,3.0,2.9,2.0,0.29,10.2,90.0,24.1,90.0,7.0,0.0,0.0,0.0,0.71,8.0,11.0,-3.0,-0.43,0.16,10.8,8.8,1.9,0.28,0.62
466,2023-2024,Premier-League,Nélson Semedo,pt POR,"DF,MF",Wolves,30-123,1993.0,27.0,27.0,2347.0,26.1,0.0,1.0,1.0,0.0,0.0,0.0,7.0,0.0,0.9,0.9,1.1,2.0,79.0,110.0,113.0,0.0,0.04,0.04,0.0,0.04,0.03,0.04,0.08,0.03,0.08,13.0,3.0,23.1,0.5,0.12,0.0,0.0,20.3,0.0,0.07,-0.9,-0.9,1069.0,1367.0,78.2,15554.0,5299.0,637.0,712.0,89.5,354.0,453.0,78.1,49.0,118.0,41.5,1.1,-0.1,16.0,82.0,22.0,8.0,1143.0,219.0,19.0,2.0,7.0,64.0,200.0,0.0,0.0,0.0,0.0,5.0,31.0,39.0,1.5,29.0,0.0,3.0,1.0,4.0,2.0,1.0,0.04,0.0,0.0,0.0,0.0,0.0,1.0,62.0,40.0,39.0,15.0,8.0,29.0,49.0,59.2,20.0,32.0,8.0,24.0,27.0,89.0,67.0,0.0,1655.0,104.0,539.0,729.0,414.0,26.0,1655.0,67.0,37.0,55.2,23.0,34.3,917.0,5728.0,3238.0,48.0,10.0,42.0,25.0,978.0,0.0,33.0,22.0,0.0,0.0,1.0,0.0,153.0,19.0,20.0,48.7,,,,,,,,,,,,,,,,,,,,,,,,,,,,,,,,,,,,,,,,,,87.0,93.1,87.0,21.0,0.0,0.0,0.0,1.41,37.0,43.0,-6.0,-0.23,-2.31,33.5,46.5,-12.9,-0.5,-1.85
467,2023-2024,Premier-League,Antoine Semenyo,gh GHA,FW,Bournemouth,24-071,2000.0,24.0,18.0,1424.0,15.8,7.0,1.0,8.0,7.0,0.0,0.0,4.0,0.0,3.5,3.5,2.3,5.8,56.0,43.0,128.0,0.44,0.06,0.51,0.44,0.51,0.22,0.15,0.37,0.22,0.37,53.0,23.0,43.4,3.35,1.45,0.13,0.3,17.9,0.0,0.07,3.5,3.5,311.0,437.0,71.2,4632.0,1031.0,177.0,219.0,80.8,109.0,146.0,74.7,14.0,29.0,48.3,1.4,-1.3,20.0,18.0,20.0,5.0,428.0,8.0,0.0,2.0,2.0,26.0,8.0,0.0,0.0,0.0,0.0,1.0,16.0,45.0,2.84,32.0,0.0,7.0,4.0,1.0,1.0,6.0,0.38,3.0,0.0,0.0,1.0,1.0,1.0,17.0,11.0,6.0,6.0,5.0,7.0,20.0,35.0,13.0,26.0,1.0,25.0,5.0,22.0,12.0,0.0,679.0,17.0,86.0,246.0,357.0,82.0,679.0,64.0,26.0,40.6,31.0,48.4,408.0,3443.0,1643.0,35.0,26.0,32.0,33.0,458.0,0.0,28.0,19.0,3.0,1.0,0.0,0.0,75.0,31.0,56.0,35.6,,,,,,,,,,,,,,,,,,,,,,,,,,,,,,,,,,,,,,,,,,59.0,56.5,72.0,4.0,6.0,22.0,3.0,1.42,31.0,24.0,7.0,0.44,1.92,28.4,23.3,5.1,0.32,0.93
468,2023-2024,Premier-League,Marcos Senesi,ar ARG,DF,Bournemouth,26-313,1997.0,23.0,19.0,1658.0,18.4,3.0,2.0,5.0,3.0,0.0,0.0,8.0,0.0,1.0,1.0,0.8,1.8,21.0,88.0,3.0,0.16,0.11,0.27,0.16,0.27,0.05,0.05,0.1,0.05,0.1,7.0,3.0,42.9,0.38,0.16,0.43,1.0,14.0,0.0,0.14,2.0,2.0,790.0,1007.0,78.5,16976.0,7069.0,237.0,262.0,90.5,412.0,460.0,89.6,136.0,247.0,55.1,2.1,1.2,13.0,113.0,21.0,7.0,967.0,34.0,28.0,4.0,3.0,15.0,6.0,0.0,0.0,0.0,0.0,6.0,15.0,35.0,1.9,34.0,0.0,0.0,0.0,0.0,1.0,5.0,0.27,5.0,0.0,0.0,0.0,0.0,0.0,39.0,19.0,21.0,16.0,2.0,15.0,40.0,37.5,25.0,36.0,17.0,19.0,23.0,62.0,84.0,1.0,1235.0,137.0,587.0,586.0,75.0,13.0,1235.0,13.0,8.0,61.5,5.0,38.5,697.0,3544.0,2285.0,17.0,2.0,12.0,9.0,738.0,0.0,32.0,7.0,0.0,0.0,0.0,0.0,126.0,30.0,30.0,50.0,,,,,,,,,,,,,,,,,,,,,,,,,,,,,,,,,,,,,,,,,,72.0,65.8,83.0,15.0,4.0,19.0,1.0,1.22,28.0,33.0,-5.0,-0.27,0.36,28.6,30.2,-1.6,-0.09,-0.01
469,2023-2024,Premier-League,Luke Shaw,eng ENG,DF,Manchester Utd,28-250,1995.0,12.0,12.0,959.0,10.7,0.0,0.0,0.0,0.0,0.0,0.0,6.0,0.0,0.0,0.0,1.0,1.0,10.0,45.0,30.0,0.0,0.0,0.0,0.0,0.0,0.0,0.09,0.1,0.0,0.1,2.0,0.0,0.0,0.19,0.0,0.0,0.0,21.2,0.0,0.02,0.0,0.0,531.0,648.0,81.9,8242.0,3114.0,273.0,306.0,89.2,201.0,237.0,84.8,31.0,65.0,47.7,0.9,-1.0,13.0,33.0,7.0,0.0,540.0,106.0,17.0,2.0,3.0,33.0,62.0,19.0,3.0,12.0,0.0,2.0,10.0,23.0,2.16,13.0,9.0,1.0,0.0,0.0,0.0,0.0,0.0,0.0,0.0,0.0,0.0,0.0,0.0,11.0,8.0,7.0,3.0,1.0,9.0,15.0,60.0,6.0,18.0,11.0,7.0,6.0,17.0,39.0,0.0,754.0,81.0,283.0,326.0,148.0,12.0,754.0,11.0,7.0,63.6,4.0,36.4,398.0,1854.0,832.0,11.0,1.0,14.0,6.0,435.0,0.0,14.0,3.0,0.0,0.0,0.0,0.0,59.0,13.0,10.0,56.5,,,,,,,,,,,,,,,,,,,,,,,,,,,,,,,,,,,,,,,,,,80.0,38.1,80.0,7.0,0.0,0.0,0.0,1.83,16.0,13.0,3.0,0.28,0.45,19.8,19.3,0.4,0.04,0.3
470,2023-2024,Premier-League,Bernardo Silva,pt POR,"MF,FW",Manchester City,29-221,1994.0,24.0,21.0,1897.0,21.1,6.0,4.0,10.0,6.0,0.0,0.0,7.0,0.0,2.9,2.9,5.6,8.5,110.0,136.0,190.0,0.28,0.19,0.47,0.28,0.47,0.14,0.26,0.4,0.14,0.4,28.0,12.0,42.9,1.33,0.57,0.21,0.5,16.0,0.0,0.1,3.1,3.1,1230.0,1438.0,85.5,19205.0,4027.0,689.0,735.0,93.7,420.0,490.0,85.7,89.0,133.0,66.9,5.9,-1.6,51.0,78.0,41.0,10.0,1346.0,86.0,30.0,1.0,6.0,72.0,21.0,20.0,9.0,0.0,0.0,6.0,25.0,107.0,5.08,96.0,3.0,4.0,1.0,3.0,0.0,6.0,0.28,5.0,0.0,1.0,0.0,0.0,0.0,38.0,19.0,11.0,21.0,6.0,18.0,40.0,45.0,22.0,21.0,3.0,18.0,11.0,49.0,11.0,1.0,1630.0,27.0,176.0,656.0,805.0,105.0,1630.0,47.0,31.0,66.0,16.0,34.0,1142.0,6365.0,3437.0,55.0,27.0,34.0,23.0,1301.0,0.0,16.0,17.0,1.0,0.0,0.0,0.0,76.0,1.0,8.0,11.1,,,,,,,,,,,,,,,,,,,,,,,,,,,,,,,,,,,,,,,,,,79.0,75.3,88.0,17.0,3.0,19.0,1.0,2.25,48.0,23.0,25.0,1.19,-0.26,44.7,21.5,23.3,1.1,0.27
471,2023-2024,Premier-League,Fábio Silva,pt POR,FW,Wolves,21-243,2002.0,8.0,3.0,264.0,2.9,0.0,0.0,0.0,0.0,0.0,0.0,2.0,0.0,1.0,1.0,0.2,1.2,5.0,10.0,13.0,0.0,0.0,0.0,0.0,0.0,0.35,0.07,0.42,0.35,0.42,7.0,3.0,42.9,2.39,1.02,0.0,0.0,13.8,0.0,0.15,-1.0,-1.0,61.0,76.0,80.3,779.0,174.0,37.0,43.0,86.0,16.0,18.0,88.9,1.0,4.0,25.0,0.1,-0.2,4.0,7.0,0.0,0.0,72.0,4.0,1.0,1.0,0.0,0.0,1.0,0.0,0.0,0.0,0.0,0.0,0.0,9.0,3.08,6.0,0.0,1.0,1.0,1.0,0.0,0.0,0.0,0.0,0.0,0.0,0.0,0.0,0.0,7.0,4.0,3.0,4.0,0.0,2.0,3.0,66.7,1.0,1.0,0.0,1.0,2.0,9.0,0.0,0.0,118.0,4.0,24.0,55.0,44.0,12.0,118.0,8.0,2.0,25.0,5.0,62.5,66.0,437.0,186.0,5.0,1.0,12.0,4.0,69.0,0.0,8.0,4.0,5.0,0.0,1.0,0.0,15.0,2.0,5.0,28.6,,,,,,,,,,,,,,,,,,,,,,,,,,,,,,,,,,,,,,,,,,33.0,10.5,67.0,0.0,5.0,13.0,9.0,0.88,2.0,8.0,-6.0,-2.05,-2.21,3.5,7.5,-4.0,-1.38,-1.13
472,2023-2024,Premier-League,Thiago Silva,br BRA,DF,Chelsea,39-178,1984.0,23.0,22.0,1983.0,22.0,2.0,0.0,2.0,2.0,0.0,0.0,3.0,0.0,0.4,0.4,0.6,1.0,2.0,80.0,2.0,0.09,0.0,0.09,0.09,0.09,0.02,0.03,0.05,0.02,0.05,9.0,3.0,33.3,0.41,0.14,0.22,0.67,9.4,0.0,0.05,1.6,1.6,1630.0,1728.0,94.3,29684.0,11449.0,641.0,667.0,96.1,855.0,884.0,96.7,124.0,158.0,78.5,0.5,-0.6,6.0,99.0,9.0,0.0,1654.0,73.0,52.0,0.0,9.0,2.0,3.0,0.0,0.0,0.0,0.0,1.0,6.0,21.0,0.95,20.0,1.0,0.0,0.0,0.0,0.0,2.0,0.09,2.0,0.0,0.0,0.0,0.0,0.0,25.0,11.0,21.0,3.0,1.0,17.0,29.0,58.6,12.0,26.0,20.0,6.0,21.0,46.0,108.0,3.0,1922.0,296.0,956.0,910.0,64.0,14.0,1922.0,4.0,2.0,50.0,0.0,0.0,1246.0,5258.0,2987.0,11.0,0.0,6.0,1.0,1417.0,0.0,8.0,8.0,0.0,0.0,0.0,0.0,111.0,37.0,16.0,69.8,,,,,,,,,,,,,,,,,,,,,,,,,,,,,,,,,,,,,,,,,,86.0,81.6,89.0,21.0,1.0,33.0,3.0,1.48,38.0,37.0,1.0,0.05,-0.16,42.4,32.9,9.6,0.43,0.38
473,2023-2024,Premier-League,Luis Sinisterra,co COL,"FW,MF",Bournemouth,24-275,1999.0,19.0,6.0,661.0,7.3,2.0,2.0,4.0,2.0,0.0,0.0,0.0,0.0,2.5,2.5,2.3,4.8,49.0,38.0,79.0,0.27,0.27,0.54,0.27,0.54,0.34,0.31,0.66,0.34,0.66,26.0,8.0,30.8,3.54,1.09,0.08,0.25,13.9,0.0,0.1,-0.5,-0.5,216.0,280.0,77.1,3110.0,747.0,137.0,160.0,85.6,55.0,63.0,87.3,13.0,20.0,65.0,1.0,-0.3,18.0,9.0,16.0,1.0,280.0,0.0,0.0,1.0,5.0,11.0,0.0,0.0,0.0,0.0,0.0,0.0,16.0,38.0,5.18,24.0,0.0,8.0,4.0,0.0,2.0,3.0,0.41,0.0,0.0,0.0,3.0,0.0,0.0,23.0,12.0,9.0,10.0,4.0,9.0,16.0,56.3,7.0,18.0,0.0,18.0,8.0,31.0,4.0,0.0,416.0,11.0,60.0,131.0,234.0,81.0,416.0,47.0,28.0,59.6,17.0,36.2,255.0,2013.0,1144.0,19.0,33.0,24.0,9.0,295.0,0.0,11.0,6.0,4.0,0.0,0.0,0.0,46.0,16.0,20.0,44.4,,,,,,,,,,,,,,,,,,,,,,,,,,,,,,,,,,,,,,,,,,35.0,26.2,63.0,0.0,13.0,22.0,4.0,1.37,10.0,17.0,-7.0,-0.95,-0.76,13.2,11.1,2.1,0.29,0.5
474,2023-2024,Premier-League,Oliver Skipp,eng ENG,"MF,FW",Tottenham,23-184,2000.0,17.0,4.0,582.0,6.5,0.0,0.0,0.0,0.0,0.0,0.0,2.0,0.0,0.6,0.6,0.6,1.2,6.0,32.0,22.0,0.0,0.0,0.0,0.0,0.0,0.09,0.09,0.18,0.09,0.18,3.0,1.0,33.3,0.46,0.15,0.0,0.0,12.6,0.0,0.2,-0.6,-0.6,282.0,309.0,91.3,4092.0,1123.0,165.0,173.0,95.4,94.0,100.0,94.0,14.0,19.0,73.7,0.3,-0.6,7.0,35.0,3.0,0.0,304.0,4.0,4.0,1.0,0.0,1.0,0.0,0.0,0.0,0.0,0.0,1.0,2.0,13.0,2.01,12.0,0.0,0.0,1.0,0.0,0.0,1.0,0.15,1.0,0.0,0.0,0.0,0.0,0.0,15.0,10.0,7.0,5.0,3.0,8.0,14.0,57.1,6.0,11.0,1.0,10.0,1.0,16.0,7.0,0.0,363.0,11.0,68.0,211.0,85.0,10.0,363.0,2.0,1.0,50.0,1.0,50.0,185.0,655.0,323.0,2.0,1.0,8.0,5.0,269.0,0.0,7.0,9.0,0.0,0.0,0.0,0.0,34.0,2.0,10.0,16.7,,,,,,,,,,,,,,,,,,,,,,,,,,,,,,,,,,,,,,,,,,34.0,23.1,73.0,1.0,13.0,22.0,9.0,2.0,12.0,15.0,-3.0,-0.46,-1.39,10.7,14.6,-4.0,-0.61,-0.93
475,2023-2024,Premier-League,Adam Smith,eng ENG,DF,Bournemouth,32-324,1991.0,19.0,16.0,1420.0,15.8,0.0,2.0,2.0,0.0,0.0,0.0,4.0,0.0,0.0,0.0,0.8,0.8,16.0,64.0,20.0,0.0,0.13,0.13,0.0,0.13,0.0,0.05,0.05,0.0,0.05,1.0,0.0,0.0,0.06,0.0,0.0,0.0,28.8,0.0,0.02,0.0,0.0,545.0,710.0,76.8,8837.0,3543.0,274.0,304.0,90.1,229.0,277.0,82.7,36.0,99.0,36.4,1.2,1.2,10.0,40.0,17.0,12.0,556.0,152.0,10.0,2.0,1.0,26.0,142.0,0.0,0.0,0.0,0.0,2.0,19.0,21.0,1.33,16.0,4.0,0.0,0.0,1.0,0.0,3.0,0.19,3.0,0.0,0.0,0.0,0.0,0.0,22.0,12.0,13.0,3.0,6.0,13.0,25.0,52.0,12.0,17.0,8.0,9.0,14.0,36.0,38.0,0.0,840.0,60.0,271.0,386.0,189.0,8.0,840.0,10.0,4.0,40.0,4.0,40.0,367.0,1787.0,707.0,16.0,2.0,8.0,4.0,415.0,0.0,17.0,18.0,1.0,0.0,1.0,0.0,61.0,10.0,18.0,35.7,,,,,,,,,,,,,,,,,,,,,,,,,,,,,,,,,,,,,,,,,,75.0,56.3,86.0,11.0,3.0,12.0,5.0,1.68,28.0,25.0,3.0,0.19,1.34,27.3,21.9,5.5,0.35,0.98
476,2023-2024,Premier-League,Emile Smith Rowe,eng ENG,MF,Arsenal,23-234,2000.0,10.0,2.0,235.0,2.6,0.0,1.0,1.0,0.0,0.0,0.0,0.0,0.0,1.5,1.5,0.2,1.7,8.0,16.0,11.0,0.0,0.38,0.38,0.0,0.38,0.57,0.07,0.64,0.57,0.64,10.0,4.0,40.0,3.83,1.53,0.0,0.0,15.9,0.0,0.15,-1.5,-1.5,126.0,143.0,88.1,1715.0,345.0,84.0,94.0,89.4,38.0,40.0,95.0,1.0,3.0,33.3,0.4,0.8,2.0,9.0,9.0,0.0,139.0,4.0,3.0,0.0,0.0,1.0,0.0,1.0,0.0,0.0,0.0,0.0,1.0,8.0,3.06,6.0,1.0,0.0,0.0,1.0,0.0,2.0,0.77,1.0,1.0,0.0,0.0,0.0,0.0,3.0,0.0,2.0,1.0,0.0,2.0,4.0,50.0,2.0,3.0,1.0,2.0,1.0,4.0,0.0,0.0,172.0,0.0,13.0,71.0,89.0,11.0,172.0,7.0,3.0,42.9,3.0,42.9,101.0,562.0,330.0,5.0,1.0,4.0,3.0,129.0,0.0,4.0,1.0,0.0,0.0,0.0,0.0,12.0,3.0,4.0,42.9,,,,,,,,,,,,,,,,,,,,,,,,,,,,,,,,,,,,,,,,,,24.0,9.3,72.0,0.0,8.0,12.0,11.0,2.3,9.0,1.0,8.0,3.06,1.57,5.5,1.4,4.1,1.58,0.28
477,2023-2024,Premier-League,Cédric Soares,pt POR,DF,Arsenal,32-200,1991.0,3.0,0.0,62.0,0.7,0.0,0.0,0.0,0.0,0.0,0.0,0.0,0.0,0.0,0.0,0.0,0.0,0.0,3.0,6.0,0.0,0.0,0.0,0.0,0.0,0.0,0.0,0.0,0.0,0.0,0.0,0.0,0.0,0.0,0.0,0.0,0.0,0.0,0.0,0.0,0.0,0.0,60.0,69.0,87.0,905.0,157.0,39.0,41.0,95.1,15.0,17.0,88.2,5.0,8.0,62.5,0.0,0.0,0.0,4.0,0.0,0.0,61.0,8.0,2.0,0.0,0.0,4.0,6.0,0.0,0.0,0.0,0.0,0.0,1.0,0.0,0.0,0.0,0.0,0.0,0.0,0.0,0.0,0.0,0.0,0.0,0.0,0.0,0.0,0.0,0.0,0.0,0.0,0.0,0.0,0.0,0.0,0.0,0.0,0.0,0.0,0.0,0.0,0.0,0.0,0.0,0.0,69.0,0.0,10.0,47.0,12.0,0.0,69.0,0.0,0.0,0.0,0.0,0.0,37.0,139.0,69.0,0.0,0.0,0.0,0.0,56.0,0.0,0.0,1.0,0.0,0.0,0.0,0.0,3.0,0.0,1.0,0.0,,,,,,,,,,,,,,,,,,,,,,,,,,,,,,,,,,,,,,,,,,21.0,2.5,0.0,0.0,3.0,21.0,15.0,3.0,1.0,0.0,1.0,1.45,-0.2,0.9,0.5,0.4,0.62,-0.72
478,2023-2024,Premier-League,Dominic Solanke,eng ENG,FW,Bournemouth,26-186,1997.0,28.0,28.0,2494.0,27.7,15.0,3.0,18.0,14.0,1.0,2.0,2.0,0.0,16.1,14.5,2.5,17.0,33.0,46.0,139.0,0.54,0.11,0.65,0.51,0.61,0.58,0.09,0.67,0.52,0.61,84.0,29.0,34.5,3.03,1.05,0.17,0.48,12.0,0.0,0.17,-1.1,-0.5,302.0,405.0,74.6,3712.0,919.0,203.0,242.0,83.9,65.0,88.0,73.9,8.0,14.0,57.1,1.6,0.5,31.0,20.0,17.0,3.0,356.0,48.0,0.0,0.0,1.0,5.0,4.0,0.0,0.0,0.0,0.0,1.0,20.0,59.0,2.13,47.0,0.0,4.0,3.0,2.0,3.0,6.0,0.22,4.0,0.0,2.0,0.0,0.0,0.0,17.0,9.0,1.0,9.0,7.0,7.0,17.0,41.2,10.0,20.0,4.0,16.0,3.0,20.0,34.0,0.0,819.0,42.0,75.0,327.0,431.0,163.0,817.0,83.0,30.0,36.1,48.0,57.8,467.0,2928.0,979.0,16.0,16.0,109.0,69.0,560.0,0.0,31.0,29.0,14.0,1.0,0.0,0.0,70.0,75.0,103.0,42.1,,,,,,,,,,,,,,,,,,,,,,,,,,,,,,,,,,,,,,,,,,89.0,99.0,89.0,22.0,0.0,0.0,0.0,1.25,40.0,49.0,-9.0,-0.32,6.6,40.6,43.2,-2.6,-0.09,-1.06
479,2023-2024,Premier-League,Manor Solomon,il ISR,FW,Tottenham,24-238,1999.0,5.0,2.0,199.0,2.2,0.0,2.0,2.0,0.0,0.0,0.0,1.0,0.0,0.4,0.4,0.8,1.2,17.0,11.0,44.0,0.0,0.9,0.9,0.0,0.9,0.19,0.38,0.56,0.19,0.56,7.0,1.0,14.3,3.17,0.45,0.0,0.0,16.8,0.0,0.06,-0.4,-0.4,78.0,90.0,86.7,1105.0,196.0,45.0,48.0,93.8,28.0,35.0,80.0,3.0,4.0,75.0,0.8,1.2,12.0,3.0,7.0,1.0,90.0,0.0,0.0,1.0,0.0,5.0,0.0,0.0,0.0,0.0,0.0,0.0,1.0,19.0,8.59,16.0,0.0,1.0,1.0,1.0,0.0,2.0,0.9,2.0,0.0,0.0,0.0,0.0,0.0,3.0,3.0,1.0,1.0,1.0,1.0,2.0,50.0,1.0,4.0,0.0,4.0,3.0,6.0,2.0,0.0,125.0,1.0,14.0,29.0,83.0,20.0,125.0,17.0,10.0,58.8,7.0,41.2,92.0,695.0,404.0,8.0,9.0,5.0,2.0,92.0,0.0,2.0,1.0,1.0,0.0,0.0,0.0,11.0,0.0,1.0,0.0,,,,,,,,,,,,,,,,,,,,,,,,,,,,,,,,,,,,,,,,,,40.0,7.9,73.0,0.0,3.0,18.0,2.0,2.6,6.0,2.0,4.0,1.81,1.3,4.7,1.8,2.9,1.31,1.32
480,2023-2024,Premier-League,Tomáš Souček,cz CZE,MF,West Ham,29-020,1995.0,27.0,25.0,2145.0,23.8,6.0,1.0,7.0,6.0,0.0,0.0,5.0,0.0,5.6,5.6,0.7,6.3,6.0,64.0,33.0,0.25,0.04,0.29,0.25,0.29,0.24,0.03,0.26,0.24,0.26,35.0,12.0,34.3,1.47,0.5,0.17,0.5,10.5,0.0,0.16,0.4,0.4,521.0,706.0,73.8,7816.0,2325.0,283.0,346.0,81.8,179.0,236.0,75.8,32.0,56.0,57.1,0.7,0.3,8.0,58.0,4.0,1.0,698.0,4.0,1.0,2.0,5.0,5.0,3.0,0.0,0.0,0.0,0.0,4.0,22.0,29.0,1.22,22.0,1.0,0.0,4.0,0.0,2.0,2.0,0.08,2.0,0.0,0.0,0.0,0.0,0.0,35.0,25.0,13.0,20.0,2.0,14.0,33.0,42.4,19.0,39.0,21.0,18.0,32.0,67.0,74.0,0.0,981.0,127.0,313.0,489.0,182.0,57.0,981.0,7.0,2.0,28.6,5.0,71.4,402.0,1398.0,447.0,11.0,2.0,13.0,9.0,513.0,0.0,30.0,17.0,8.0,0.0,1.0,0.0,108.0,86.0,62.0,58.1,,,,,,,,,,,,,,,,,,,,,,,,,,,,,,,,,,,,,,,,,,79.0,85.1,85.0,19.0,2.0,13.0,0.0,1.48,40.0,41.0,-1.0,-0.04,0.68,34.4,43.9,-9.5,-0.4,0.04
481,2023-2024,Premier-League,Vinicius Souza,br BRA,MF,Sheffield Utd,24-275,1999.0,27.0,25.0,2167.0,24.1,1.0,0.0,1.0,1.0,0.0,0.0,2.0,0.0,0.4,0.4,0.2,0.6,6.0,53.0,17.0,0.04,0.0,0.04,0.04,0.04,0.02,0.01,0.03,0.02,0.03,10.0,4.0,40.0,0.42,0.17,0.1,0.25,22.4,0.0,0.04,0.6,0.6,649.0,817.0,79.4,10484.0,2696.0,320.0,372.0,86.0,268.0,319.0,84.0,40.0,66.0,60.6,0.4,-0.2,3.0,54.0,4.0,1.0,802.0,12.0,9.0,0.0,7.0,9.0,2.0,0.0,0.0,0.0,0.0,3.0,25.0,20.0,0.83,17.0,0.0,0.0,1.0,0.0,2.0,3.0,0.12,2.0,0.0,0.0,1.0,0.0,0.0,105.0,63.0,51.0,41.0,13.0,33.0,58.0,56.9,25.0,43.0,13.0,30.0,28.0,133.0,59.0,1.0,1131.0,100.0,369.0,608.0,166.0,27.0,1131.0,24.0,15.0,62.5,7.0,29.2,481.0,2231.0,827.0,6.0,4.0,29.0,21.0,580.0,0.0,35.0,12.0,1.0,0.0,1.0,0.0,130.0,56.0,33.0,62.9,,,,,,,,,,,,,,,,,,,,,,,,,,,,,,,,,,,,,,,,,,80.0,86.0,84.0,18.0,2.0,28.0,1.0,0.52,20.0,65.0,-45.0,-1.87,-0.59,20.7,48.6,-28.0,-1.16,-0.16
482,2023-2024,Premier-League,Jason Steele,eng ENG,GK,Brighton,33-213,1990.0,15.0,15.0,1350.0,15.0,0.0,0.0,0.0,0.0,0.0,0.0,0.0,0.0,0.0,0.0,0.0,0.0,0.0,0.0,0.0,0.0,0.0,0.0,0.0,0.0,0.0,0.0,0.0,0.0,0.0,0.0,0.0,0.0,0.0,0.0,0.0,0.0,0.0,0.0,0.0,0.0,0.0,506.0,605.0,83.6,10946.0,7450.0,163.0,164.0,99.4,234.0,239.0,97.9,102.0,193.0,52.8,0.0,0.0,0.0,3.0,0.0,0.0,543.0,60.0,10.0,0.0,0.0,0.0,0.0,0.0,0.0,0.0,0.0,2.0,0.0,0.0,0.0,0.0,0.0,0.0,0.0,0.0,0.0,0.0,0.0,0.0,0.0,0.0,0.0,0.0,0.0,0.0,0.0,0.0,0.0,0.0,0.0,3.0,0.0,3.0,0.0,0.0,0.0,0.0,0.0,7.0,1.0,639.0,567.0,635.0,4.0,0.0,0.0,639.0,0.0,0.0,0.0,0.0,0.0,442.0,1779.0,900.0,0.0,0.0,0.0,0.0,429.0,0.0,0.0,1.0,0.0,0.0,0.0,0.0,23.0,1.0,0.0,100.0,15.0,15.0,1350.0,28.0,1.87,64.0,38.0,60.9,5.0,4.0,6.0,2.0,13.3,3.0,3.0,0.0,0.0,0.0,0.0,5.0,2.0,22.8,0.32,-3.2,-0.22,43.0,125.0,34.4,553.0,59.0,21.2,27.2,50.0,16.0,19.3,161.0,7.0,4.3,34.0,2.27,19.8,90.0,53.6,90.0,15.0,0.0,0.0,13.0,1.27,24.0,28.0,-4.0,-0.27,-1.04,26.1,22.3,3.8,0.25,0.02
483,2023-2024,Premier-League,Raheem Sterling,eng ENG,"FW,MF",Chelsea,29-101,1994.0,25.0,21.0,1813.0,20.1,6.0,3.0,9.0,6.0,0.0,0.0,6.0,0.0,5.5,5.5,3.8,9.3,109.0,69.0,226.0,0.3,0.15,0.45,0.3,0.45,0.28,0.19,0.46,0.28,0.46,43.0,16.0,37.2,2.13,0.79,0.14,0.38,13.7,3.0,0.13,0.5,0.5,471.0,647.0,72.8,6095.0,1518.0,320.0,378.0,84.7,115.0,168.0,68.5,15.0,28.0,53.6,3.7,-0.8,25.0,25.0,34.0,7.0,635.0,7.0,0.0,10.0,0.0,54.0,6.0,0.0,0.0,0.0,0.0,5.0,33.0,72.0,3.57,46.0,0.0,12.0,4.0,6.0,4.0,11.0,0.55,6.0,0.0,2.0,0.0,3.0,0.0,20.0,10.0,7.0,7.0,6.0,11.0,25.0,44.0,14.0,10.0,0.0,10.0,12.0,32.0,8.0,0.0,906.0,6.0,61.0,283.0,579.0,152.0,906.0,120.0,40.0,33.3,65.0,54.2,659.0,4542.0,2727.0,48.0,58.0,49.0,38.0,726.0,0.0,30.0,37.0,10.0,3.0,0.0,0.0,85.0,2.0,13.0,13.3,,,,,,,,,,,,,,,,,,,,,,,,,,,,,,,,,,,,,,,,,,73.0,74.6,83.0,9.0,4.0,19.0,1.0,1.32,34.0,33.0,1.0,0.05,-0.1,37.1,29.2,7.8,0.39,0.1
484,2023-2024,Premier-League,John Stones,eng ENG,"DF,MF",Manchester City,29-295,1994.0,14.0,11.0,952.0,10.6,1.0,0.0,1.0,1.0,0.0,0.0,2.0,0.0,1.0,1.0,0.2,1.2,15.0,50.0,20.0,0.09,0.0,0.09,0.09,0.09,0.1,0.02,0.12,0.1,0.12,4.0,2.0,50.0,0.38,0.19,0.25,0.5,15.9,0.0,0.26,0.0,0.0,647.0,699.0,92.6,10243.0,2401.0,331.0,353.0,93.8,264.0,276.0,95.7,36.0,46.0,78.3,0.4,-0.2,5.0,44.0,1.0,0.0,685.0,14.0,8.0,0.0,6.0,5.0,3.0,0.0,0.0,0.0,0.0,0.0,6.0,21.0,1.99,19.0,0.0,0.0,0.0,2.0,0.0,0.0,0.0,0.0,0.0,0.0,0.0,0.0,0.0,2.0,1.0,1.0,0.0,1.0,0.0,3.0,0.0,3.0,11.0,7.0,4.0,9.0,11.0,20.0,0.0,764.0,49.0,208.0,395.0,166.0,10.0,764.0,5.0,1.0,20.0,3.0,60.0,484.0,2635.0,1291.0,20.0,1.0,5.0,6.0,610.0,0.0,4.0,5.0,0.0,0.0,0.0,0.0,42.0,13.0,4.0,76.5,,,,,,,,,,,,,,,,,,,,,,,,,,,,,,,,,,,,,,,,,,68.0,37.8,82.0,8.0,3.0,15.0,4.0,2.29,20.0,7.0,13.0,1.23,-0.03,19.7,11.3,8.5,0.8,-0.38
485,2023-2024,Premier-League,Thomas Strakosha,al ALB,GK,Brentford,28-365,1995.0,2.0,1.0,135.0,1.5,0.0,0.0,0.0,0.0,0.0,0.0,0.0,0.0,0.0,0.0,0.0,0.0,0.0,0.0,0.0,0.0,0.0,0.0,0.0,0.0,0.0,0.0,0.0,0.0,0.0,0.0,0.0,0.0,0.0,0.0,0.0,0.0,0.0,0.0,0.0,0.0,0.0,52.0,71.0,73.2,1509.0,977.0,6.0,6.0,100.0,27.0,28.0,96.4,19.0,37.0,51.4,0.0,0.0,0.0,1.0,0.0,0.0,45.0,26.0,11.0,0.0,0.0,0.0,0.0,0.0,0.0,0.0,0.0,0.0,0.0,0.0,0.0,0.0,0.0,0.0,0.0,0.0,0.0,0.0,0.0,0.0,0.0,0.0,0.0,0.0,0.0,0.0,0.0,0.0,0.0,0.0,0.0,0.0,0.0,0.0,0.0,0.0,0.0,0.0,0.0,0.0,0.0,75.0,62.0,74.0,1.0,0.0,0.0,75.0,0.0,0.0,0.0,0.0,0.0,35.0,156.0,88.0,0.0,0.0,0.0,0.0,32.0,0.0,0.0,1.0,0.0,0.0,0.0,0.0,1.0,0.0,0.0,0.0,2.0,1.0,135.0,2.0,1.33,8.0,6.0,75.0,0.0,0.0,1.0,0.0,0.0,0.0,0.0,0.0,0.0,0.0,0.0,0.0,0.0,1.5,0.2,-0.5,-0.3,12.0,30.0,40.0,56.0,5.0,41.1,35.8,15.0,46.7,39.9,37.0,2.0,5.4,1.0,0.67,10.0,68.0,5.2,90.0,1.0,1.0,45.0,26.0,1.5,3.0,2.0,1.0,0.67,1.18,1.4,1.6,-0.2,-0.16,-0.17
486,2023-2024,Premier-League,Dominik Szoboszlai,hu HUN,MF,Liverpool,23-145,2000.0,23.0,21.0,1732.0,19.2,3.0,2.0,5.0,3.0,0.0,0.0,1.0,0.0,2.4,2.4,4.3,6.7,60.0,124.0,122.0,0.16,0.1,0.26,0.16,0.26,0.12,0.22,0.35,0.12,0.35,45.0,11.0,24.4,2.34,0.57,0.07,0.27,25.4,7.0,0.05,0.6,0.6,1019.0,1231.0,82.8,16224.0,4036.0,549.0,611.0,89.9,354.0,412.0,85.9,78.0,133.0,58.6,3.9,-2.3,38.0,77.0,25.0,6.0,1105.0,120.0,27.0,2.0,14.0,82.0,23.0,44.0,20.0,16.0,1.0,6.0,21.0,79.0,4.11,57.0,14.0,3.0,2.0,3.0,0.0,6.0,0.31,4.0,0.0,0.0,1.0,1.0,0.0,29.0,18.0,10.0,11.0,8.0,15.0,44.0,34.1,29.0,32.0,2.0,30.0,11.0,40.0,16.0,1.0,1440.0,34.0,202.0,723.0,535.0,41.0,1440.0,46.0,21.0,45.7,21.0,45.7,845.0,4453.0,2407.0,56.0,14.0,21.0,21.0,1003.0,0.0,23.0,25.0,3.0,2.0,0.0,0.0,138.0,8.0,14.0,36.4,,,,,,,,,,,,,,,,,,,,,,,,,,,,,,,,,,,,,,,,,,75.0,68.7,81.0,12.0,2.0,20.0,0.0,2.26,38.0,16.0,22.0,1.14,-0.8,39.6,21.8,17.8,0.92,-0.25
487,2023-2024,Premier-League,Matt Targett,eng ENG,DF,Newcastle Utd,28-182,1995.0,3.0,1.0,78.0,0.9,0.0,0.0,0.0,0.0,0.0,0.0,1.0,0.0,0.0,0.0,0.0,0.0,1.0,2.0,0.0,0.0,0.0,0.0,0.0,0.0,0.0,0.03,0.03,0.0,0.03,0.0,0.0,0.0,0.0,0.0,0.0,0.0,0.0,0.0,0.0,0.0,0.0,36.0,41.0,87.8,657.0,188.0,13.0,13.0,100.0,17.0,18.0,94.4,6.0,9.0,66.7,0.0,0.0,1.0,2.0,0.0,0.0,38.0,3.0,0.0,0.0,0.0,0.0,3.0,0.0,0.0,0.0,0.0,0.0,1.0,4.0,4.62,4.0,0.0,0.0,0.0,0.0,0.0,0.0,0.0,0.0,0.0,0.0,0.0,0.0,0.0,2.0,0.0,1.0,1.0,0.0,1.0,1.0,100.0,0.0,1.0,0.0,1.0,0.0,2.0,2.0,0.0,51.0,1.0,22.0,25.0,5.0,0.0,51.0,2.0,0.0,0.0,1.0,50.0,34.0,153.0,91.0,1.0,0.0,0.0,0.0,33.0,0.0,0.0,2.0,0.0,0.0,0.0,0.0,5.0,0.0,3.0,0.0,,,,,,,,,,,,,,,,,,,,,,,,,,,,,,,,,,,,,,,,,,26.0,3.1,73.0,0.0,2.0,3.0,8.0,0.33,0.0,4.0,-4.0,-4.62,-5.17,1.1,1.6,-0.5,-0.55,-0.64
488,2023-2024,Premier-League,James Tarkowski,eng ENG,DF,Everton,31-120,1992.0,28.0,28.0,2519.0,28.0,1.0,1.0,2.0,1.0,0.0,0.0,5.0,0.0,2.2,2.2,1.8,4.0,14.0,106.0,17.0,0.04,0.04,0.07,0.04,0.07,0.08,0.06,0.14,0.08,0.14,21.0,3.0,14.3,0.75,0.11,0.05,0.33,9.8,0.0,0.1,-1.2,-1.2,905.0,1178.0,76.8,19369.0,8216.0,297.0,354.0,83.9,438.0,508.0,86.2,159.0,273.0,58.2,1.6,-0.8,17.0,99.0,18.0,3.0,1127.0,43.0,36.0,0.0,20.0,4.0,6.0,0.0,0.0,0.0,0.0,8.0,9.0,32.0,1.14,26.0,0.0,1.0,4.0,0.0,1.0,2.0,0.07,2.0,0.0,0.0,0.0,0.0,0.0,40.0,26.0,28.0,12.0,0.0,19.0,32.0,59.4,13.0,64.0,42.0,22.0,50.0,90.0,131.0,2.0,1522.0,261.0,732.0,663.0,137.0,65.0,1522.0,17.0,13.0,76.5,4.0,23.5,709.0,3866.0,2399.0,8.0,0.0,11.0,14.0,819.0,0.0,31.0,18.0,1.0,0.0,1.0,0.0,140.0,102.0,44.0,69.9,,,,,,,,,,,,,,,,,,,,,,,,,,,,,,,,,,,,,,,,,,90.0,100.0,90.0,27.0,0.0,0.0,0.0,1.11,29.0,39.0,-10.0,-0.36,-0.36,42.3,39.4,2.9,0.1,29.96
489,2023-2024,Premier-League,Nuno Tavares,pt POR,DF,Nott'ham Forest,24-052,2000.0,7.0,5.0,455.0,5.1,0.0,0.0,0.0,0.0,0.0,0.0,2.0,0.0,0.2,0.2,0.5,0.7,14.0,24.0,12.0,0.0,0.0,0.0,0.0,0.0,0.03,0.1,0.13,0.03,0.13,7.0,1.0,14.3,1.38,0.2,0.0,0.0,26.1,0.0,0.02,-0.2,-0.2,197.0,267.0,73.8,2877.0,1074.0,116.0,134.0,86.6,68.0,93.0,73.1,10.0,27.0,37.0,0.4,-0.5,2.0,14.0,2.0,0.0,221.0,45.0,8.0,0.0,4.0,16.0,36.0,1.0,0.0,1.0,0.0,1.0,7.0,9.0,1.78,8.0,0.0,1.0,0.0,0.0,0.0,0.0,0.0,0.0,0.0,0.0,0.0,0.0,0.0,10.0,7.0,8.0,1.0,1.0,7.0,8.0,87.5,1.0,6.0,0.0,6.0,1.0,11.0,19.0,0.0,333.0,19.0,110.0,121.0,109.0,6.0,333.0,9.0,6.0,66.7,3.0,33.3,164.0,929.0,555.0,12.0,2.0,10.0,4.0,184.0,0.0,8.0,2.0,0.0,0.0,0.0,0.0,33.0,3.0,2.0,60.0,,,,,,,,,,,,,,,,,,,,,,,,,,,,,,,,,,,,,,,,,,65.0,17.4,80.0,4.0,2.0,29.0,5.0,1.14,8.0,9.0,-1.0,-0.2,0.43,6.7,5.2,1.5,0.29,0.59
490,2023-2024,Premier-League,Marcus Tavernier,eng ENG,FW,Bournemouth,24-362,1999.0,25.0,21.0,1815.0,20.2,2.0,4.0,6.0,2.0,0.0,0.0,2.0,0.0,3.6,3.6,4.9,8.5,73.0,74.0,148.0,0.1,0.2,0.3,0.1,0.3,0.18,0.24,0.42,0.18,0.42,46.0,13.0,28.3,2.28,0.64,0.04,0.15,19.8,3.0,0.08,-1.6,-1.6,562.0,791.0,71.0,9018.0,2787.0,305.0,354.0,86.2,191.0,245.0,78.0,50.0,125.0,40.0,3.7,-0.9,40.0,38.0,31.0,7.0,676.0,106.0,24.0,2.0,5.0,105.0,30.0,52.0,40.0,2.0,1.0,9.0,19.0,86.0,4.26,60.0,13.0,5.0,4.0,4.0,0.0,8.0,0.4,5.0,2.0,0.0,0.0,1.0,0.0,48.0,30.0,24.0,19.0,5.0,23.0,41.0,56.1,18.0,26.0,3.0,23.0,4.0,52.0,20.0,0.0,1069.0,30.0,164.0,348.0,581.0,81.0,1069.0,90.0,39.0,43.3,45.0,50.0,597.0,4342.0,2194.0,75.0,23.0,46.0,36.0,662.0,0.0,17.0,21.0,3.0,0.0,0.0,0.0,127.0,12.0,30.0,28.6,,,,,,,,,,,,,,,,,,,,,,,,,,,,,,,,,,,,,,,,,,73.0,72.0,80.0,6.0,4.0,35.0,0.0,1.36,32.0,34.0,-2.0,-0.1,1.05,30.3,29.8,0.6,0.03,0.39
491,2023-2024,Premier-League,Charlie Taylor,eng ENG,DF,Burnley,30-182,1993.0,21.0,20.0,1813.0,20.1,1.0,1.0,2.0,1.0,0.0,0.0,7.0,0.0,0.1,0.1,0.9,1.1,25.0,68.0,53.0,0.05,0.05,0.1,0.05,0.1,0.01,0.05,0.05,0.01,0.05,9.0,1.0,11.1,0.45,0.05,0.11,1.0,26.7,0.0,0.02,0.9,0.9,795.0,1036.0,76.7,13440.0,4369.0,414.0,473.0,87.5,302.0,383.0,78.9,66.0,137.0,48.2,1.1,0.1,10.0,56.0,14.0,10.0,870.0,161.0,13.0,0.0,7.0,50.0,148.0,0.0,0.0,0.0,0.0,5.0,19.0,25.0,1.24,22.0,0.0,0.0,2.0,1.0,0.0,2.0,0.1,1.0,0.0,0.0,1.0,0.0,0.0,29.0,16.0,15.0,12.0,2.0,14.0,31.0,45.2,17.0,22.0,8.0,14.0,16.0,45.0,65.0,0.0,1226.0,91.0,407.0,545.0,283.0,11.0,1226.0,13.0,7.0,53.8,5.0,38.5,598.0,2552.0,1157.0,15.0,3.0,13.0,9.0,692.0,0.0,18.0,14.0,2.0,0.0,0.0,0.0,82.0,34.0,30.0,53.1,,,,,,,,,,,,,,,,,,,,,,,,,,,,,,,,,,,,,,,,,,86.0,69.5,89.0,19.0,1.0,29.0,0.0,0.71,21.0,37.0,-16.0,-0.79,1.24,19.5,33.3,-13.8,-0.69,0.25
492,2023-2024,Premier-League,Kenny Tete,nl NED,DF,Fulham,28-161,1995.0,11.0,8.0,681.0,7.6,1.0,0.0,1.0,1.0,0.0,0.0,2.0,0.0,0.8,0.8,0.1,0.9,17.0,35.0,33.0,0.13,0.0,0.13,0.13,0.13,0.1,0.01,0.11,0.1,0.11,3.0,1.0,33.3,0.4,0.13,0.33,1.0,8.8,0.0,0.26,0.2,0.2,314.0,398.0,78.9,4716.0,1792.0,189.0,217.0,87.1,100.0,126.0,79.4,20.0,34.0,58.8,0.3,-0.1,2.0,32.0,6.0,5.0,328.0,70.0,5.0,1.0,0.0,18.0,65.0,0.0,0.0,0.0,0.0,0.0,10.0,8.0,1.06,6.0,0.0,2.0,0.0,0.0,0.0,0.0,0.0,0.0,0.0,0.0,0.0,0.0,0.0,21.0,14.0,14.0,5.0,2.0,9.0,17.0,52.9,8.0,9.0,3.0,6.0,16.0,37.0,31.0,0.0,499.0,36.0,172.0,206.0,126.0,8.0,499.0,18.0,8.0,44.4,9.0,50.0,229.0,1048.0,483.0,11.0,1.0,7.0,3.0,270.0,0.0,11.0,7.0,0.0,0.0,1.0,0.0,35.0,5.0,5.0,50.0,,,,,,,,,,,,,,,,,,,,,,,,,,,,,,,,,,,,,,,,,,62.0,26.1,80.0,3.0,3.0,15.0,10.0,1.0,7.0,16.0,-9.0,-1.19,-1.56,6.6,18.3,-11.6,-1.54,-1.59
493,2023-2024,Premier-League,Luke Thomas,eng ENG,DF,Sheffield Utd,22-282,2001.0,12.0,11.0,917.0,10.2,0.0,0.0,0.0,0.0,0.0,0.0,3.0,0.0,0.5,0.5,0.1,0.6,8.0,33.0,22.0,0.0,0.0,0.0,0.0,0.0,0.05,0.0,0.06,0.05,0.06,6.0,1.0,16.7,0.59,0.1,0.0,0.0,15.1,0.0,0.09,-0.5,-0.5,234.0,319.0,73.4,3866.0,1408.0,115.0,133.0,86.5,96.0,121.0,79.3,19.0,44.0,43.2,0.2,-0.1,2.0,23.0,5.0,2.0,287.0,32.0,1.0,0.0,0.0,13.0,31.0,0.0,0.0,0.0,0.0,0.0,14.0,10.0,0.98,8.0,0.0,0.0,1.0,1.0,0.0,0.0,0.0,0.0,0.0,0.0,0.0,0.0,0.0,20.0,9.0,13.0,6.0,1.0,8.0,14.0,57.1,6.0,23.0,5.0,18.0,10.0,30.0,27.0,0.0,430.0,34.0,160.0,188.0,88.0,11.0,430.0,10.0,5.0,50.0,4.0,40.0,191.0,803.0,391.0,7.0,1.0,11.0,5.0,230.0,0.0,10.0,13.0,0.0,0.0,0.0,0.0,39.0,10.0,15.0,40.0,,,,,,,,,,,,,,,,,,,,,,,,,,,,,,,,,,,,,,,,,,76.0,36.4,81.0,7.0,1.0,23.0,4.0,0.42,5.0,29.0,-24.0,-2.36,-0.9,7.9,21.8,-13.9,-1.36,-0.35
494,2023-2024,Premier-League,Youri Tielemans,be BEL,"MF,FW",Aston Villa,26-316,1997.0,24.0,10.0,1055.0,11.7,1.0,4.0,5.0,1.0,0.0,0.0,1.0,0.0,1.1,1.1,1.8,2.9,16.0,85.0,43.0,0.09,0.34,0.43,0.09,0.43,0.09,0.16,0.25,0.09,0.25,10.0,3.0,30.0,0.85,0.26,0.1,0.33,18.8,0.0,0.11,-0.1,-0.1,453.0,564.0,80.3,7130.0,2259.0,248.0,276.0,89.9,170.0,207.0,82.1,25.0,42.0,59.5,1.5,2.2,12.0,57.0,19.0,1.0,527.0,34.0,8.0,13.0,1.0,18.0,7.0,5.0,2.0,2.0,0.0,3.0,16.0,31.0,2.64,25.0,1.0,1.0,2.0,2.0,0.0,10.0,0.85,9.0,0.0,0.0,1.0,0.0,0.0,24.0,12.0,8.0,13.0,3.0,10.0,25.0,40.0,15.0,17.0,1.0,16.0,9.0,33.0,4.0,0.0,667.0,17.0,104.0,363.0,206.0,24.0,667.0,23.0,10.0,43.5,9.0,39.1,389.0,1910.0,902.0,20.0,6.0,11.0,19.0,471.0,0.0,12.0,21.0,0.0,0.0,0.0,0.0,58.0,9.0,6.0,60.0,,,,,,,,,,,,,,,,,,,,,,,,,,,,,,,,,,,,,,,,,,44.0,41.9,77.0,2.0,14.0,21.0,0.0,2.0,27.0,18.0,9.0,0.77,0.21,24.2,19.7,4.5,0.38,-0.03
495,2023-2024,Premier-League,Jurriën Timber,nl NED,DF,Arsenal,22-275,2001.0,1.0,1.0,49.0,0.5,0.0,0.0,0.0,0.0,0.0,0.0,1.0,0.0,0.0,0.0,0.0,0.0,0.0,7.0,3.0,0.0,0.0,0.0,0.0,0.0,0.0,0.0,0.0,0.0,0.0,0.0,0.0,0.0,0.0,0.0,0.0,0.0,0.0,0.0,0.0,0.0,0.0,44.0,49.0,89.8,654.0,152.0,21.0,22.0,95.5,23.0,26.0,88.5,0.0,0.0,0.0,0.0,0.0,0.0,9.0,0.0,0.0,44.0,5.0,1.0,0.0,0.0,0.0,4.0,0.0,0.0,0.0,0.0,0.0,0.0,0.0,0.0,0.0,0.0,0.0,0.0,0.0,0.0,0.0,0.0,0.0,0.0,0.0,0.0,0.0,0.0,1.0,1.0,0.0,1.0,0.0,0.0,0.0,0.0,0.0,0.0,0.0,0.0,0.0,1.0,1.0,0.0,51.0,0.0,8.0,38.0,5.0,0.0,51.0,0.0,0.0,0.0,0.0,0.0,39.0,127.0,86.0,2.0,0.0,0.0,0.0,39.0,0.0,2.0,0.0,1.0,0.0,0.0,0.0,2.0,1.0,0.0,100.0,,,,,,,,,,,,,,,,,,,,,,,,,,,,,,,,,,,,,,,,,,49.0,1.9,49.0,0.0,0.0,0.0,0.0,3.0,2.0,0.0,2.0,3.67,2.07,0.3,0.3,0.0,0.07,-1.28
496,2023-2024,Premier-League,Harry Toffolo,eng ENG,DF,Nott'ham Forest,28-212,1995.0,18.0,14.0,1327.0,14.7,1.0,3.0,4.0,1.0,0.0,0.0,3.0,0.0,1.6,1.6,1.5,3.2,7.0,35.0,33.0,0.07,0.2,0.27,0.07,0.27,0.11,0.1,0.22,0.11,0.22,8.0,5.0,62.5,0.54,0.34,0.13,0.2,14.4,0.0,0.21,-0.6,-0.6,387.0,535.0,72.3,6434.0,2744.0,190.0,224.0,84.8,143.0,194.0,73.7,40.0,89.0,44.9,1.2,1.5,18.0,37.0,10.0,10.0,420.0,115.0,15.0,0.0,0.0,44.0,87.0,13.0,11.0,1.0,0.0,0.0,12.0,25.0,1.7,16.0,7.0,0.0,2.0,0.0,0.0,4.0,0.27,4.0,0.0,0.0,0.0,0.0,0.0,25.0,13.0,20.0,5.0,0.0,14.0,23.0,60.9,9.0,31.0,12.0,19.0,12.0,37.0,44.0,0.0,680.0,62.0,259.0,267.0,158.0,12.0,680.0,3.0,1.0,33.3,2.0,66.7,250.0,785.0,347.0,5.0,1.0,7.0,5.0,314.0,0.0,16.0,2.0,0.0,0.0,0.0,0.0,50.0,23.0,15.0,60.5,,,,,,,,,,,,,,,,,,,,,,,,,,,,,,,,,,,,,,,,,,74.0,50.8,88.0,11.0,4.0,26.0,5.0,0.61,15.0,26.0,-11.0,-0.75,-0.4,18.3,22.0,-3.7,-0.25,-0.12
497,2023-2024,Premier-League,Takehiro Tomiyasu,jp JPN,DF,Arsenal,25-134,1998.0,13.0,5.0,634.0,7.0,1.0,1.0,2.0,1.0,0.0,0.0,2.0,1.0,0.5,0.5,0.2,0.7,11.0,58.0,24.0,0.14,0.14,0.28,0.14,0.28,0.07,0.03,0.11,0.07,0.11,8.0,2.0,25.0,1.14,0.28,0.13,0.5,17.8,0.0,0.06,0.5,0.5,397.0,478.0,83.1,6216.0,1599.0,204.0,227.0,89.9,168.0,194.0,86.6,18.0,39.0,46.2,0.4,0.8,2.0,41.0,7.0,1.0,429.0,47.0,4.0,1.0,2.0,7.0,43.0,0.0,0.0,0.0,0.0,2.0,5.0,11.0,1.56,11.0,0.0,0.0,0.0,0.0,0.0,2.0,0.28,2.0,0.0,0.0,0.0,0.0,0.0,11.0,5.0,9.0,2.0,0.0,6.0,9.0,66.7,3.0,3.0,1.0,2.0,10.0,21.0,19.0,0.0,537.0,17.0,115.0,255.0,170.0,10.0,537.0,7.0,4.0,57.1,3.0,42.9,341.0,1493.0,750.0,10.0,0.0,6.0,3.0,368.0,1.0,7.0,2.0,0.0,0.0,0.0,0.0,34.0,13.0,9.0,59.1,,,,,,,,,,,,,,,,,,,,,,,,,,,,,,,,,,,,,,,,,,49.0,25.2,83.0,3.0,8.0,28.0,1.0,2.38,15.0,5.0,10.0,1.42,-0.3,12.3,5.5,6.8,0.97,-0.48
498,2023-2024,Premier-League,James Tomkins,eng ENG,DF,Crystal Palace,34-355,1989.0,3.0,0.0,6.0,0.1,0.0,0.0,0.0,0.0,0.0,0.0,0.0,0.0,0.0,0.0,0.0,0.0,0.0,0.0,0.0,0.0,0.0,0.0,0.0,0.0,0.0,0.0,0.0,0.0,0.0,0.0,0.0,0.0,0.0,0.0,0.0,0.0,0.0,0.0,0.0,0.0,0.0,8.0,11.0,72.7,99.0,29.0,7.0,8.0,87.5,1.0,3.0,33.3,0.0,0.0,0.0,0.0,0.0,0.0,0.0,0.0,0.0,11.0,0.0,0.0,0.0,0.0,0.0,0.0,0.0,0.0,0.0,0.0,0.0,0.0,0.0,0.0,0.0,0.0,0.0,0.0,0.0,0.0,0.0,0.0,0.0,0.0,0.0,0.0,0.0,0.0,0.0,0.0,0.0,0.0,0.0,0.0,0.0,0.0,0.0,0.0,0.0,0.0,1.0,1.0,0.0,0.0,14.0,2.0,8.0,5.0,1.0,0.0,14.0,0.0,0.0,0.0,0.0,0.0,3.0,11.0,5.0,0.0,0.0,0.0,0.0,4.0,0.0,0.0,0.0,0.0,0.0,0.0,0.0,2.0,1.0,0.0,100.0,,,,,,,,,,,,,,,,,,,,,,,,,,,,,,,,,,,,,,,,,,2.0,0.2,0.0,0.0,3.0,2.0,17.0,2.0,0.0,2.0,-2.0,-30.0,-29.53,0.1,0.8,-0.7,-10.82,-10.6
499,2023-2024,Premier-League,Sandro Tonali,it ITA,MF,Newcastle Utd,23-315,2000.0,8.0,5.0,438.0,4.9,1.0,0.0,1.0,1.0,0.0,0.0,2.0,0.0,0.7,0.7,0.6,1.3,11.0,19.0,21.0,0.21,0.0,0.21,0.21,0.21,0.13,0.13,0.26,0.13,0.26,3.0,2.0,66.7,0.62,0.41,0.33,0.5,15.8,0.0,0.22,0.3,0.3,241.0,280.0,86.1,3776.0,870.0,130.0,141.0,92.2,94.0,109.0,86.2,11.0,19.0,57.9,0.5,-0.6,7.0,16.0,4.0,2.0,276.0,4.0,0.0,0.0,5.0,11.0,2.0,2.0,0.0,2.0,0.0,0.0,3.0,12.0,2.47,10.0,1.0,0.0,0.0,1.0,0.0,3.0,0.62,2.0,0.0,0.0,0.0,1.0,0.0,7.0,7.0,4.0,2.0,1.0,3.0,9.0,33.3,6.0,3.0,0.0,3.0,2.0,9.0,4.0,0.0,307.0,5.0,60.0,179.0,70.0,8.0,307.0,6.0,3.0,50.0,2.0,33.3,191.0,965.0,409.0,4.0,1.0,4.0,2.0,257.0,0.0,9.0,6.0,0.0,0.0,0.0,0.0,20.0,1.0,0.0,100.0,,,,,,,,,,,,,,,,,,,,,,,,,,,,,,,,,,,,,,,,,,55.0,17.4,74.0,1.0,3.0,22.0,1.0,1.63,11.0,5.0,6.0,1.23,1.02,10.1,6.3,3.8,0.78,0.86
500,2023-2024,Premier-League,Ivan Toney,eng ENG,FW,Brentford,28-002,1996.0,10.0,10.0,900.0,10.0,4.0,0.0,4.0,4.0,0.0,0.0,3.0,0.0,3.6,3.6,1.0,4.6,14.0,25.0,67.0,0.4,0.0,0.4,0.4,0.4,0.36,0.1,0.46,0.36,0.46,28.0,14.0,50.0,2.8,1.4,0.14,0.29,17.1,5.0,0.13,0.4,0.4,141.0,273.0,51.6,1830.0,671.0,84.0,142.0,59.2,29.0,59.0,49.2,11.0,19.0,57.9,0.9,-1.0,8.0,9.0,12.0,5.0,258.0,9.0,3.0,2.0,0.0,17.0,4.0,1.0,0.0,0.0,0.0,6.0,13.0,26.0,2.6,16.0,1.0,2.0,4.0,3.0,0.0,3.0,0.3,2.0,0.0,0.0,1.0,0.0,0.0,12.0,5.0,1.0,6.0,5.0,5.0,11.0,45.5,6.0,4.0,1.0,3.0,8.0,20.0,12.0,0.0,403.0,11.0,53.0,178.0,177.0,42.0,403.0,14.0,5.0,35.7,8.0,57.1,231.0,1041.0,546.0,9.0,8.0,39.0,13.0,299.0,0.0,17.0,20.0,5.0,0.0,0.0,0.0,35.0,38.0,42.0,47.5,,,,,,,,,,,,,,,,,,,,,,,,,,,,,,,,,,,,,,,,,,90.0,34.5,90.0,10.0,0.0,0.0,0.0,0.7,15.0,23.0,-8.0,-0.8,-0.54,12.4,19.8,-7.4,-0.74,-1.13
501,2023-2024,Premier-League,Pau Torres,es ESP,DF,Aston Villa,27-062,1997.0,21.0,19.0,1744.0,19.4,2.0,0.0,2.0,2.0,0.0,0.0,1.0,0.0,0.9,0.9,0.4,1.3,33.0,104.0,15.0,0.1,0.0,0.1,0.1,0.1,0.05,0.02,0.07,0.05,0.07,9.0,4.0,44.4,0.46,0.21,0.22,0.5,14.7,0.0,0.1,1.1,1.1,1117.0,1284.0,87.0,21148.0,6862.0,353.0,383.0,92.2,660.0,704.0,93.8,89.0,169.0,52.7,0.6,-0.4,7.0,112.0,10.0,1.0,1198.0,81.0,57.0,0.0,22.0,6.0,4.0,0.0,0.0,0.0,0.0,5.0,6.0,20.0,1.03,19.0,1.0,0.0,0.0,0.0,0.0,1.0,0.05,1.0,0.0,0.0,0.0,0.0,0.0,21.0,13.0,14.0,6.0,1.0,10.0,21.0,47.6,11.0,17.0,6.0,11.0,9.0,30.0,50.0,0.0,1416.0,176.0,667.0,662.0,101.0,16.0,1416.0,21.0,14.0,66.7,5.0,23.8,1014.0,6742.0,4630.0,34.0,0.0,6.0,11.0,1048.0,0.0,12.0,7.0,1.0,0.0,0.0,0.0,96.0,18.0,15.0,54.5,,,,,,,,,,,,,,,,,,,,,,,,,,,,,,,,,,,,,,,,,,83.0,69.2,87.0,17.0,2.0,45.0,3.0,2.24,41.0,26.0,15.0,0.77,0.43,35.7,25.8,9.9,0.51,0.37
502,2023-2024,Premier-League,Andros Townsend,eng ENG,"MF,FW",Luton Town,32-246,1991.0,20.0,10.0,875.0,9.7,1.0,3.0,4.0,1.0,0.0,0.0,1.0,0.0,1.2,1.2,1.0,2.2,37.0,28.0,49.0,0.1,0.31,0.41,0.1,0.41,0.12,0.11,0.23,0.12,0.23,18.0,7.0,38.9,1.85,0.72,0.06,0.14,23.7,2.0,0.06,-0.2,-0.2,225.0,325.0,69.2,3926.0,1015.0,100.0,117.0,85.5,91.0,120.0,75.8,24.0,60.0,40.0,1.6,2.0,13.0,21.0,10.0,7.0,297.0,26.0,3.0,1.0,6.0,61.0,6.0,8.0,7.0,0.0,0.0,2.0,15.0,29.0,2.99,17.0,5.0,3.0,3.0,1.0,0.0,5.0,0.52,3.0,0.0,1.0,1.0,0.0,0.0,15.0,11.0,7.0,1.0,7.0,11.0,21.0,52.4,10.0,11.0,0.0,11.0,4.0,19.0,5.0,0.0,442.0,14.0,64.0,163.0,221.0,18.0,442.0,25.0,13.0,52.0,12.0,48.0,250.0,1752.0,828.0,20.0,5.0,25.0,14.0,264.0,0.0,11.0,9.0,2.0,0.0,0.0,0.0,56.0,0.0,9.0,0.0,,,,,,,,,,,,,,,,,,,,,,,,,,,,,,,,,,,,,,,,,,44.0,33.5,65.0,0.0,10.0,22.0,1.0,0.85,14.0,20.0,-6.0,-0.62,0.01,8.9,18.1,-9.2,-0.94,-0.17
503,2023-2024,Premier-League,James Trafford,eng ENG,GK,Burnley,21-160,2002.0,28.0,28.0,2520.0,28.0,0.0,0.0,0.0,0.0,0.0,0.0,2.0,0.0,0.0,0.0,0.0,0.0,0.0,6.0,0.0,0.0,0.0,0.0,0.0,0.0,0.0,0.0,0.0,0.0,0.0,0.0,0.0,0.0,0.0,0.0,0.0,0.0,0.0,0.0,0.0,0.0,0.0,1009.0,1541.0,65.5,23601.0,16311.0,318.0,323.0,98.5,451.0,464.0,97.2,235.0,735.0,32.0,0.1,0.0,0.0,24.0,1.0,0.0,1203.0,327.0,129.0,1.0,5.0,0.0,0.0,0.0,0.0,0.0,0.0,11.0,5.0,7.0,0.25,3.0,4.0,0.0,0.0,0.0,0.0,1.0,0.04,0.0,1.0,0.0,0.0,0.0,0.0,2.0,1.0,2.0,0.0,0.0,2.0,2.0,100.0,0.0,0.0,0.0,0.0,1.0,3.0,18.0,1.0,1631.0,1036.0,1559.0,72.0,0.0,0.0,1631.0,2.0,2.0,100.0,0.0,0.0,1009.0,4620.0,2156.0,0.0,0.0,1.0,0.0,932.0,0.0,0.0,5.0,0.0,0.0,0.0,0.0,40.0,14.0,3.0,82.4,28.0,28.0,2520.0,62.0,2.21,166.0,106.0,65.7,3.0,5.0,20.0,2.0,7.1,5.0,5.0,0.0,0.0,0.0,0.0,10.0,2.0,54.1,0.3,-5.9,-0.21,138.0,606.0,22.8,1332.0,162.0,33.9,31.3,198.0,78.3,54.2,419.0,30.0,7.2,43.0,1.54,15.0,90.0,96.6,90.0,28.0,0.0,0.0,1.0,0.5,27.0,62.0,-35.0,-1.25,-2.25,25.6,49.4,-23.8,-0.85,-2.48
504,2023-2024,Premier-League,Adama Traoré,es ESP,"FW,MF",Fulham,28-053,1996.0,9.0,0.0,108.0,1.2,1.0,1.0,2.0,1.0,0.0,0.0,1.0,0.0,1.2,1.2,0.3,1.6,5.0,5.0,8.0,0.83,0.83,1.67,0.83,1.67,1.01,0.29,1.29,1.01,1.29,5.0,4.0,80.0,4.17,3.33,0.2,0.25,14.2,0.0,0.24,-0.2,-0.2,24.0,32.0,75.0,439.0,142.0,12.0,16.0,75.0,9.0,11.0,81.8,3.0,4.0,75.0,0.3,0.7,2.0,0.0,5.0,3.0,31.0,1.0,0.0,0.0,0.0,4.0,1.0,0.0,0.0,0.0,0.0,0.0,0.0,6.0,5.0,4.0,0.0,1.0,1.0,0.0,0.0,2.0,1.67,1.0,0.0,1.0,0.0,0.0,0.0,2.0,1.0,0.0,2.0,0.0,2.0,3.0,66.7,1.0,0.0,0.0,0.0,0.0,2.0,1.0,0.0,54.0,2.0,13.0,21.0,23.0,5.0,54.0,9.0,5.0,55.6,3.0,33.3,39.0,391.0,247.0,6.0,2.0,4.0,5.0,39.0,0.0,2.0,2.0,0.0,0.0,0.0,0.0,8.0,3.0,1.0,75.0,,,,,,,,,,,,,,,,,,,,,,,,,,,,,,,,,,,,,,,,,,12.0,4.1,0.0,0.0,9.0,12.0,1.0,1.11,4.0,4.0,0.0,0.0,0.04,3.5,5.2,-1.6,-1.36,-1.04
505,2023-2024,Premier-League,Bertrand Traoré,bf BFA,"DF,FW",Aston Villa,28-194,1995.0,2.0,0.0,11.0,0.1,0.0,0.0,0.0,0.0,0.0,0.0,0.0,0.0,0.0,0.0,0.0,0.0,0.0,0.0,0.0,0.0,0.0,0.0,0.0,0.0,0.0,0.0,0.0,0.0,0.0,0.0,0.0,0.0,0.0,0.0,0.0,0.0,0.0,0.0,0.0,0.0,0.0,2.0,3.0,66.7,15.0,0.0,1.0,1.0,100.0,0.0,0.0,0.0,0.0,1.0,0.0,0.0,0.0,0.0,0.0,0.0,0.0,3.0,0.0,0.0,0.0,0.0,0.0,0.0,0.0,0.0,0.0,0.0,0.0,0.0,0.0,0.0,0.0,0.0,0.0,0.0,0.0,0.0,0.0,0.0,0.0,0.0,0.0,0.0,0.0,0.0,1.0,1.0,1.0,0.0,0.0,0.0,0.0,0.0,0.0,0.0,0.0,0.0,0.0,1.0,1.0,0.0,7.0,0.0,5.0,2.0,0.0,0.0,7.0,1.0,0.0,0.0,1.0,100.0,4.0,54.0,0.0,0.0,0.0,1.0,1.0,4.0,0.0,0.0,0.0,0.0,0.0,0.0,0.0,2.0,0.0,0.0,0.0,,,,,,,,,,,,,,,,,,,,,,,,,,,,,,,,,,,,,,,,,,6.0,0.4,0.0,0.0,2.0,6.0,6.0,3.0,0.0,0.0,0.0,0.0,-0.65,0.0,0.7,-0.7,-5.8,-6.23
506,2023-2024,Premier-League,Boubacar Traoré,ml MLI,"MF,FW",Wolves,22-211,2001.0,14.0,3.0,403.0,4.5,0.0,0.0,0.0,0.0,0.0,0.0,1.0,0.0,0.1,0.1,0.2,0.2,4.0,12.0,9.0,0.0,0.0,0.0,0.0,0.0,0.02,0.04,0.05,0.02,0.05,4.0,0.0,0.0,0.89,0.0,0.0,0.0,28.9,0.0,0.02,-0.1,-0.1,184.0,220.0,83.6,2932.0,617.0,94.0,109.0,86.2,67.0,77.0,87.0,15.0,21.0,71.4,0.2,-0.2,3.0,22.0,5.0,2.0,217.0,3.0,3.0,0.0,0.0,3.0,0.0,0.0,0.0,0.0,0.0,0.0,3.0,9.0,2.0,8.0,0.0,1.0,0.0,0.0,0.0,2.0,0.45,2.0,0.0,0.0,0.0,0.0,0.0,13.0,10.0,7.0,5.0,1.0,3.0,9.0,33.3,6.0,7.0,1.0,6.0,3.0,16.0,4.0,0.0,269.0,9.0,49.0,174.0,50.0,2.0,269.0,5.0,3.0,60.0,1.0,20.0,149.0,742.0,280.0,8.0,1.0,7.0,7.0,181.0,0.0,13.0,2.0,0.0,0.0,0.0,0.0,35.0,4.0,5.0,44.4,,,,,,,,,,,,,,,,,,,,,,,,,,,,,,,,,,,,,,,,,,29.0,16.0,78.0,2.0,11.0,15.0,9.0,1.36,6.0,12.0,-6.0,-1.34,-1.51,6.3,10.8,-4.4,-0.99,-0.74
507,2023-2024,Premier-League,Mike Trésor,be BEL,"FW,MF",Burnley,24-295,1999.0,14.0,3.0,405.0,4.5,0.0,0.0,0.0,0.0,0.0,0.0,0.0,0.0,0.5,0.5,0.4,0.9,14.0,10.0,29.0,0.0,0.0,0.0,0.0,0.0,0.1,0.09,0.19,0.1,0.19,5.0,0.0,0.0,1.11,0.0,0.0,0.0,19.7,1.0,0.09,-0.5,-0.5,117.0,174.0,67.2,1578.0,457.0,70.0,83.0,84.3,32.0,52.0,61.5,4.0,16.0,25.0,0.5,-0.4,7.0,5.0,2.0,0.0,152.0,22.0,2.0,0.0,0.0,29.0,2.0,18.0,5.0,10.0,0.0,0.0,9.0,9.0,2.0,3.0,5.0,1.0,0.0,0.0,0.0,0.0,0.0,0.0,0.0,0.0,0.0,0.0,0.0,10.0,6.0,9.0,1.0,0.0,8.0,17.0,47.1,9.0,5.0,0.0,5.0,1.0,11.0,1.0,0.0,226.0,7.0,48.0,70.0,115.0,6.0,226.0,19.0,10.0,52.6,9.0,47.4,129.0,710.0,389.0,7.0,3.0,7.0,6.0,143.0,0.0,0.0,2.0,2.0,0.0,0.0,0.0,27.0,1.0,7.0,12.5,,,,,,,,,,,,,,,,,,,,,,,,,,,,,,,,,,,,,,,,,,29.0,15.5,62.0,0.0,11.0,20.0,5.0,0.64,4.0,9.0,-5.0,-1.11,0.07,3.5,9.5,-6.0,-1.33,-0.67
508,2023-2024,Premier-League,Kieran Trippier,eng ENG,DF,Newcastle Utd,33-181,1990.0,25.0,25.0,2163.0,24.0,1.0,10.0,11.0,1.0,0.0,0.0,5.0,0.0,0.7,0.7,7.4,8.1,34.0,151.0,123.0,0.04,0.42,0.46,0.04,0.46,0.03,0.31,0.34,0.03,0.34,8.0,2.0,25.0,0.33,0.08,0.13,0.5,23.8,4.0,0.08,0.3,0.3,1579.0,2068.0,76.4,28789.0,10729.0,678.0,764.0,88.7,708.0,847.0,83.6,177.0,367.0,48.2,7.0,2.6,63.0,110.0,52.0,19.0,1653.0,408.0,108.0,1.0,11.0,204.0,194.0,106.0,40.0,34.0,8.0,7.0,41.0,99.0,4.12,67.0,27.0,1.0,0.0,2.0,2.0,11.0,0.46,7.0,3.0,0.0,0.0,0.0,1.0,57.0,27.0,30.0,16.0,11.0,37.0,76.0,48.7,39.0,38.0,8.0,30.0,23.0,80.0,55.0,3.0,2277.0,93.0,707.0,946.0,646.0,35.0,2277.0,22.0,16.0,72.7,6.0,27.3,1051.0,4171.0,2011.0,37.0,5.0,20.0,9.0,1371.0,0.0,27.0,21.0,3.0,0.0,0.0,0.0,158.0,30.0,16.0,65.2,,,,,,,,,,,,,,,,,,,,,,,,,,,,,,,,,,,,,,,,,,87.0,85.8,87.0,21.0,0.0,0.0,0.0,1.48,48.0,41.0,7.0,0.29,-0.72,43.9,38.3,5.6,0.23,1.16
509,2023-2024,Premier-League,Leandro Trossard,be BEL,"FW,MF",Arsenal,29-105,1994.0,24.0,10.0,1020.0,11.3,7.0,1.0,8.0,7.0,0.0,0.0,0.0,0.0,5.3,5.3,1.9,7.2,35.0,53.0,93.0,0.62,0.09,0.71,0.62,0.71,0.46,0.17,0.63,0.46,0.63,40.0,14.0,35.0,3.53,1.24,0.18,0.5,16.3,0.0,0.13,1.7,1.7,317.0,451.0,70.3,5053.0,1257.0,160.0,195.0,82.1,129.0,176.0,73.3,21.0,43.0,48.8,1.9,-0.9,16.0,16.0,20.0,4.0,409.0,40.0,4.0,6.0,1.0,45.0,4.0,24.0,22.0,0.0,0.0,2.0,19.0,44.0,3.88,29.0,3.0,6.0,2.0,4.0,0.0,6.0,0.53,1.0,1.0,2.0,0.0,2.0,0.0,16.0,11.0,6.0,6.0,4.0,5.0,12.0,41.7,7.0,18.0,0.0,18.0,6.0,22.0,4.0,0.0,605.0,8.0,68.0,219.0,326.0,77.0,605.0,31.0,16.0,51.6,12.0,38.7,385.0,2210.0,948.0,18.0,10.0,27.0,27.0,422.0,0.0,8.0,14.0,8.0,1.0,0.0,0.0,57.0,5.0,6.0,45.5,,,,,,,,,,,,,,,,,,,,,,,,,,,,,,,,,,,,,,,,,,43.0,40.5,71.0,2.0,14.0,22.0,3.0,2.25,29.0,9.0,20.0,1.76,0.2,23.6,8.1,15.5,1.37,0.07
510,2023-2024,Premier-League,Auston Trusty,us USA,DF,Sheffield Utd,25-219,1998.0,22.0,19.0,1773.0,19.7,0.0,0.0,0.0,0.0,0.0,0.0,4.0,0.0,0.3,0.3,0.5,0.8,8.0,27.0,8.0,0.0,0.0,0.0,0.0,0.0,0.01,0.03,0.04,0.01,0.04,6.0,1.0,16.7,0.3,0.05,0.0,0.0,14.4,0.0,0.05,-0.3,-0.3,437.0,598.0,73.1,7623.0,2859.0,186.0,216.0,86.1,211.0,278.0,75.9,32.0,74.0,43.2,0.3,-0.5,4.0,16.0,2.0,1.0,542.0,54.0,1.0,0.0,0.0,1.0,53.0,0.0,0.0,0.0,0.0,2.0,6.0,8.0,0.41,6.0,1.0,1.0,0.0,0.0,0.0,0.0,0.0,0.0,0.0,0.0,0.0,0.0,0.0,36.0,23.0,23.0,10.0,3.0,14.0,31.0,45.2,17.0,25.0,17.0,8.0,18.0,54.0,117.0,3.0,843.0,167.0,459.0,312.0,75.0,17.0,843.0,6.0,1.0,16.7,5.0,83.3,324.0,1289.0,514.0,6.0,2.0,11.0,1.0,377.0,0.0,12.0,8.0,3.0,0.0,0.0,0.0,53.0,41.0,34.0,54.7,,,,,,,,,,,,,,,,,,,,,,,,,,,,,,,,,,,,,,,,,,81.0,70.4,89.0,17.0,3.0,26.0,6.0,0.45,15.0,53.0,-38.0,-1.93,-0.48,16.7,36.0,-19.3,-0.98,0.54
511,2023-2024,Premier-League,Kostas Tsimikas,gr GRE,DF,Liverpool,27-311,1996.0,12.0,8.0,672.0,7.5,0.0,3.0,3.0,0.0,0.0,0.0,0.0,0.0,0.1,0.1,1.0,1.1,23.0,31.0,69.0,0.0,0.4,0.4,0.0,0.4,0.01,0.14,0.15,0.01,0.15,3.0,0.0,0.0,0.4,0.0,0.0,0.0,23.8,0.0,0.03,-0.1,-0.1,380.0,493.0,77.1,6563.0,1706.0,182.0,202.0,90.1,145.0,183.0,79.2,42.0,82.0,51.2,1.3,2.0,16.0,16.0,7.0,4.0,385.0,107.0,14.0,0.0,1.0,69.0,66.0,27.0,7.0,20.0,0.0,1.0,10.0,32.0,4.29,20.0,9.0,0.0,0.0,2.0,1.0,2.0,0.27,2.0,0.0,0.0,0.0,0.0,0.0,19.0,13.0,9.0,6.0,4.0,9.0,15.0,60.0,6.0,9.0,1.0,8.0,6.0,25.0,10.0,0.0,566.0,17.0,119.0,235.0,218.0,16.0,566.0,15.0,4.0,26.7,10.0,66.7,306.0,1675.0,850.0,19.0,3.0,9.0,4.0,334.0,0.0,10.0,7.0,1.0,0.0,0.0,0.0,43.0,3.0,13.0,18.8,,,,,,,,,,,,,,,,,,,,,,,,,,,,,,,,,,,,,,,,,,56.0,26.7,79.0,6.0,4.0,9.0,11.0,2.33,16.0,7.0,9.0,1.21,-0.26,14.1,8.4,5.8,0.77,-0.32
512,2023-2024,Premier-League,Matt Turner,us USA,GK,Nott'ham Forest,29-268,1994.0,17.0,17.0,1530.0,17.0,0.0,0.0,0.0,0.0,0.0,0.0,1.0,0.0,0.0,0.0,0.0,0.0,0.0,0.0,0.0,0.0,0.0,0.0,0.0,0.0,0.0,0.0,0.0,0.0,0.0,0.0,0.0,0.0,0.0,0.0,0.0,0.0,0.0,0.0,0.0,0.0,0.0,398.0,578.0,68.9,12363.0,9869.0,87.0,87.0,100.0,147.0,151.0,97.4,162.0,330.0,49.1,0.0,0.0,0.0,10.0,0.0,0.0,373.0,199.0,63.0,0.0,0.0,0.0,0.0,0.0,0.0,0.0,0.0,6.0,2.0,4.0,0.24,4.0,0.0,0.0,0.0,0.0,0.0,0.0,0.0,0.0,0.0,0.0,0.0,0.0,0.0,0.0,0.0,0.0,0.0,0.0,0.0,0.0,0.0,0.0,0.0,0.0,0.0,0.0,0.0,8.0,4.0,616.0,489.0,611.0,6.0,0.0,0.0,616.0,0.0,0.0,0.0,0.0,0.0,319.0,1984.0,1372.0,0.0,0.0,1.0,0.0,230.0,0.0,0.0,3.0,0.0,0.0,0.0,0.0,11.0,4.0,0.0,100.0,17.0,17.0,1530.0,28.0,1.65,80.0,52.0,67.5,4.0,5.0,8.0,2.0,11.8,2.0,2.0,0.0,0.0,0.0,1.0,4.0,0.0,22.1,0.26,-5.9,-0.35,126.0,280.0,45.0,436.0,99.0,42.7,35.7,136.0,69.1,47.0,296.0,30.0,10.1,18.0,1.06,13.3,90.0,58.6,90.0,17.0,0.0,0.0,12.0,1.0,21.0,28.0,-7.0,-0.41,0.34,20.5,25.5,-4.9,-0.29,-0.23
513,2023-2024,Premier-League,Destiny Udogie,it ITA,DF,Tottenham,21-111,2002.0,24.0,24.0,2031.0,22.6,2.0,3.0,5.0,2.0,0.0,0.0,7.0,1.0,2.3,2.3,2.1,4.4,73.0,134.0,119.0,0.09,0.13,0.22,0.09,0.22,0.1,0.09,0.19,0.1,0.19,8.0,4.0,50.0,0.35,0.18,0.25,0.5,9.2,0.0,0.29,-0.3,-0.3,1034.0,1212.0,85.3,14045.0,4301.0,648.0,707.0,91.7,335.0,388.0,86.3,17.0,28.0,60.7,1.9,0.9,22.0,96.0,12.0,0.0,1025.0,184.0,17.0,0.0,0.0,17.0,167.0,0.0,0.0,0.0,0.0,3.0,35.0,50.0,2.22,44.0,0.0,4.0,2.0,0.0,0.0,7.0,0.31,6.0,0.0,0.0,1.0,0.0,0.0,63.0,29.0,39.0,15.0,9.0,25.0,45.0,55.6,20.0,23.0,6.0,17.0,33.0,96.0,70.0,4.0,1509.0,82.0,428.0,676.0,436.0,64.0,1509.0,53.0,21.0,39.6,24.0,45.3,835.0,5285.0,2889.0,55.0,18.0,42.0,20.0,873.0,1.0,44.0,32.0,3.0,0.0,0.0,0.0,150.0,20.0,21.0,48.8,,,,,,,,,,,,,,,,,,,,,,,,,,,,,,,,,,,,,,,,,,85.0,80.6,85.0,17.0,0.0,0.0,0.0,1.96,50.0,33.0,17.0,0.75,0.75,42.2,36.0,6.1,0.27,0.88
514,2023-2024,Premier-League,Lesley Ugochukwu,fr FRA,MF,Chelsea,19-358,2004.0,10.0,3.0,273.0,3.0,0.0,0.0,0.0,0.0,0.0,0.0,2.0,0.0,0.0,0.0,0.0,0.0,6.0,15.0,2.0,0.0,0.0,0.0,0.0,0.0,0.0,0.01,0.01,0.0,0.01,0.0,0.0,0.0,0.0,0.0,0.0,0.0,0.0,0.0,0.0,0.0,0.0,141.0,167.0,84.4,2263.0,583.0,71.0,80.0,88.8,59.0,69.0,85.5,8.0,9.0,88.9,0.1,0.0,1.0,9.0,4.0,0.0,167.0,0.0,0.0,0.0,1.0,0.0,0.0,0.0,0.0,0.0,0.0,0.0,2.0,3.0,0.99,3.0,0.0,0.0,0.0,0.0,0.0,0.0,0.0,0.0,0.0,0.0,0.0,0.0,0.0,12.0,9.0,3.0,8.0,1.0,3.0,8.0,37.5,5.0,5.0,2.0,3.0,1.0,13.0,3.0,0.0,194.0,10.0,60.0,112.0,25.0,1.0,194.0,6.0,3.0,50.0,1.0,16.7,120.0,564.0,310.0,2.0,1.0,3.0,3.0,148.0,0.0,4.0,2.0,0.0,0.0,0.0,0.0,10.0,8.0,2.0,80.0,,,,,,,,,,,,,,,,,,,,,,,,,,,,,,,,,,,,,,,,,,27.0,11.2,72.0,1.0,7.0,8.0,4.0,1.2,3.0,6.0,-3.0,-0.99,-1.2,6.4,6.5,-0.2,-0.05,-0.47
515,2023-2024,Premier-League,Enes Ünal,tr TUR,"MF,FW",Bournemouth,26-313,1997.0,6.0,0.0,102.0,1.1,1.0,1.0,2.0,1.0,0.0,0.0,0.0,0.0,1.1,1.1,0.2,1.3,1.0,3.0,15.0,0.88,0.88,1.76,0.88,1.76,0.99,0.18,1.17,0.99,1.17,11.0,4.0,36.4,9.71,3.53,0.09,0.25,12.7,0.0,0.1,-0.1,-0.1,18.0,26.0,69.2,258.0,66.0,10.0,13.0,76.9,5.0,7.0,71.4,2.0,3.0,66.7,0.0,0.8,1.0,2.0,1.0,0.0,24.0,2.0,1.0,0.0,0.0,0.0,0.0,0.0,0.0,0.0,0.0,0.0,2.0,6.0,5.29,1.0,0.0,1.0,3.0,1.0,0.0,2.0,1.76,1.0,0.0,0.0,1.0,0.0,0.0,0.0,0.0,0.0,0.0,0.0,0.0,1.0,0.0,1.0,0.0,0.0,0.0,0.0,0.0,1.0,0.0,47.0,1.0,1.0,17.0,29.0,11.0,47.0,3.0,1.0,33.3,1.0,33.3,36.0,110.0,33.0,1.0,0.0,5.0,4.0,42.0,0.0,5.0,4.0,3.0,0.0,0.0,0.0,5.0,1.0,4.0,20.0,,,,,,,,,,,,,,,,,,,,,,,,,,,,,,,,,,,,,,,,,,17.0,4.0,0.0,0.0,6.0,17.0,0.0,1.33,6.0,1.0,5.0,4.41,5.01,3.9,0.9,3.0,2.67,2.87
516,2023-2024,Premier-League,Virgil van Dijk,nl NED,DF,Liverpool,32-254,1991.0,26.0,26.0,2277.0,25.3,2.0,2.0,4.0,2.0,0.0,0.0,1.0,1.0,2.1,2.1,1.5,3.6,22.0,132.0,6.0,0.08,0.08,0.16,0.08,0.16,0.08,0.06,0.14,0.08,0.14,29.0,10.0,34.5,1.15,0.4,0.07,0.2,12.4,1.0,0.07,-0.1,-0.1,1864.0,2051.0,90.9,35568.0,13608.0,704.0,754.0,93.4,959.0,1007.0,95.2,182.0,246.0,74.0,0.8,0.5,9.0,151.0,6.0,0.0,1923.0,126.0,62.0,0.0,18.0,0.0,12.0,0.0,0.0,0.0,0.0,2.0,4.0,45.0,1.78,42.0,0.0,0.0,3.0,0.0,0.0,3.0,0.12,3.0,0.0,0.0,0.0,0.0,0.0,31.0,16.0,20.0,8.0,3.0,10.0,12.0,83.3,2.0,35.0,26.0,9.0,34.0,65.0,112.0,0.0,2309.0,284.0,998.0,1225.0,91.0,54.0,2309.0,3.0,1.0,33.3,1.0,33.3,1387.0,6939.0,3622.0,12.0,0.0,2.0,3.0,1576.0,0.0,16.0,9.0,1.0,0.0,0.0,0.0,133.0,113.0,21.0,84.3,,,,,,,,,,,,,,,,,,,,,,,,,,,,,,,,,,,,,,,,,,88.0,90.4,88.0,25.0,0.0,0.0,0.0,2.23,57.0,25.0,32.0,1.26,-1.33,56.9,31.8,25.1,0.99,-0.1
517,2023-2024,Premier-League,Raphaël Varane,fr FRA,DF,Manchester Utd,30-328,1993.0,19.0,14.0,1263.0,14.0,1.0,0.0,1.0,1.0,0.0,0.0,2.0,0.0,1.3,1.3,0.1,1.3,15.0,54.0,2.0,0.07,0.0,0.07,0.07,0.07,0.09,0.0,0.09,0.09,0.09,8.0,2.0,25.0,0.57,0.14,0.13,0.5,9.2,0.0,0.16,-0.3,-0.3,631.0,713.0,88.5,10859.0,3296.0,259.0,277.0,93.5,318.0,347.0,91.6,39.0,60.0,65.0,0.6,-0.1,1.0,56.0,4.0,0.0,649.0,60.0,24.0,1.0,0.0,0.0,3.0,0.0,0.0,0.0,0.0,4.0,4.0,14.0,1.0,11.0,1.0,0.0,2.0,0.0,0.0,1.0,0.07,1.0,0.0,0.0,0.0,0.0,0.0,17.0,10.0,9.0,7.0,1.0,9.0,13.0,69.2,4.0,16.0,13.0,3.0,14.0,31.0,84.0,0.0,862.0,154.0,416.0,405.0,43.0,11.0,862.0,2.0,1.0,50.0,1.0,50.0,499.0,3251.0,2042.0,11.0,0.0,5.0,2.0,522.0,0.0,7.0,2.0,2.0,0.0,0.0,0.0,61.0,21.0,5.0,80.8,,,,,,,,,,,,,,,,,,,,,,,,,,,,,,,,,,,,,,,,,,66.0,50.1,87.0,12.0,5.0,10.0,4.0,2.0,21.0,21.0,0.0,0.0,0.0,23.5,24.7,-1.2,-0.08,0.13
518,2023-2024,Premier-League,Alejo Véliz,ar ARG,FW,Tottenham,20-181,2003.0,8.0,0.0,50.0,0.6,1.0,0.0,1.0,1.0,0.0,0.0,1.0,0.0,0.2,0.2,0.0,0.2,0.0,1.0,3.0,1.8,0.0,1.8,1.8,1.8,0.45,0.0,0.45,0.45,0.45,2.0,1.0,50.0,3.6,1.8,0.5,1.0,8.9,0.0,0.12,0.8,0.8,5.0,10.0,50.0,91.0,5.0,2.0,4.0,50.0,2.0,2.0,100.0,1.0,1.0,100.0,0.0,0.0,0.0,0.0,0.0,0.0,8.0,2.0,0.0,0.0,0.0,0.0,0.0,0.0,0.0,0.0,0.0,0.0,0.0,1.0,1.84,0.0,0.0,1.0,0.0,0.0,0.0,0.0,0.0,0.0,0.0,0.0,0.0,0.0,0.0,1.0,0.0,1.0,0.0,0.0,0.0,0.0,0.0,0.0,0.0,0.0,0.0,0.0,1.0,0.0,0.0,18.0,0.0,1.0,6.0,11.0,4.0,18.0,2.0,1.0,50.0,1.0,50.0,8.0,19.0,9.0,0.0,0.0,2.0,2.0,10.0,0.0,0.0,1.0,3.0,0.0,0.0,0.0,0.0,1.0,2.0,33.3,,,,,,,,,,,,,,,,,,,,,,,,,,,,,,,,,,,,,,,,,,6.0,2.0,0.0,0.0,8.0,6.0,5.0,1.88,3.0,2.0,1.0,1.8,1.22,2.1,1.8,0.2,0.45,0.35
519,2023-2024,Premier-League,Joël Veltman,nl NED,DF,Brighton,32-063,1992.0,20.0,11.0,1132.0,12.6,0.0,1.0,1.0,0.0,0.0,0.0,2.0,0.0,0.1,0.1,0.4,0.5,20.0,71.0,39.0,0.0,0.08,0.08,0.0,0.08,0.01,0.03,0.04,0.01,0.04,2.0,2.0,100.0,0.16,0.16,0.0,0.0,20.4,0.0,0.05,-0.1,-0.1,622.0,734.0,84.7,10116.0,2580.0,301.0,334.0,90.1,278.0,313.0,88.8,38.0,66.0,57.6,0.5,0.6,3.0,47.0,3.0,0.0,639.0,93.0,28.0,2.0,0.0,6.0,65.0,0.0,0.0,0.0,0.0,2.0,10.0,15.0,1.19,10.0,2.0,0.0,0.0,3.0,0.0,1.0,0.08,1.0,0.0,0.0,0.0,0.0,0.0,31.0,25.0,15.0,12.0,4.0,20.0,33.0,60.6,13.0,15.0,7.0,8.0,14.0,45.0,41.0,1.0,873.0,66.0,263.0,447.0,165.0,12.0,873.0,8.0,1.0,12.5,4.0,50.0,497.0,2178.0,929.0,13.0,0.0,13.0,4.0,534.0,0.0,14.0,35.0,0.0,0.0,0.0,0.0,61.0,17.0,17.0,50.0,,,,,,,,,,,,,,,,,,,,,,,,,,,,,,,,,,,,,,,,,,57.0,44.9,84.0,10.0,9.0,23.0,1.0,1.45,24.0,25.0,-1.0,-0.08,-0.53,18.2,18.6,-0.4,-0.03,-0.5
520,2023-2024,Premier-League,Micky van de Ven,nl NED,DF,Tottenham,22-334,2001.0,18.0,18.0,1529.0,17.0,1.0,0.0,1.0,1.0,0.0,0.0,1.0,0.0,0.3,0.3,0.0,0.4,11.0,69.0,2.0,0.06,0.0,0.06,0.06,0.06,0.02,0.0,0.02,0.02,0.02,5.0,1.0,20.0,0.29,0.06,0.2,1.0,16.9,0.0,0.07,0.7,0.7,1165.0,1223.0,95.3,20597.0,6754.0,453.0,464.0,97.6,613.0,639.0,95.9,74.0,88.0,84.1,0.2,0.0,1.0,82.0,2.0,0.0,1166.0,56.0,36.0,0.0,1.0,0.0,4.0,0.0,0.0,0.0,0.0,1.0,1.0,6.0,0.35,6.0,0.0,0.0,0.0,0.0,0.0,0.0,0.0,0.0,0.0,0.0,0.0,0.0,0.0,31.0,22.0,22.0,6.0,3.0,15.0,21.0,71.4,6.0,12.0,9.0,3.0,13.0,44.0,55.0,0.0,1359.0,160.0,666.0,653.0,52.0,7.0,1359.0,20.0,11.0,55.0,7.0,35.0,981.0,4395.0,1984.0,10.0,0.0,8.0,8.0,1017.0,0.0,8.0,14.0,0.0,0.0,1.0,0.0,104.0,24.0,25.0,49.0,,,,,,,,,,,,,,,,,,,,,,,,,,,,,,,,,,,,,,,,,,85.0,60.7,85.0,14.0,0.0,0.0,0.0,2.22,34.0,20.0,14.0,0.82,0.55,27.8,21.9,5.9,0.35,0.63
521,2023-2024,Premier-League,Bart Verbruggen,nl NED,GK,Brighton,21-213,2002.0,13.0,13.0,1170.0,13.0,0.0,0.0,0.0,0.0,0.0,0.0,2.0,0.0,0.0,0.0,0.0,0.0,0.0,2.0,0.0,0.0,0.0,0.0,0.0,0.0,0.0,0.0,0.0,0.0,0.0,0.0,0.0,0.0,0.0,0.0,0.0,0.0,0.0,0.0,0.0,0.0,0.0,510.0,554.0,92.1,9826.0,6636.0,212.0,215.0,98.6,217.0,220.0,98.6,75.0,112.0,67.0,0.0,0.0,0.0,1.0,0.0,0.0,492.0,62.0,10.0,0.0,0.0,0.0,0.0,0.0,0.0,0.0,0.0,0.0,1.0,2.0,0.15,2.0,0.0,0.0,0.0,0.0,0.0,0.0,0.0,0.0,0.0,0.0,0.0,0.0,0.0,1.0,1.0,1.0,0.0,0.0,1.0,1.0,100.0,0.0,0.0,0.0,0.0,0.0,1.0,4.0,3.0,576.0,490.0,569.0,7.0,0.0,0.0,576.0,1.0,1.0,100.0,0.0,0.0,416.0,1442.0,725.0,0.0,0.0,0.0,0.0,377.0,0.0,0.0,2.0,0.0,0.0,0.0,0.0,22.0,2.0,0.0,100.0,13.0,13.0,1170.0,16.0,1.23,51.0,35.0,72.5,6.0,5.0,2.0,2.0,15.4,2.0,2.0,0.0,0.0,0.0,0.0,1.0,0.0,14.9,0.25,-1.1,-0.09,29.0,62.0,46.8,502.0,75.0,11.2,22.1,52.0,11.5,17.5,132.0,9.0,6.8,12.0,0.92,13.9,90.0,46.4,90.0,13.0,0.0,0.0,15.0,1.77,26.0,16.0,10.0,0.77,1.04,19.4,16.4,3.0,0.23,-0.02
522,2023-2024,Premier-League,Guglielmo Vicario,it ITA,GK,Tottenham,27-163,1996.0,28.0,28.0,2520.0,28.0,0.0,0.0,0.0,0.0,0.0,0.0,2.0,0.0,0.0,0.0,0.0,0.0,0.0,1.0,0.0,0.0,0.0,0.0,0.0,0.0,0.0,0.0,0.0,0.0,0.0,0.0,0.0,0.0,0.0,0.0,0.0,0.0,0.0,0.0,0.0,0.0,0.0,972.0,1167.0,83.3,19266.0,11537.0,307.0,309.0,99.4,550.0,566.0,97.2,108.0,279.0,38.7,0.0,0.0,0.0,4.0,0.0,0.0,912.0,250.0,81.0,0.0,0.0,0.0,0.0,0.0,0.0,0.0,0.0,5.0,1.0,1.0,0.04,1.0,0.0,0.0,0.0,0.0,0.0,0.0,0.0,0.0,0.0,0.0,0.0,0.0,0.0,0.0,0.0,0.0,0.0,0.0,0.0,1.0,0.0,1.0,0.0,0.0,0.0,1.0,1.0,26.0,2.0,1252.0,969.0,1241.0,11.0,0.0,0.0,1252.0,0.0,0.0,0.0,0.0,0.0,732.0,3316.0,1870.0,0.0,0.0,0.0,0.0,692.0,0.0,0.0,6.0,0.0,0.0,0.0,0.0,45.0,18.0,1.0,94.7,28.0,28.0,2520.0,42.0,1.5,121.0,81.0,70.2,16.0,5.0,7.0,6.0,21.4,6.0,6.0,0.0,0.0,0.0,1.0,5.0,2.0,45.5,0.33,5.5,0.2,44.0,191.0,23.0,993.0,156.0,16.4,25.0,169.0,16.6,23.1,395.0,27.0,6.8,61.0,2.18,16.9,90.0,100.0,90.0,28.0,0.0,0.0,0.0,1.89,59.0,42.0,17.0,0.61,0.0,49.3,46.5,2.9,0.1,0.0
523,2023-2024,Premier-League,Fabio Vieira,pt POR,"MF,FW",Arsenal,23-293,2000.0,9.0,2.0,286.0,3.2,1.0,2.0,3.0,0.0,1.0,1.0,0.0,1.0,1.2,0.4,1.4,1.8,10.0,13.0,27.0,0.31,0.63,0.94,0.0,0.63,0.38,0.45,0.82,0.13,0.58,5.0,1.0,20.0,1.57,0.31,0.0,0.0,18.3,0.0,0.08,-0.2,-0.4,113.0,140.0,80.7,1875.0,360.0,61.0,68.0,89.7,42.0,51.0,82.4,9.0,17.0,52.9,0.8,0.6,4.0,12.0,4.0,1.0,127.0,12.0,3.0,3.0,2.0,15.0,0.0,8.0,3.0,0.0,0.0,1.0,1.0,11.0,3.46,6.0,1.0,0.0,1.0,3.0,0.0,5.0,1.57,1.0,1.0,0.0,0.0,3.0,0.0,3.0,2.0,2.0,0.0,1.0,3.0,3.0,100.0,0.0,0.0,0.0,0.0,2.0,5.0,1.0,0.0,171.0,2.0,11.0,71.0,91.0,18.0,170.0,8.0,2.0,25.0,5.0,62.5,107.0,517.0,255.0,2.0,4.0,7.0,4.0,131.0,0.0,6.0,10.0,2.0,2.0,0.0,0.0,13.0,1.0,0.0,100.0,,,,,,,,,,,,,,,,,,,,,,,,,,,,,,,,,,,,,,,,,,32.0,11.3,62.0,0.0,7.0,23.0,5.0,2.22,11.0,2.0,9.0,2.83,1.34,7.3,1.7,5.7,1.78,0.51
524,2023-2024,Premier-League,Carlos Vinícius,br BRA,FW,Fulham,28-359,1995.0,13.0,2.0,315.0,3.5,2.0,0.0,2.0,2.0,0.0,0.0,2.0,0.0,1.6,1.6,0.8,2.4,3.0,3.0,13.0,0.57,0.0,0.57,0.57,0.57,0.46,0.23,0.69,0.46,0.69,9.0,5.0,55.6,2.57,1.43,0.22,0.4,10.9,0.0,0.18,0.4,0.4,46.0,62.0,74.2,587.0,115.0,28.0,34.0,82.4,14.0,21.0,66.7,1.0,1.0,100.0,0.1,-0.8,5.0,1.0,0.0,0.0,61.0,1.0,0.0,0.0,0.0,1.0,0.0,0.0,0.0,0.0,0.0,0.0,1.0,9.0,2.57,8.0,0.0,1.0,0.0,0.0,0.0,1.0,0.29,1.0,0.0,0.0,0.0,0.0,0.0,3.0,2.0,0.0,1.0,2.0,0.0,4.0,0.0,4.0,4.0,0.0,4.0,0.0,3.0,1.0,0.0,102.0,1.0,11.0,49.0,45.0,15.0,102.0,8.0,2.0,25.0,6.0,75.0,66.0,322.0,91.0,4.0,2.0,11.0,7.0,80.0,0.0,4.0,2.0,6.0,0.0,0.0,0.0,9.0,4.0,11.0,26.7,,,,,,,,,,,,,,,,,,,,,,,,,,,,,,,,,,,,,,,,,,24.0,12.1,61.0,0.0,11.0,18.0,7.0,1.23,6.0,5.0,1.0,0.29,0.36,6.5,4.3,2.2,0.63,1.13
525,2023-2024,Premier-League,Vitinho,br BRA,"DF,MF",Burnley,24-239,1999.0,23.0,19.0,1694.0,18.8,0.0,0.0,0.0,0.0,0.0,0.0,1.0,0.0,1.0,1.0,0.3,1.4,48.0,57.0,83.0,0.0,0.0,0.0,0.0,0.0,0.06,0.02,0.07,0.06,0.07,15.0,1.0,6.7,0.8,0.05,0.0,0.0,19.1,0.0,0.07,-1.0,-1.0,551.0,768.0,71.7,8762.0,2861.0,298.0,350.0,85.1,211.0,301.0,70.1,32.0,62.0,51.6,0.8,-0.3,7.0,36.0,14.0,1.0,611.0,153.0,6.0,1.0,1.0,42.0,147.0,0.0,0.0,0.0,0.0,4.0,23.0,35.0,1.86,28.0,2.0,3.0,1.0,1.0,0.0,4.0,0.21,3.0,0.0,0.0,0.0,1.0,0.0,49.0,25.0,28.0,16.0,5.0,34.0,66.0,51.5,32.0,29.0,3.0,26.0,10.0,59.0,31.0,3.0,976.0,54.0,288.0,407.0,287.0,35.0,976.0,41.0,22.0,53.7,14.0,34.1,479.0,3121.0,1676.0,29.0,14.0,26.0,20.0,508.0,0.0,20.0,18.0,2.0,1.0,2.0,0.0,76.0,14.0,14.0,50.0,,,,,,,,,,,,,,,,,,,,,,,,,,,,,,,,,,,,,,,,,,74.0,64.9,87.0,12.0,4.0,11.0,2.0,0.57,21.0,34.0,-13.0,-0.69,1.37,19.4,29.7,-10.3,-0.55,0.62
526,2023-2024,Premier-League,Odisseas Vlachodimos,gr GRE,GK,Nott'ham Forest,29-327,1994.0,5.0,5.0,450.0,5.0,0.0,0.0,0.0,0.0,0.0,0.0,0.0,0.0,0.0,0.0,0.0,0.0,0.0,1.0,0.0,0.0,0.0,0.0,0.0,0.0,0.0,0.01,0.01,0.0,0.01,0.0,0.0,0.0,0.0,0.0,0.0,0.0,0.0,0.0,0.0,0.0,0.0,141.0,176.0,80.1,3965.0,2847.0,21.0,21.0,100.0,73.0,73.0,100.0,47.0,80.0,58.8,0.0,0.0,1.0,0.0,0.0,0.0,119.0,55.0,11.0,0.0,0.0,0.0,0.0,0.0,0.0,0.0,0.0,2.0,0.0,1.0,0.2,1.0,0.0,0.0,0.0,0.0,0.0,0.0,0.0,0.0,0.0,0.0,0.0,0.0,0.0,0.0,0.0,0.0,0.0,0.0,0.0,1.0,0.0,1.0,0.0,0.0,0.0,0.0,0.0,1.0,0.0,181.0,140.0,179.0,2.0,0.0,0.0,181.0,0.0,0.0,0.0,0.0,0.0,94.0,476.0,265.0,0.0,0.0,0.0,0.0,89.0,0.0,0.0,1.0,0.0,0.0,0.0,0.0,4.0,0.0,0.0,0.0,5.0,5.0,450.0,12.0,2.4,22.0,10.0,50.0,1.0,0.0,4.0,1.0,20.0,1.0,1.0,0.0,0.0,0.0,0.0,2.0,0.0,7.9,0.31,-4.1,-0.83,28.0,60.0,46.7,130.0,21.0,25.4,29.6,44.0,61.4,44.3,92.0,3.0,3.3,2.0,0.4,10.3,90.0,17.2,90.0,5.0,0.0,0.0,14.0,0.6,6.0,12.0,-6.0,-1.2,-0.78,4.9,7.5,-2.6,-0.53,-0.4
527,2023-2024,Premier-League,Kyle Walker,eng ENG,DF,Manchester City,33-295,1990.0,26.0,25.0,2260.0,25.1,0.0,2.0,2.0,0.0,0.0,0.0,2.0,0.0,0.4,0.4,2.3,2.7,65.0,139.0,151.0,0.0,0.08,0.08,0.0,0.08,0.02,0.09,0.11,0.02,0.11,16.0,3.0,18.8,0.64,0.12,0.0,0.0,29.4,1.0,0.02,-0.4,-0.4,1759.0,2003.0,87.8,30298.0,6955.0,794.0,850.0,93.4,787.0,864.0,91.1,147.0,217.0,67.7,3.0,-0.3,22.0,170.0,29.0,11.0,1801.0,201.0,31.0,6.0,17.0,56.0,170.0,0.0,0.0,0.0,0.0,1.0,28.0,58.0,2.31,54.0,1.0,0.0,1.0,2.0,0.0,8.0,0.32,7.0,0.0,0.0,1.0,0.0,0.0,28.0,18.0,15.0,11.0,2.0,15.0,32.0,46.9,17.0,16.0,4.0,12.0,22.0,50.0,36.0,1.0,2179.0,70.0,441.0,1113.0,644.0,34.0,2179.0,30.0,18.0,60.0,9.0,30.0,1269.0,6395.0,3443.0,57.0,4.0,21.0,10.0,1589.0,0.0,23.0,16.0,6.0,0.0,0.0,0.0,133.0,23.0,13.0,63.9,,,,,,,,,,,,,,,,,,,,,,,,,,,,,,,,,,,,,,,,,,87.0,89.7,89.0,23.0,1.0,34.0,2.0,2.19,59.0,27.0,32.0,1.27,0.24,52.3,24.8,27.6,1.1,0.59
528,2023-2024,Premier-League,Aaron Wan-Bissaka,eng ENG,DF,Manchester Utd,26-113,1997.0,12.0,10.0,884.0,9.8,0.0,1.0,1.0,0.0,0.0,0.0,3.0,0.0,0.1,0.1,1.2,1.3,19.0,37.0,26.0,0.0,0.1,0.1,0.0,0.1,0.01,0.12,0.13,0.01,0.13,2.0,1.0,50.0,0.2,0.1,0.0,0.0,24.5,0.0,0.04,-0.1,-0.1,437.0,528.0,82.8,5896.0,1873.0,278.0,314.0,88.5,136.0,155.0,87.7,13.0,25.0,52.0,1.0,-0.2,5.0,26.0,4.0,0.0,454.0,72.0,3.0,0.0,0.0,5.0,69.0,0.0,0.0,0.0,0.0,2.0,13.0,10.0,1.02,9.0,1.0,0.0,0.0,0.0,0.0,1.0,0.1,1.0,0.0,0.0,0.0,0.0,0.0,25.0,19.0,12.0,11.0,2.0,16.0,22.0,72.7,6.0,14.0,8.0,6.0,20.0,45.0,38.0,1.0,645.0,43.0,251.0,267.0,136.0,12.0,645.0,18.0,10.0,55.6,3.0,16.7,328.0,1587.0,815.0,13.0,3.0,11.0,4.0,366.0,0.0,11.0,4.0,0.0,0.0,0.0,0.0,57.0,7.0,8.0,46.7,,,,,,,,,,,,,,,,,,,,,,,,,,,,,,,,,,,,,,,,,,74.0,35.1,86.0,7.0,2.0,11.0,3.0,1.33,12.0,15.0,-3.0,-0.31,-0.47,12.1,16.5,-4.4,-0.45,-0.46
529,2023-2024,Premier-League,Joel Ward,eng ENG,DF,Crystal Palace,34-141,1989.0,20.0,20.0,1692.0,18.8,0.0,1.0,1.0,0.0,0.0,0.0,4.0,0.0,0.9,0.9,0.2,1.1,16.0,60.0,14.0,0.0,0.05,0.05,0.0,0.05,0.05,0.01,0.06,0.05,0.06,10.0,0.0,0.0,0.53,0.0,0.0,0.0,18.0,0.0,0.09,-0.9,-0.9,630.0,829.0,76.0,10446.0,4810.0,318.0,354.0,89.8,264.0,325.0,81.2,41.0,116.0,35.3,0.2,0.8,3.0,62.0,7.0,3.0,692.0,136.0,19.0,1.0,2.0,22.0,117.0,0.0,0.0,0.0,0.0,1.0,19.0,16.0,0.85,13.0,2.0,0.0,1.0,0.0,0.0,3.0,0.16,2.0,1.0,0.0,0.0,0.0,0.0,38.0,24.0,23.0,14.0,1.0,25.0,41.0,61.0,16.0,13.0,8.0,5.0,9.0,47.0,72.0,1.0,1007.0,86.0,366.0,465.0,184.0,10.0,1007.0,10.0,6.0,60.0,4.0,40.0,418.0,1697.0,877.0,9.0,0.0,8.0,2.0,520.0,0.0,19.0,6.0,0.0,0.0,0.0,1.0,74.0,41.0,41.0,50.0,,,,,,,,,,,,,,,,,,,,,,,,,,,,,,,,,,,,,,,,,,85.0,67.1,85.0,16.0,0.0,0.0,1.0,1.05,20.0,28.0,-8.0,-0.43,0.34,23.5,25.2,-1.8,-0.09,0.46
530,2023-2024,Premier-League,James Ward-Prowse,eng ENG,MF,West Ham,29-138,1994.0,27.0,27.0,2332.0,25.9,5.0,7.0,12.0,3.0,2.0,2.0,4.0,0.0,5.1,3.5,5.6,9.1,17.0,103.0,57.0,0.19,0.27,0.46,0.12,0.39,0.2,0.22,0.41,0.14,0.35,29.0,11.0,37.9,1.12,0.42,0.1,0.27,22.2,10.0,0.13,-0.1,-0.5,1086.0,1316.0,82.5,18181.0,5471.0,549.0,595.0,92.3,407.0,449.0,90.6,104.0,215.0,48.4,5.2,1.4,53.0,109.0,16.0,5.0,1106.0,204.0,69.0,2.0,11.0,156.0,3.0,97.0,54.0,41.0,0.0,6.0,15.0,88.0,3.4,39.0,42.0,1.0,4.0,0.0,2.0,13.0,0.5,5.0,6.0,0.0,2.0,0.0,0.0,34.0,23.0,12.0,17.0,5.0,12.0,29.0,41.4,17.0,23.0,7.0,16.0,29.0,63.0,41.0,0.0,1518.0,60.0,278.0,809.0,440.0,27.0,1516.0,19.0,11.0,57.9,6.0,31.6,715.0,3212.0,1299.0,24.0,6.0,13.0,9.0,902.0,0.0,19.0,15.0,0.0,0.0,0.0,0.0,117.0,20.0,31.0,39.2,,,,,,,,,,,,,,,,,,,,,,,,,,,,,,,,,,,,,,,,,,86.0,92.5,86.0,23.0,0.0,0.0,0.0,1.56,39.0,48.0,-9.0,-0.35,-2.74,33.8,47.5,-13.7,-0.53,-1.67
531,2023-2024,Premier-League,Deivid Washington,br BRA,DF,Chelsea,18-287,2005.0,1.0,0.0,10.0,0.1,0.0,0.0,0.0,0.0,0.0,0.0,0.0,0.0,0.5,0.5,0.0,0.5,0.0,0.0,1.0,0.0,0.0,0.0,0.0,0.0,4.19,0.0,4.19,4.19,4.19,1.0,0.0,0.0,9.0,0.0,0.0,0.0,9.0,0.0,0.47,-0.5,-0.5,1.0,1.0,100.0,25.0,0.0,0.0,0.0,0.0,1.0,1.0,100.0,0.0,0.0,0.0,0.0,0.0,0.0,0.0,0.0,0.0,1.0,0.0,0.0,0.0,0.0,0.0,0.0,0.0,0.0,0.0,0.0,0.0,0.0,0.0,0.0,0.0,0.0,0.0,0.0,0.0,0.0,0.0,0.0,0.0,0.0,0.0,0.0,0.0,0.0,1.0,1.0,1.0,0.0,0.0,0.0,1.0,0.0,1.0,0.0,0.0,0.0,0.0,1.0,0.0,0.0,4.0,0.0,1.0,2.0,1.0,1.0,4.0,0.0,0.0,0.0,0.0,0.0,1.0,3.0,0.0,0.0,0.0,0.0,1.0,1.0,0.0,0.0,0.0,0.0,0.0,0.0,0.0,0.0,0.0,0.0,0.0,,,,,,,,,,,,,,,,,,,,,,,,,,,,,,,,,,,,,,,,,,10.0,0.4,0.0,0.0,1.0,10.0,11.0,0.0,0.0,1.0,-1.0,-9.0,-9.11,0.7,1.6,-0.9,-7.98,-8.38
532,2023-2024,Premier-League,Ollie Watkins,eng ENG,FW,Aston Villa,28-079,1995.0,28.0,28.0,2475.0,27.5,16.0,10.0,26.0,16.0,0.0,0.0,4.0,0.0,14.3,14.3,5.4,19.6,47.0,43.0,163.0,0.58,0.36,0.95,0.58,0.95,0.52,0.2,0.71,0.52,0.71,86.0,39.0,45.3,3.13,1.42,0.19,0.41,12.5,0.0,0.17,1.7,1.7,345.0,462.0,74.7,4408.0,772.0,223.0,278.0,80.2,88.0,120.0,73.3,8.0,16.0,50.0,3.5,4.6,38.0,16.0,20.0,0.0,446.0,14.0,1.0,4.0,1.0,9.0,3.0,0.0,0.0,0.0,0.0,2.0,11.0,84.0,3.05,59.0,0.0,6.0,14.0,4.0,1.0,22.0,0.8,13.0,0.0,1.0,6.0,2.0,0.0,9.0,6.0,0.0,3.0,6.0,4.0,10.0,40.0,6.0,23.0,4.0,19.0,4.0,13.0,19.0,0.0,745.0,26.0,50.0,283.0,419.0,171.0,745.0,50.0,19.0,38.0,25.0,50.0,453.0,2205.0,1022.0,28.0,30.0,63.0,44.0,582.0,0.0,20.0,29.0,13.0,2.0,0.0,0.0,56.0,36.0,63.0,36.4,,,,,,,,,,,,,,,,,,,,,,,,,,,,,,,,,,,,,,,,,,88.0,98.2,88.0,20.0,0.0,0.0,0.0,1.96,57.0,41.0,16.0,0.58,-3.42,49.6,39.1,10.5,0.38,-0.98
533,2023-2024,Premier-League,Adam Webster,eng ENG,DF,Brighton,29-074,1995.0,10.0,9.0,767.0,8.5,0.0,0.0,0.0,0.0,0.0,0.0,2.0,0.0,0.3,0.3,0.1,0.4,11.0,65.0,2.0,0.0,0.0,0.0,0.0,0.0,0.03,0.01,0.05,0.03,0.05,5.0,0.0,0.0,0.59,0.0,0.0,0.0,10.6,0.0,0.05,-0.3,-0.3,764.0,836.0,91.4,12752.0,4230.0,335.0,360.0,93.1,374.0,400.0,93.5,38.0,52.0,73.1,0.3,-0.1,4.0,70.0,2.0,0.0,809.0,26.0,18.0,1.0,3.0,1.0,7.0,0.0,0.0,0.0,0.0,1.0,2.0,9.0,1.06,8.0,0.0,0.0,1.0,0.0,0.0,0.0,0.0,0.0,0.0,0.0,0.0,0.0,0.0,11.0,11.0,8.0,2.0,1.0,6.0,15.0,40.0,9.0,7.0,4.0,3.0,9.0,20.0,30.0,1.0,903.0,71.0,347.0,488.0,70.0,8.0,903.0,1.0,0.0,0.0,1.0,100.0,615.0,3022.0,1757.0,13.0,0.0,4.0,1.0,692.0,0.0,6.0,1.0,0.0,0.0,0.0,1.0,43.0,24.0,11.0,68.6,,,,,,,,,,,,,,,,,,,,,,,,,,,,,,,,,,,,,,,,,,77.0,30.4,83.0,7.0,1.0,19.0,10.0,1.3,13.0,16.0,-3.0,-0.35,-0.81,15.1,12.1,3.0,0.35,0.16
534,2023-2024,Premier-League,Danny Welbeck,eng ENG,"FW,MF",Brighton,33-113,1990.0,19.0,14.0,1028.0,11.4,3.0,1.0,4.0,3.0,0.0,0.0,2.0,0.0,3.6,3.6,1.3,4.8,20.0,28.0,64.0,0.26,0.09,0.35,0.26,0.35,0.31,0.11,0.42,0.31,0.42,28.0,12.0,42.9,2.45,1.05,0.11,0.25,15.8,1.0,0.13,-0.6,-0.6,278.0,327.0,85.0,3169.0,428.0,204.0,228.0,89.5,58.0,64.0,90.6,0.0,1.0,0.0,1.1,-0.3,11.0,15.0,8.0,0.0,310.0,15.0,1.0,2.0,1.0,2.0,2.0,0.0,0.0,0.0,0.0,2.0,13.0,40.0,3.5,27.0,0.0,2.0,8.0,3.0,0.0,6.0,0.53,3.0,0.0,0.0,1.0,2.0,0.0,17.0,8.0,4.0,9.0,4.0,6.0,11.0,54.5,5.0,10.0,0.0,10.0,5.0,22.0,14.0,1.0,464.0,16.0,49.0,201.0,218.0,45.0,464.0,18.0,6.0,33.3,11.0,61.1,280.0,1291.0,621.0,11.0,7.0,28.0,13.0,336.0,0.0,8.0,13.0,5.0,2.0,0.0,0.0,29.0,8.0,14.0,36.4,,,,,,,,,,,,,,,,,,,,,,,,,,,,,,,,,,,,,,,,,,54.0,40.8,63.0,1.0,5.0,28.0,1.0,1.53,21.0,14.0,7.0,0.61,0.67,21.8,14.6,7.2,0.63,0.65
535,2023-2024,Premier-League,Timo Werner,de GER,FW,Tottenham,28-012,1996.0,8.0,5.0,443.0,4.9,2.0,2.0,4.0,2.0,0.0,0.0,0.0,0.0,2.6,2.6,1.5,4.1,48.0,26.0,73.0,0.41,0.41,0.81,0.41,0.81,0.53,0.3,0.84,0.53,0.84,20.0,6.0,30.0,4.06,1.22,0.1,0.33,14.1,0.0,0.13,-0.6,-0.6,169.0,213.0,79.3,2406.0,466.0,101.0,115.0,87.8,63.0,76.0,82.9,3.0,8.0,37.5,1.2,0.5,9.0,5.0,11.0,2.0,206.0,7.0,1.0,0.0,0.0,16.0,6.0,0.0,0.0,0.0,0.0,0.0,9.0,20.0,4.06,14.0,0.0,3.0,3.0,0.0,0.0,5.0,1.02,5.0,0.0,0.0,0.0,0.0,0.0,3.0,1.0,2.0,1.0,0.0,2.0,8.0,25.0,6.0,1.0,0.0,1.0,3.0,6.0,0.0,0.0,259.0,1.0,17.0,56.0,187.0,39.0,259.0,14.0,9.0,64.3,5.0,35.7,202.0,1611.0,970.0,21.0,23.0,7.0,2.0,208.0,0.0,1.0,1.0,7.0,0.0,0.0,0.0,18.0,0.0,1.0,0.0,,,,,,,,,,,,,,,,,,,,,,,,,,,,,,,,,,,,,,,,,,55.0,17.6,79.0,0.0,3.0,16.0,0.0,1.75,12.0,7.0,5.0,1.02,0.5,11.0,5.2,5.8,1.17,1.3
536,2023-2024,Premier-League,Adam Wharton,eng ENG,MF,Crystal Palace,19-290,2004.0,6.0,5.0,455.0,5.1,0.0,0.0,0.0,0.0,0.0,0.0,1.0,0.0,0.1,0.1,0.6,0.7,4.0,19.0,2.0,0.0,0.0,0.0,0.0,0.0,0.02,0.12,0.14,0.02,0.14,2.0,0.0,0.0,0.4,0.0,0.0,0.0,20.1,0.0,0.06,-0.1,-0.1,136.0,182.0,74.7,2482.0,831.0,56.0,68.0,82.4,62.0,72.0,86.1,15.0,28.0,53.6,0.5,-0.6,10.0,11.0,4.0,2.0,152.0,24.0,9.0,1.0,0.0,19.0,0.0,12.0,7.0,4.0,0.0,6.0,2.0,17.0,3.36,10.0,7.0,0.0,0.0,0.0,0.0,0.0,0.0,0.0,0.0,0.0,0.0,0.0,0.0,16.0,14.0,5.0,8.0,3.0,8.0,19.0,42.1,11.0,5.0,2.0,3.0,8.0,24.0,7.0,1.0,223.0,12.0,58.0,102.0,64.0,3.0,223.0,2.0,0.0,0.0,1.0,50.0,95.0,342.0,171.0,4.0,0.0,4.0,3.0,121.0,0.0,6.0,9.0,0.0,0.0,0.0,0.0,22.0,3.0,7.0,30.0,,,,,,,,,,,,,,,,,,,,,,,,,,,,,,,,,,,,,,,,,,76.0,18.1,78.0,1.0,1.0,63.0,0.0,0.83,5.0,7.0,-2.0,-0.4,0.17,5.0,5.8,-0.8,-0.16,0.11
537,2023-2024,Premier-League,Ben White,eng ENG,DF,Arsenal,26-162,1997.0,27.0,25.0,2134.0,23.7,2.0,4.0,6.0,2.0,0.0,0.0,5.0,0.0,0.7,0.7,2.3,3.0,28.0,136.0,128.0,0.08,0.17,0.25,0.08,0.25,0.03,0.1,0.13,0.03,0.13,8.0,4.0,50.0,0.34,0.17,0.25,0.5,13.7,0.0,0.09,1.3,1.3,1393.0,1648.0,84.5,21584.0,7206.0,746.0,816.0,91.4,559.0,642.0,87.1,66.0,136.0,48.5,2.9,1.7,22.0,128.0,32.0,8.0,1467.0,179.0,35.0,5.0,10.0,44.0,144.0,0.0,0.0,0.0,0.0,2.0,13.0,54.0,2.28,48.0,3.0,0.0,1.0,0.0,2.0,5.0,0.21,4.0,0.0,0.0,1.0,0.0,0.0,31.0,19.0,13.0,15.0,3.0,15.0,31.0,48.4,16.0,30.0,16.0,14.0,24.0,55.0,48.0,1.0,1831.0,75.0,460.0,884.0,500.0,43.0,1831.0,15.0,6.0,40.0,8.0,53.3,1033.0,3735.0,1971.0,23.0,7.0,18.0,6.0,1288.0,0.0,12.0,9.0,5.0,0.0,0.0,0.0,86.0,25.0,14.0,64.1,,,,,,,,,,,,,,,,,,,,,,,,,,,,,,,,,,,,,,,,,,79.0,84.7,85.0,19.0,2.0,7.0,0.0,2.26,61.0,23.0,38.0,1.6,-0.26,49.4,16.7,32.7,1.38,0.32
538,2023-2024,Premier-League,Joe White,eng ENG,MF,Newcastle Utd,21-169,2002.0,2.0,0.0,11.0,0.1,0.0,0.0,0.0,0.0,0.0,0.0,1.0,0.0,0.0,0.0,0.0,0.0,2.0,2.0,3.0,0.0,0.0,0.0,0.0,0.0,0.0,0.0,0.0,0.0,0.0,0.0,0.0,0.0,0.0,0.0,0.0,0.0,0.0,0.0,0.0,0.0,0.0,9.0,10.0,90.0,141.0,29.0,6.0,7.0,85.7,2.0,2.0,100.0,1.0,1.0,100.0,0.0,0.0,0.0,2.0,0.0,0.0,10.0,0.0,0.0,0.0,0.0,0.0,0.0,0.0,0.0,0.0,0.0,0.0,1.0,0.0,0.0,0.0,0.0,0.0,0.0,0.0,0.0,0.0,0.0,0.0,0.0,0.0,0.0,0.0,0.0,1.0,1.0,1.0,0.0,0.0,0.0,0.0,0.0,0.0,0.0,0.0,0.0,0.0,1.0,0.0,0.0,11.0,1.0,2.0,5.0,4.0,0.0,11.0,0.0,0.0,0.0,0.0,0.0,7.0,66.0,29.0,0.0,0.0,0.0,0.0,7.0,0.0,2.0,0.0,0.0,0.0,0.0,0.0,2.0,0.0,2.0,0.0,,,,,,,,,,,,,,,,,,,,,,,,,,,,,,,,,,,,,,,,,,6.0,0.4,0.0,0.0,2.0,6.0,2.0,0.5,2.0,0.0,2.0,16.36,16.04,0.8,0.1,0.7,6.07,6.03
539,2023-2024,Premier-League,Neco Williams,wls WAL,DF,Nott'ham Forest,22-340,2001.0,20.0,12.0,1157.0,12.9,0.0,1.0,1.0,0.0,0.0,0.0,3.0,0.0,0.3,0.3,1.5,1.8,27.0,34.0,54.0,0.0,0.08,0.08,0.0,0.08,0.03,0.12,0.14,0.03,0.14,7.0,1.0,14.3,0.54,0.08,0.0,0.0,19.6,0.0,0.05,-0.3,-0.3,321.0,512.0,62.7,5138.0,2202.0,172.0,204.0,84.3,113.0,185.0,61.1,26.0,76.0,34.2,1.4,-0.5,8.0,28.0,11.0,8.0,419.0,91.0,15.0,0.0,1.0,52.0,72.0,4.0,0.0,4.0,0.0,2.0,24.0,21.0,1.63,15.0,1.0,1.0,2.0,1.0,1.0,3.0,0.23,2.0,0.0,1.0,0.0,0.0,0.0,55.0,29.0,36.0,14.0,5.0,30.0,48.0,62.5,18.0,34.0,10.0,24.0,19.0,74.0,38.0,0.0,735.0,52.0,253.0,295.0,197.0,19.0,735.0,36.0,16.0,44.4,15.0,41.7,329.0,2106.0,1122.0,14.0,3.0,27.0,20.0,329.0,0.0,15.0,25.0,3.0,0.0,0.0,0.0,76.0,23.0,14.0,62.2,,,,,,,,,,,,,,,,,,,,,,,,,,,,,,,,,,,,,,,,,,58.0,44.3,88.0,10.0,8.0,13.0,5.0,0.95,16.0,23.0,-7.0,-0.54,0.01,18.3,17.2,1.1,0.09,0.51
540,2023-2024,Premier-League,Willian,br BRA,FW,Fulham,35-222,1988.0,24.0,19.0,1621.0,18.0,4.0,2.0,6.0,2.0,2.0,2.0,1.0,0.0,4.7,3.1,3.0,6.1,71.0,124.0,140.0,0.22,0.11,0.33,0.11,0.22,0.26,0.17,0.43,0.17,0.34,37.0,15.0,40.5,2.05,0.83,0.05,0.13,20.7,2.0,0.08,-0.7,-1.1,712.0,863.0,82.5,12566.0,2923.0,345.0,387.0,89.1,261.0,310.0,84.2,90.0,123.0,73.2,3.6,-1.0,34.0,45.0,52.0,6.0,812.0,46.0,13.0,7.0,12.0,53.0,6.0,27.0,8.0,10.0,0.0,5.0,12.0,86.0,4.77,65.0,10.0,4.0,6.0,1.0,0.0,9.0,0.5,9.0,0.0,0.0,0.0,0.0,0.0,11.0,6.0,5.0,2.0,4.0,3.0,16.0,18.8,13.0,13.0,0.0,13.0,9.0,20.0,12.0,0.0,1018.0,15.0,128.0,395.0,507.0,54.0,1016.0,42.0,18.0,42.9,19.0,45.2,692.0,4598.0,2316.0,57.0,22.0,31.0,19.0,793.0,0.0,8.0,24.0,1.0,0.0,0.0,0.0,76.0,8.0,10.0,44.4,,,,,,,,,,,,,,,,,,,,,,,,,,,,,,,,,,,,,,,,,,68.0,62.1,79.0,8.0,5.0,24.0,1.0,1.42,28.0,22.0,6.0,0.33,0.97,26.2,28.7,-2.5,-0.14,0.59
541,2023-2024,Premier-League,Joe Willock,eng ENG,MF,Newcastle Utd,24-211,1999.0,6.0,3.0,304.0,3.4,1.0,0.0,1.0,1.0,0.0,0.0,0.0,0.0,0.7,0.7,0.4,1.1,11.0,12.0,17.0,0.3,0.0,0.3,0.3,0.3,0.19,0.13,0.32,0.19,0.32,4.0,2.0,50.0,1.18,0.59,0.25,0.5,6.3,0.0,0.16,0.3,0.3,103.0,123.0,83.7,1628.0,478.0,58.0,63.0,92.1,30.0,39.0,76.9,11.0,13.0,84.6,0.6,-0.4,5.0,10.0,3.0,1.0,118.0,4.0,0.0,0.0,2.0,2.0,4.0,0.0,0.0,0.0,0.0,1.0,3.0,9.0,2.67,8.0,0.0,0.0,1.0,0.0,0.0,1.0,0.3,1.0,0.0,0.0,0.0,0.0,0.0,10.0,6.0,6.0,4.0,0.0,4.0,10.0,40.0,6.0,5.0,0.0,5.0,1.0,11.0,1.0,0.0,169.0,3.0,35.0,77.0,60.0,12.0,169.0,14.0,5.0,35.7,9.0,64.3,98.0,651.0,314.0,5.0,3.0,14.0,3.0,120.0,0.0,1.0,2.0,1.0,0.0,0.0,0.0,19.0,1.0,0.0,100.0,,,,,,,,,,,,,,,,,,,,,,,,,,,,,,,,,,,,,,,,,,51.0,12.1,79.0,0.0,3.0,22.0,0.0,1.17,5.0,5.0,0.0,0.0,-0.45,3.9,4.9,-1.0,-0.29,-0.41
542,2023-2024,Premier-League,Callum Wilson,eng ENG,FW,Newcastle Utd,32-020,1992.0,16.0,8.0,862.0,9.6,7.0,1.0,8.0,5.0,2.0,2.0,2.0,0.0,7.2,5.7,0.5,6.2,9.0,6.0,63.0,0.73,0.1,0.84,0.52,0.63,0.76,0.05,0.81,0.59,0.64,29.0,15.0,51.7,3.03,1.57,0.17,0.33,12.2,0.0,0.2,-0.2,-0.7,91.0,139.0,65.5,1087.0,139.0,61.0,74.0,82.4,17.0,30.0,56.7,3.0,7.0,42.9,0.3,0.5,7.0,3.0,0.0,0.0,130.0,9.0,0.0,2.0,2.0,2.0,1.0,0.0,0.0,0.0,0.0,0.0,15.0,18.0,1.88,8.0,0.0,4.0,5.0,1.0,0.0,4.0,0.42,2.0,0.0,1.0,1.0,0.0,0.0,4.0,3.0,0.0,2.0,2.0,0.0,4.0,0.0,4.0,5.0,0.0,5.0,1.0,5.0,2.0,0.0,259.0,4.0,9.0,114.0,142.0,65.0,257.0,29.0,13.0,44.8,13.0,44.8,182.0,882.0,287.0,7.0,11.0,40.0,32.0,216.0,0.0,14.0,15.0,4.0,0.0,0.0,0.0,15.0,8.0,16.0,33.3,,,,,,,,,,,,,,,,,,,,,,,,,,,,,,,,,,,,,,,,,,54.0,34.2,81.0,5.0,8.0,27.0,0.0,1.5,25.0,14.0,11.0,1.15,1.15,20.0,11.2,8.8,0.92,1.29
543,2023-2024,Premier-League,Harry Wilson,wls WAL,FW,Fulham,26-362,1997.0,27.0,14.0,1411.0,15.7,3.0,4.0,7.0,3.0,0.0,0.0,6.0,0.0,3.0,3.0,2.9,5.9,31.0,51.0,112.0,0.19,0.26,0.45,0.19,0.45,0.19,0.19,0.37,0.19,0.37,34.0,11.0,32.4,2.17,0.7,0.09,0.27,19.6,3.0,0.09,0.0,0.0,402.0,524.0,76.7,6285.0,1286.0,220.0,255.0,86.3,121.0,156.0,77.6,41.0,66.0,62.1,2.2,1.1,18.0,28.0,24.0,7.0,501.0,20.0,8.0,3.0,8.0,29.0,3.0,8.0,4.0,0.0,0.0,3.0,15.0,57.0,3.63,38.0,2.0,4.0,4.0,7.0,2.0,8.0,0.51,7.0,0.0,0.0,0.0,1.0,0.0,19.0,12.0,8.0,8.0,3.0,11.0,26.0,42.3,15.0,24.0,3.0,21.0,10.0,29.0,9.0,0.0,699.0,21.0,105.0,300.0,306.0,44.0,699.0,29.0,12.0,41.4,14.0,48.3,432.0,2826.0,1287.0,20.0,13.0,31.0,10.0,510.0,0.0,18.0,34.0,4.0,1.0,0.0,0.0,70.0,2.0,4.0,33.3,,,,,,,,,,,,,,,,,,,,,,,,,,,,,,,,,,,,,,,,,,52.0,54.1,78.0,4.0,13.0,25.0,0.0,1.33,17.0,22.0,-5.0,-0.32,-0.62,18.2,27.5,-9.2,-0.59,-0.49
544,2023-2024,Premier-League,Yoane Wissa,cd COD,FW,Brentford,27-197,1996.0,25.0,22.0,1898.0,21.1,7.0,1.0,8.0,7.0,0.0,0.0,4.0,0.0,8.0,8.0,2.2,10.2,34.0,31.0,106.0,0.33,0.05,0.38,0.33,0.38,0.38,0.1,0.48,0.38,0.48,53.0,18.0,34.0,2.51,0.85,0.13,0.39,13.0,0.0,0.15,-1.0,-1.0,234.0,327.0,71.6,3098.0,818.0,144.0,181.0,79.6,64.0,91.0,70.3,10.0,16.0,62.5,1.4,-1.2,20.0,19.0,10.0,3.0,315.0,12.0,0.0,2.0,2.0,13.0,0.0,2.0,0.0,0.0,0.0,0.0,13.0,46.0,2.18,28.0,1.0,2.0,7.0,7.0,1.0,5.0,0.24,2.0,0.0,0.0,1.0,2.0,0.0,21.0,12.0,8.0,8.0,5.0,2.0,16.0,12.5,14.0,16.0,3.0,13.0,8.0,29.0,10.0,0.0,544.0,15.0,85.0,213.0,262.0,90.0,544.0,36.0,14.0,38.9,15.0,41.7,296.0,1901.0,1021.0,23.0,17.0,41.0,17.0,342.0,0.0,25.0,42.0,15.0,1.0,0.0,0.0,78.0,33.0,38.0,46.5,,,,,,,,,,,,,,,,,,,,,,,,,,,,,,,,,,,,,,,,,,76.0,72.7,82.0,9.0,3.0,32.0,0.0,0.8,28.0,31.0,-3.0,-0.14,1.12,32.8,29.4,3.4,0.16,0.6
545,2023-2024,Premier-League,Chris Wood,nz NZL,FW,Nott'ham Forest,32-102,1991.0,22.0,11.0,1038.0,11.5,9.0,1.0,10.0,9.0,0.0,0.0,0.0,0.0,6.1,6.1,1.6,7.7,10.0,16.0,41.0,0.78,0.09,0.87,0.78,0.87,0.53,0.14,0.67,0.53,0.67,24.0,14.0,58.3,2.08,1.21,0.38,0.64,10.5,0.0,0.26,2.9,2.9,159.0,255.0,62.4,1976.0,451.0,99.0,148.0,66.9,41.0,64.0,64.1,5.0,8.0,62.5,1.0,-0.6,17.0,10.0,2.0,0.0,253.0,2.0,0.0,1.0,1.0,2.0,0.0,0.0,0.0,0.0,0.0,0.0,7.0,25.0,2.17,18.0,0.0,4.0,3.0,0.0,0.0,4.0,0.35,1.0,0.0,3.0,0.0,0.0,0.0,2.0,2.0,0.0,1.0,1.0,1.0,6.0,16.7,5.0,7.0,2.0,5.0,1.0,3.0,20.0,0.0,371.0,25.0,55.0,178.0,138.0,48.0,371.0,9.0,5.0,55.6,2.0,22.2,178.0,527.0,288.0,5.0,6.0,30.0,11.0,272.0,0.0,14.0,10.0,2.0,0.0,1.0,0.0,30.0,44.0,50.0,46.8,,,,,,,,,,,,,,,,,,,,,,,,,,,,,,,,,,,,,,,,,,47.0,39.8,81.0,7.0,11.0,14.0,0.0,0.82,14.0,18.0,-4.0,-0.35,0.34,15.9,15.5,0.5,0.04,0.39
546,2023-2024,Premier-League,Cauley Woodrow,eng ENG,"FW,MF",Luton Town,29-107,1994.0,16.0,2.0,295.0,3.3,1.0,0.0,1.0,1.0,0.0,0.0,2.0,0.0,1.1,1.1,0.4,1.5,5.0,4.0,17.0,0.31,0.0,0.31,0.31,0.31,0.33,0.12,0.45,0.33,0.45,10.0,3.0,30.0,3.05,0.92,0.1,0.33,16.5,0.0,0.11,-0.1,-0.1,64.0,96.0,66.7,776.0,90.0,43.0,54.0,79.6,12.0,20.0,60.0,1.0,7.0,14.3,0.5,-0.4,5.0,2.0,1.0,1.0,93.0,3.0,0.0,0.0,0.0,4.0,1.0,1.0,0.0,1.0,0.0,0.0,4.0,11.0,3.34,8.0,0.0,1.0,2.0,0.0,0.0,1.0,0.3,1.0,0.0,0.0,0.0,0.0,0.0,10.0,7.0,5.0,2.0,3.0,7.0,13.0,53.8,6.0,3.0,1.0,2.0,0.0,10.0,10.0,0.0,139.0,12.0,28.0,48.0,64.0,17.0,139.0,3.0,2.0,66.7,1.0,33.3,76.0,303.0,102.0,2.0,1.0,5.0,7.0,105.0,0.0,7.0,1.0,1.0,0.0,0.0,0.0,16.0,9.0,12.0,42.9,,,,,,,,,,,,,,,,,,,,,,,,,,,,,,,,,,,,,,,,,,18.0,11.3,62.0,0.0,14.0,12.0,7.0,0.69,7.0,6.0,1.0,0.31,1.04,5.5,7.1,-1.6,-0.5,0.38
547,2023-2024,Premier-League,Joe Worrall,eng ENG,DF,Nott'ham Forest,27-068,1997.0,7.0,5.0,439.0,4.9,0.0,0.0,0.0,0.0,0.0,0.0,0.0,1.0,0.1,0.1,0.2,0.3,0.0,8.0,1.0,0.0,0.0,0.0,0.0,0.0,0.02,0.04,0.06,0.02,0.06,2.0,0.0,0.0,0.41,0.0,0.0,0.0,10.6,0.0,0.06,-0.1,-0.1,138.0,164.0,84.1,2910.0,1068.0,25.0,30.0,83.3,98.0,105.0,93.3,14.0,27.0,51.9,0.3,-0.2,2.0,5.0,0.0,0.0,157.0,7.0,4.0,0.0,1.0,0.0,3.0,0.0,0.0,0.0,0.0,0.0,1.0,3.0,0.62,2.0,0.0,0.0,1.0,0.0,0.0,1.0,0.21,1.0,0.0,0.0,0.0,0.0,0.0,7.0,5.0,6.0,1.0,0.0,3.0,6.0,50.0,3.0,5.0,4.0,1.0,3.0,10.0,32.0,1.0,216.0,55.0,138.0,72.0,8.0,7.0,216.0,0.0,0.0,0.0,0.0,0.0,105.0,410.0,111.0,0.0,0.0,0.0,0.0,124.0,0.0,3.0,2.0,0.0,0.0,0.0,0.0,18.0,12.0,10.0,54.5,,,,,,,,,,,,,,,,,,,,,,,,,,,,,,,,,,,,,,,,,,63.0,16.8,85.0,3.0,2.0,7.0,7.0,1.57,7.0,8.0,-1.0,-0.21,0.42,5.1,7.2,-2.1,-0.44,-0.29
548,2023-2024,Premier-League,Yehor Yarmoliuk,ua UKR,MF,Brentford,20-017,2004.0,18.0,4.0,471.0,5.2,0.0,0.0,0.0,0.0,0.0,0.0,2.0,0.0,0.0,0.0,0.0,0.0,0.0,0.0,0.0,0.0,0.0,0.0,0.0,0.0,0.0,0.0,0.0,0.0,0.0,6.0,3.0,50.0,1.15,0.57,0.0,0.0,0.0,0.0,0.0,0.0,0.0,0.0,0.0,0.0,0.0,0.0,0.0,0.0,0.0,0.0,0.0,0.0,0.0,0.0,0.0,0.0,0.0,0.0,0.0,0.0,0.0,0.0,0.0,0.0,0.0,0.0,10.0,0.0,0.0,0.0,0.0,0.0,0.0,0.0,0.0,0.0,0.0,0.0,0.0,0.0,0.0,0.0,0.0,0.0,0.0,0.0,0.0,0.0,0.0,0.0,0.0,9.0,0.0,0.0,0.0,0.0,0.0,0.0,0.0,0.0,0.0,0.0,5.0,0.0,0.0,0.0,0.0,0.0,0.0,0.0,0.0,0.0,0.0,0.0,0.0,0.0,0.0,0.0,0.0,0.0,0.0,0.0,0.0,0.0,0.0,0.0,0.0,7.0,4.0,0.0,0.0,0.0,0.0,0.0,0.0,0.0,0.0,,,,,,,,,,,,,,,,,,,,,,,,,,,,,,,,,,,,,,,,,,26.0,18.0,58.0,0.0,14.0,17.0,11.0,1.06,9.0,7.0,2.0,0.38,1.01,0.0,0.0,0.0,0.0,0.0
549,2023-2024,Premier-League,Ryan Yates,eng ENG,MF,Nott'ham Forest,26-118,1997.0,26.0,14.0,1421.0,15.8,0.0,0.0,0.0,0.0,0.0,0.0,4.0,0.0,1.7,1.7,0.2,1.9,13.0,53.0,33.0,0.0,0.0,0.0,0.0,0.0,0.11,0.01,0.12,0.11,0.12,18.0,4.0,22.2,1.14,0.25,0.0,0.0,18.2,0.0,0.1,-1.7,-1.7,449.0,580.0,77.4,7108.0,1806.0,226.0,274.0,82.5,176.0,215.0,81.9,26.0,45.0,57.8,0.5,-0.2,4.0,46.0,4.0,0.0,533.0,46.0,11.0,2.0,0.0,4.0,2.0,0.0,0.0,0.0,0.0,1.0,20.0,18.0,1.14,15.0,0.0,0.0,2.0,1.0,0.0,1.0,0.06,1.0,0.0,0.0,0.0,0.0,0.0,51.0,30.0,28.0,17.0,6.0,14.0,25.0,56.0,11.0,37.0,14.0,23.0,15.0,66.0,30.0,0.0,804.0,42.0,248.0,384.0,178.0,31.0,804.0,8.0,3.0,37.5,4.0,50.0,317.0,1433.0,701.0,11.0,0.0,16.0,10.0,381.0,0.0,43.0,41.0,2.0,0.0,0.0,0.0,74.0,37.0,28.0,56.9,,,,,,,,,,,,,,,,,,,,,,,,,,,,,,,,,,,,,,,,,,55.0,54.4,85.0,11.0,12.0,19.0,2.0,0.92,18.0,29.0,-11.0,-0.7,-0.32,17.7,22.9,-5.2,-0.33,-0.3
550,2023-2024,Premier-League,Ashley Young,eng ENG,"DF,MF",Everton,38-253,1985.0,21.0,19.0,1528.0,17.0,0.0,0.0,0.0,0.0,0.0,0.0,6.0,1.0,0.4,0.4,1.2,1.6,28.0,60.0,39.0,0.0,0.0,0.0,0.0,0.0,0.03,0.07,0.09,0.03,0.09,9.0,1.0,11.1,0.53,0.06,0.0,0.0,23.5,3.0,0.05,-0.4,-0.4,511.0,743.0,68.8,9196.0,4176.0,228.0,258.0,88.4,212.0,278.0,76.3,62.0,164.0,37.8,1.3,-1.2,17.0,40.0,20.0,11.0,575.0,164.0,22.0,2.0,1.0,85.0,123.0,19.0,10.0,7.0,1.0,4.0,16.0,44.0,2.59,29.0,8.0,0.0,4.0,2.0,1.0,0.0,0.0,0.0,0.0,0.0,0.0,0.0,0.0,29.0,20.0,14.0,11.0,4.0,17.0,35.0,48.6,18.0,14.0,5.0,9.0,16.0,45.0,32.0,2.0,888.0,45.0,242.0,378.0,277.0,10.0,888.0,16.0,7.0,43.8,8.0,50.0,417.0,2167.0,1108.0,18.0,2.0,8.0,9.0,444.0,1.0,24.0,18.0,1.0,0.0,1.0,1.0,89.0,13.0,13.0,50.0,,,,,,,,,,,,,,,,,,,,,,,,,,,,,,,,,,,,,,,,,,73.0,60.6,79.0,8.0,2.0,9.0,1.0,1.14,18.0,21.0,-3.0,-0.18,0.46,26.2,20.8,5.4,0.32,0.57
551,2023-2024,Premier-League,Illia Zabarnyi,ua UKR,DF,Bournemouth,21-199,2002.0,28.0,28.0,2520.0,28.0,1.0,0.0,1.0,1.0,0.0,0.0,4.0,0.0,1.1,1.1,0.3,1.4,21.0,90.0,1.0,0.04,0.0,0.04,0.04,0.04,0.04,0.01,0.05,0.04,0.05,8.0,2.0,25.0,0.29,0.07,0.13,0.5,7.5,0.0,0.14,-0.1,-0.1,1144.0,1401.0,81.7,23946.0,8284.0,305.0,358.0,85.2,685.0,735.0,93.2,144.0,279.0,51.6,0.5,-0.3,6.0,106.0,9.0,0.0,1367.0,33.0,33.0,2.0,5.0,1.0,0.0,0.0,0.0,0.0,0.0,1.0,9.0,22.0,0.79,21.0,0.0,0.0,1.0,0.0,0.0,0.0,0.0,0.0,0.0,0.0,0.0,0.0,0.0,44.0,26.0,19.0,24.0,1.0,15.0,35.0,42.9,20.0,40.0,25.0,15.0,28.0,72.0,102.0,3.0,1678.0,237.0,854.0,768.0,62.0,16.0,1678.0,11.0,8.0,72.7,2.0,18.2,1006.0,5497.0,3321.0,11.0,0.0,11.0,1.0,1070.0,0.0,22.0,16.0,0.0,0.0,0.0,0.0,111.0,63.0,45.0,58.3,,,,,,,,,,,,,,,,,,,,,,,,,,,,,,,,,,,,,,,,,,90.0,100.0,90.0,28.0,0.0,0.0,0.0,1.25,41.0,52.0,-11.0,-0.39,0.0,42.6,44.8,-2.3,-0.08,0.0
552,2023-2024,Premier-League,Nicolò Zaniolo,it ITA,"MF,FW",Aston Villa,24-260,1999.0,19.0,7.0,592.0,6.6,1.0,0.0,1.0,1.0,0.0,0.0,6.0,0.0,1.8,1.8,0.9,2.7,23.0,21.0,45.0,0.15,0.0,0.15,0.15,0.15,0.27,0.14,0.41,0.27,0.41,20.0,6.0,30.0,3.04,0.91,0.05,0.17,14.0,0.0,0.09,-0.8,-0.8,101.0,155.0,65.2,1439.0,344.0,60.0,75.0,80.0,34.0,47.0,72.3,3.0,9.0,33.3,0.6,-0.9,8.0,13.0,4.0,0.0,152.0,2.0,0.0,0.0,1.0,13.0,1.0,0.0,0.0,0.0,0.0,1.0,17.0,23.0,3.51,15.0,0.0,2.0,4.0,1.0,1.0,2.0,0.31,2.0,0.0,0.0,0.0,0.0,0.0,11.0,4.0,6.0,3.0,2.0,5.0,11.0,45.5,6.0,13.0,0.0,13.0,1.0,12.0,9.0,0.0,287.0,8.0,33.0,118.0,140.0,48.0,287.0,32.0,10.0,31.3,19.0,59.4,197.0,1289.0,656.0,10.0,13.0,25.0,31.0,203.0,0.0,19.0,17.0,0.0,0.0,0.0,0.0,27.0,5.0,13.0,27.8,,,,,,,,,,,,,,,,,,,,,,,,,,,,,,,,,,,,,,,,,,31.0,23.5,57.0,0.0,12.0,16.0,5.0,1.63,13.0,9.0,4.0,0.61,-0.05,10.3,9.1,1.2,0.18,-0.28
553,2023-2024,Premier-League,Anass Zaroury,ma MAR,"FW,MF",Burnley,23-132,2000.0,6.0,1.0,152.0,1.7,0.0,0.0,0.0,0.0,0.0,0.0,0.0,1.0,0.2,0.2,0.0,0.2,2.0,2.0,12.0,0.0,0.0,0.0,0.0,0.0,0.1,0.02,0.12,0.1,0.12,3.0,1.0,33.3,1.78,0.59,0.0,0.0,20.9,0.0,0.06,-0.2,-0.2,43.0,70.0,61.4,714.0,120.0,23.0,31.0,74.2,13.0,21.0,61.9,6.0,11.0,54.5,0.1,0.0,2.0,2.0,2.0,1.0,65.0,5.0,0.0,0.0,0.0,11.0,0.0,4.0,2.0,2.0,0.0,0.0,4.0,2.0,1.18,1.0,1.0,0.0,0.0,0.0,0.0,0.0,0.0,0.0,0.0,0.0,0.0,0.0,0.0,1.0,0.0,1.0,0.0,0.0,0.0,4.0,0.0,4.0,2.0,0.0,2.0,0.0,1.0,1.0,1.0,87.0,1.0,12.0,39.0,37.0,4.0,87.0,6.0,2.0,33.3,3.0,50.0,60.0,362.0,91.0,2.0,0.0,3.0,2.0,68.0,0.0,4.0,3.0,0.0,0.0,0.0,0.0,8.0,0.0,1.0,0.0,,,,,,,,,,,,,,,,,,,,,,,,,,,,,,,,,,,,,,,,,,25.0,5.8,67.0,0.0,5.0,17.0,7.0,0.17,2.0,4.0,-2.0,-1.18,-0.01,1.8,2.8,-1.1,-0.64,0.13
554,2023-2024,Premier-League,Oleksandr Zinchenko,ua UKR,DF,Arsenal,27-094,1996.0,22.0,17.0,1440.0,16.0,1.0,2.0,3.0,1.0,0.0,0.0,2.0,0.0,0.5,0.5,1.8,2.3,36.0,196.0,54.0,0.06,0.12,0.19,0.06,0.19,0.03,0.11,0.14,0.03,0.14,15.0,3.0,20.0,0.94,0.19,0.07,0.33,22.4,0.0,0.03,0.5,0.5,1173.0,1336.0,87.8,20081.0,5951.0,538.0,582.0,92.4,523.0,580.0,90.2,89.0,123.0,72.4,2.5,0.2,24.0,136.0,41.0,4.0,1185.0,145.0,44.0,9.0,4.0,29.0,101.0,0.0,0.0,0.0,0.0,6.0,12.0,55.0,3.44,52.0,1.0,1.0,1.0,0.0,0.0,6.0,0.37,5.0,1.0,0.0,0.0,0.0,0.0,46.0,27.0,18.0,22.0,6.0,33.0,48.0,68.8,15.0,17.0,3.0,14.0,15.0,61.0,18.0,2.0,1467.0,35.0,279.0,748.0,449.0,27.0,1467.0,12.0,7.0,58.3,4.0,33.3,857.0,3975.0,1931.0,26.0,7.0,8.0,13.0,1001.0,0.0,7.0,8.0,1.0,0.0,0.0,0.0,86.0,24.0,14.0,63.2,,,,,,,,,,,,,,,,,,,,,,,,,,,,,,,,,,,,,,,,,,65.0,57.1,79.0,7.0,5.0,19.0,0.0,2.23,33.0,13.0,20.0,1.25,-0.92,30.9,10.6,20.3,1.27,-0.13
555,2023-2024,Premier-League,Kurt Zouma,fr FRA,DF,West Ham,29-143,1994.0,23.0,23.0,1997.0,22.2,2.0,0.0,2.0,2.0,0.0,0.0,3.0,0.0,1.5,1.5,0.1,1.6,5.0,43.0,0.0,0.09,0.0,0.09,0.09,0.09,0.07,0.0,0.07,0.07,0.07,14.0,6.0,42.9,0.63,0.27,0.14,0.33,9.2,0.0,0.11,0.5,0.5,704.0,851.0,82.7,13730.0,4945.0,239.0,264.0,90.5,383.0,424.0,90.3,76.0,140.0,54.3,0.1,-0.1,2.0,39.0,1.0,0.0,815.0,35.0,28.0,1.0,20.0,0.0,1.0,0.0,0.0,0.0,0.0,1.0,9.0,11.0,0.5,9.0,0.0,0.0,1.0,1.0,0.0,2.0,0.09,2.0,0.0,0.0,0.0,0.0,0.0,13.0,9.0,8.0,5.0,0.0,4.0,7.0,57.1,3.0,29.0,20.0,9.0,20.0,33.0,115.0,0.0,1071.0,190.0,583.0,465.0,24.0,20.0,1071.0,0.0,0.0,0.0,0.0,0.0,584.0,2759.0,1550.0,4.0,1.0,10.0,1.0,634.0,0.0,19.0,5.0,0.0,0.0,1.0,0.0,71.0,49.0,36.0,57.6,,,,,,,,,,,,,,,,,,,,,,,,,,,,,,,,,,,,,,,,,,87.0,79.2,87.0,20.0,0.0,0.0,1.0,1.61,38.0,39.0,-1.0,-0.05,0.47,30.9,40.1,-9.3,-0.42,-0.07
556,2023-2024,Premier-League,Martin Ødegaard,no NOR,MF,Arsenal,25-092,1998.0,25.0,25.0,2208.0,24.5,6.0,6.0,12.0,4.0,2.0,2.0,2.0,0.0,5.6,4.0,6.2,10.1,66.0,241.0,145.0,0.24,0.24,0.49,0.16,0.41,0.23,0.25,0.48,0.16,0.41,53.0,16.0,30.2,2.16,0.65,0.08,0.25,20.8,2.0,0.07,0.4,0.0,1275.0,1499.0,85.1,19337.0,5570.0,687.0,748.0,91.8,485.0,562.0,86.3,60.0,98.0,61.2,7.4,-0.2,73.0,121.0,82.0,8.0,1414.0,76.0,40.0,27.0,2.0,53.0,11.0,18.0,14.0,1.0,0.0,9.0,27.0,154.0,6.28,126.0,13.0,6.0,5.0,4.0,0.0,14.0,0.57,10.0,2.0,0.0,1.0,1.0,0.0,34.0,13.0,8.0,19.0,7.0,11.0,38.0,28.9,27.0,18.0,1.0,17.0,7.0,41.0,5.0,0.0,1722.0,15.0,178.0,697.0,857.0,112.0,1720.0,50.0,25.0,50.0,21.0,42.0,1168.0,5819.0,2542.0,57.0,24.0,36.0,44.0,1355.0,0.0,22.0,22.0,2.0,1.0,0.0,0.0,109.0,3.0,6.0,33.3,,,,,,,,,,,,,,,,,,,,,,,,,,,,,,,,,,,,,,,,,,88.0,87.6,88.0,16.0,0.0,0.0,1.0,2.32,60.0,20.0,40.0,1.63,-0.1,49.3,17.2,32.1,1.31,-0.17
557,2023-2024,Premier-League,Joshua Acheampong,,,Chelsea,,,,,,,,,,,,,,,,,,,,,,,,,,,,,,,,,,,,,,,,,,,,,,,,,,,,,,,,,,,,,,,,,,,,,,,,,,,,,,,,,,,,,,,,,,,,,,,,,,,,,,,,,,,,,,,,,,,,,,,,,,,,,,,,,,,,,,,,,,,,,,,,,,,,,,,,,,,,,,,,,,,,,,,,,,,,,,,,,,,,,0.0,0.0,0.0,0.0,0.0,0.0,1.0,0.0,0.0,0.0,0.0,0.0,0.0,0.0,0.0,0.0,0.0,0.0
558,2023-2024,Premier-League,Tayo Adaramola,,,Crystal Palace,,,,,,,,,,,,,,,,,,,,,,,,,,,,,,,,,,,,,,,,,,,,,,,,,,,,,,,,,,,,,,,,,,,,,,,,,,,,,,,,,,,,,,,,,,,,,,,,,,,,,,,,,,,,,,,,,,,,,,,,,,,,,,,,,,,,,,,,,,,,,,,,,,,,,,,,,,,,,,,,,,,,,,,,,,,,,,,,,,,,,0.0,0.0,0.0,0.0,0.0,0.0,2.0,0.0,0.0,0.0,0.0,0.0,0.0,0.0,0.0,0.0,0.0,0.0
559,2023-2024,Premier-League,Val Adedokun,,,Brentford,,,,,,,,,,,,,,,,,,,,,,,,,,,,,,,,,,,,,,,,,,,,,,,,,,,,,,,,,,,,,,,,,,,,,,,,,,,,,,,,,,,,,,,,,,,,,,,,,,,,,,,,,,,,,,,,,,,,,,,,,,,,,,,,,,,,,,,,,,,,,,,,,,,,,,,,,,,,,,,,,,,,,,,,,,,,,,,,,,,,,0.0,0.0,0.0,0.0,0.0,0.0,5.0,0.0,0.0,0.0,0.0,0.0,0.0,0.0,0.0,0.0,0.0,0.0
560,2023-2024,Premier-League,Adrián,,,Liverpool,,,,,,,,,,,,,,,,,,,,,,,,,,,,,,,,,,,,,,,,,,,,,,,,,,,,,,,,,,,,,,,,,,,,,,,,,,,,,,,,,,,,,,,,,,,,,,,,,,,,,,,,,,,,,,,,,,,,,,,,,,,,,,,,,,,,,,,,,,,,,,,,,,,,,,,,,,,,,,,,,,,,,,,,,,,,,,,,,,,,,0.0,0.0,0.0,0.0,0.0,0.0,12.0,0.0,0.0,0.0,0.0,0.0,0.0,0.0,0.0,0.0,0.0,0.0
561,2023-2024,Premier-League,Steven Alzate,,,Brighton,,,,,,,,,,,,,,,,,,,,,,,,,,,,,,,,,,,,,,,,,,,,,,,,,,,,,,,,,,,,,,,,,,,,,,,,,,,,,,,,,,,,,,,,,,,,,,,,,,,,,,,,,,,,,,,,,,,,,,,,,,,,,,,,,,,,,,,,,,,,,,,,,,,,,,,,,,,,,,,,,,,,,,,,,,,,,,,,,,,,,0.0,0.0,0.0,0.0,0.0,0.0,1.0,0.0,0.0,0.0,0.0,0.0,0.0,0.0,0.0,0.0,0.0,0.0
562,2023-2024,Premier-League,Jordan Amissah,,,Sheffield Utd,,,,,,,,,,,,,,,,,,,,,,,,,,,,,,,,,,,,,,,,,,,,,,,,,,,,,,,,,,,,,,,,,,,,,,,,,,,,,,,,,,,,,,,,,,,,,,,,,,,,,,,,,,,,,,,,,,,,,,,,,,,,,,,,,,,,,,,,,,,,,,,,,,,,,,,,,,,,,,,,,,,,,,,,,,,,,,,,,,,,,0.0,0.0,0.0,0.0,0.0,0.0,6.0,0.0,0.0,0.0,0.0,0.0,0.0,0.0,0.0,0.0,0.0,0.0
563,2023-2024,Premier-League,Joseph Anang,,,West Ham,,,,,,,,,,,,,,,,,,,,,,,,,,,,,,,,,,,,,,,,,,,,,,,,,,,,,,,,,,,,,,,,,,,,,,,,,,,,,,,,,,,,,,,,,,,,,,,,,,,,,,,,,,,,,,,,,,,,,,,,,,,,,,,,,,,,,,,,,,,,,,,,,,,,,,,,,,,,,,,,,,,,,,,,,,,,,,,,,,,,,0.0,0.0,0.0,0.0,0.0,0.0,4.0,0.0,0.0,0.0,0.0,0.0,0.0,0.0,0.0,0.0,0.0,0.0
564,2023-2024,Premier-League,Vincent Angelini,,,Brentford,,,,,,,,,,,,,,,,,,,,,,,,,,,,,,,,,,,,,,,,,,,,,,,,,,,,,,,,,,,,,,,,,,,,,,,,,,,,,,,,,,,,,,,,,,,,,,,,,,,,,,,,,,,,,,,,,,,,,,,,,,,,,,,,,,,,,,,,,,,,,,,,,,,,,,,,,,,,,,,,,,,,,,,,,,,,,,,,,,,,,0.0,0.0,0.0,0.0,0.0,0.0,2.0,0.0,0.0,0.0,0.0,0.0,0.0,0.0,0.0,0.0,0.0,0.0
565,2023-2024,Premier-League,Benjamin Arthur,,,Brentford,,,,,,,,,,,,,,,,,,,,,,,,,,,,,,,,,,,,,,,,,,,,,,,,,,,,,,,,,,,,,,,,,,,,,,,,,,,,,,,,,,,,,,,,,,,,,,,,,,,,,,,,,,,,,,,,,,,,,,,,,,,,,,,,,,,,,,,,,,,,,,,,,,,,,,,,,,,,,,,,,,,,,,,,,,,,,,,,,,,,,0.0,0.0,0.0,0.0,0.0,0.0,1.0,0.0,0.0,0.0,0.0,0.0,0.0,0.0,0.0,0.0,0.0,0.0
566,2023-2024,Premier-League,Brandon Austin,,,Tottenham,,,,,,,,,,,,,,,,,,,,,,,,,,,,,,,,,,,,,,,,,,,,,,,,,,,,,,,,,,,,,,,,,,,,,,,,,,,,,,,,,,,,,,,,,,,,,,,,,,,,,,,,,,,,,,,,,,,,,,,,,,,,,,,,,,,,,,,,,,,,,,,,,,,,,,,,,,,,,,,,,,,,,,,,,,,,,,,,,,,,,0.0,0.0,0.0,0.0,0.0,0.0,8.0,0.0,0.0,0.0,0.0,0.0,0.0,0.0,0.0,0.0,0.0,0.0
567,2023-2024,Premier-League,Stefan Bajcetic,,,Liverpool,,,,,,,,,,,,,,,,,,,,,,,,,,,,,,,,,,,,,,,,,,,,,,,,,,,,,,,,,,,,,,,,,,,,,,,,,,,,,,,,,,,,,,,,,,,,,,,,,,,,,,,,,,,,,,,,,,,,,,,,,,,,,,,,,,,,,,,,,,,,,,,,,,,,,,,,,,,,,,,,,,,,,,,,,,,,,,,,,,,,,0.0,0.0,0.0,0.0,0.0,0.0,4.0,0.0,0.0,0.0,0.0,0.0,0.0,0.0,0.0,0.0,0.0,0.0
568,2023-2024,Premier-League,Ellery Balcombe,,,Brentford,,,,,,,,,,,,,,,,,,,,,,,,,,,,,,,,,,,,,,,,,,,,,,,,,,,,,,,,,,,,,,,,,,,,,,,,,,,,,,,,,,,,,,,,,,,,,,,,,,,,,,,,,,,,,,,,,,,,,,,,,,,,,,,,,,,,,,,,,,,,,,,,,,,,,,,,,,,,,,,,,,,,,,,,,,,,,,,,,,,,,0.0,0.0,0.0,0.0,0.0,0.0,3.0,0.0,0.0,0.0,0.0,0.0,0.0,0.0,0.0,0.0,0.0,0.0
569,2023-2024,Premier-League,Mauro Bandeira,,,Arsenal,,,,,,,,,,,,,,,,,,,,,,,,,,,,,,,,,,,,,,,,,,,,,,,,,,,,,,,,,,,,,,,,,,,,,,,,,,,,,,,,,,,,,,,,,,,,,,,,,,,,,,,,,,,,,,,,,,,,,,,,,,,,,,,,,,,,,,,,,,,,,,,,,,,,,,,,,,,,,,,,,,,,,,,,,,,,,,,,,,,,,0.0,0.0,0.0,0.0,0.0,0.0,2.0,0.0,0.0,0.0,0.0,0.0,0.0,0.0,0.0,0.0,0.0,0.0
570,2023-2024,Premier-League,Valentín Barco,,,Brighton,,,,,,,,,,,,,,,,,,,,,,,,,,,,,,,,,,,,,,,,,,,,,,,,,,,,,,,,,,,,,,,,,,,,,,,,,,,,,,,,,,,,,,,,,,,,,,,,,,,,,,,,,,,,,,,,,,,,,,,,,,,,,,,,,,,,,,,,,,,,,,,,,,,,,,,,,,,,,,,,,,,,,,,,,,,,,,,,,,,,,0.0,0.0,0.0,0.0,0.0,0.0,2.0,0.0,0.0,0.0,0.0,0.0,0.0,0.0,0.0,0.0,0.0,0.0
571,2023-2024,Premier-League,Ty Barnett,,,Wolves,,,,,,,,,,,,,,,,,,,,,,,,,,,,,,,,,,,,,,,,,,,,,,,,,,,,,,,,,,,,,,,,,,,,,,,,,,,,,,,,,,,,,,,,,,,,,,,,,,,,,,,,,,,,,,,,,,,,,,,,,,,,,,,,,,,,,,,,,,,,,,,,,,,,,,,,,,,,,,,,,,,,,,,,,,,,,,,,,,,,,0.0,0.0,0.0,0.0,0.0,0.0,1.0,0.0,0.0,0.0,0.0,0.0,0.0,0.0,0.0,0.0,0.0,0.0
572,2023-2024,Premier-League,Luca Barrington,,,Brighton,,,,,,,,,,,,,,,,,,,,,,,,,,,,,,,,,,,,,,,,,,,,,,,,,,,,,,,,,,,,,,,,,,,,,,,,,,,,,,,,,,,,,,,,,,,,,,,,,,,,,,,,,,,,,,,,,,,,,,,,,,,,,,,,,,,,,,,,,,,,,,,,,,,,,,,,,,,,,,,,,,,,,,,,,,,,,,,,,,,,,0.0,0.0,0.0,0.0,0.0,0.0,2.0,0.0,0.0,0.0,0.0,0.0,0.0,0.0,0.0,0.0,0.0,0.0
573,2023-2024,Premier-League,Altay Bayındır,,,Manchester Utd,,,,,,,,,,,,,,,,,,,,,,,,,,,,,,,,,,,,,,,,,,,,,,,,,,,,,,,,,,,,,,,,,,,,,,,,,,,,,,,,,,,,,,,,,,,,,,,,,,,,,,,,,,,,,,,,,,,,,,,,,,,,,,,,,,,,,,,,,,,,,,,,,,,,,,,,,,,,,,,,,,,,,,,,,,,,,,,,,,,,,0.0,0.0,0.0,0.0,0.0,0.0,25.0,0.0,0.0,0.0,0.0,0.0,0.0,0.0,0.0,0.0,0.0,0.0
574,2023-2024,Premier-League,Eddie Beach,,,Chelsea,,,,,,,,,,,,,,,,,,,,,,,,,,,,,,,,,,,,,,,,,,,,,,,,,,,,,,,,,,,,,,,,,,,,,,,,,,,,,,,,,,,,,,,,,,,,,,,,,,,,,,,,,,,,,,,,,,,,,,,,,,,,,,,,,,,,,,,,,,,,,,,,,,,,,,,,,,,,,,,,,,,,,,,,,,,,,,,,,,,,,0.0,0.0,0.0,0.0,0.0,0.0,2.0,0.0,0.0,0.0,0.0,0.0,0.0,0.0,0.0,0.0,0.0,0.0
575,2023-2024,Premier-League,Rhys Bennett,,,Manchester Utd,,,,,,,,,,,,,,,,,,,,,,,,,,,,,,,,,,,,,,,,,,,,,,,,,,,,,,,,,,,,,,,,,,,,,,,,,,,,,,,,,,,,,,,,,,,,,,,,,,,,,,,,,,,,,,,,,,,,,,,,,,,,,,,,,,,,,,,,,,,,,,,,,,,,,,,,,,,,,,,,,,,,,,,,,,,,,,,,,,,,,0.0,0.0,0.0,0.0,0.0,0.0,1.0,0.0,0.0,0.0,0.0,0.0,0.0,0.0,0.0,0.0,0.0,0.0
576,2023-2024,Premier-League,Lucas Bergström,,,Chelsea,,,,,,,,,,,,,,,,,,,,,,,,,,,,,,,,,,,,,,,,,,,,,,,,,,,,,,,,,,,,,,,,,,,,,,,,,,,,,,,,,,,,,,,,,,,,,,,,,,,,,,,,,,,,,,,,,,,,,,,,,,,,,,,,,,,,,,,,,,,,,,,,,,,,,,,,,,,,,,,,,,,,,,,,,,,,,,,,,,,,,0.0,0.0,0.0,0.0,0.0,0.0,15.0,0.0,0.0,0.0,0.0,0.0,0.0,0.0,0.0,0.0,0.0,0.0
577,2023-2024,Premier-League,Marcus Bettinelli,,,Chelsea,,,,,,,,,,,,,,,,,,,,,,,,,,,,,,,,,,,,,,,,,,,,,,,,,,,,,,,,,,,,,,,,,,,,,,,,,,,,,,,,,,,,,,,,,,,,,,,,,,,,,,,,,,,,,,,,,,,,,,,,,,,,,,,,,,,,,,,,,,,,,,,,,,,,,,,,,,,,,,,,,,,,,,,,,,,,,,,,,,,,,0.0,0.0,0.0,0.0,0.0,0.0,6.0,0.0,1.0,2.0,-1.0,0.0,0.0,0.0,0.0,0.0,0.0,0.0
578,2023-2024,Premier-League,Billy Blacker,,,Sheffield Utd,,,,,,,,,,,,,,,,,,,,,,,,,,,,,,,,,,,,,,,,,,,,,,,,,,,,,,,,,,,,,,,,,,,,,,,,,,,,,,,,,,,,,,,,,,,,,,,,,,,,,,,,,,,,,,,,,,,,,,,,,,,,,,,,,,,,,,,,,,,,,,,,,,,,,,,,,,,,,,,,,,,,,,,,,,,,,,,,,,,,,0.0,0.0,0.0,0.0,0.0,0.0,1.0,0.0,0.0,0.0,0.0,0.0,0.0,0.0,0.0,0.0,0.0,0.0
579,2023-2024,Premier-League,Ethan Brierley,,,Brentford,,,,,,,,,,,,,,,,,,,,,,,,,,,,,,,,,,,,,,,,,,,,,,,,,,,,,,,,,,,,,,,,,,,,,,,,,,,,,,,,,,,,,,,,,,,,,,,,,,,,,,,,,,,,,,,,,,,,,,,,,,,,,,,,,,,,,,,,,,,,,,,,,,,,,,,,,,,,,,,,,,,,,,,,,,,,,,,,,,,,,0.0,0.0,0.0,0.0,0.0,0.0,13.0,0.0,0.0,0.0,0.0,0.0,0.0,0.0,0.0,0.0,0.0,0.0
580,2023-2024,Premier-League,Joshua Brooking,,,Chelsea,,,,,,,,,,,,,,,,,,,,,,,,,,,,,,,,,,,,,,,,,,,,,,,,,,,,,,,,,,,,,,,,,,,,,,,,,,,,,,,,,,,,,,,,,,,,,,,,,,,,,,,,,,,,,,,,,,,,,,,,,,,,,,,,,,,,,,,,,,,,,,,,,,,,,,,,,,,,,,,,,,,,,,,,,,,,,,,,,,,,,0.0,0.0,0.0,0.0,0.0,0.0,1.0,0.0,0.0,0.0,0.0,0.0,0.0,0.0,0.0,0.0,0.0,0.0
581,2023-2024,Premier-League,Jili Buyabu,,,Sheffield Utd,,,,,,,,,,,,,,,,,,,,,,,,,,,,,,,,,,,,,,,,,,,,,,,,,,,,,,,,,,,,,,,,,,,,,,,,,,,,,,,,,,,,,,,,,,,,,,,,,,,,,,,,,,,,,,,,,,,,,,,,,,,,,,,,,,,,,,,,,,,,,,,,,,,,,,,,,,,,,,,,,,,,,,,,,,,,,,,,,,,,,0.0,0.0,0.0,0.0,0.0,0.0,2.0,0.0,0.0,0.0,0.0,0.0,0.0,0.0,0.0,0.0,0.0,0.0
582,2023-2024,Premier-League,Allan Campbell,,,Luton Town,,,,,,,,,,,,,,,,,,,,,,,,,,,,,,,,,,,,,,,,,,,,,,,,,,,,,,,,,,,,,,,,,,,,,,,,,,,,,,,,,,,,,,,,,,,,,,,,,,,,,,,,,,,,,,,,,,,,,,,,,,,,,,,,,,,,,,,,,,,,,,,,,,,,,,,,,,,,,,,,,,,,,,,,,,,,,,,,,,,,,0.0,0.0,0.0,0.0,0.0,0.0,1.0,0.0,0.0,0.0,0.0,0.0,0.0,0.0,0.0,0.0,0.0,0.0
583,2023-2024,Premier-League,Elijah Campbell,,,Everton,,,,,,,,,,,,,,,,,,,,,,,,,,,,,,,,,,,,,,,,,,,,,,,,,,,,,,,,,,,,,,,,,,,,,,,,,,,,,,,,,,,,,,,,,,,,,,,,,,,,,,,,,,,,,,,,,,,,,,,,,,,,,,,,,,,,,,,,,,,,,,,,,,,,,,,,,,,,,,,,,,,,,,,,,,,,,,,,,,,,,0.0,0.0,0.0,0.0,0.0,0.0,1.0,0.0,0.0,0.0,0.0,0.0,0.0,0.0,0.0,0.0,0.0,0.0
584,2023-2024,Premier-League,Álvaro Carreras,,,Manchester Utd,,,,,,,,,,,,,,,,,,,,,,,,,,,,,,,,,,,,,,,,,,,,,,,,,,,,,,,,,,,,,,,,,,,,,,,,,,,,,,,,,,,,,,,,,,,,,,,,,,,,,,,,,,,,,,,,,,,,,,,,,,,,,,,,,,,,,,,,,,,,,,,,,,,,,,,,,,,,,,,,,,,,,,,,,,,,,,,,,,,,,0.0,0.0,0.0,0.0,0.0,0.0,1.0,0.0,0.0,0.0,0.0,0.0,0.0,0.0,0.0,0.0,0.0,0.0
585,2023-2024,Premier-League,Scott Carson,,,Manchester City,,,,,,,,,,,,,,,,,,,,,,,,,,,,,,,,,,,,,,,,,,,,,,,,,,,,,,,,,,,,,,,,,,,,,,,,,,,,,,,,,,,,,,,,,,,,,,,,,,,,,,,,,,,,,,,,,,,,,,,,,,,,,,,,,,,,,,,,,,,,,,,,,,,,,,,,,,,,,,,,,,,,,,,,,,,,,,,,,,,,,0.0,0.0,0.0,0.0,0.0,0.0,9.0,0.0,0.0,0.0,0.0,0.0,0.0,0.0,0.0,0.0,0.0,0.0
586,2023-2024,Premier-League,Kaelan Casey,,,West Ham,,,,,,,,,,,,,,,,,,,,,,,,,,,,,,,,,,,,,,,,,,,,,,,,,,,,,,,,,,,,,,,,,,,,,,,,,,,,,,,,,,,,,,,,,,,,,,,,,,,,,,,,,,,,,,,,,,,,,,,,,,,,,,,,,,,,,,,,,,,,,,,,,,,,,,,,,,,,,,,,,,,,,,,,,,,,,,,,,,,,,0.0,0.0,0.0,0.0,0.0,0.0,3.0,0.0,0.0,0.0,0.0,0.0,0.0,0.0,0.0,0.0,0.0,0.0
587,2023-2024,Premier-League,Leo Castledine,,,Chelsea,,,,,,,,,,,,,,,,,,,,,,,,,,,,,,,,,,,,,,,,,,,,,,,,,,,,,,,,,,,,,,,,,,,,,,,,,,,,,,,,,,,,,,,,,,,,,,,,,,,,,,,,,,,,,,,,,,,,,,,,,,,,,,,,,,,,,,,,,,,,,,,,,,,,,,,,,,,,,,,,,,,,,,,,,,,,,,,,,,,,,0.0,0.0,0.0,0.0,0.0,0.0,3.0,0.0,0.0,0.0,0.0,0.0,0.0,0.0,0.0,0.0,0.0,0.0
588,2023-2024,Premier-League,Luke Chambers,,,Liverpool,,,,,,,,,,,,,,,,,,,,,,,,,,,,,,,,,,,,,,,,,,,,,,,,,,,,,,,,,,,,,,,,,,,,,,,,,,,,,,,,,,,,,,,,,,,,,,,,,,,,,,,,,,,,,,,,,,,,,,,,,,,,,,,,,,,,,,,,,,,,,,,,,,,,,,,,,,,,,,,,,,,,,,,,,,,,,,,,,,,,,0.0,0.0,0.0,0.0,0.0,0.0,4.0,0.0,0.0,0.0,0.0,0.0,0.0,0.0,0.0,0.0,0.0,0.0
589,2023-2024,Premier-League,Ismaila Cheick Coulibaly,,,Sheffield Utd,,,,,,,,,,,,,,,,,,,,,,,,,,,,,,,,,,,,,,,,,,,,,,,,,,,,,,,,,,,,,,,,,,,,,,,,,,,,,,,,,,,,,,,,,,,,,,,,,,,,,,,,,,,,,,,,,,,,,,,,,,,,,,,,,,,,,,,,,,,,,,,,,,,,,,,,,,,,,,,,,,,,,,,,,,,,,,,,,,,,,0.0,0.0,0.0,0.0,0.0,0.0,1.0,0.0,0.0,0.0,0.0,0.0,0.0,0.0,0.0,0.0,0.0,0.0
590,2023-2024,Premier-League,Leon Chiwome,,,Wolves,,,,,,,,,,,,,,,,,,,,,,,,,,,,,,,,,,,,,,,,,,,,,,,,,,,,,,,,,,,,,,,,,,,,,,,,,,,,,,,,,,,,,,,,,,,,,,,,,,,,,,,,,,,,,,,,,,,,,,,,,,,,,,,,,,,,,,,,,,,,,,,,,,,,,,,,,,,,,,,,,,,,,,,,,,,,,,,,,,,,,0.0,0.0,0.0,0.0,0.0,0.0,1.0,0.0,0.0,0.0,0.0,0.0,0.0,0.0,0.0,0.0,0.0,0.0
591,2023-2024,Premier-League,Toby Collier,,,Manchester Utd,,,,,,,,,,,,,,,,,,,,,,,,,,,,,,,,,,,,,,,,,,,,,,,,,,,,,,,,,,,,,,,,,,,,,,,,,,,,,,,,,,,,,,,,,,,,,,,,,,,,,,,,,,,,,,,,,,,,,,,,,,,,,,,,,,,,,,,,,,,,,,,,,,,,,,,,,,,,,,,,,,,,,,,,,,,,,,,,,,,,,0.0,0.0,0.0,0.0,0.0,0.0,3.0,0.0,0.0,0.0,0.0,0.0,0.0,0.0,0.0,0.0,0.0,0.0
592,2023-2024,Premier-League,Conor Coventry,,,West Ham,,,,,,,,,,,,,,,,,,,,,,,,,,,,,,,,,,,,,,,,,,,,,,,,,,,,,,,,,,,,,,,,,,,,,,,,,,,,,,,,,,,,,,,,,,,,,,,,,,,,,,,,,,,,,,,,,,,,,,,,,,,,,,,,,,,,,,,,,,,,,,,,,,,,,,,,,,,,,,,,,,,,,,,,,,,,,,,,,,,,,0.0,0.0,0.0,0.0,0.0,0.0,2.0,0.0,0.0,0.0,0.0,0.0,0.0,0.0,0.0,0.0,0.0,0.0
593,2023-2024,Premier-League,Sam Curtis,,,Sheffield Utd,,,,,,,,,,,,,,,,,,,,,,,,,,,,,,,,,,,,,,,,,,,,,,,,,,,,,,,,,,,,,,,,,,,,,,,,,,,,,,,,,,,,,,,,,,,,,,,,,,,,,,,,,,,,,,,,,,,,,,,,,,,,,,,,,,,,,,,,,,,,,,,,,,,,,,,,,,,,,,,,,,,,,,,,,,,,,,,,,,,,,0.0,0.0,0.0,0.0,0.0,0.0,2.0,0.0,0.0,0.0,0.0,0.0,0.0,0.0,0.0,0.0,0.0,0.0
594,2023-2024,Premier-League,Adam Davies,,,Sheffield Utd,,,,,,,,,,,,,,,,,,,,,,,,,,,,,,,,,,,,,,,,,,,,,,,,,,,,,,,,,,,,,,,,,,,,,,,,,,,,,,,,,,,,,,,,,,,,,,,,,,,,,,,,,,,,,,,,,,,,,,,,,,,,,,,,,,,,,,,,,,,,,,,,,,,,,,,,,,,,,,,,,,,,,,,,,,,,,,,,,,,,,0.0,0.0,0.0,0.0,0.0,0.0,17.0,0.0,0.0,0.0,0.0,0.0,0.0,0.0,0.0,0.0,0.0,0.0
595,2023-2024,Premier-League,Luc De Fougerolles,,,Fulham,,,,,,,,,,,,,,,,,,,,,,,,,,,,,,,,,,,,,,,,,,,,,,,,,,,,,,,,,,,,,,,,,,,,,,,,,,,,,,,,,,,,,,,,,,,,,,,,,,,,,,,,,,,,,,,,,,,,,,,,,,,,,,,,,,,,,,,,,,,,,,,,,,,,,,,,,,,,,,,,,,,,,,,,,,,,,,,,,,,,,0.0,0.0,0.0,0.0,0.0,0.0,5.0,0.0,0.0,0.0,0.0,0.0,0.0,0.0,0.0,0.0,0.0,0.0
596,2023-2024,Premier-League,Matt Dibley-Dias,,,Fulham,,,,,,,,,,,,,,,,,,,,,,,,,,,,,,,,,,,,,,,,,,,,,,,,,,,,,,,,,,,,,,,,,,,,,,,,,,,,,,,,,,,,,,,,,,,,,,,,,,,,,,,,,,,,,,,,,,,,,,,,,,,,,,,,,,,,,,,,,,,,,,,,,,,,,,,,,,,,,,,,,,,,,,,,,,,,,,,,,,,,,0.0,0.0,0.0,0.0,0.0,0.0,1.0,0.0,0.0,0.0,0.0,0.0,0.0,0.0,0.0,0.0,0.0,0.0
597,2023-2024,Premier-League,Alfie Dorrington,,,Tottenham,,,,,,,,,,,,,,,,,,,,,,,,,,,,,,,,,,,,,,,,,,,,,,,,,,,,,,,,,,,,,,,,,,,,,,,,,,,,,,,,,,,,,,,,,,,,,,,,,,,,,,,,,,,,,,,,,,,,,,,,,,,,,,,,,,,,,,,,,,,,,,,,,,,,,,,,,,,,,,,,,,,,,,,,,,,,,,,,,,,,,0.0,0.0,0.0,0.0,0.0,0.0,10.0,0.0,0.0,0.0,0.0,0.0,0.0,0.0,0.0,0.0,0.0,0.0
598,2023-2024,Premier-League,Josh Duffus,,,Brighton,,,,,,,,,,,,,,,,,,,,,,,,,,,,,,,,,,,,,,,,,,,,,,,,,,,,,,,,,,,,,,,,,,,,,,,,,,,,,,,,,,,,,,,,,,,,,,,,,,,,,,,,,,,,,,,,,,,,,,,,,,,,,,,,,,,,,,,,,,,,,,,,,,,,,,,,,,,,,,,,,,,,,,,,,,,,,,,,,,,,,0.0,0.0,0.0,0.0,0.0,0.0,1.0,0.0,0.0,0.0,0.0,0.0,0.0,0.0,0.0,0.0,0.0,0.0
599,2023-2024,Premier-League,George Earthy,,,West Ham,,,,,,,,,,,,,,,,,,,,,,,,,,,,,,,,,,,,,,,,,,,,,,,,,,,,,,,,,,,,,,,,,,,,,,,,,,,,,,,,,,,,,,,,,,,,,,,,,,,,,,,,,,,,,,,,,,,,,,,,,,,,,,,,,,,,,,,,,,,,,,,,,,,,,,,,,,,,,,,,,,,,,,,,,,,,,,,,,,,,,0.0,0.0,0.0,0.0,0.0,0.0,2.0,0.0,0.0,0.0,0.0,0.0,0.0,0.0,0.0,0.0,0.0,0.0
600,2023-2024,Premier-League,Malcolm Ebiowei,,,Crystal Palace,,,,,,,,,,,,,,,,,,,,,,,,,,,,,,,,,,,,,,,,,,,,,,,,,,,,,,,,,,,,,,,,,,,,,,,,,,,,,,,,,,,,,,,,,,,,,,,,,,,,,,,,,,,,,,,,,,,,,,,,,,,,,,,,,,,,,,,,,,,,,,,,,,,,,,,,,,,,,,,,,,,,,,,,,,,,,,,,,,,,,0.0,0.0,0.0,0.0,0.0,0.0,10.0,0.0,0.0,0.0,0.0,0.0,0.0,0.0,0.0,0.0,0.0,0.0
601,2023-2024,Premier-League,CJ Egan-Riley,,,Burnley,,,,,,,,,,,,,,,,,,,,,,,,,,,,,,,,,,,,,,,,,,,,,,,,,,,,,,,,,,,,,,,,,,,,,,,,,,,,,,,,,,,,,,,,,,,,,,,,,,,,,,,,,,,,,,,,,,,,,,,,,,,,,,,,,,,,,,,,,,,,,,,,,,,,,,,,,,,,,,,,,,,,,,,,,,,,,,,,,,,,,0.0,0.0,0.0,0.0,0.0,0.0,1.0,0.0,0.0,0.0,0.0,0.0,0.0,0.0,0.0,0.0,0.0,0.0
602,2023-2024,Premier-League,Fraser Forster,,,Tottenham,,,,,,,,,,,,,,,,,,,,,,,,,,,,,,,,,,,,,,,,,,,,,,,,,,,,,,,,,,,,,,,,,,,,,,,,,,,,,,,,,,,,,,,,,,,,,,,,,,,,,,,,,,,,,,,,,,,,,,,,,,,,,,,,,,,,,,,,,,,,,,,,,,,,,,,,,,,,,,,,,,,,,,,,,,,,,,,,,,,,,0.0,0.0,0.0,0.0,0.0,0.0,23.0,0.0,0.0,0.0,0.0,0.0,0.0,0.0,0.0,0.0,0.0,0.0
603,2023-2024,Premier-League,Aidan Francis,,,Luton Town,,,,,,,,,,,,,,,,,,,,,,,,,,,,,,,,,,,,,,,,,,,,,,,,,,,,,,,,,,,,,,,,,,,,,,,,,,,,,,,,,,,,,,,,,,,,,,,,,,,,,,,,,,,,,,,,,,,,,,,,,,,,,,,,,,,,,,,,,,,,,,,,,,,,,,,,,,,,,,,,,,,,,,,,,,,,,,,,,,,,,0.0,0.0,0.0,0.0,0.0,0.0,2.0,0.0,0.0,0.0,0.0,0.0,0.0,0.0,0.0,0.0,0.0,0.0
604,2023-2024,Premier-League,Tyrese Francois,,,Fulham,,,,,,,,,,,,,,,,,,,,,,,,,,,,,,,,,,,,,,,,,,,,,,,,,,,,,,,,,,,,,,,,,,,,,,,,,,,,,,,,,,,,,,,,,,,,,,,,,,,,,,,,,,,,,,,,,,,,,,,,,,,,,,,,,,,,,,,,,,,,,,,,,,,,,,,,,,,,,,,,,,,,,,,,,,,,,,,,,,,,,0.0,0.0,0.0,0.0,0.0,0.0,5.0,0.0,0.0,0.0,0.0,0.0,0.0,0.0,0.0,0.0,0.0,0.0
605,2023-2024,Premier-League,Benjamin Fredrick,,,Brentford,,,,,,,,,,,,,,,,,,,,,,,,,,,,,,,,,,,,,,,,,,,,,,,,,,,,,,,,,,,,,,,,,,,,,,,,,,,,,,,,,,,,,,,,,,,,,,,,,,,,,,,,,,,,,,,,,,,,,,,,,,,,,,,,,,,,,,,,,,,,,,,,,,,,,,,,,,,,,,,,,,,,,,,,,,,,,,,,,,,,,0.0,0.0,0.0,0.0,0.0,0.0,2.0,0.0,0.0,0.0,0.0,0.0,0.0,0.0,0.0,0.0,0.0,0.0
606,2023-2024,Premier-League,Remo Freuler,,,Nott'ham Forest,,,,,,,,,,,,,,,,,,,,,,,,,,,,,,,,,,,,,,,,,,,,,,,,,,,,,,,,,,,,,,,,,,,,,,,,,,,,,,,,,,,,,,,,,,,,,,,,,,,,,,,,,,,,,,,,,,,,,,,,,,,,,,,,,,,,,,,,,,,,,,,,,,,,,,,,,,,,,,,,,,,,,,,,,,,,,,,,,,,,,0.0,0.0,0.0,0.0,0.0,0.0,3.0,0.0,0.0,0.0,0.0,0.0,0.0,0.0,0.0,0.0,0.0,0.0
607,2023-2024,Premier-League,Joe Gardner,,,Nott'ham Forest,,,,,,,,,,,,,,,,,,,,,,,,,,,,,,,,,,,,,,,,,,,,,,,,,,,,,,,,,,,,,,,,,,,,,,,,,,,,,,,,,,,,,,,,,,,,,,,,,,,,,,,,,,,,,,,,,,,,,,,,,,,,,,,,,,,,,,,,,,,,,,,,,,,,,,,,,,,,,,,,,,,,,,,,,,,,,,,,,,,,,0.0,0.0,0.0,0.0,0.0,0.0,2.0,0.0,0.0,0.0,0.0,0.0,0.0,0.0,0.0,0.0,0.0,0.0
608,2023-2024,Premier-League,Joe Gauci,,,Aston Villa,,,,,,,,,,,,,,,,,,,,,,,,,,,,,,,,,,,,,,,,,,,,,,,,,,,,,,,,,,,,,,,,,,,,,,,,,,,,,,,,,,,,,,,,,,,,,,,,,,,,,,,,,,,,,,,,,,,,,,,,,,,,,,,,,,,,,,,,,,,,,,,,,,,,,,,,,,,,,,,,,,,,,,,,,,,,,,,,,,,,,0.0,0.0,0.0,0.0,0.0,0.0,2.0,0.0,0.0,0.0,0.0,0.0,0.0,0.0,0.0,0.0,0.0,0.0
609,2023-2024,Premier-League,Mark Gillespie,,,Newcastle Utd,,,,,,,,,,,,,,,,,,,,,,,,,,,,,,,,,,,,,,,,,,,,,,,,,,,,,,,,,,,,,,,,,,,,,,,,,,,,,,,,,,,,,,,,,,,,,,,,,,,,,,,,,,,,,,,,,,,,,,,,,,,,,,,,,,,,,,,,,,,,,,,,,,,,,,,,,,,,,,,,,,,,,,,,,,,,,,,,,,,,,0.0,0.0,0.0,0.0,0.0,0.0,9.0,0.0,0.0,0.0,0.0,0.0,0.0,0.0,0.0,0.0,0.0,0.0
610,2023-2024,Premier-League,Enso Gonzalez,,,Wolves,,,,,,,,,,,,,,,,,,,,,,,,,,,,,,,,,,,,,,,,,,,,,,,,,,,,,,,,,,,,,,,,,,,,,,,,,,,,,,,,,,,,,,,,,,,,,,,,,,,,,,,,,,,,,,,,,,,,,,,,,,,,,,,,,,,,,,,,,,,,,,,,,,,,,,,,,,,,,,,,,,,,,,,,,,,,,,,,,,,,,0.0,0.0,0.0,0.0,0.0,0.0,1.0,0.0,0.0,0.0,0.0,0.0,0.0,0.0,0.0,0.0,0.0,0.0
611,2023-2024,Premier-League,Charlie Goode,,,Brentford,,,,,,,,,,,,,,,,,,,,,,,,,,,,,,,,,,,,,,,,,,,,,,,,,,,,,,,,,,,,,,,,,,,,,,,,,,,,,,,,,,,,,,,,,,,,,,,,,,,,,,,,,,,,,,,,,,,,,,,,,,,,,,,,,,,,,,,,,,,,,,,,,,,,,,,,,,,,,,,,,,,,,,,,,,,,,,,,,,,,,0.0,0.0,0.0,0.0,0.0,0.0,5.0,0.0,0.0,0.0,0.0,0.0,0.0,0.0,0.0,0.0,0.0,0.0
612,2023-2024,Premier-League,John-Kymani Gordon,,,Crystal Palace,,,,,,,,,,,,,,,,,,,,,,,,,,,,,,,,,,,,,,,,,,,,,,,,,,,,,,,,,,,,,,,,,,,,,,,,,,,,,,,,,,,,,,,,,,,,,,,,,,,,,,,,,,,,,,,,,,,,,,,,,,,,,,,,,,,,,,,,,,,,,,,,,,,,,,,,,,,,,,,,,,,,,,,,,,,,,,,,,,,,,0.0,0.0,0.0,0.0,0.0,0.0,3.0,0.0,0.0,0.0,0.0,0.0,0.0,0.0,0.0,0.0,0.0,0.0
613,2023-2024,Premier-League,Ben Greenwood,,,Bournemouth,,,,,,,,,,,,,,,,,,,,,,,,,,,,,,,,,,,,,,,,,,,,,,,,,,,,,,,,,,,,,,,,,,,,,,,,,,,,,,,,,,,,,,,,,,,,,,,,,,,,,,,,,,,,,,,,,,,,,,,,,,,,,,,,,,,,,,,,,,,,,,,,,,,,,,,,,,,,,,,,,,,,,,,,,,,,,,,,,,,,,0.0,0.0,0.0,0.0,0.0,0.0,4.0,0.0,0.0,0.0,0.0,0.0,0.0,0.0,0.0,0.0,0.0,0.0
614,2023-2024,Premier-League,Harvey Griffiths,,,Wolves,,,,,,,,,,,,,,,,,,,,,,,,,,,,,,,,,,,,,,,,,,,,,,,,,,,,,,,,,,,,,,,,,,,,,,,,,,,,,,,,,,,,,,,,,,,,,,,,,,,,,,,,,,,,,,,,,,,,,,,,,,,,,,,,,,,,,,,,,,,,,,,,,,,,,,,,,,,,,,,,,,,,,,,,,,,,,,,,,,,,,0.0,0.0,0.0,0.0,0.0,0.0,2.0,0.0,0.0,0.0,0.0,0.0,0.0,0.0,0.0,0.0,0.0,0.0
615,2023-2024,Premier-League,Micah Hamilton,,,Manchester City,,,,,,,,,,,,,,,,,,,,,,,,,,,,,,,,,,,,,,,,,,,,,,,,,,,,,,,,,,,,,,,,,,,,,,,,,,,,,,,,,,,,,,,,,,,,,,,,,,,,,,,,,,,,,,,,,,,,,,,,,,,,,,,,,,,,,,,,,,,,,,,,,,,,,,,,,,,,,,,,,,,,,,,,,,,,,,,,,,,,,0.0,0.0,0.0,0.0,0.0,0.0,2.0,0.0,0.0,0.0,0.0,0.0,0.0,0.0,0.0,0.0,0.0,0.0
616,2023-2024,Premier-League,Ollie Harrison,,,Chelsea,,,,,,,,,,,,,,,,,,,,,,,,,,,,,,,,,,,,,,,,,,,,,,,,,,,,,,,,,,,,,,,,,,,,,,,,,,,,,,,,,,,,,,,,,,,,,,,,,,,,,,,,,,,,,,,,,,,,,,,,,,,,,,,,,,,,,,,,,,,,,,,,,,,,,,,,,,,,,,,,,,,,,,,,,,,,,,,,,,,,,0.0,0.0,0.0,0.0,0.0,0.0,1.0,0.0,0.0,0.0,0.0,0.0,0.0,0.0,0.0,0.0,0.0,0.0
617,2023-2024,Premier-League,Travis Hearnes,,,Newcastle Utd,,,,,,,,,,,,,,,,,,,,,,,,,,,,,,,,,,,,,,,,,,,,,,,,,,,,,,,,,,,,,,,,,,,,,,,,,,,,,,,,,,,,,,,,,,,,,,,,,,,,,,,,,,,,,,,,,,,,,,,,,,,,,,,,,,,,,,,,,,,,,,,,,,,,,,,,,,,,,,,,,,,,,,,,,,,,,,,,,,,,,0.0,0.0,0.0,0.0,0.0,0.0,1.0,0.0,0.0,0.0,0.0,0.0,0.0,0.0,0.0,0.0,0.0,0.0
618,2023-2024,Premier-League,Tom Heaton,,,Manchester Utd,,,,,,,,,,,,,,,,,,,,,,,,,,,,,,,,,,,,,,,,,,,,,,,,,,,,,,,,,,,,,,,,,,,,,,,,,,,,,,,,,,,,,,,,,,,,,,,,,,,,,,,,,,,,,,,,,,,,,,,,,,,,,,,,,,,,,,,,,,,,,,,,,,,,,,,,,,,,,,,,,,,,,,,,,,,,,,,,,,,,,0.0,0.0,0.0,0.0,0.0,0.0,1.0,0.0,0.0,0.0,0.0,0.0,0.0,0.0,0.0,0.0,0.0,0.0
619,2023-2024,Premier-League,Dean Henderson,,,Manchester Utd,,,,,,,,,,,,,,,,,,,,,,,,,,,,,,,,,,,,,,,,,,,,,,,,,,,,,,,,,,,,,,,,,,,,,,,,,,,,,,,,,,,,,,,,,,,,,,,,,,,,,,,,,,,,,,,,,,,,,,,,,,,,,,,,,,,,,,,,,,,,,,,,,,,,,,,,,,,,,,,,,,,,,,,,,,,,,,,,,,,,,0.0,0.0,0.0,0.0,0.0,0.0,3.0,0.0,0.0,0.0,0.0,0.0,0.0,0.0,0.0,0.0,0.0,0.0
620,2023-2024,Premier-League,Wayne Hennessey,,,Nott'ham Forest,,,,,,,,,,,,,,,,,,,,,,,,,,,,,,,,,,,,,,,,,,,,,,,,,,,,,,,,,,,,,,,,,,,,,,,,,,,,,,,,,,,,,,,,,,,,,,,,,,,,,,,,,,,,,,,,,,,,,,,,,,,,,,,,,,,,,,,,,,,,,,,,,,,,,,,,,,,,,,,,,,,,,,,,,,,,,,,,,,,,,0.0,0.0,0.0,0.0,0.0,0.0,1.0,0.0,0.0,0.0,0.0,0.0,0.0,0.0,0.0,0.0,0.0,0.0
621,2023-2024,Premier-League,Owen Hesketh,,,Wolves,,,,,,,,,,,,,,,,,,,,,,,,,,,,,,,,,,,,,,,,,,,,,,,,,,,,,,,,,,,,,,,,,,,,,,,,,,,,,,,,,,,,,,,,,,,,,,,,,,,,,,,,,,,,,,,,,,,,,,,,,,,,,,,,,,,,,,,,,,,,,,,,,,,,,,,,,,,,,,,,,,,,,,,,,,,,,,,,,,,,,0.0,0.0,0.0,0.0,0.0,0.0,1.0,0.0,0.0,0.0,0.0,0.0,0.0,0.0,0.0,0.0,0.0,0.0
622,2023-2024,Premier-League,Joseph Hodge,,,Wolves,,,,,,,,,,,,,,,,,,,,,,,,,,,,,,,,,,,,,,,,,,,,,,,,,,,,,,,,,,,,,,,,,,,,,,,,,,,,,,,,,,,,,,,,,,,,,,,,,,,,,,,,,,,,,,,,,,,,,,,,,,,,,,,,,,,,,,,,,,,,,,,,,,,,,,,,,,,,,,,,,,,,,,,,,,,,,,,,,,,,,0.0,0.0,0.0,0.0,0.0,0.0,9.0,0.0,0.0,0.0,0.0,0.0,0.0,0.0,0.0,0.0,0.0,0.0
623,2023-2024,Premier-League,Rob Holding,,,Crystal Palace,,,,,,,,,,,,,,,,,,,,,,,,,,,,,,,,,,,,,,,,,,,,,,,,,,,,,,,,,,,,,,,,,,,,,,,,,,,,,,,,,,,,,,,,,,,,,,,,,,,,,,,,,,,,,,,,,,,,,,,,,,,,,,,,,,,,,,,,,,,,,,,,,,,,,,,,,,,,,,,,,,,,,,,,,,,,,,,,,,,,,0.0,0.0,0.0,0.0,0.0,0.0,9.0,0.0,0.0,0.0,0.0,0.0,0.0,0.0,0.0,0.0,0.0,0.0
624,2023-2024,Premier-League,Ethan Horvath,,,Nott'ham Forest,,,,,,,,,,,,,,,,,,,,,,,,,,,,,,,,,,,,,,,,,,,,,,,,,,,,,,,,,,,,,,,,,,,,,,,,,,,,,,,,,,,,,,,,,,,,,,,,,,,,,,,,,,,,,,,,,,,,,,,,,,,,,,,,,,,,,,,,,,,,,,,,,,,,,,,,,,,,,,,,,,,,,,,,,,,,,,,,,,,,,0.0,0.0,0.0,0.0,0.0,0.0,4.0,0.0,0.0,0.0,0.0,0.0,0.0,0.0,0.0,0.0,0.0,0.0
625,2023-2024,Premier-League,Justin Hubner,,,Wolves,,,,,,,,,,,,,,,,,,,,,,,,,,,,,,,,,,,,,,,,,,,,,,,,,,,,,,,,,,,,,,,,,,,,,,,,,,,,,,,,,,,,,,,,,,,,,,,,,,,,,,,,,,,,,,,,,,,,,,,,,,,,,,,,,,,,,,,,,,,,,,,,,,,,,,,,,,,,,,,,,,,,,,,,,,,,,,,,,,,,,0.0,0.0,0.0,0.0,0.0,0.0,1.0,0.0,0.0,0.0,0.0,0.0,0.0,0.0,0.0,0.0,0.0,0.0
626,2023-2024,Premier-League,Joe Hugill,,,Manchester Utd,,,,,,,,,,,,,,,,,,,,,,,,,,,,,,,,,,,,,,,,,,,,,,,,,,,,,,,,,,,,,,,,,,,,,,,,,,,,,,,,,,,,,,,,,,,,,,,,,,,,,,,,,,,,,,,,,,,,,,,,,,,,,,,,,,,,,,,,,,,,,,,,,,,,,,,,,,,,,,,,,,,,,,,,,,,,,,,,,,,,,0.0,0.0,0.0,0.0,0.0,0.0,1.0,0.0,0.0,0.0,0.0,0.0,0.0,0.0,0.0,0.0,0.0,0.0
627,2023-2024,Premier-League,Bashir Humphreys,,,Chelsea,,,,,,,,,,,,,,,,,,,,,,,,,,,,,,,,,,,,,,,,,,,,,,,,,,,,,,,,,,,,,,,,,,,,,,,,,,,,,,,,,,,,,,,,,,,,,,,,,,,,,,,,,,,,,,,,,,,,,,,,,,,,,,,,,,,,,,,,,,,,,,,,,,,,,,,,,,,,,,,,,,,,,,,,,,,,,,,,,,,,,0.0,0.0,0.0,0.0,0.0,0.0,2.0,0.0,0.0,0.0,0.0,0.0,0.0,0.0,0.0,0.0,0.0,0.0
628,2023-2024,Premier-League,Mackenzie Hunt,,,Everton,,,,,,,,,,,,,,,,,,,,,,,,,,,,,,,,,,,,,,,,,,,,,,,,,,,,,,,,,,,,,,,,,,,,,,,,,,,,,,,,,,,,,,,,,,,,,,,,,,,,,,,,,,,,,,,,,,,,,,,,,,,,,,,,,,,,,,,,,,,,,,,,,,,,,,,,,,,,,,,,,,,,,,,,,,,,,,,,,,,,,0.0,0.0,0.0,0.0,0.0,0.0,14.0,0.0,0.0,0.0,0.0,0.0,0.0,0.0,0.0,0.0,0.0,0.0
629,2023-2024,Premier-League,Bradley Ibrahim,,,Arsenal,,,,,,,,,,,,,,,,,,,,,,,,,,,,,,,,,,,,,,,,,,,,,,,,,,,,,,,,,,,,,,,,,,,,,,,,,,,,,,,,,,,,,,,,,,,,,,,,,,,,,,,,,,,,,,,,,,,,,,,,,,,,,,,,,,,,,,,,,,,,,,,,,,,,,,,,,,,,,,,,,,,,,,,,,,,,,,,,,,,,,0.0,0.0,0.0,0.0,0.0,0.0,1.0,0.0,0.0,0.0,0.0,0.0,0.0,0.0,0.0,0.0,0.0,0.0
630,2023-2024,Premier-League,Ben Jackson,,,Brighton,,,,,,,,,,,,,,,,,,,,,,,,,,,,,,,,,,,,,,,,,,,,,,,,,,,,,,,,,,,,,,,,,,,,,,,,,,,,,,,,,,,,,,,,,,,,,,,,,,,,,,,,,,,,,,,,,,,,,,,,,,,,,,,,,,,,,,,,,,,,,,,,,,,,,,,,,,,,,,,,,,,,,,,,,,,,,,,,,,,,,0.0,0.0,0.0,0.0,0.0,0.0,1.0,0.0,0.0,0.0,0.0,0.0,0.0,0.0,0.0,0.0,0.0,0.0
631,2023-2024,Premier-League,Karl Jakob Hein,,,Arsenal,,,,,,,,,,,,,,,,,,,,,,,,,,,,,,,,,,,,,,,,,,,,,,,,,,,,,,,,,,,,,,,,,,,,,,,,,,,,,,,,,,,,,,,,,,,,,,,,,,,,,,,,,,,,,,,,,,,,,,,,,,,,,,,,,,,,,,,,,,,,,,,,,,,,,,,,,,,,,,,,,,,,,,,,,,,,,,,,,,,,,0.0,0.0,0.0,0.0,0.0,0.0,5.0,0.0,0.0,0.0,0.0,0.0,0.0,0.0,0.0,0.0,0.0,0.0
632,2023-2024,Premier-League,Kim Jisoo,,,Brentford,,,,,,,,,,,,,,,,,,,,,,,,,,,,,,,,,,,,,,,,,,,,,,,,,,,,,,,,,,,,,,,,,,,,,,,,,,,,,,,,,,,,,,,,,,,,,,,,,,,,,,,,,,,,,,,,,,,,,,,,,,,,,,,,,,,,,,,,,,,,,,,,,,,,,,,,,,,,,,,,,,,,,,,,,,,,,,,,,,,,,0.0,0.0,0.0,0.0,0.0,0.0,5.0,0.0,0.0,0.0,0.0,0.0,0.0,0.0,0.0,0.0,0.0,0.0
633,2023-2024,Premier-League,Joseph Johnson,,,Luton Town,,,,,,,,,,,,,,,,,,,,,,,,,,,,,,,,,,,,,,,,,,,,,,,,,,,,,,,,,,,,,,,,,,,,,,,,,,,,,,,,,,,,,,,,,,,,,,,,,,,,,,,,,,,,,,,,,,,,,,,,,,,,,,,,,,,,,,,,,,,,,,,,,,,,,,,,,,,,,,,,,,,,,,,,,,,,,,,,,,,,,0.0,0.0,0.0,0.0,0.0,0.0,10.0,0.0,0.0,0.0,0.0,0.0,0.0,0.0,0.0,0.0,0.0,0.0
634,2023-2024,Premier-League,Leigh Kavanagh,,,Brighton,,,,,,,,,,,,,,,,,,,,,,,,,,,,,,,,,,,,,,,,,,,,,,,,,,,,,,,,,,,,,,,,,,,,,,,,,,,,,,,,,,,,,,,,,,,,,,,,,,,,,,,,,,,,,,,,,,,,,,,,,,,,,,,,,,,,,,,,,,,,,,,,,,,,,,,,,,,,,,,,,,,,,,,,,,,,,,,,,,,,,0.0,0.0,0.0,0.0,0.0,0.0,4.0,0.0,0.0,0.0,0.0,0.0,0.0,0.0,0.0,0.0,0.0,0.0
635,2023-2024,Premier-League,Omari Kellyman,,,Aston Villa,,,,,,,,,,,,,,,,,,,,,,,,,,,,,,,,,,,,,,,,,,,,,,,,,,,,,,,,,,,,,,,,,,,,,,,,,,,,,,,,,,,,,,,,,,,,,,,,,,,,,,,,,,,,,,,,,,,,,,,,,,,,,,,,,,,,,,,,,,,,,,,,,,,,,,,,,,,,,,,,,,,,,,,,,,,,,,,,,,,,,0.0,0.0,0.0,0.0,0.0,0.0,4.0,0.0,0.0,0.0,0.0,0.0,0.0,0.0,0.0,0.0,0.0,0.0
636,2023-2024,Premier-League,Kaine Kessler,,,Aston Villa,,,,,,,,,,,,,,,,,,,,,,,,,,,,,,,,,,,,,,,,,,,,,,,,,,,,,,,,,,,,,,,,,,,,,,,,,,,,,,,,,,,,,,,,,,,,,,,,,,,,,,,,,,,,,,,,,,,,,,,,,,,,,,,,,,,,,,,,,,,,,,,,,,,,,,,,,,,,,,,,,,,,,,,,,,,,,,,,,,,,,0.0,0.0,0.0,0.0,0.0,0.0,7.0,0.0,0.0,0.0,0.0,0.0,0.0,0.0,0.0,0.0,0.0,0.0
637,2023-2024,Premier-League,Gavin Kilkenny,,,Bournemouth,,,,,,,,,,,,,,,,,,,,,,,,,,,,,,,,,,,,,,,,,,,,,,,,,,,,,,,,,,,,,,,,,,,,,,,,,,,,,,,,,,,,,,,,,,,,,,,,,,,,,,,,,,,,,,,,,,,,,,,,,,,,,,,,,,,,,,,,,,,,,,,,,,,,,,,,,,,,,,,,,,,,,,,,,,,,,,,,,,,,,0.0,0.0,0.0,0.0,0.0,0.0,7.0,0.0,0.0,0.0,0.0,0.0,0.0,0.0,0.0,0.0,0.0,0.0
638,2023-2024,Premier-League,Joshua King,,,Fulham,,,,,,,,,,,,,,,,,,,,,,,,,,,,,,,,,,,,,,,,,,,,,,,,,,,,,,,,,,,,,,,,,,,,,,,,,,,,,,,,,,,,,,,,,,,,,,,,,,,,,,,,,,,,,,,,,,,,,,,,,,,,,,,,,,,,,,,,,,,,,,,,,,,,,,,,,,,,,,,,,,,,,,,,,,,,,,,,,,,,,0.0,0.0,0.0,0.0,0.0,0.0,2.0,0.0,0.0,0.0,0.0,0.0,0.0,0.0,0.0,0.0,0.0,0.0
639,2023-2024,Premier-League,Tom King,,,Wolves,,,,,,,,,,,,,,,,,,,,,,,,,,,,,,,,,,,,,,,,,,,,,,,,,,,,,,,,,,,,,,,,,,,,,,,,,,,,,,,,,,,,,,,,,,,,,,,,,,,,,,,,,,,,,,,,,,,,,,,,,,,,,,,,,,,,,,,,,,,,,,,,,,,,,,,,,,,,,,,,,,,,,,,,,,,,,,,,,,,,,0.0,0.0,0.0,0.0,0.0,0.0,2.0,0.0,0.0,0.0,0.0,0.0,0.0,0.0,0.0,0.0,0.0,0.0
640,2023-2024,Premier-League,Lewis Koumas,,,Liverpool,,,,,,,,,,,,,,,,,,,,,,,,,,,,,,,,,,,,,,,,,,,,,,,,,,,,,,,,,,,,,,,,,,,,,,,,,,,,,,,,,,,,,,,,,,,,,,,,,,,,,,,,,,,,,,,,,,,,,,,,,,,,,,,,,,,,,,,,,,,,,,,,,,,,,,,,,,,,,,,,,,,,,,,,,,,,,,,,,,,,,0.0,0.0,0.0,0.0,0.0,0.0,3.0,0.0,0.0,0.0,0.0,0.0,0.0,0.0,0.0,0.0,0.0,0.0
641,2023-2024,Premier-League,Tim Krul,,,Luton Town,,,,,,,,,,,,,,,,,,,,,,,,,,,,,,,,,,,,,,,,,,,,,,,,,,,,,,,,,,,,,,,,,,,,,,,,,,,,,,,,,,,,,,,,,,,,,,,,,,,,,,,,,,,,,,,,,,,,,,,,,,,,,,,,,,,,,,,,,,,,,,,,,,,,,,,,,,,,,,,,,,,,,,,,,,,,,,,,,,,,,0.0,0.0,0.0,0.0,0.0,0.0,28.0,0.0,0.0,0.0,0.0,0.0,0.0,0.0,0.0,0.0,0.0,0.0
642,2023-2024,Premier-League,Levi Laing,,,West Ham,,,,,,,,,,,,,,,,,,,,,,,,,,,,,,,,,,,,,,,,,,,,,,,,,,,,,,,,,,,,,,,,,,,,,,,,,,,,,,,,,,,,,,,,,,,,,,,,,,,,,,,,,,,,,,,,,,,,,,,,,,,,,,,,,,,,,,,,,,,,,,,,,,,,,,,,,,,,,,,,,,,,,,,,,,,,,,,,,,,,,0.0,0.0,0.0,0.0,0.0,0.0,1.0,0.0,0.0,0.0,0.0,0.0,0.0,0.0,0.0,0.0,0.0,0.0
643,2023-2024,Premier-League,Noha Lemina,,,Wolves,,,,,,,,,,,,,,,,,,,,,,,,,,,,,,,,,,,,,,,,,,,,,,,,,,,,,,,,,,,,,,,,,,,,,,,,,,,,,,,,,,,,,,,,,,,,,,,,,,,,,,,,,,,,,,,,,,,,,,,,,,,,,,,,,,,,,,,,,,,,,,,,,,,,,,,,,,,,,,,,,,,,,,,,,,,,,,,,,,,,,0.0,0.0,0.0,0.0,0.0,0.0,2.0,0.0,0.0,0.0,0.0,0.0,0.0,0.0,0.0,0.0,0.0,0.0
644,2023-2024,Premier-League,Myles Lewis-Skelly,,,Arsenal,,,,,,,,,,,,,,,,,,,,,,,,,,,,,,,,,,,,,,,,,,,,,,,,,,,,,,,,,,,,,,,,,,,,,,,,,,,,,,,,,,,,,,,,,,,,,,,,,,,,,,,,,,,,,,,,,,,,,,,,,,,,,,,,,,,,,,,,,,,,,,,,,,,,,,,,,,,,,,,,,,,,,,,,,,,,,,,,,,,,,0.0,0.0,0.0,0.0,0.0,0.0,1.0,0.0,0.0,0.0,0.0,0.0,0.0,0.0,0.0,0.0,0.0,0.0
645,2023-2024,Premier-League,Andy Lonergan,,,Everton,,,,,,,,,,,,,,,,,,,,,,,,,,,,,,,,,,,,,,,,,,,,,,,,,,,,,,,,,,,,,,,,,,,,,,,,,,,,,,,,,,,,,,,,,,,,,,,,,,,,,,,,,,,,,,,,,,,,,,,,,,,,,,,,,,,,,,,,,,,,,,,,,,,,,,,,,,,,,,,,,,,,,,,,,,,,,,,,,,,,,0.0,0.0,0.0,0.0,0.0,0.0,8.0,0.0,0.0,0.0,0.0,0.0,0.0,0.0,0.0,0.0,0.0,0.0
646,2023-2024,Premier-League,Jayden Luker,,,Luton Town,,,,,,,,,,,,,,,,,,,,,,,,,,,,,,,,,,,,,,,,,,,,,,,,,,,,,,,,,,,,,,,,,,,,,,,,,,,,,,,,,,,,,,,,,,,,,,,,,,,,,,,,,,,,,,,,,,,,,,,,,,,,,,,,,,,,,,,,,,,,,,,,,,,,,,,,,,,,,,,,,,,,,,,,,,,,,,,,,,,,,0.0,0.0,0.0,0.0,0.0,0.0,4.0,0.0,0.0,0.0,0.0,0.0,0.0,0.0,0.0,0.0,0.0,0.0
647,2023-2024,Premier-League,Javier Manquillo,,,Newcastle Utd,,,,,,,,,,,,,,,,,,,,,,,,,,,,,,,,,,,,,,,,,,,,,,,,,,,,,,,,,,,,,,,,,,,,,,,,,,,,,,,,,,,,,,,,,,,,,,,,,,,,,,,,,,,,,,,,,,,,,,,,,,,,,,,,,,,,,,,,,,,,,,,,,,,,,,,,,,,,,,,,,,,,,,,,,,,,,,,,,,,,,0.0,0.0,0.0,0.0,0.0,0.0,1.0,0.0,0.0,0.0,0.0,0.0,0.0,0.0,0.0,0.0,0.0,0.0
648,2023-2024,Premier-League,Emiliano Marcondes,,,Bournemouth,,,,,,,,,,,,,,,,,,,,,,,,,,,,,,,,,,,,,,,,,,,,,,,,,,,,,,,,,,,,,,,,,,,,,,,,,,,,,,,,,,,,,,,,,,,,,,,,,,,,,,,,,,,,,,,,,,,,,,,,,,,,,,,,,,,,,,,,,,,,,,,,,,,,,,,,,,,,,,,,,,,,,,,,,,,,,,,,,,,,,0.0,0.0,0.0,0.0,0.0,0.0,1.0,0.0,0.0,0.0,0.0,0.0,0.0,0.0,0.0,0.0,0.0,0.0
649,2023-2024,Premier-League,Louie Marsh,,,Sheffield Utd,,,,,,,,,,,,,,,,,,,,,,,,,,,,,,,,,,,,,,,,,,,,,,,,,,,,,,,,,,,,,,,,,,,,,,,,,,,,,,,,,,,,,,,,,,,,,,,,,,,,,,,,,,,,,,,,,,,,,,,,,,,,,,,,,,,,,,,,,,,,,,,,,,,,,,,,,,,,,,,,,,,,,,,,,,,,,,,,,,,,,0.0,0.0,0.0,0.0,0.0,0.0,3.0,0.0,0.0,0.0,0.0,0.0,0.0,0.0,0.0,0.0,0.0,0.0
650,2023-2024,Premier-League,Callum Marshall,,,West Ham,,,,,,,,,,,,,,,,,,,,,,,,,,,,,,,,,,,,,,,,,,,,,,,,,,,,,,,,,,,,,,,,,,,,,,,,,,,,,,,,,,,,,,,,,,,,,,,,,,,,,,,,,,,,,,,,,,,,,,,,,,,,,,,,,,,,,,,,,,,,,,,,,,,,,,,,,,,,,,,,,,,,,,,,,,,,,,,,,,,,,0.0,0.0,0.0,0.0,0.0,0.0,1.0,0.0,0.0,0.0,0.0,0.0,0.0,0.0,0.0,0.0,0.0,0.0
651,2023-2024,Premier-League,Filip Marshall,,,Aston Villa,,,,,,,,,,,,,,,,,,,,,,,,,,,,,,,,,,,,,,,,,,,,,,,,,,,,,,,,,,,,,,,,,,,,,,,,,,,,,,,,,,,,,,,,,,,,,,,,,,,,,,,,,,,,,,,,,,,,,,,,,,,,,,,,,,,,,,,,,,,,,,,,,,,,,,,,,,,,,,,,,,,,,,,,,,,,,,,,,,,,,0.0,0.0,0.0,0.0,0.0,0.0,10.0,0.0,0.0,0.0,0.0,0.0,0.0,0.0,0.0,0.0,0.0,0.0
652,2023-2024,Premier-League,Dominic Martins,,,Luton Town,,,,,,,,,,,,,,,,,,,,,,,,,,,,,,,,,,,,,,,,,,,,,,,,,,,,,,,,,,,,,,,,,,,,,,,,,,,,,,,,,,,,,,,,,,,,,,,,,,,,,,,,,,,,,,,,,,,,,,,,,,,,,,,,,,,,,,,,,,,,,,,,,,,,,,,,,,,,,,,,,,,,,,,,,,,,,,,,,,,,,0.0,0.0,0.0,0.0,0.0,0.0,2.0,0.0,0.0,0.0,0.0,0.0,0.0,0.0,0.0,0.0,0.0,0.0
653,2023-2024,Premier-League,Kevin Mbabu,,,Fulham,,,,,,,,,,,,,,,,,,,,,,,,,,,,,,,,,,,,,,,,,,,,,,,,,,,,,,,,,,,,,,,,,,,,,,,,,,,,,,,,,,,,,,,,,,,,,,,,,,,,,,,,,,,,,,,,,,,,,,,,,,,,,,,,,,,,,,,,,,,,,,,,,,,,,,,,,,,,,,,,,,,,,,,,,,,,,,,,,,,,,0.0,0.0,0.0,0.0,0.0,0.0,3.0,0.0,0.0,0.0,0.0,0.0,0.0,0.0,0.0,0.0,0.0,0.0
654,2023-2024,Premier-League,John Mcatee,,,Luton Town,,,,,,,,,,,,,,,,,,,,,,,,,,,,,,,,,,,,,,,,,,,,,,,,,,,,,,,,,,,,,,,,,,,,,,,,,,,,,,,,,,,,,,,,,,,,,,,,,,,,,,,,,,,,,,,,,,,,,,,,,,,,,,,,,,,,,,,,,,,,,,,,,,,,,,,,,,,,,,,,,,,,,,,,,,,,,,,,,,,,,0.0,0.0,0.0,0.0,0.0,0.0,1.0,0.0,0.0,0.0,0.0,0.0,0.0,0.0,0.0,0.0,0.0,0.0
655,2023-2024,Premier-League,Jamie McDonnell,,,Nott'ham Forest,,,,,,,,,,,,,,,,,,,,,,,,,,,,,,,,,,,,,,,,,,,,,,,,,,,,,,,,,,,,,,,,,,,,,,,,,,,,,,,,,,,,,,,,,,,,,,,,,,,,,,,,,,,,,,,,,,,,,,,,,,,,,,,,,,,,,,,,,,,,,,,,,,,,,,,,,,,,,,,,,,,,,,,,,,,,,,,,,,,,,0.0,0.0,0.0,0.0,0.0,0.0,1.0,0.0,0.0,0.0,0.0,0.0,0.0,0.0,0.0,0.0,0.0,0.0
656,2023-2024,Premier-League,Dermot Mee,,,Manchester Utd,,,,,,,,,,,,,,,,,,,,,,,,,,,,,,,,,,,,,,,,,,,,,,,,,,,,,,,,,,,,,,,,,,,,,,,,,,,,,,,,,,,,,,,,,,,,,,,,,,,,,,,,,,,,,,,,,,,,,,,,,,,,,,,,,,,,,,,,,,,,,,,,,,,,,,,,,,,,,,,,,,,,,,,,,,,,,,,,,,,,,0.0,0.0,0.0,0.0,0.0,0.0,1.0,0.0,0.0,0.0,0.0,0.0,0.0,0.0,0.0,0.0,0.0,0.0
657,2023-2024,Premier-League,Jenson Metcalfe,,,Everton,,,,,,,,,,,,,,,,,,,,,,,,,,,,,,,,,,,,,,,,,,,,,,,,,,,,,,,,,,,,,,,,,,,,,,,,,,,,,,,,,,,,,,,,,,,,,,,,,,,,,,,,,,,,,,,,,,,,,,,,,,,,,,,,,,,,,,,,,,,,,,,,,,,,,,,,,,,,,,,,,,,,,,,,,,,,,,,,,,,,,0.0,0.0,0.0,0.0,0.0,0.0,3.0,0.0,0.0,0.0,0.0,0.0,0.0,0.0,0.0,0.0,0.0,0.0
658,2023-2024,Premier-League,Diego Moreira,,,Chelsea,,,,,,,,,,,,,,,,,,,,,,,,,,,,,,,,,,,,,,,,,,,,,,,,,,,,,,,,,,,,,,,,,,,,,,,,,,,,,,,,,,,,,,,,,,,,,,,,,,,,,,,,,,,,,,,,,,,,,,,,,,,,,,,,,,,,,,,,,,,,,,,,,,,,,,,,,,,,,,,,,,,,,,,,,,,,,,,,,,,,,0.0,0.0,0.0,0.0,0.0,0.0,1.0,0.0,0.0,0.0,0.0,0.0,0.0,0.0,0.0,0.0,0.0,0.0
659,2023-2024,Premier-League,Yerson Mosquera,,,Wolves,,,,,,,,,,,,,,,,,,,,,,,,,,,,,,,,,,,,,,,,,,,,,,,,,,,,,,,,,,,,,,,,,,,,,,,,,,,,,,,,,,,,,,,,,,,,,,,,,,,,,,,,,,,,,,,,,,,,,,,,,,,,,,,,,,,,,,,,,,,,,,,,,,,,,,,,,,,,,,,,,,,,,,,,,,,,,,,,,,,,,0.0,0.0,0.0,0.0,0.0,0.0,1.0,0.0,0.0,0.0,0.0,0.0,0.0,0.0,0.0,0.0,0.0,0.0
660,2023-2024,Premier-League,Fabian Mrozek,,,Liverpool,,,,,,,,,,,,,,,,,,,,,,,,,,,,,,,,,,,,,,,,,,,,,,,,,,,,,,,,,,,,,,,,,,,,,,,,,,,,,,,,,,,,,,,,,,,,,,,,,,,,,,,,,,,,,,,,,,,,,,,,,,,,,,,,,,,,,,,,,,,,,,,,,,,,,,,,,,,,,,,,,,,,,,,,,,,,,,,,,,,,,0.0,0.0,0.0,0.0,0.0,0.0,1.0,0.0,0.0,0.0,0.0,0.0,0.0,0.0,0.0,0.0,0.0,0.0
661,2023-2024,Premier-League,Amara Nallo,,,Liverpool,,,,,,,,,,,,,,,,,,,,,,,,,,,,,,,,,,,,,,,,,,,,,,,,,,,,,,,,,,,,,,,,,,,,,,,,,,,,,,,,,,,,,,,,,,,,,,,,,,,,,,,,,,,,,,,,,,,,,,,,,,,,,,,,,,,,,,,,,,,,,,,,,,,,,,,,,,,,,,,,,,,,,,,,,,,,,,,,,,,,,0.0,0.0,0.0,0.0,0.0,0.0,1.0,0.0,0.0,0.0,0.0,0.0,0.0,0.0,0.0,0.0,0.0,0.0
662,2023-2024,Premier-League,Trey Nyoni,,,Liverpool,,,,,,,,,,,,,,,,,,,,,,,,,,,,,,,,,,,,,,,,,,,,,,,,,,,,,,,,,,,,,,,,,,,,,,,,,,,,,,,,,,,,,,,,,,,,,,,,,,,,,,,,,,,,,,,,,,,,,,,,,,,,,,,,,,,,,,,,,,,,,,,,,,,,,,,,,,,,,,,,,,,,,,,,,,,,,,,,,,,,,0.0,0.0,0.0,0.0,0.0,0.0,2.0,0.0,0.0,0.0,0.0,0.0,0.0,0.0,0.0,0.0,0.0,0.0
663,2023-2024,Premier-League,Lewis O'Brien,,,Nott'ham Forest,,,,,,,,,,,,,,,,,,,,,,,,,,,,,,,,,,,,,,,,,,,,,,,,,,,,,,,,,,,,,,,,,,,,,,,,,,,,,,,,,,,,,,,,,,,,,,,,,,,,,,,,,,,,,,,,,,,,,,,,,,,,,,,,,,,,,,,,,,,,,,,,,,,,,,,,,,,,,,,,,,,,,,,,,,,,,,,,,,,,,0.0,0.0,0.0,0.0,0.0,0.0,1.0,0.0,0.0,0.0,0.0,0.0,0.0,0.0,0.0,0.0,0.0,0.0
664,2023-2024,Premier-League,Mark O'Mahony,,,Brighton,,,,,,,,,,,,,,,,,,,,,,,,,,,,,,,,,,,,,,,,,,,,,,,,,,,,,,,,,,,,,,,,,,,,,,,,,,,,,,,,,,,,,,,,,,,,,,,,,,,,,,,,,,,,,,,,,,,,,,,,,,,,,,,,,,,,,,,,,,,,,,,,,,,,,,,,,,,,,,,,,,,,,,,,,,,,,,,,,,,,,0.0,0.0,0.0,0.0,0.0,0.0,5.0,0.0,0.0,0.0,0.0,0.0,0.0,0.0,0.0,0.0,0.0,0.0
665,2023-2024,Premier-League,Tommi O'Reilly,,,Aston Villa,,,,,,,,,,,,,,,,,,,,,,,,,,,,,,,,,,,,,,,,,,,,,,,,,,,,,,,,,,,,,,,,,,,,,,,,,,,,,,,,,,,,,,,,,,,,,,,,,,,,,,,,,,,,,,,,,,,,,,,,,,,,,,,,,,,,,,,,,,,,,,,,,,,,,,,,,,,,,,,,,,,,,,,,,,,,,,,,,,,,,0.0,0.0,0.0,0.0,0.0,0.0,1.0,0.0,0.0,0.0,0.0,0.0,0.0,0.0,0.0,0.0,0.0,0.0
666,2023-2024,Premier-League,Habeeb Ogunneye,,,Manchester Utd,,,,,,,,,,,,,,,,,,,,,,,,,,,,,,,,,,,,,,,,,,,,,,,,,,,,,,,,,,,,,,,,,,,,,,,,,,,,,,,,,,,,,,,,,,,,,,,,,,,,,,,,,,,,,,,,,,,,,,,,,,,,,,,,,,,,,,,,,,,,,,,,,,,,,,,,,,,,,,,,,,,,,,,,,,,,,,,,,,,,,0.0,0.0,0.0,0.0,0.0,0.0,2.0,0.0,0.0,0.0,0.0,0.0,0.0,0.0,0.0,0.0,0.0,0.0
667,2023-2024,Premier-League,Wesley Okoduwa,,,Wolves,,,,,,,,,,,,,,,,,,,,,,,,,,,,,,,,,,,,,,,,,,,,,,,,,,,,,,,,,,,,,,,,,,,,,,,,,,,,,,,,,,,,,,,,,,,,,,,,,,,,,,,,,,,,,,,,,,,,,,,,,,,,,,,,,,,,,,,,,,,,,,,,,,,,,,,,,,,,,,,,,,,,,,,,,,,,,,,,,,,,,0.0,0.0,0.0,0.0,0.0,0.0,1.0,0.0,0.0,0.0,0.0,0.0,0.0,0.0,0.0,0.0,0.0,0.0
668,2023-2024,Premier-League,Ademola Ola-Adebomi,,,Crystal Palace,,,,,,,,,,,,,,,,,,,,,,,,,,,,,,,,,,,,,,,,,,,,,,,,,,,,,,,,,,,,,,,,,,,,,,,,,,,,,,,,,,,,,,,,,,,,,,,,,,,,,,,,,,,,,,,,,,,,,,,,,,,,,,,,,,,,,,,,,,,,,,,,,,,,,,,,,,,,,,,,,,,,,,,,,,,,,,,,,,,,,0.0,0.0,0.0,0.0,0.0,0.0,3.0,0.0,0.0,0.0,0.0,0.0,0.0,0.0,0.0,0.0,0.0,0.0
669,2023-2024,Premier-League,Lewis Orford,,,West Ham,,,,,,,,,,,,,,,,,,,,,,,,,,,,,,,,,,,,,,,,,,,,,,,,,,,,,,,,,,,,,,,,,,,,,,,,,,,,,,,,,,,,,,,,,,,,,,,,,,,,,,,,,,,,,,,,,,,,,,,,,,,,,,,,,,,,,,,,,,,,,,,,,,,,,,,,,,,,,,,,,,,,,,,,,,,,,,,,,,,,,0.0,0.0,0.0,0.0,0.0,0.0,3.0,0.0,0.0,0.0,0.0,0.0,0.0,0.0,0.0,0.0,0.0,0.0
670,2023-2024,Premier-League,Detlef Osong,,,Nott'ham Forest,,,,,,,,,,,,,,,,,,,,,,,,,,,,,,,,,,,,,,,,,,,,,,,,,,,,,,,,,,,,,,,,,,,,,,,,,,,,,,,,,,,,,,,,,,,,,,,,,,,,,,,,,,,,,,,,,,,,,,,,,,,,,,,,,,,,,,,,,,,,,,,,,,,,,,,,,,,,,,,,,,,,,,,,,,,,,,,,,,,,,0.0,0.0,0.0,0.0,0.0,0.0,1.0,0.0,0.0,0.0,0.0,0.0,0.0,0.0,0.0,0.0,0.0,0.0
671,2023-2024,Premier-League,Máximo Perrone,,,Manchester City,,,,,,,,,,,,,,,,,,,,,,,,,,,,,,,,,,,,,,,,,,,,,,,,,,,,,,,,,,,,,,,,,,,,,,,,,,,,,,,,,,,,,,,,,,,,,,,,,,,,,,,,,,,,,,,,,,,,,,,,,,,,,,,,,,,,,,,,,,,,,,,,,,,,,,,,,,,,,,,,,,,,,,,,,,,,,,,,,,,,,0.0,0.0,0.0,0.0,0.0,0.0,1.0,0.0,0.0,0.0,0.0,0.0,0.0,0.0,0.0,0.0,0.0,0.0
672,2023-2024,Premier-League,Cameron Peupion,,,Brighton,,,,,,,,,,,,,,,,,,,,,,,,,,,,,,,,,,,,,,,,,,,,,,,,,,,,,,,,,,,,,,,,,,,,,,,,,,,,,,,,,,,,,,,,,,,,,,,,,,,,,,,,,,,,,,,,,,,,,,,,,,,,,,,,,,,,,,,,,,,,,,,,,,,,,,,,,,,,,,,,,,,,,,,,,,,,,,,,,,,,,0.0,0.0,0.0,0.0,0.0,0.0,1.0,0.0,0.0,0.0,0.0,0.0,0.0,0.0,0.0,0.0,0.0,0.0
673,2023-2024,Premier-League,Ashley Phillips,,,Tottenham,,,,,,,,,,,,,,,,,,,,,,,,,,,,,,,,,,,,,,,,,,,,,,,,,,,,,,,,,,,,,,,,,,,,,,,,,,,,,,,,,,,,,,,,,,,,,,,,,,,,,,,,,,,,,,,,,,,,,,,,,,,,,,,,,,,,,,,,,,,,,,,,,,,,,,,,,,,,,,,,,,,,,,,,,,,,,,,,,,,,,0.0,0.0,0.0,0.0,0.0,0.0,7.0,0.0,0.0,0.0,0.0,0.0,0.0,0.0,0.0,0.0,0.0,0.0
674,2023-2024,Premier-League,Axel Piesold,,,Luton Town,,,,,,,,,,,,,,,,,,,,,,,,,,,,,,,,,,,,,,,,,,,,,,,,,,,,,,,,,,,,,,,,,,,,,,,,,,,,,,,,,,,,,,,,,,,,,,,,,,,,,,,,,,,,,,,,,,,,,,,,,,,,,,,,,,,,,,,,,,,,,,,,,,,,,,,,,,,,,,,,,,,,,,,,,,,,,,,,,,,,,0.0,0.0,0.0,0.0,0.0,0.0,4.0,0.0,0.0,0.0,0.0,0.0,0.0,0.0,0.0,0.0,0.0,0.0
675,2023-2024,Premier-League,Marcelo Pitaluga,,,Liverpool,,,,,,,,,,,,,,,,,,,,,,,,,,,,,,,,,,,,,,,,,,,,,,,,,,,,,,,,,,,,,,,,,,,,,,,,,,,,,,,,,,,,,,,,,,,,,,,,,,,,,,,,,,,,,,,,,,,,,,,,,,,,,,,,,,,,,,,,,,,,,,,,,,,,,,,,,,,,,,,,,,,,,,,,,,,,,,,,,,,,,0.0,0.0,0.0,0.0,0.0,0.0,1.0,0.0,0.0,0.0,0.0,0.0,0.0,0.0,0.0,0.0,0.0,0.0
676,2023-2024,Premier-League,Luke Plange,,,Crystal Palace,,,,,,,,,,,,,,,,,,,,,,,,,,,,,,,,,,,,,,,,,,,,,,,,,,,,,,,,,,,,,,,,,,,,,,,,,,,,,,,,,,,,,,,,,,,,,,,,,,,,,,,,,,,,,,,,,,,,,,,,,,,,,,,,,,,,,,,,,,,,,,,,,,,,,,,,,,,,,,,,,,,,,,,,,,,,,,,,,,,,,0.0,0.0,0.0,0.0,0.0,0.0,3.0,0.0,0.0,0.0,0.0,0.0,0.0,0.0,0.0,0.0,0.0,0.0
677,2023-2024,Premier-League,Dan Potts,,,Luton Town,,,,,,,,,,,,,,,,,,,,,,,,,,,,,,,,,,,,,,,,,,,,,,,,,,,,,,,,,,,,,,,,,,,,,,,,,,,,,,,,,,,,,,,,,,,,,,,,,,,,,,,,,,,,,,,,,,,,,,,,,,,,,,,,,,,,,,,,,,,,,,,,,,,,,,,,,,,,,,,,,,,,,,,,,,,,,,,,,,,,,0.0,0.0,0.0,0.0,0.0,0.0,4.0,0.0,0.0,0.0,0.0,0.0,0.0,0.0,0.0,0.0,0.0,0.0
678,2023-2024,Premier-League,Sam Proctor,,,Aston Villa,,,,,,,,,,,,,,,,,,,,,,,,,,,,,,,,,,,,,,,,,,,,,,,,,,,,,,,,,,,,,,,,,,,,,,,,,,,,,,,,,,,,,,,,,,,,,,,,,,,,,,,,,,,,,,,,,,,,,,,,,,,,,,,,,,,,,,,,,,,,,,,,,,,,,,,,,,,,,,,,,,,,,,,,,,,,,,,,,,,,,0.0,0.0,0.0,0.0,0.0,0.0,3.0,0.0,0.0,0.0,0.0,0.0,0.0,0.0,0.0,0.0,0.0,0.0
679,2023-2024,Premier-League,Darren Randolph,,,Bournemouth,,,,,,,,,,,,,,,,,,,,,,,,,,,,,,,,,,,,,,,,,,,,,,,,,,,,,,,,,,,,,,,,,,,,,,,,,,,,,,,,,,,,,,,,,,,,,,,,,,,,,,,,,,,,,,,,,,,,,,,,,,,,,,,,,,,,,,,,,,,,,,,,,,,,,,,,,,,,,,,,,,,,,,,,,,,,,,,,,,,,,0.0,0.0,0.0,0.0,0.0,0.0,1.0,0.0,0.0,0.0,0.0,0.0,0.0,0.0,0.0,0.0,0.0,0.0
680,2023-2024,Premier-League,Jadan Raymond,,,Crystal Palace,,,,,,,,,,,,,,,,,,,,,,,,,,,,,,,,,,,,,,,,,,,,,,,,,,,,,,,,,,,,,,,,,,,,,,,,,,,,,,,,,,,,,,,,,,,,,,,,,,,,,,,,,,,,,,,,,,,,,,,,,,,,,,,,,,,,,,,,,,,,,,,,,,,,,,,,,,,,,,,,,,,,,,,,,,,,,,,,,,,,,0.0,0.0,0.0,0.0,0.0,0.0,2.0,0.0,0.0,0.0,0.0,0.0,0.0,0.0,0.0,0.0,0.0,0.0
681,2023-2024,Premier-League,Marek Rodák,,,Fulham,,,,,,,,,,,,,,,,,,,,,,,,,,,,,,,,,,,,,,,,,,,,,,,,,,,,,,,,,,,,,,,,,,,,,,,,,,,,,,,,,,,,,,,,,,,,,,,,,,,,,,,,,,,,,,,,,,,,,,,,,,,,,,,,,,,,,,,,,,,,,,,,,,,,,,,,,,,,,,,,,,,,,,,,,,,,,,,,,,,,,0.0,0.0,0.0,0.0,0.0,0.0,28.0,1.0,2.0,2.0,0.0,0.0,0.0,0.0,0.0,0.0,0.0,0.0
682,2023-2024,Premier-League,Kaden Rodney,,,Crystal Palace,,,,,,,,,,,,,,,,,,,,,,,,,,,,,,,,,,,,,,,,,,,,,,,,,,,,,,,,,,,,,,,,,,,,,,,,,,,,,,,,,,,,,,,,,,,,,,,,,,,,,,,,,,,,,,,,,,,,,,,,,,,,,,,,,,,,,,,,,,,,,,,,,,,,,,,,,,,,,,,,,,,,,,,,,,,,,,,,,,,,,0.0,0.0,0.0,0.0,0.0,0.0,2.0,0.0,0.0,0.0,0.0,0.0,0.0,0.0,0.0,0.0,0.0,0.0
683,2023-2024,Premier-League,Dominic Sadi,,,Bournemouth,,,,,,,,,,,,,,,,,,,,,,,,,,,,,,,,,,,,,,,,,,,,,,,,,,,,,,,,,,,,,,,,,,,,,,,,,,,,,,,,,,,,,,,,,,,,,,,,,,,,,,,,,,,,,,,,,,,,,,,,,,,,,,,,,,,,,,,,,,,,,,,,,,,,,,,,,,,,,,,,,,,,,,,,,,,,,,,,,,,,,0.0,0.0,0.0,0.0,0.0,0.0,1.0,0.0,0.0,0.0,0.0,0.0,0.0,0.0,0.0,0.0,0.0,0.0
684,2023-2024,Premier-League,Charles Sagoe Jr,,,Arsenal,,,,,,,,,,,,,,,,,,,,,,,,,,,,,,,,,,,,,,,,,,,,,,,,,,,,,,,,,,,,,,,,,,,,,,,,,,,,,,,,,,,,,,,,,,,,,,,,,,,,,,,,,,,,,,,,,,,,,,,,,,,,,,,,,,,,,,,,,,,,,,,,,,,,,,,,,,,,,,,,,,,,,,,,,,,,,,,,,,,,,0.0,0.0,0.0,0.0,0.0,0.0,1.0,0.0,0.0,0.0,0.0,0.0,0.0,0.0,0.0,0.0,0.0,0.0
685,2023-2024,Premier-League,Imari Samuels,,,Brighton,,,,,,,,,,,,,,,,,,,,,,,,,,,,,,,,,,,,,,,,,,,,,,,,,,,,,,,,,,,,,,,,,,,,,,,,,,,,,,,,,,,,,,,,,,,,,,,,,,,,,,,,,,,,,,,,,,,,,,,,,,,,,,,,,,,,,,,,,,,,,,,,,,,,,,,,,,,,,,,,,,,,,,,,,,,,,,,,,,,,,0.0,0.0,0.0,0.0,0.0,0.0,1.0,0.0,0.0,0.0,0.0,0.0,0.0,0.0,0.0,0.0,0.0,0.0
686,2023-2024,Premier-League,Ishé Samuels-Smith,,,Chelsea,,,,,,,,,,,,,,,,,,,,,,,,,,,,,,,,,,,,,,,,,,,,,,,,,,,,,,,,,,,,,,,,,,,,,,,,,,,,,,,,,,,,,,,,,,,,,,,,,,,,,,,,,,,,,,,,,,,,,,,,,,,,,,,,,,,,,,,,,,,,,,,,,,,,,,,,,,,,,,,,,,,,,,,,,,,,,,,,,,,,,0.0,0.0,0.0,0.0,0.0,0.0,1.0,0.0,0.0,0.0,0.0,0.0,0.0,0.0,0.0,0.0,0.0,0.0
687,2023-2024,Premier-League,Yago Santiago,,,Tottenham,,,,,,,,,,,,,,,,,,,,,,,,,,,,,,,,,,,,,,,,,,,,,,,,,,,,,,,,,,,,,,,,,,,,,,,,,,,,,,,,,,,,,,,,,,,,,,,,,,,,,,,,,,,,,,,,,,,,,,,,,,,,,,,,,,,,,,,,,,,,,,,,,,,,,,,,,,,,,,,,,,,,,,,,,,,,,,,,,,,,,0.0,0.0,0.0,0.0,0.0,0.0,3.0,0.0,0.0,0.0,0.0,0.0,0.0,0.0,0.0,0.0,0.0,0.0
688,2023-2024,Premier-League,Andrey Santos,,,Chelsea,,,,,,,,,,,,,,,,,,,,,,,,,,,,,,,,,,,,,,,,,,,,,,,,,,,,,,,,,,,,,,,,,,,,,,,,,,,,,,,,,,,,,,,,,,,,,,,,,,,,,,,,,,,,,,,,,,,,,,,,,,,,,,,,,,,,,,,,,,,,,,,,,,,,,,,,,,,,,,,,,,,,,,,,,,,,,,,,,,,,,0.0,0.0,0.0,0.0,0.0,0.0,1.0,0.0,0.0,0.0,0.0,0.0,0.0,0.0,0.0,0.0,0.0,0.0
689,2023-2024,Premier-League,Dovydas Sasnauskas,,,Sheffield Utd,,,,,,,,,,,,,,,,,,,,,,,,,,,,,,,,,,,,,,,,,,,,,,,,,,,,,,,,,,,,,,,,,,,,,,,,,,,,,,,,,,,,,,,,,,,,,,,,,,,,,,,,,,,,,,,,,,,,,,,,,,,,,,,,,,,,,,,,,,,,,,,,,,,,,,,,,,,,,,,,,,,,,,,,,,,,,,,,,,,,,0.0,0.0,0.0,0.0,0.0,0.0,1.0,0.0,0.0,0.0,0.0,0.0,0.0,0.0,0.0,0.0,0.0,0.0
690,2023-2024,Premier-League,Calum Scanlon,,,Liverpool,,,,,,,,,,,,,,,,,,,,,,,,,,,,,,,,,,,,,,,,,,,,,,,,,,,,,,,,,,,,,,,,,,,,,,,,,,,,,,,,,,,,,,,,,,,,,,,,,,,,,,,,,,,,,,,,,,,,,,,,,,,,,,,,,,,,,,,,,,,,,,,,,,,,,,,,,,,,,,,,,,,,,,,,,,,,,,,,,,,,,0.0,0.0,0.0,0.0,0.0,0.0,2.0,0.0,0.0,0.0,0.0,0.0,0.0,0.0,0.0,0.0,0.0,0.0
691,2023-2024,Premier-League,Oliver Scarles,,,West Ham,,,,,,,,,,,,,,,,,,,,,,,,,,,,,,,,,,,,,,,,,,,,,,,,,,,,,,,,,,,,,,,,,,,,,,,,,,,,,,,,,,,,,,,,,,,,,,,,,,,,,,,,,,,,,,,,,,,,,,,,,,,,,,,,,,,,,,,,,,,,,,,,,,,,,,,,,,,,,,,,,,,,,,,,,,,,,,,,,,,,,0.0,0.0,0.0,0.0,0.0,0.0,5.0,0.0,0.0,0.0,0.0,0.0,0.0,0.0,0.0,0.0,0.0,0.0
692,2023-2024,Premier-League,Kristian Sekularac,,,Fulham,,,,,,,,,,,,,,,,,,,,,,,,,,,,,,,,,,,,,,,,,,,,,,,,,,,,,,,,,,,,,,,,,,,,,,,,,,,,,,,,,,,,,,,,,,,,,,,,,,,,,,,,,,,,,,,,,,,,,,,,,,,,,,,,,,,,,,,,,,,,,,,,,,,,,,,,,,,,,,,,,,,,,,,,,,,,,,,,,,,,,0.0,0.0,0.0,0.0,0.0,0.0,2.0,0.0,0.0,0.0,0.0,0.0,0.0,0.0,0.0,0.0,0.0,0.0
693,2023-2024,Premier-League,Femi Seriki,,,Sheffield Utd,,,,,,,,,,,,,,,,,,,,,,,,,,,,,,,,,,,,,,,,,,,,,,,,,,,,,,,,,,,,,,,,,,,,,,,,,,,,,,,,,,,,,,,,,,,,,,,,,,,,,,,,,,,,,,,,,,,,,,,,,,,,,,,,,,,,,,,,,,,,,,,,,,,,,,,,,,,,,,,,,,,,,,,,,,,,,,,,,,,,,0.0,0.0,0.0,0.0,0.0,0.0,12.0,0.0,0.0,0.0,0.0,0.0,0.0,0.0,0.0,0.0,0.0,0.0
694,2023-2024,Premier-League,James Shea,,,Luton Town,,,,,,,,,,,,,,,,,,,,,,,,,,,,,,,,,,,,,,,,,,,,,,,,,,,,,,,,,,,,,,,,,,,,,,,,,,,,,,,,,,,,,,,,,,,,,,,,,,,,,,,,,,,,,,,,,,,,,,,,,,,,,,,,,,,,,,,,,,,,,,,,,,,,,,,,,,,,,,,,,,,,,,,,,,,,,,,,,,,,,0.0,0.0,0.0,0.0,0.0,0.0,6.0,0.0,0.0,0.0,0.0,0.0,0.0,0.0,0.0,0.0,0.0,0.0
695,2023-2024,Premier-League,Jay Stansfield,,,Fulham,,,,,,,,,,,,,,,,,,,,,,,,,,,,,,,,,,,,,,,,,,,,,,,,,,,,,,,,,,,,,,,,,,,,,,,,,,,,,,,,,,,,,,,,,,,,,,,,,,,,,,,,,,,,,,,,,,,,,,,,,,,,,,,,,,,,,,,,,,,,,,,,,,,,,,,,,,,,,,,,,,,,,,,,,,,,,,,,,,,,,0.0,0.0,0.0,0.0,0.0,0.0,1.0,0.0,0.0,0.0,0.0,0.0,0.0,0.0,0.0,0.0,0.0,0.0
696,2023-2024,Premier-League,Ronnie Stutter,,,Chelsea,,,,,,,,,,,,,,,,,,,,,,,,,,,,,,,,,,,,,,,,,,,,,,,,,,,,,,,,,,,,,,,,,,,,,,,,,,,,,,,,,,,,,,,,,,,,,,,,,,,,,,,,,,,,,,,,,,,,,,,,,,,,,,,,,,,,,,,,,,,,,,,,,,,,,,,,,,,,,,,,,,,,,,,,,,,,,,,,,,,,,0.0,0.0,0.0,0.0,0.0,0.0,1.0,0.0,0.0,0.0,0.0,0.0,0.0,0.0,0.0,0.0,0.0,0.0
697,2023-2024,Premier-League,Mahamadou Susoho,,,Manchester City,,,,,,,,,,,,,,,,,,,,,,,,,,,,,,,,,,,,,,,,,,,,,,,,,,,,,,,,,,,,,,,,,,,,,,,,,,,,,,,,,,,,,,,,,,,,,,,,,,,,,,,,,,,,,,,,,,,,,,,,,,,,,,,,,,,,,,,,,,,,,,,,,,,,,,,,,,,,,,,,,,,,,,,,,,,,,,,,,,,,,0.0,0.0,0.0,0.0,0.0,0.0,4.0,0.0,0.0,0.0,0.0,0.0,0.0,0.0,0.0,0.0,0.0,0.0
698,2023-2024,Premier-League,James Sweet,,,Arsenal,,,,,,,,,,,,,,,,,,,,,,,,,,,,,,,,,,,,,,,,,,,,,,,,,,,,,,,,,,,,,,,,,,,,,,,,,,,,,,,,,,,,,,,,,,,,,,,,,,,,,,,,,,,,,,,,,,,,,,,,,,,,,,,,,,,,,,,,,,,,,,,,,,,,,,,,,,,,,,,,,,,,,,,,,,,,,,,,,,,,,0.0,0.0,0.0,0.0,0.0,0.0,1.0,0.0,0.0,0.0,0.0,0.0,0.0,0.0,0.0,0.0,0.0,0.0
699,2023-2024,Premier-League,Devan Tanton,,,Fulham,,,,,,,,,,,,,,,,,,,,,,,,,,,,,,,,,,,,,,,,,,,,,,,,,,,,,,,,,,,,,,,,,,,,,,,,,,,,,,,,,,,,,,,,,,,,,,,,,,,,,,,,,,,,,,,,,,,,,,,,,,,,,,,,,,,,,,,,,,,,,,,,,,,,,,,,,,,,,,,,,,,,,,,,,,,,,,,,,,,,,0.0,0.0,0.0,0.0,0.0,0.0,1.0,0.0,0.0,0.0,0.0,0.0,0.0,0.0,0.0,0.0,0.0,0.0
700,2023-2024,Premier-League,Jimi Tauriainen,,,Chelsea,,,,,,,,,,,,,,,,,,,,,,,,,,,,,,,,,,,,,,,,,,,,,,,,,,,,,,,,,,,,,,,,,,,,,,,,,,,,,,,,,,,,,,,,,,,,,,,,,,,,,,,,,,,,,,,,,,,,,,,,,,,,,,,,,,,,,,,,,,,,,,,,,,,,,,,,,,,,,,,,,,,,,,,,,,,,,,,,,,,,,0.0,0.0,0.0,0.0,0.0,0.0,1.0,0.0,0.0,0.0,0.0,0.0,0.0,0.0,0.0,0.0,0.0,0.0
701,2023-2024,Premier-League,Mark Travers,,,Bournemouth,,,,,,,,,,,,,,,,,,,,,,,,,,,,,,,,,,,,,,,,,,,,,,,,,,,,,,,,,,,,,,,,,,,,,,,,,,,,,,,,,,,,,,,,,,,,,,,,,,,,,,,,,,,,,,,,,,,,,,,,,,,,,,,,,,,,,,,,,,,,,,,,,,,,,,,,,,,,,,,,,,,,,,,,,,,,,,,,,,,,,0.0,0.0,0.0,0.0,0.0,0.0,19.0,0.0,0.0,0.0,0.0,0.0,0.0,0.0,0.0,0.0,0.0,0.0
702,2023-2024,Premier-League,Hwang Ui-jo,,,Nott'ham Forest,,,,,,,,,,,,,,,,,,,,,,,,,,,,,,,,,,,,,,,,,,,,,,,,,,,,,,,,,,,,,,,,,,,,,,,,,,,,,,,,,,,,,,,,,,,,,,,,,,,,,,,,,,,,,,,,,,,,,,,,,,,,,,,,,,,,,,,,,,,,,,,,,,,,,,,,,,,,,,,,,,,,,,,,,,,,,,,,,,,,,0.0,0.0,0.0,0.0,0.0,0.0,2.0,0.0,0.0,0.0,0.0,0.0,0.0,0.0,0.0,0.0,0.0,0.0
703,2023-2024,Premier-League,Franco Umeh-Chibueze,,,Crystal Palace,,,,,,,,,,,,,,,,,,,,,,,,,,,,,,,,,,,,,,,,,,,,,,,,,,,,,,,,,,,,,,,,,,,,,,,,,,,,,,,,,,,,,,,,,,,,,,,,,,,,,,,,,,,,,,,,,,,,,,,,,,,,,,,,,,,,,,,,,,,,,,,,,,,,,,,,,,,,,,,,,,,,,,,,,,,,,,,,,,,,,0.0,0.0,0.0,0.0,0.0,0.0,2.0,0.0,0.0,0.0,0.0,0.0,0.0,0.0,0.0,0.0,0.0,0.0
704,2023-2024,Premier-League,Lawrence Vigouroux,,,Burnley,,,,,,,,,,,,,,,,,,,,,,,,,,,,,,,,,,,,,,,,,,,,,,,,,,,,,,,,,,,,,,,,,,,,,,,,,,,,,,,,,,,,,,,,,,,,,,,,,,,,,,,,,,,,,,,,,,,,,,,,,,,,,,,,,,,,,,,,,,,,,,,,,,,,,,,,,,,,,,,,,,,,,,,,,,,,,,,,,,,,,0.0,0.0,0.0,0.0,0.0,0.0,3.0,0.0,0.0,0.0,0.0,0.0,0.0,0.0,0.0,0.0,0.0,0.0
705,2023-2024,Premier-League,João Virgínia,,,Everton,,,,,,,,,,,,,,,,,,,,,,,,,,,,,,,,,,,,,,,,,,,,,,,,,,,,,,,,,,,,,,,,,,,,,,,,,,,,,,,,,,,,,,,,,,,,,,,,,,,,,,,,,,,,,,,,,,,,,,,,,,,,,,,,,,,,,,,,,,,,,,,,,,,,,,,,,,,,,,,,,,,,,,,,,,,,,,,,,,,,,0.0,0.0,0.0,0.0,0.0,0.0,28.0,0.0,0.0,0.0,0.0,0.0,0.0,0.0,0.0,0.0,0.0,0.0
706,2023-2024,Premier-League,Radek Vítek,,,Manchester Utd,,,,,,,,,,,,,,,,,,,,,,,,,,,,,,,,,,,,,,,,,,,,,,,,,,,,,,,,,,,,,,,,,,,,,,,,,,,,,,,,,,,,,,,,,,,,,,,,,,,,,,,,,,,,,,,,,,,,,,,,,,,,,,,,,,,,,,,,,,,,,,,,,,,,,,,,,,,,,,,,,,,,,,,,,,,,,,,,,,,,,0.0,0.0,0.0,0.0,0.0,0.0,1.0,0.0,0.0,0.0,0.0,0.0,0.0,0.0,0.0,0.0,0.0,0.0
707,2023-2024,Premier-League,Reuell Walters,,,Arsenal,,,,,,,,,,,,,,,,,,,,,,,,,,,,,,,,,,,,,,,,,,,,,,,,,,,,,,,,,,,,,,,,,,,,,,,,,,,,,,,,,,,,,,,,,,,,,,,,,,,,,,,,,,,,,,,,,,,,,,,,,,,,,,,,,,,,,,,,,,,,,,,,,,,,,,,,,,,,,,,,,,,,,,,,,,,,,,,,,,,,,0.0,0.0,0.0,0.0,0.0,0.0,8.0,0.0,0.0,0.0,0.0,0.0,0.0,0.0,0.0,0.0,0.0,0.0
708,2023-2024,Premier-League,Maxwell Wellings,,,Bournemouth,,,,,,,,,,,,,,,,,,,,,,,,,,,,,,,,,,,,,,,,,,,,,,,,,,,,,,,,,,,,,,,,,,,,,,,,,,,,,,,,,,,,,,,,,,,,,,,,,,,,,,,,,,,,,,,,,,,,,,,,,,,,,,,,,,,,,,,,,,,,,,,,,,,,,,,,,,,,,,,,,,,,,,,,,,,,,,,,,,,,,0.0,0.0,0.0,0.0,0.0,0.0,5.0,0.0,0.0,0.0,0.0,0.0,0.0,0.0,0.0,0.0,0.0,0.0
709,2023-2024,Premier-League,Matthew Whittingham,,,Wolves,,,,,,,,,,,,,,,,,,,,,,,,,,,,,,,,,,,,,,,,,,,,,,,,,,,,,,,,,,,,,,,,,,,,,,,,,,,,,,,,,,,,,,,,,,,,,,,,,,,,,,,,,,,,,,,,,,,,,,,,,,,,,,,,,,,,,,,,,,,,,,,,,,,,,,,,,,,,,,,,,,,,,,,,,,,,,,,,,,,,,0.0,0.0,0.0,0.0,0.0,0.0,1.0,0.0,0.0,0.0,0.0,0.0,0.0,0.0,0.0,0.0,0.0,0.0
710,2023-2024,Premier-League,Joseph Whitworth,,,Crystal Palace,,,,,,,,,,,,,,,,,,,,,,,,,,,,,,,,,,,,,,,,,,,,,,,,,,,,,,,,,,,,,,,,,,,,,,,,,,,,,,,,,,,,,,,,,,,,,,,,,,,,,,,,,,,,,,,,,,,,,,,,,,,,,,,,,,,,,,,,,,,,,,,,,,,,,,,,,,,,,,,,,,,,,,,,,,,,,,,,,,,,,0.0,0.0,0.0,0.0,0.0,0.0,1.0,0.0,0.0,0.0,0.0,0.0,0.0,0.0,0.0,0.0,0.0,0.0
711,2023-2024,Premier-League,Jacob Wright,,,Manchester City,,,,,,,,,,,,,,,,,,,,,,,,,,,,,,,,,,,,,,,,,,,,,,,,,,,,,,,,,,,,,,,,,,,,,,,,,,,,,,,,,,,,,,,,,,,,,,,,,,,,,,,,,,,,,,,,,,,,,,,,,,,,,,,,,,,,,,,,,,,,,,,,,,,,,,,,,,,,,,,,,,,,,,,,,,,,,,,,,,,,,0.0,0.0,0.0,0.0,0.0,0.0,1.0,0.0,0.0,0.0,0.0,0.0,0.0,0.0,0.0,0.0,0.0,0.0
712,2023-2024,Premier-League,James Wright,,,Aston Villa,,,,,,,,,,,,,,,,,,,,,,,,,,,,,,,,,,,,,,,,,,,,,,,,,,,,,,,,,,,,,,,,,,,,,,,,,,,,,,,,,,,,,,,,,,,,,,,,,,,,,,,,,,,,,,,,,,,,,,,,,,,,,,,,,,,,,,,,,,,,,,,,,,,,,,,,,,,,,,,,,,,,,,,,,,,,,,,,,,,,,0.0,0.0,0.0,0.0,0.0,0.0,3.0,0.0,0.0,0.0,0.0,0.0,0.0,0.0,0.0,0.0,0.0,0.0
713,2023-2024,Premier-League,Oliwier Zych,,,Aston Villa,,,,,,,,,,,,,,,,,,,,,,,,,,,,,,,,,,,,,,,,,,,,,,,,,,,,,,,,,,,,,,,,,,,,,,,,,,,,,,,,,,,,,,,,,,,,,,,,,,,,,,,,,,,,,,,,,,,,,,,,,,,,,,,,,,,,,,,,,,,,,,,,,,,,,,,,,,,,,,,,,,,,,,,,,,,,,,,,,,,,,0.0,0.0,0.0,0.0,0.0,0.0,1.0,0.0,0.0,0.0,0.0,0.0,0.0,0.0,0.0,0.0,0.0,0.0
